"SElist_[Kei]_JPN_2WD","Vehicle Weight","Min.C.W.","kg","UU3","KOSHIN","TANTO"
"SElist_[Kei]_JPN_2WD","Vehicle Weight","Max.C.W.","kg","UU3","KOSHIN","TANTO"
"SElist_[Kei]_JPN_2WD","Vehicle Weight","スペアタイヤ&工具 ","kg","UU3","KOSHIN","TANTO"
"SElist_[Kei]_JPN_2WD","Vehicle Weight","EPA届出重量","kg","UU3","KOSHIN","TANTO"
"SElist_[Kei]_JPN_2WD","Vehicle Severe Weight","PTW or GVWR","kg","UU3","KOSHIN","TANTO"
"SElist_[Kei]_JPN_2WD","Vehicle Severe Weight","GAWR FR","kg","UU3","KOSHIN","TANTO"
"SElist_[Kei]_JPN_2WD","Vehicle Severe Weight","GAWR RR","kg","UU3","KOSHIN","TANTO"
"SElist_[Kei]_JPN_2WD","Vehicle Severe Weight","Towing","kg","UU3","KOSHIN","TANTO"
"SElist_[Kei]_JPN_2WD","空力","Cd ","－","UU3","KOSHIN","TANTO"
"SElist_[Kei]_JPN_2WD","空力","A","m²","UU3","KOSHIN","TANTO"
"SElist_[Kei]_JPN_2WD","空力","ΔCd (AGS閉→全開)","－","UU3","KOSHIN","TANTO"
"SElist_[Kei]_JPN_2WD","空力","Grill shutter車速閾値 高速側 (閉→開)/(開→閉)","kph","UU3","KOSHIN","TANTO"
"SElist_[Kei]_JPN_2WD","空力","Grill shutter車速閾値 低速側 (閉→開)/(開→閉)","kph","UU3","KOSHIN","TANTO"
"SElist_[Kei]_JPN_2WD","タイヤ","FRサイズ","－","UU3","KOSHIN","TANTO"
"SElist_[Kei]_JPN_2WD","タイヤ","FR動半径","m","UU3","KOSHIN","TANTO"
"SElist_[Kei]_JPN_2WD","タイヤ","FR RRC (ISO 28560 80kmh,210kPa)","－","UU3","KOSHIN","TANTO"
"SElist_[Kei]_JPN_2WD","タイヤ","FR RRC (車両状態)","－","UU3","KOSHIN","TANTO"
"SElist_[Kei]_JPN_2WD","タイヤ","FR RRC (車両状態)空気圧","kPa","UU3","KOSHIN","TANTO"
"SElist_[Kei]_JPN_2WD","タイヤ","FR イナーシャ(1本) ","kgm²","UU3","KOSHIN","TANTO"
"SElist_[Kei]_JPN_2WD","タイヤ","RRサイズ","－","UU3","KOSHIN","TANTO"
"SElist_[Kei]_JPN_2WD","タイヤ","RR動半径","m","UU3","KOSHIN","TANTO"
"SElist_[Kei]_JPN_2WD","タイヤ","RR RRC (ISO 28560 80kmh,210kPa)","－","UU3","KOSHIN","TANTO"
"SElist_[Kei]_JPN_2WD","タイヤ","RR RRC (車両状態)","－","UU3","KOSHIN","TANTO"
"SElist_[Kei]_JPN_2WD","タイヤ","RR RRC (車両状態)空気圧","kPa","UU3","KOSHIN","TANTO"
"SElist_[Kei]_JPN_2WD","タイヤ","RR イナーシャ(1本) ","kgm²","UU3","KOSHIN","TANTO"
"SElist_[Kei]_JPN_2WD","ホイール","仕様","－","UU3","KOSHIN","TANTO"
"SElist_[Kei]_JPN_2WD","ホイール","イナーシャ(1本)","kgm²","UU3","KOSHIN","TANTO"
"SElist_[Kei]_JPN_2WD","HUB","Total引き摺りトルク (@80km/h)","Nm/veh","UU3","KOSHIN","TANTO"
"SElist_[Kei]_JPN_2WD","HUB","FR 引き摺りトルク (@80km/h)","Nm/veh","UU3","KOSHIN","TANTO"
"SElist_[Kei]_JPN_2WD","HUB","RR 引き摺りトルク (@80km/h)","Nm/veh","UU3","KOSHIN","TANTO"
"SElist_[Kei]_JPN_2WD","HUB","FR イナーシャ","kgm²","UU3","KOSHIN","TANTO"
"SElist_[Kei]_JPN_2WD","HUB","RR イナーシャ","kgm²","UU3","KOSHIN","TANTO"
"SElist_[Kei]_JPN_2WD","ブレーキ","引き摺りトルク (＠経験圧3Mpa) ","Nm/veh","UU3","KOSHIN","TANTO"
"SElist_[Kei]_JPN_2WD","ブレーキ","FR引き摺りトルク (経験圧3Mpa＠60kph)","Nm/veh","UU3","KOSHIN","TANTO"
"SElist_[Kei]_JPN_2WD","ブレーキ","RR引き摺りトルク(経験圧3Mpa＠60kph)","Nm/veh","UU3","KOSHIN","TANTO"
"SElist_[Kei]_JPN_2WD","ブレーキ","FRイナーシャ","kgm²","UU3","KOSHIN","TANTO"
"SElist_[Kei]_JPN_2WD","ブレーキ","RRイナーシャ","kgm²","UU3","KOSHIN","TANTO"
"SElist_[Kei]_JPN_2WD","車両姿勢","グランドクリアランスMin","mm","UU3","KOSHIN","TANTO"
"SElist_[Kei]_JPN_2WD","Test Weight","航続距離試験(ETW)Total","kg","UU3","KOSHIN","TANTO"
"SElist_[Kei]_JPN_2WD","Test Weight","航続距離試験(ETW)FR","kg","UU3","KOSHIN","TANTO"
"SElist_[Kei]_JPN_2WD","Test Weight","航続距離試験(ETW)RR","kg","UU3","KOSHIN","TANTO"
"SElist_[Kei]_JPN_2WD","Test Weight","動力当り前性能 ","kg","UU3","KOSHIN","TANTO"
"SElist_[Kei]_JPN_2WD","Test Weight","動力Accerelation","kg","UU3","KOSHIN","TANTO"
"SElist_[Kei]_JPN_2WD","Test Weight","動力Vmax","kg","UU3","KOSHIN","TANTO"
"SElist_[Kei]_JPN_2WD","Test Weight","熱NEMシビアシーン","kg","UU3","KOSHIN","TANTO"
"SElist_[Kei]_JPN_2WD","Test Weight","熱加減速繰り返し走行","kg","UU3","KOSHIN","TANTO"
"SElist_[Kei]_JPN_2WD","Test Weight","熱Towing","kg","UU3","KOSHIN","TANTO"
"SElist_[Kei]_JPN_2WD","Test Weight","熱低温性能","kg","UU3","KOSHIN","TANTO"
"SElist_[Kei]_JPN_2WD","走行抵抗","届出(Target Lset式) A0","N","UU3","KOSHIN","TANTO"
"SElist_[Kei]_JPN_2WD","走行抵抗","届出(Target Lset式) A1","N/kph","UU3","KOSHIN","TANTO"
"SElist_[Kei]_JPN_2WD","走行抵抗","届出(Target Lset式) A2","N/kph²","UU3","KOSHIN","TANTO"
"SElist_[Kei]_JPN_2WD","走行抵抗","届出(Target Lset式) IP","lbs","UU3","KOSHIN","TANTO"
"SElist_[Kei]_JPN_2WD","性能検討用走行抵抗式(ePT連れ回り排除)","航続距離(C/D車載状態)A0","N","UU3","KOSHIN","TANTO"
"SElist_[Kei]_JPN_2WD","性能検討用走行抵抗式(ePT連れ回り排除)","航続距離(C/D車載状態)A1","N/kph","UU3","KOSHIN","TANTO"
"SElist_[Kei]_JPN_2WD","性能検討用走行抵抗式(ePT連れ回り排除)","航続距離(C/D車載状態)A2","N/kph²","UU3","KOSHIN","TANTO"
"SElist_[Kei]_JPN_2WD","性能検討用走行抵抗式(ePT連れ回り排除)","航続距離(C/D車載状態)IP","lbs","UU3","KOSHIN","TANTO"
"SElist_[Kei]_JPN_2WD","性能検討用走行抵抗式(ePT連れ回り排除)","動力当り前性能A0","N","UU3","KOSHIN","TANTO"
"SElist_[Kei]_JPN_2WD","性能検討用走行抵抗式(ePT連れ回り排除)","動力当り前性能A1","N/kph","UU3","KOSHIN","TANTO"
"SElist_[Kei]_JPN_2WD","性能検討用走行抵抗式(ePT連れ回り排除)","動力当り前性能A2","N/kph²","UU3","KOSHIN","TANTO"
"SElist_[Kei]_JPN_2WD","性能検討用走行抵抗式(ePT連れ回り排除)","動力当り前性能IP","kg","UU3","KOSHIN","TANTO"
"SElist_[Kei]_JPN_2WD","性能検討用走行抵抗式(ePT連れ回り排除)","動力AccerelationA0","N","UU3","KOSHIN","TANTO"
"SElist_[Kei]_JPN_2WD","性能検討用走行抵抗式(ePT連れ回り排除)","動力AccerelationA1","N/kph","UU3","KOSHIN","TANTO"
"SElist_[Kei]_JPN_2WD","性能検討用走行抵抗式(ePT連れ回り排除)","動力AccerelationA2","N/kph²","UU3","KOSHIN","TANTO"
"SElist_[Kei]_JPN_2WD","性能検討用走行抵抗式(ePT連れ回り排除)","動力AccerelationIP","kg","UU3","KOSHIN","TANTO"
"SElist_[Kei]_JPN_2WD","性能検討用走行抵抗式(ePT連れ回り排除)","動力VmaxA0","N","UU3","KOSHIN","TANTO"
"SElist_[Kei]_JPN_2WD","性能検討用走行抵抗式(ePT連れ回り排除)","動力VmaxA1","N/kph","UU3","KOSHIN","TANTO"
"SElist_[Kei]_JPN_2WD","性能検討用走行抵抗式(ePT連れ回り排除)","動力VmaxA2","N/kph²","UU3","KOSHIN","TANTO"
"SElist_[Kei]_JPN_2WD","性能検討用走行抵抗式(ePT連れ回り排除)","動力VmaxIP","kg","UU3","KOSHIN","TANTO"
"SElist_[Kei]_JPN_2WD","性能検討用走行抵抗式(ePT連れ回り排除)","熱NEMシビアシーンA0","別紙","UU3","KOSHIN","TANTO"
"SElist_[Kei]_JPN_2WD","性能検討用走行抵抗式(ePT連れ回り排除)","熱加減速繰り返し走行A0","N","UU3","KOSHIN","TANTO"
"SElist_[Kei]_JPN_2WD","性能検討用走行抵抗式(ePT連れ回り排除)","熱加減速繰り返し走行A1","N/kph","UU3","KOSHIN","TANTO"
"SElist_[Kei]_JPN_2WD","性能検討用走行抵抗式(ePT連れ回り排除)","熱加減速繰り返し走行A2","N/kph²","UU3","KOSHIN","TANTO"
"SElist_[Kei]_JPN_2WD","性能検討用走行抵抗式(ePT連れ回り排除)","熱加減速繰り返し走行IP","kg","UU3","KOSHIN","TANTO"
"SElist_[Kei]_JPN_2WD","性能検討用走行抵抗式(ePT連れ回り排除)","熱TowingA0","N","UU3","KOSHIN","TANTO"
"SElist_[Kei]_JPN_2WD","性能検討用走行抵抗式(ePT連れ回り排除)","熱TowingA1","N/kph","UU3","KOSHIN","TANTO"
"SElist_[Kei]_JPN_2WD","性能検討用走行抵抗式(ePT連れ回り排除)","熱TowingA2","N/kph²","UU3","KOSHIN","TANTO"
"SElist_[Kei]_JPN_2WD","性能検討用走行抵抗式(ePT連れ回り排除)","熱TowingIP","kg","UU3","KOSHIN","TANTO"
"SElist_[Kei]_JPN_2WD","性能検討用走行抵抗式(ePT連れ回り排除)","熱低温性能A0","N","UU3","KOSHIN","TANTO"
"SElist_[Kei]_JPN_2WD","性能検討用走行抵抗式(ePT連れ回り排除)","熱低温性能A1","N/kph","UU3","KOSHIN","TANTO"
"SElist_[Kei]_JPN_2WD","性能検討用走行抵抗式(ePT連れ回り排除)","熱低温性能A2","N/kph²","UU3","KOSHIN","TANTO"
"SElist_[Kei]_JPN_2WD","性能検討用走行抵抗式(ePT連れ回り排除)","熱低温性能IP","kg","UU3","KOSHIN","TANTO"
"SElist_[Kei]_JPN_2WD","ePT","最高システム総合出力(公称）","kW","UU3","KOSHIN","TANTO"
"SElist_[Kei]_JPN_2WD","ePT","FR MOTイナーシャ","kgm²","UU3","KOSHIN","TANTO"
"SElist_[Kei]_JPN_2WD","ePT","FR GBイナーシャ","kgm²","UU3","KOSHIN","TANTO"
"SElist_[Kei]_JPN_2WD","ePT","RR MOTイナーシャ","kgm²","UU3","KOSHIN","TANTO"
"SElist_[Kei]_JPN_2WD","ePT","RR GBイナーシャ","kgm²","UU3","KOSHIN","TANTO"
"SElist_[Kei]_JPN_2WD","ePT","FR MOT制限設定トルク上限(第一象限)","Nm","UU3","KOSHIN","TANTO"
"SElist_[Kei]_JPN_2WD","ePT","FR MOT制限設定トルク下限(第四象限)","Nm","UU3","KOSHIN","TANTO"
"SElist_[Kei]_JPN_2WD","ePT","FR GB減速比","－","UU3","KOSHIN","TANTO"
"SElist_[Kei]_JPN_2WD","ePT","RR MOT制限設定トルク上限(第一象限)","Nm","UU3","KOSHIN","TANTO"
"SElist_[Kei]_JPN_2WD","ePT","RR MOT制限設定トルク下限(第四象限)","Nm","UU3","KOSHIN","TANTO"
"SElist_[Kei]_JPN_2WD","ePT","RR GB減速比","－","UU3","KOSHIN","TANTO"
"SElist_[Kei]_JPN_2WD","ドライブシャフト","FR右ドライブシャフトイナーシャ","kgm²","UU3","KOSHIN","TANTO"
"SElist_[Kei]_JPN_2WD","ドライブシャフト","FR左ドライブシャフトイナーシャ","kgm²","UU3","KOSHIN","TANTO"
"SElist_[Kei]_JPN_2WD","ドライブシャフト","RR右ドライブシャフトイナーシャ","kgm²","UU3","KOSHIN","TANTO"
"SElist_[Kei]_JPN_2WD","ドライブシャフト","RR左ドライブシャフトイナーシャ","kgm²","UU3","KOSHIN","TANTO"
"SElist_[Kei]_JPN_2WD","DCDC","DCDC効率(走行時弱電220W,355V入力(SOC20%),13V出力)","%","UU3","KOSHIN","TANTO"
"SElist_[Kei]_JPN_2WD","LV BATT","消費電力(電費試験時WLTCモード)","kW","UU3","KOSHIN","TANTO"
"SElist_[Kei]_JPN_2WD","HV BATT","直列セル数","cell","UU3","KOSHIN","TANTO"
"SElist_[Kei]_JPN_2WD","HV BATT","並列セル数","para","UU3","KOSHIN","TANTO"
"SElist_[Kei]_JPN_2WD","HV BATT","セル容量","Ah","UU3","KOSHIN","TANTO"
"SElist_[Kei]_JPN_2WD","HV BATT","パック繋ぎ抵抗","Ω","UU3","KOSHIN","TANTO"
"SElist_[Kei]_JPN_2WD","HV BATT","DCハーネスの抵抗","Ω","UU3","KOSHIN","TANTO"
"SElist_[Kei]_JPN_2WD","Vehicle Weight","Min.C.W.","kg","UU3","KOSHIN","TANTO"
"SElist_[Kei]_JPN_2WD","Vehicle Weight","Max.C.W.","kg","UU3","KOSHIN","TANTO"
"SElist_[Kei]_JPN_2WD","Vehicle Weight","スペアタイヤ&工具 ","kg","UU3","KOSHIN","TANTO"
"SElist_[Kei]_JPN_2WD","Vehicle Weight","EPA届出重量","kg","UU3","KOSHIN","TANTO"
"SElist_[Kei]_JPN_2WD","Vehicle Severe Weight","PTW or GVWR","kg","UU3","KOSHIN","TANTO"
"SElist_[Kei]_JPN_2WD","Vehicle Severe Weight","GAWR FR","kg","UU3","KOSHIN","TANTO"
"SElist_[Kei]_JPN_2WD","Vehicle Severe Weight","GAWR RR","kg","UU3","KOSHIN","TANTO"
"SElist_[Kei]_JPN_2WD","Vehicle Severe Weight","Towing","kg","UU3","KOSHIN","TANTO"
"SElist_[Kei]_JPN_2WD","空力","Cd ","－","UU3","KOSHIN","TANTO"
"SElist_[Kei]_JPN_2WD","空力","A","m²","UU3","KOSHIN","TANTO"
"SElist_[Kei]_JPN_2WD","空力","ΔCd (AGS閉→全開)","－","UU3","KOSHIN","TANTO"
"SElist_[Kei]_JPN_2WD","空力","Grill shutter車速閾値 高速側 (閉→開)/(開→閉)","kph","UU3","KOSHIN","TANTO"
"SElist_[Kei]_JPN_2WD","空力","Grill shutter車速閾値 低速側 (閉→開)/(開→閉)","kph","UU3","KOSHIN","TANTO"
"SElist_[Kei]_JPN_2WD","タイヤ","FRサイズ","－","UU3","KOSHIN","TANTO"
"SElist_[Kei]_JPN_2WD","タイヤ","FR動半径","m","UU3","KOSHIN","TANTO"
"SElist_[Kei]_JPN_2WD","タイヤ","FR RRC (ISO 28560 80kmh,210kPa)","－","UU3","KOSHIN","TANTO"
"SElist_[Kei]_JPN_2WD","タイヤ","FR RRC (車両状態)","－","UU3","KOSHIN","TANTO"
"SElist_[Kei]_JPN_2WD","タイヤ","FR RRC (車両状態)空気圧","kPa","UU3","KOSHIN","TANTO"
"SElist_[Kei]_JPN_2WD","タイヤ","FR イナーシャ(1本) ","kgm²","UU3","KOSHIN","TANTO"
"SElist_[Kei]_JPN_2WD","タイヤ","RRサイズ","－","UU3","KOSHIN","TANTO"
"SElist_[Kei]_JPN_2WD","タイヤ","RR動半径","m","UU3","KOSHIN","TANTO"
"SElist_[Kei]_JPN_2WD","タイヤ","RR RRC (ISO 28560 80kmh,210kPa)","－","UU3","KOSHIN","TANTO"
"SElist_[Kei]_JPN_2WD","タイヤ","RR RRC (車両状態)","－","UU3","KOSHIN","TANTO"
"SElist_[Kei]_JPN_2WD","タイヤ","RR RRC (車両状態)空気圧","kPa","UU3","KOSHIN","TANTO"
"SElist_[Kei]_JPN_2WD","タイヤ","RR イナーシャ(1本) ","kgm²","UU3","KOSHIN","TANTO"
"SElist_[Kei]_JPN_2WD","ホイール","仕様","－","UU3","KOSHIN","TANTO"
"SElist_[Kei]_JPN_2WD","ホイール","イナーシャ(1本)","kgm²","UU3","KOSHIN","TANTO"
"SElist_[Kei]_JPN_2WD","HUB","Total引き摺りトルク (@80km/h)","Nm/veh","UU3","KOSHIN","TANTO"
"SElist_[Kei]_JPN_2WD","HUB","FR 引き摺りトルク (@80km/h)","Nm/veh","UU3","KOSHIN","TANTO"
"SElist_[Kei]_JPN_2WD","HUB","RR 引き摺りトルク (@80km/h)","Nm/veh","UU3","KOSHIN","TANTO"
"SElist_[Kei]_JPN_2WD","HUB","FR イナーシャ","kgm²","UU3","KOSHIN","TANTO"
"SElist_[Kei]_JPN_2WD","HUB","RR イナーシャ","kgm²","UU3","KOSHIN","TANTO"
"SElist_[Kei]_JPN_2WD","ブレーキ","引き摺りトルク (＠経験圧3Mpa) ","Nm/veh","UU3","KOSHIN","TANTO"
"SElist_[Kei]_JPN_2WD","ブレーキ","FR引き摺りトルク (経験圧3Mpa＠60kph)","Nm/veh","UU3","KOSHIN","TANTO"
"SElist_[Kei]_JPN_2WD","ブレーキ","RR引き摺りトルク(経験圧3Mpa＠60kph)","Nm/veh","UU3","KOSHIN","TANTO"
"SElist_[Kei]_JPN_2WD","ブレーキ","FRイナーシャ","kgm²","UU3","KOSHIN","TANTO"
"SElist_[Kei]_JPN_2WD","ブレーキ","RRイナーシャ","kgm²","UU3","KOSHIN","TANTO"
"SElist_[Kei]_JPN_2WD","車両姿勢","グランドクリアランスMin","mm","UU3","KOSHIN","TANTO"
"SElist_[Kei]_JPN_2WD","Test Weight","航続距離試験(ETW)Total","kg","UU3","KOSHIN","TANTO"
"SElist_[Kei]_JPN_2WD","Test Weight","航続距離試験(ETW)FR","kg","UU3","KOSHIN","TANTO"
"SElist_[Kei]_JPN_2WD","Test Weight","航続距離試験(ETW)RR","kg","UU3","KOSHIN","TANTO"
"SElist_[Kei]_JPN_2WD","Test Weight","動力当り前性能 ","kg","UU3","KOSHIN","TANTO"
"SElist_[Kei]_JPN_2WD","Test Weight","動力Accerelation","kg","UU3","KOSHIN","TANTO"
"SElist_[Kei]_JPN_2WD","Test Weight","動力Vmax","kg","UU3","KOSHIN","TANTO"
"SElist_[Kei]_JPN_2WD","Test Weight","熱NEMシビアシーン","kg","UU3","KOSHIN","TANTO"
"SElist_[Kei]_JPN_2WD","Test Weight","熱加減速繰り返し走行","kg","UU3","KOSHIN","TANTO"
"SElist_[Kei]_JPN_2WD","Test Weight","熱Towing","kg","UU3","KOSHIN","TANTO"
"SElist_[Kei]_JPN_2WD","Test Weight","熱低温性能","kg","UU3","KOSHIN","TANTO"
"SElist_[Kei]_JPN_2WD","走行抵抗","届出(Target Lset式) A0","N","UU3","KOSHIN","TANTO"
"SElist_[Kei]_JPN_2WD","走行抵抗","届出(Target Lset式) A1","N/kph","UU3","KOSHIN","TANTO"
"SElist_[Kei]_JPN_2WD","走行抵抗","届出(Target Lset式) A2","N/kph²","UU3","KOSHIN","TANTO"
"SElist_[Kei]_JPN_2WD","走行抵抗","届出(Target Lset式) IP","lbs","UU3","KOSHIN","TANTO"
"SElist_[Kei]_JPN_2WD","性能検討用走行抵抗式(ePT連れ回り排除)","航続距離(C/D車載状態)A0","N","UU3","KOSHIN","TANTO"
"SElist_[Kei]_JPN_2WD","性能検討用走行抵抗式(ePT連れ回り排除)","航続距離(C/D車載状態)A1","N/kph","UU3","KOSHIN","TANTO"
"SElist_[Kei]_JPN_2WD","性能検討用走行抵抗式(ePT連れ回り排除)","航続距離(C/D車載状態)A2","N/kph²","UU3","KOSHIN","TANTO"
"SElist_[Kei]_JPN_2WD","性能検討用走行抵抗式(ePT連れ回り排除)","航続距離(C/D車載状態)IP","lbs","UU3","KOSHIN","TANTO"
"SElist_[Kei]_JPN_2WD","性能検討用走行抵抗式(ePT連れ回り排除)","動力当り前性能A0","N","UU3","KOSHIN","TANTO"
"SElist_[Kei]_JPN_2WD","性能検討用走行抵抗式(ePT連れ回り排除)","動力当り前性能A1","N/kph","UU3","KOSHIN","TANTO"
"SElist_[Kei]_JPN_2WD","性能検討用走行抵抗式(ePT連れ回り排除)","動力当り前性能A2","N/kph²","UU3","KOSHIN","TANTO"
"SElist_[Kei]_JPN_2WD","性能検討用走行抵抗式(ePT連れ回り排除)","動力当り前性能IP","kg","UU3","KOSHIN","TANTO"
"SElist_[Kei]_JPN_2WD","性能検討用走行抵抗式(ePT連れ回り排除)","動力AccerelationA0","N","UU3","KOSHIN","TANTO"
"SElist_[Kei]_JPN_2WD","性能検討用走行抵抗式(ePT連れ回り排除)","動力AccerelationA1","N/kph","UU3","KOSHIN","TANTO"
"SElist_[Kei]_JPN_2WD","性能検討用走行抵抗式(ePT連れ回り排除)","動力AccerelationA2","N/kph²","UU3","KOSHIN","TANTO"
"SElist_[Kei]_JPN_2WD","性能検討用走行抵抗式(ePT連れ回り排除)","動力AccerelationIP","kg","UU3","KOSHIN","TANTO"
"SElist_[Kei]_JPN_2WD","性能検討用走行抵抗式(ePT連れ回り排除)","動力VmaxA0","N","UU3","KOSHIN","TANTO"
"SElist_[Kei]_JPN_2WD","性能検討用走行抵抗式(ePT連れ回り排除)","動力VmaxA1","N/kph","UU3","KOSHIN","TANTO"
"SElist_[Kei]_JPN_2WD","性能検討用走行抵抗式(ePT連れ回り排除)","動力VmaxA2","N/kph²","UU3","KOSHIN","TANTO"
"SElist_[Kei]_JPN_2WD","性能検討用走行抵抗式(ePT連れ回り排除)","動力VmaxIP","kg","UU3","KOSHIN","TANTO"
"SElist_[Kei]_JPN_2WD","性能検討用走行抵抗式(ePT連れ回り排除)","熱NEMシビアシーンA0","別紙","UU3","KOSHIN","TANTO"
"SElist_[Kei]_JPN_2WD","性能検討用走行抵抗式(ePT連れ回り排除)","熱加減速繰り返し走行A0","N","UU3","KOSHIN","TANTO"
"SElist_[Kei]_JPN_2WD","性能検討用走行抵抗式(ePT連れ回り排除)","熱加減速繰り返し走行A1","N/kph","UU3","KOSHIN","TANTO"
"SElist_[Kei]_JPN_2WD","性能検討用走行抵抗式(ePT連れ回り排除)","熱加減速繰り返し走行A2","N/kph²","UU3","KOSHIN","TANTO"
"SElist_[Kei]_JPN_2WD","性能検討用走行抵抗式(ePT連れ回り排除)","熱加減速繰り返し走行IP","kg","UU3","KOSHIN","TANTO"
"SElist_[Kei]_JPN_2WD","性能検討用走行抵抗式(ePT連れ回り排除)","熱TowingA0","N","UU3","KOSHIN","TANTO"
"SElist_[Kei]_JPN_2WD","性能検討用走行抵抗式(ePT連れ回り排除)","熱TowingA1","N/kph","UU3","KOSHIN","TANTO"
"SElist_[Kei]_JPN_2WD","性能検討用走行抵抗式(ePT連れ回り排除)","熱TowingA2","N/kph²","UU3","KOSHIN","TANTO"
"SElist_[Kei]_JPN_2WD","性能検討用走行抵抗式(ePT連れ回り排除)","熱TowingIP","kg","UU3","KOSHIN","TANTO"
"SElist_[Kei]_JPN_2WD","性能検討用走行抵抗式(ePT連れ回り排除)","熱低温性能A0","N","UU3","KOSHIN","TANTO"
"SElist_[Kei]_JPN_2WD","性能検討用走行抵抗式(ePT連れ回り排除)","熱低温性能A1","N/kph","UU3","KOSHIN","TANTO"
"SElist_[Kei]_JPN_2WD","性能検討用走行抵抗式(ePT連れ回り排除)","熱低温性能A2","N/kph²","UU3","KOSHIN","TANTO"
"SElist_[Kei]_JPN_2WD","性能検討用走行抵抗式(ePT連れ回り排除)","熱低温性能IP","kg","UU3","KOSHIN","TANTO"
"SElist_[Kei]_JPN_2WD","ePT","最高システム総合出力(公称）","kW","UU3","KOSHIN","TANTO"
"SElist_[Kei]_JPN_2WD","ePT","FR MOTイナーシャ","kgm²","UU3","KOSHIN","TANTO"
"SElist_[Kei]_JPN_2WD","ePT","FR GBイナーシャ","kgm²","UU3","KOSHIN","TANTO"
"SElist_[Kei]_JPN_2WD","ePT","RR MOTイナーシャ","kgm²","UU3","KOSHIN","TANTO"
"SElist_[Kei]_JPN_2WD","ePT","RR GBイナーシャ","kgm²","UU3","KOSHIN","TANTO"
"SElist_[Kei]_JPN_2WD","ePT","FR MOT制限設定トルク上限(第一象限)","Nm","UU3","KOSHIN","TANTO"
"SElist_[Kei]_JPN_2WD","ePT","FR MOT制限設定トルク下限(第四象限)","Nm","UU3","KOSHIN","TANTO"
"SElist_[Kei]_JPN_2WD","ePT","FR GB減速比","－","UU3","KOSHIN","TANTO"
"SElist_[Kei]_JPN_2WD","ePT","RR MOT制限設定トルク上限(第一象限)","Nm","UU3","KOSHIN","TANTO"
"SElist_[Kei]_JPN_2WD","ePT","RR MOT制限設定トルク下限(第四象限)","Nm","UU3","KOSHIN","TANTO"
"SElist_[Kei]_JPN_2WD","ePT","RR GB減速比","－","UU3","KOSHIN","TANTO"
"SElist_[Kei]_JPN_2WD","ドライブシャフト","FR右ドライブシャフトイナーシャ","kgm²","UU3","KOSHIN","TANTO"
"SElist_[Kei]_JPN_2WD","ドライブシャフト","FR左ドライブシャフトイナーシャ","kgm²","UU3","KOSHIN","TANTO"
"SElist_[Kei]_JPN_2WD","ドライブシャフト","RR右ドライブシャフトイナーシャ","kgm²","UU3","KOSHIN","TANTO"
"SElist_[Kei]_JPN_2WD","ドライブシャフト","RR左ドライブシャフトイナーシャ","kgm²","UU3","KOSHIN","TANTO"
"SElist_[Kei]_JPN_2WD","DCDC","DCDC効率(走行時弱電220W,355V入力(SOC20%),13V出力)","%","UU3","KOSHIN","TANTO"
"SElist_[Kei]_JPN_2WD","LV BATT","消費電力(電費試験時WLTCモード)","kW","UU3","KOSHIN","TANTO"
"SElist_[Kei]_JPN_2WD","HV BATT","直列セル数","cell","UU3","KOSHIN","TANTO"
"SElist_[Kei]_JPN_2WD","HV BATT","並列セル数","para","UU3","KOSHIN","TANTO"
"SElist_[Kei]_JPN_2WD","HV BATT","セル容量","Ah","UU3","KOSHIN","TANTO"
"SElist_[Kei]_JPN_2WD","HV BATT","パック繋ぎ抵抗","Ω","UU3","KOSHIN","TANTO"
"SElist_[Kei]_JPN_2WD","HV BATT","DCハーネスの抵抗","Ω","UU3","KOSHIN","TANTO"
"SElist_[Kei]_JPN_2WD","Vehicle Weight","Min.C.W.","kg","UU3","KOSHIN","TANTO"
"SElist_[Kei]_JPN_2WD","Vehicle Weight","Max.C.W.","kg","UU3","KOSHIN","TANTO"
"SElist_[Kei]_JPN_2WD","Vehicle Weight","スペアタイヤ&工具 ","kg","UU3","KOSHIN","TANTO"
"SElist_[Kei]_JPN_2WD","Vehicle Weight","EPA届出重量","kg","UU3","KOSHIN","TANTO"
"SElist_[Kei]_JPN_2WD","Vehicle Severe Weight","PTW or GVWR","kg","UU3","KOSHIN","TANTO"
"SElist_[Kei]_JPN_2WD","Vehicle Severe Weight","GAWR FR","kg","UU3","KOSHIN","TANTO"
"SElist_[Kei]_JPN_2WD","Vehicle Severe Weight","GAWR RR","kg","UU3","KOSHIN","TANTO"
"SElist_[Kei]_JPN_2WD","Vehicle Severe Weight","Towing","kg","UU3","KOSHIN","TANTO"
"SElist_[Kei]_JPN_2WD","空力","Cd ","－","UU3","KOSHIN","TANTO"
"SElist_[Kei]_JPN_2WD","空力","A","m²","UU3","KOSHIN","TANTO"
"SElist_[Kei]_JPN_2WD","空力","ΔCd (AGS閉→全開)","－","UU3","KOSHIN","TANTO"
"SElist_[Kei]_JPN_2WD","空力","Grill shutter車速閾値 高速側 (閉→開)/(開→閉)","kph","UU3","KOSHIN","TANTO"
"SElist_[Kei]_JPN_2WD","空力","Grill shutter車速閾値 低速側 (閉→開)/(開→閉)","kph","UU3","KOSHIN","TANTO"
"SElist_[Kei]_JPN_2WD","タイヤ","FRサイズ","－","UU3","KOSHIN","TANTO"
"SElist_[Kei]_JPN_2WD","タイヤ","FR動半径","m","UU3","KOSHIN","TANTO"
"SElist_[Kei]_JPN_2WD","タイヤ","FR RRC (ISO 28560 80kmh,210kPa)","－","UU3","KOSHIN","TANTO"
"SElist_[Kei]_JPN_2WD","タイヤ","FR RRC (車両状態)","－","UU3","KOSHIN","TANTO"
"SElist_[Kei]_JPN_2WD","タイヤ","FR RRC (車両状態)空気圧","kPa","UU3","KOSHIN","TANTO"
"SElist_[Kei]_JPN_2WD","タイヤ","FR イナーシャ(1本) ","kgm²","UU3","KOSHIN","TANTO"
"SElist_[Kei]_JPN_2WD","タイヤ","RRサイズ","－","UU3","KOSHIN","TANTO"
"SElist_[Kei]_JPN_2WD","タイヤ","RR動半径","m","UU3","KOSHIN","TANTO"
"SElist_[Kei]_JPN_2WD","タイヤ","RR RRC (ISO 28560 80kmh,210kPa)","－","UU3","KOSHIN","TANTO"
"SElist_[Kei]_JPN_2WD","タイヤ","RR RRC (車両状態)","－","UU3","KOSHIN","TANTO"
"SElist_[Kei]_JPN_2WD","タイヤ","RR RRC (車両状態)空気圧","kPa","UU3","KOSHIN","TANTO"
"SElist_[Kei]_JPN_2WD","タイヤ","RR イナーシャ(1本) ","kgm²","UU3","KOSHIN","TANTO"
"SElist_[Kei]_JPN_2WD","ホイール","仕様","－","UU3","KOSHIN","TANTO"
"SElist_[Kei]_JPN_2WD","ホイール","イナーシャ(1本)","kgm²","UU3","KOSHIN","TANTO"
"SElist_[Kei]_JPN_2WD","HUB","Total引き摺りトルク (@80km/h)","Nm/veh","UU3","KOSHIN","TANTO"
"SElist_[Kei]_JPN_2WD","HUB","FR 引き摺りトルク (@80km/h)","Nm/veh","UU3","KOSHIN","TANTO"
"SElist_[Kei]_JPN_2WD","HUB","RR 引き摺りトルク (@80km/h)","Nm/veh","UU3","KOSHIN","TANTO"
"SElist_[Kei]_JPN_2WD","HUB","FR イナーシャ","kgm²","UU3","KOSHIN","TANTO"
"SElist_[Kei]_JPN_2WD","HUB","RR イナーシャ","kgm²","UU3","KOSHIN","TANTO"
"SElist_[Kei]_JPN_2WD","ブレーキ","引き摺りトルク (＠経験圧3Mpa) ","Nm/veh","UU3","KOSHIN","TANTO"
"SElist_[Kei]_JPN_2WD","ブレーキ","FR引き摺りトルク (経験圧3Mpa＠60kph)","Nm/veh","UU3","KOSHIN","TANTO"
"SElist_[Kei]_JPN_2WD","ブレーキ","RR引き摺りトルク(経験圧3Mpa＠60kph)","Nm/veh","UU3","KOSHIN","TANTO"
"SElist_[Kei]_JPN_2WD","ブレーキ","FRイナーシャ","kgm²","UU3","KOSHIN","TANTO"
"SElist_[Kei]_JPN_2WD","ブレーキ","RRイナーシャ","kgm²","UU3","KOSHIN","TANTO"
"SElist_[Kei]_JPN_2WD","車両姿勢","グランドクリアランスMin","mm","UU3","KOSHIN","TANTO"
"SElist_[Kei]_JPN_2WD","Test Weight","航続距離試験(ETW)Total","kg","UU3","KOSHIN","TANTO"
"SElist_[Kei]_JPN_2WD","Test Weight","航続距離試験(ETW)FR","kg","UU3","KOSHIN","TANTO"
"SElist_[Kei]_JPN_2WD","Test Weight","航続距離試験(ETW)RR","kg","UU3","KOSHIN","TANTO"
"SElist_[Kei]_JPN_2WD","Test Weight","動力当り前性能 ","kg","UU3","KOSHIN","TANTO"
"SElist_[Kei]_JPN_2WD","Test Weight","動力Accerelation","kg","UU3","KOSHIN","TANTO"
"SElist_[Kei]_JPN_2WD","Test Weight","動力Vmax","kg","UU3","KOSHIN","TANTO"
"SElist_[Kei]_JPN_2WD","Test Weight","熱NEMシビアシーン","kg","UU3","KOSHIN","TANTO"
"SElist_[Kei]_JPN_2WD","Test Weight","熱加減速繰り返し走行","kg","UU3","KOSHIN","TANTO"
"SElist_[Kei]_JPN_2WD","Test Weight","熱Towing","kg","UU3","KOSHIN","TANTO"
"SElist_[Kei]_JPN_2WD","Test Weight","熱低温性能","kg","UU3","KOSHIN","TANTO"
"SElist_[Kei]_JPN_2WD","走行抵抗","届出(Target Lset式) A0","N","UU3","KOSHIN","TANTO"
"SElist_[Kei]_JPN_2WD","走行抵抗","届出(Target Lset式) A1","N/kph","UU3","KOSHIN","TANTO"
"SElist_[Kei]_JPN_2WD","走行抵抗","届出(Target Lset式) A2","N/kph²","UU3","KOSHIN","TANTO"
"SElist_[Kei]_JPN_2WD","走行抵抗","届出(Target Lset式) IP","lbs","UU3","KOSHIN","TANTO"
"SElist_[Kei]_JPN_2WD","性能検討用走行抵抗式(ePT連れ回り排除)","航続距離(C/D車載状態)A0","N","UU3","KOSHIN","TANTO"
"SElist_[Kei]_JPN_2WD","性能検討用走行抵抗式(ePT連れ回り排除)","航続距離(C/D車載状態)A1","N/kph","UU3","KOSHIN","TANTO"
"SElist_[Kei]_JPN_2WD","性能検討用走行抵抗式(ePT連れ回り排除)","航続距離(C/D車載状態)A2","N/kph²","UU3","KOSHIN","TANTO"
"SElist_[Kei]_JPN_2WD","性能検討用走行抵抗式(ePT連れ回り排除)","航続距離(C/D車載状態)IP","lbs","UU3","KOSHIN","TANTO"
"SElist_[Kei]_JPN_2WD","性能検討用走行抵抗式(ePT連れ回り排除)","動力当り前性能A0","N","UU3","KOSHIN","TANTO"
"SElist_[Kei]_JPN_2WD","性能検討用走行抵抗式(ePT連れ回り排除)","動力当り前性能A1","N/kph","UU3","KOSHIN","TANTO"
"SElist_[Kei]_JPN_2WD","性能検討用走行抵抗式(ePT連れ回り排除)","動力当り前性能A2","N/kph²","UU3","KOSHIN","TANTO"
"SElist_[Kei]_JPN_2WD","性能検討用走行抵抗式(ePT連れ回り排除)","動力当り前性能IP","kg","UU3","KOSHIN","TANTO"
"SElist_[Kei]_JPN_2WD","性能検討用走行抵抗式(ePT連れ回り排除)","動力AccerelationA0","N","UU3","KOSHIN","TANTO"
"SElist_[Kei]_JPN_2WD","性能検討用走行抵抗式(ePT連れ回り排除)","動力AccerelationA1","N/kph","UU3","KOSHIN","TANTO"
"SElist_[Kei]_JPN_2WD","性能検討用走行抵抗式(ePT連れ回り排除)","動力AccerelationA2","N/kph²","UU3","KOSHIN","TANTO"
"SElist_[Kei]_JPN_2WD","性能検討用走行抵抗式(ePT連れ回り排除)","動力AccerelationIP","kg","UU3","KOSHIN","TANTO"
"SElist_[Kei]_JPN_2WD","性能検討用走行抵抗式(ePT連れ回り排除)","動力VmaxA0","N","UU3","KOSHIN","TANTO"
"SElist_[Kei]_JPN_2WD","性能検討用走行抵抗式(ePT連れ回り排除)","動力VmaxA1","N/kph","UU3","KOSHIN","TANTO"
"SElist_[Kei]_JPN_2WD","性能検討用走行抵抗式(ePT連れ回り排除)","動力VmaxA2","N/kph²","UU3","KOSHIN","TANTO"
"SElist_[Kei]_JPN_2WD","性能検討用走行抵抗式(ePT連れ回り排除)","動力VmaxIP","kg","UU3","KOSHIN","TANTO"
"SElist_[Kei]_JPN_2WD","性能検討用走行抵抗式(ePT連れ回り排除)","熱NEMシビアシーンA0","別紙","UU3","KOSHIN","TANTO"
"SElist_[Kei]_JPN_2WD","性能検討用走行抵抗式(ePT連れ回り排除)","熱加減速繰り返し走行A0","N","UU3","KOSHIN","TANTO"
"SElist_[Kei]_JPN_2WD","性能検討用走行抵抗式(ePT連れ回り排除)","熱加減速繰り返し走行A1","N/kph","UU3","KOSHIN","TANTO"
"SElist_[Kei]_JPN_2WD","性能検討用走行抵抗式(ePT連れ回り排除)","熱加減速繰り返し走行A2","N/kph²","UU3","KOSHIN","TANTO"
"SElist_[Kei]_JPN_2WD","性能検討用走行抵抗式(ePT連れ回り排除)","熱加減速繰り返し走行IP","kg","UU3","KOSHIN","TANTO"
"SElist_[Kei]_JPN_2WD","性能検討用走行抵抗式(ePT連れ回り排除)","熱TowingA0","N","UU3","KOSHIN","TANTO"
"SElist_[Kei]_JPN_2WD","性能検討用走行抵抗式(ePT連れ回り排除)","熱TowingA1","N/kph","UU3","KOSHIN","TANTO"
"SElist_[Kei]_JPN_2WD","性能検討用走行抵抗式(ePT連れ回り排除)","熱TowingA2","N/kph²","UU3","KOSHIN","TANTO"
"SElist_[Kei]_JPN_2WD","性能検討用走行抵抗式(ePT連れ回り排除)","熱TowingIP","kg","UU3","KOSHIN","TANTO"
"SElist_[Kei]_JPN_2WD","性能検討用走行抵抗式(ePT連れ回り排除)","熱低温性能A0","N","UU3","KOSHIN","TANTO"
"SElist_[Kei]_JPN_2WD","性能検討用走行抵抗式(ePT連れ回り排除)","熱低温性能A1","N/kph","UU3","KOSHIN","TANTO"
"SElist_[Kei]_JPN_2WD","性能検討用走行抵抗式(ePT連れ回り排除)","熱低温性能A2","N/kph²","UU3","KOSHIN","TANTO"
"SElist_[Kei]_JPN_2WD","性能検討用走行抵抗式(ePT連れ回り排除)","熱低温性能IP","kg","UU3","KOSHIN","TANTO"
"SElist_[Kei]_JPN_2WD","ePT","最高システム総合出力(公称）","kW","UU3","KOSHIN","TANTO"
"SElist_[Kei]_JPN_2WD","ePT","FR MOTイナーシャ","kgm²","UU3","KOSHIN","TANTO"
"SElist_[Kei]_JPN_2WD","ePT","FR GBイナーシャ","kgm²","UU3","KOSHIN","TANTO"
"SElist_[Kei]_JPN_2WD","ePT","RR MOTイナーシャ","kgm²","UU3","KOSHIN","TANTO"
"SElist_[Kei]_JPN_2WD","ePT","RR GBイナーシャ","kgm²","UU3","KOSHIN","TANTO"
"SElist_[Kei]_JPN_2WD","ePT","FR MOT制限設定トルク上限(第一象限)","Nm","UU3","KOSHIN","TANTO"
"SElist_[Kei]_JPN_2WD","ePT","FR MOT制限設定トルク下限(第四象限)","Nm","UU3","KOSHIN","TANTO"
"SElist_[Kei]_JPN_2WD","ePT","FR GB減速比","－","UU3","KOSHIN","TANTO"
"SElist_[Kei]_JPN_2WD","ePT","RR MOT制限設定トルク上限(第一象限)","Nm","UU3","KOSHIN","TANTO"
"SElist_[Kei]_JPN_2WD","ePT","RR MOT制限設定トルク下限(第四象限)","Nm","UU3","KOSHIN","TANTO"
"SElist_[Kei]_JPN_2WD","ePT","RR GB減速比","－","UU3","KOSHIN","TANTO"
"SElist_[Kei]_JPN_2WD","ドライブシャフト","FR右ドライブシャフトイナーシャ","kgm²","UU3","KOSHIN","TANTO"
"SElist_[Kei]_JPN_2WD","ドライブシャフト","FR左ドライブシャフトイナーシャ","kgm²","UU3","KOSHIN","TANTO"
"SElist_[Kei]_JPN_2WD","ドライブシャフト","RR右ドライブシャフトイナーシャ","kgm²","UU3","KOSHIN","TANTO"
"SElist_[Kei]_JPN_2WD","ドライブシャフト","RR左ドライブシャフトイナーシャ","kgm²","UU3","KOSHIN","TANTO"
"SElist_[Kei]_JPN_2WD","DCDC","DCDC効率(走行時弱電220W,355V入力(SOC20%),13V出力)","%","UU3","KOSHIN","TANTO"
"SElist_[Kei]_JPN_2WD","LV BATT","消費電力(電費試験時WLTCモード)","kW","UU3","KOSHIN","TANTO"
"SElist_[Kei]_JPN_2WD","HV BATT","直列セル数","cell","UU3","KOSHIN","TANTO"
"SElist_[Kei]_JPN_2WD","HV BATT","並列セル数","para","UU3","KOSHIN","TANTO"
"SElist_[Kei]_JPN_2WD","HV BATT","セル容量","Ah","UU3","KOSHIN","TANTO"
"SElist_[Kei]_JPN_2WD","HV BATT","パック繋ぎ抵抗","Ω","UU3","KOSHIN","TANTO"
"SElist_[Kei]_JPN_2WD","HV BATT","DCハーネスの抵抗","Ω","UU3","KOSHIN","TANTO"
"SElist_[Kei]_JPN_2WD","Vehicle Weight","Min.C.W.","kg","UU3","KOSHIN","TANTO"
"SElist_[Kei]_JPN_2WD","Vehicle Weight","Max.C.W.","kg","UU3","KOSHIN","TANTO"
"SElist_[Kei]_JPN_2WD","Vehicle Weight","スペアタイヤ&工具 ","kg","UU3","KOSHIN","TANTO"
"SElist_[Kei]_JPN_2WD","Vehicle Weight","EPA届出重量","kg","UU3","KOSHIN","TANTO"
"SElist_[Kei]_JPN_2WD","Vehicle Severe Weight","PTW or GVWR","kg","UU3","KOSHIN","TANTO"
"SElist_[Kei]_JPN_2WD","Vehicle Severe Weight","GAWR FR","kg","UU3","KOSHIN","TANTO"
"SElist_[Kei]_JPN_2WD","Vehicle Severe Weight","GAWR RR","kg","UU3","KOSHIN","TANTO"
"SElist_[Kei]_JPN_2WD","Vehicle Severe Weight","Towing","kg","UU3","KOSHIN","TANTO"
"SElist_[Kei]_JPN_2WD","空力","Cd ","－","UU3","KOSHIN","TANTO"
"SElist_[Kei]_JPN_2WD","空力","A","m²","UU3","KOSHIN","TANTO"
"SElist_[Kei]_JPN_2WD","空力","ΔCd (AGS閉→全開)","－","UU3","KOSHIN","TANTO"
"SElist_[Kei]_JPN_2WD","空力","Grill shutter車速閾値 高速側 (閉→開)/(開→閉)","kph","UU3","KOSHIN","TANTO"
"SElist_[Kei]_JPN_2WD","空力","Grill shutter車速閾値 低速側 (閉→開)/(開→閉)","kph","UU3","KOSHIN","TANTO"
"SElist_[Kei]_JPN_2WD","タイヤ","FRサイズ","－","UU3","KOSHIN","TANTO"
"SElist_[Kei]_JPN_2WD","タイヤ","FR動半径","m","UU3","KOSHIN","TANTO"
"SElist_[Kei]_JPN_2WD","タイヤ","FR RRC (ISO 28560 80kmh,210kPa)","－","UU3","KOSHIN","TANTO"
"SElist_[Kei]_JPN_2WD","タイヤ","FR RRC (車両状態)","－","UU3","KOSHIN","TANTO"
"SElist_[Kei]_JPN_2WD","タイヤ","FR RRC (車両状態)空気圧","kPa","UU3","KOSHIN","TANTO"
"SElist_[Kei]_JPN_2WD","タイヤ","FR イナーシャ(1本) ","kgm²","UU3","KOSHIN","TANTO"
"SElist_[Kei]_JPN_2WD","タイヤ","RRサイズ","－","UU3","KOSHIN","TANTO"
"SElist_[Kei]_JPN_2WD","タイヤ","RR動半径","m","UU3","KOSHIN","TANTO"
"SElist_[Kei]_JPN_2WD","タイヤ","RR RRC (ISO 28560 80kmh,210kPa)","－","UU3","KOSHIN","TANTO"
"SElist_[Kei]_JPN_2WD","タイヤ","RR RRC (車両状態)","－","UU3","KOSHIN","TANTO"
"SElist_[Kei]_JPN_2WD","タイヤ","RR RRC (車両状態)空気圧","kPa","UU3","KOSHIN","TANTO"
"SElist_[Kei]_JPN_2WD","タイヤ","RR イナーシャ(1本) ","kgm²","UU3","KOSHIN","TANTO"
"SElist_[Kei]_JPN_2WD","ホイール","仕様","－","UU3","KOSHIN","TANTO"
"SElist_[Kei]_JPN_2WD","ホイール","イナーシャ(1本)","kgm²","UU3","KOSHIN","TANTO"
"SElist_[Kei]_JPN_2WD","HUB","Total引き摺りトルク (@80km/h)","Nm/veh","UU3","KOSHIN","TANTO"
"SElist_[Kei]_JPN_2WD","HUB","FR 引き摺りトルク (@80km/h)","Nm/veh","UU3","KOSHIN","TANTO"
"SElist_[Kei]_JPN_2WD","HUB","RR 引き摺りトルク (@80km/h)","Nm/veh","UU3","KOSHIN","TANTO"
"SElist_[Kei]_JPN_2WD","HUB","FR イナーシャ","kgm²","UU3","KOSHIN","TANTO"
"SElist_[Kei]_JPN_2WD","HUB","RR イナーシャ","kgm²","UU3","KOSHIN","TANTO"
"SElist_[Kei]_JPN_2WD","ブレーキ","引き摺りトルク (＠経験圧3Mpa) ","Nm/veh","UU3","KOSHIN","TANTO"
"SElist_[Kei]_JPN_2WD","ブレーキ","FR引き摺りトルク (経験圧3Mpa＠60kph)","Nm/veh","UU3","KOSHIN","TANTO"
"SElist_[Kei]_JPN_2WD","ブレーキ","RR引き摺りトルク(経験圧3Mpa＠60kph)","Nm/veh","UU3","KOSHIN","TANTO"
"SElist_[Kei]_JPN_2WD","ブレーキ","FRイナーシャ","kgm²","UU3","KOSHIN","TANTO"
"SElist_[Kei]_JPN_2WD","ブレーキ","RRイナーシャ","kgm²","UU3","KOSHIN","TANTO"
"SElist_[Kei]_JPN_2WD","車両姿勢","グランドクリアランスMin","mm","UU3","KOSHIN","TANTO"
"SElist_[Kei]_JPN_2WD","Test Weight","航続距離試験(ETW)Total","kg","UU3","KOSHIN","TANTO"
"SElist_[Kei]_JPN_2WD","Test Weight","航続距離試験(ETW)FR","kg","UU3","KOSHIN","TANTO"
"SElist_[Kei]_JPN_2WD","Test Weight","航続距離試験(ETW)RR","kg","UU3","KOSHIN","TANTO"
"SElist_[Kei]_JPN_2WD","Test Weight","動力当り前性能 ","kg","UU3","KOSHIN","TANTO"
"SElist_[Kei]_JPN_2WD","Test Weight","動力Accerelation","kg","UU3","KOSHIN","TANTO"
"SElist_[Kei]_JPN_2WD","Test Weight","動力Vmax","kg","UU3","KOSHIN","TANTO"
"SElist_[Kei]_JPN_2WD","Test Weight","熱NEMシビアシーン","kg","UU3","KOSHIN","TANTO"
"SElist_[Kei]_JPN_2WD","Test Weight","熱加減速繰り返し走行","kg","UU3","KOSHIN","TANTO"
"SElist_[Kei]_JPN_2WD","Test Weight","熱Towing","kg","UU3","KOSHIN","TANTO"
"SElist_[Kei]_JPN_2WD","Test Weight","熱低温性能","kg","UU3","KOSHIN","TANTO"
"SElist_[Kei]_JPN_2WD","走行抵抗","届出(Target Lset式) A0","N","UU3","KOSHIN","TANTO"
"SElist_[Kei]_JPN_2WD","走行抵抗","届出(Target Lset式) A1","N/kph","UU3","KOSHIN","TANTO"
"SElist_[Kei]_JPN_2WD","走行抵抗","届出(Target Lset式) A2","N/kph²","UU3","KOSHIN","TANTO"
"SElist_[Kei]_JPN_2WD","走行抵抗","届出(Target Lset式) IP","lbs","UU3","KOSHIN","TANTO"
"SElist_[Kei]_JPN_2WD","性能検討用走行抵抗式(ePT連れ回り排除)","航続距離(C/D車載状態)A0","N","UU3","KOSHIN","TANTO"
"SElist_[Kei]_JPN_2WD","性能検討用走行抵抗式(ePT連れ回り排除)","航続距離(C/D車載状態)A1","N/kph","UU3","KOSHIN","TANTO"
"SElist_[Kei]_JPN_2WD","性能検討用走行抵抗式(ePT連れ回り排除)","航続距離(C/D車載状態)A2","N/kph²","UU3","KOSHIN","TANTO"
"SElist_[Kei]_JPN_2WD","性能検討用走行抵抗式(ePT連れ回り排除)","航続距離(C/D車載状態)IP","lbs","UU3","KOSHIN","TANTO"
"SElist_[Kei]_JPN_2WD","性能検討用走行抵抗式(ePT連れ回り排除)","動力当り前性能A0","N","UU3","KOSHIN","TANTO"
"SElist_[Kei]_JPN_2WD","性能検討用走行抵抗式(ePT連れ回り排除)","動力当り前性能A1","N/kph","UU3","KOSHIN","TANTO"
"SElist_[Kei]_JPN_2WD","性能検討用走行抵抗式(ePT連れ回り排除)","動力当り前性能A2","N/kph²","UU3","KOSHIN","TANTO"
"SElist_[Kei]_JPN_2WD","性能検討用走行抵抗式(ePT連れ回り排除)","動力当り前性能IP","kg","UU3","KOSHIN","TANTO"
"SElist_[Kei]_JPN_2WD","性能検討用走行抵抗式(ePT連れ回り排除)","動力AccerelationA0","N","UU3","KOSHIN","TANTO"
"SElist_[Kei]_JPN_2WD","性能検討用走行抵抗式(ePT連れ回り排除)","動力AccerelationA1","N/kph","UU3","KOSHIN","TANTO"
"SElist_[Kei]_JPN_2WD","性能検討用走行抵抗式(ePT連れ回り排除)","動力AccerelationA2","N/kph²","UU3","KOSHIN","TANTO"
"SElist_[Kei]_JPN_2WD","性能検討用走行抵抗式(ePT連れ回り排除)","動力AccerelationIP","kg","UU3","KOSHIN","TANTO"
"SElist_[Kei]_JPN_2WD","性能検討用走行抵抗式(ePT連れ回り排除)","動力VmaxA0","N","UU3","KOSHIN","TANTO"
"SElist_[Kei]_JPN_2WD","性能検討用走行抵抗式(ePT連れ回り排除)","動力VmaxA1","N/kph","UU3","KOSHIN","TANTO"
"SElist_[Kei]_JPN_2WD","性能検討用走行抵抗式(ePT連れ回り排除)","動力VmaxA2","N/kph²","UU3","KOSHIN","TANTO"
"SElist_[Kei]_JPN_2WD","性能検討用走行抵抗式(ePT連れ回り排除)","動力VmaxIP","kg","UU3","KOSHIN","TANTO"
"SElist_[Kei]_JPN_2WD","性能検討用走行抵抗式(ePT連れ回り排除)","熱NEMシビアシーンA0","別紙","UU3","KOSHIN","TANTO"
"SElist_[Kei]_JPN_2WD","性能検討用走行抵抗式(ePT連れ回り排除)","熱加減速繰り返し走行A0","N","UU3","KOSHIN","TANTO"
"SElist_[Kei]_JPN_2WD","性能検討用走行抵抗式(ePT連れ回り排除)","熱加減速繰り返し走行A1","N/kph","UU3","KOSHIN","TANTO"
"SElist_[Kei]_JPN_2WD","性能検討用走行抵抗式(ePT連れ回り排除)","熱加減速繰り返し走行A2","N/kph²","UU3","KOSHIN","TANTO"
"SElist_[Kei]_JPN_2WD","性能検討用走行抵抗式(ePT連れ回り排除)","熱加減速繰り返し走行IP","kg","UU3","KOSHIN","TANTO"
"SElist_[Kei]_JPN_2WD","性能検討用走行抵抗式(ePT連れ回り排除)","熱TowingA0","N","UU3","KOSHIN","TANTO"
"SElist_[Kei]_JPN_2WD","性能検討用走行抵抗式(ePT連れ回り排除)","熱TowingA1","N/kph","UU3","KOSHIN","TANTO"
"SElist_[Kei]_JPN_2WD","性能検討用走行抵抗式(ePT連れ回り排除)","熱TowingA2","N/kph²","UU3","KOSHIN","TANTO"
"SElist_[Kei]_JPN_2WD","性能検討用走行抵抗式(ePT連れ回り排除)","熱TowingIP","kg","UU3","KOSHIN","TANTO"
"SElist_[Kei]_JPN_2WD","性能検討用走行抵抗式(ePT連れ回り排除)","熱低温性能A0","N","UU3","KOSHIN","TANTO"
"SElist_[Kei]_JPN_2WD","性能検討用走行抵抗式(ePT連れ回り排除)","熱低温性能A1","N/kph","UU3","KOSHIN","TANTO"
"SElist_[Kei]_JPN_2WD","性能検討用走行抵抗式(ePT連れ回り排除)","熱低温性能A2","N/kph²","UU3","KOSHIN","TANTO"
"SElist_[Kei]_JPN_2WD","性能検討用走行抵抗式(ePT連れ回り排除)","熱低温性能IP","kg","UU3","KOSHIN","TANTO"
"SElist_[Kei]_JPN_2WD","ePT","最高システム総合出力(公称）","kW","UU3","KOSHIN","TANTO"
"SElist_[Kei]_JPN_2WD","ePT","FR MOTイナーシャ","kgm²","UU3","KOSHIN","TANTO"
"SElist_[Kei]_JPN_2WD","ePT","FR GBイナーシャ","kgm²","UU3","KOSHIN","TANTO"
"SElist_[Kei]_JPN_2WD","ePT","RR MOTイナーシャ","kgm²","UU3","KOSHIN","TANTO"
"SElist_[Kei]_JPN_2WD","ePT","RR GBイナーシャ","kgm²","UU3","KOSHIN","TANTO"
"SElist_[Kei]_JPN_2WD","ePT","FR MOT制限設定トルク上限(第一象限)","Nm","UU3","KOSHIN","TANTO"
"SElist_[Kei]_JPN_2WD","ePT","FR MOT制限設定トルク下限(第四象限)","Nm","UU3","KOSHIN","TANTO"
"SElist_[Kei]_JPN_2WD","ePT","FR GB減速比","－","UU3","KOSHIN","TANTO"
"SElist_[Kei]_JPN_2WD","ePT","RR MOT制限設定トルク上限(第一象限)","Nm","UU3","KOSHIN","TANTO"
"SElist_[Kei]_JPN_2WD","ePT","RR MOT制限設定トルク下限(第四象限)","Nm","UU3","KOSHIN","TANTO"
"SElist_[Kei]_JPN_2WD","ePT","RR GB減速比","－","UU3","KOSHIN","TANTO"
"SElist_[Kei]_JPN_2WD","ドライブシャフト","FR右ドライブシャフトイナーシャ","kgm²","UU3","KOSHIN","TANTO"
"SElist_[Kei]_JPN_2WD","ドライブシャフト","FR左ドライブシャフトイナーシャ","kgm²","UU3","KOSHIN","TANTO"
"SElist_[Kei]_JPN_2WD","ドライブシャフト","RR右ドライブシャフトイナーシャ","kgm²","UU3","KOSHIN","TANTO"
"SElist_[Kei]_JPN_2WD","ドライブシャフト","RR左ドライブシャフトイナーシャ","kgm²","UU3","KOSHIN","TANTO"
"SElist_[Kei]_JPN_2WD","DCDC","DCDC効率(走行時弱電220W,355V入力(SOC20%),13V出力)","%","UU3","KOSHIN","TANTO"
"SElist_[Kei]_JPN_2WD","LV BATT","消費電力(電費試験時WLTCモード)","kW","UU3","KOSHIN","TANTO"
"SElist_[Kei]_JPN_2WD","HV BATT","直列セル数","cell","UU3","KOSHIN","TANTO"
"SElist_[Kei]_JPN_2WD","HV BATT","並列セル数","para","UU3","KOSHIN","TANTO"
"SElist_[Kei]_JPN_2WD","HV BATT","セル容量","Ah","UU3","KOSHIN","TANTO"
"SElist_[Kei]_JPN_2WD","HV BATT","パック繋ぎ抵抗","Ω","UU3","KOSHIN","TANTO"
"SElist_[Kei]_JPN_2WD","HV BATT","DCハーネスの抵抗","Ω","UU3","KOSHIN","TANTO"
"SElist_[Kei]_JPN_2WD","ブレーキ","iBooster作動時ブレーキ力(Time-ブレーキ力)","MAP","UU3","KOSHIN","TANTO"
"SElist_[Kei]_JPN_2WD","ePT","FR MOT出力N-T特性(回転-トルク)","MAP","UU3","KOSHIN","TANTO"
"SElist_[Kei]_JPN_2WD","ePT","FR MOT制限設定出力上限(第一象限)","MAP","UU3","KOSHIN","TANTO"
"SElist_[Kei]_JPN_2WD","ePT","FR MOT制限設定出力下限(第四象限)","MAP","UU3","KOSHIN","TANTO"
"SElist_[Kei]_JPN_2WD","ePT","FR MOT損失特性","MAP","UU3","KOSHIN","TANTO"
"SElist_[Kei]_JPN_2WD","ePT","FR GB損失特性(有負荷)","MAP","UU3","KOSHIN","TANTO"
"SElist_[Kei]_JPN_2WD","ePT","ePT Sys無負荷損失特性(車速-駆動力)","MAP","UU3","KOSHIN","TANTO"
"SElist_[Kei]_JPN_2WD","パワマネ","駆動力Map(APO-車速-駆動力)","MAP","UU3","KOSHIN","TANTO"
"SElist_[Kei]_JPN_2WD","協調回生システム","回生ブレーキすり替え車速(車速-G)","MAP","UU3","KOSHIN","TANTO"
"SElist_[Kei]_JPN_2WD","HV BATT","セル開放電圧特性(SOC-OCV)","MAP","UU3","KOSHIN","TANTO"
"SElist_[Kei]_JPN_2WD","HV BATT","バッテリ制限設定(Pin入力上限/BATT温度-SOC-電力)","MAP","UU3","KOSHIN","TANTO"
"SElist_[Kei]_JPN_2WD","HV BATT","バッテリ制限設定(Pout出力上限/BATT温度-SOC-電力)","MAP","UU3","KOSHIN","TANTO"
"SElist_[Kei]_JPN_2WD","HV BATT","セル内部抵抗特性(充電/BATT温度-SOC-内部抵抗)","MAP","UU3","KOSHIN","TANTO"
"SElist_[Kei]_JPN_2WD","HV BATT","セル内部抵抗特性(放電/BATT温度-SOC-内部抵抗)","MAP","UU3","KOSHIN","TANTO"
"SElist_[Kei]_JPN_2WD","MOT FAN","PQ特性","MAP","UU3","KOSHIN","TANTO"
"SElist_[Kei]_JPN_2WD","ePT","ePT Sys熱容量","MAP","UU3","KOSHIN","TANTO"
"SElist_[Kei]_JPN_2WD","ブレーキ","iBooster作動時ブレーキ力(Time-ブレーキ力)","MAP","UU3","KOSHIN","TANTO"
"SElist_[Kei]_JPN_2WD","ePT","FR MOT出力N-T特性(回転-トルク)","MAP","UU3","KOSHIN","TANTO"
"SElist_[Kei]_JPN_2WD","ePT","FR MOT制限設定出力上限(第一象限)","MAP","UU3","KOSHIN","TANTO"
"SElist_[Kei]_JPN_2WD","ePT","FR MOT制限設定出力下限(第四象限)","MAP","UU3","KOSHIN","TANTO"
"SElist_[Kei]_JPN_2WD","ePT","FR MOT損失特性","MAP","UU3","KOSHIN","TANTO"
"SElist_[Kei]_JPN_2WD","ePT","FR GB損失特性(有負荷)","MAP","UU3","KOSHIN","TANTO"
"SElist_[Kei]_JPN_2WD","ePT","ePT Sys無負荷損失特性(車速-駆動力)","MAP","UU3","KOSHIN","TANTO"
"SElist_[Kei]_JPN_2WD","パワマネ","駆動力Map(APO-車速-駆動力)","MAP","UU3","KOSHIN","TANTO"
"SElist_[Kei]_JPN_2WD","協調回生システム","回生ブレーキすり替え車速(車速-G)","MAP","UU3","KOSHIN","TANTO"
"SElist_[Kei]_JPN_2WD","HV BATT","セル開放電圧特性(SOC-OCV)","MAP","UU3","KOSHIN","TANTO"
"SElist_[Kei]_JPN_2WD","HV BATT","バッテリ制限設定(Pin入力上限/BATT温度-SOC-電力)","MAP","UU3","KOSHIN","TANTO"
"SElist_[Kei]_JPN_2WD","HV BATT","バッテリ制限設定(Pout出力上限/BATT温度-SOC-電力)","MAP","UU3","KOSHIN","TANTO"
"SElist_[Kei]_JPN_2WD","HV BATT","セル内部抵抗特性(充電/BATT温度-SOC-内部抵抗)","MAP","UU3","KOSHIN","TANTO"
"SElist_[Kei]_JPN_2WD","HV BATT","セル内部抵抗特性(放電/BATT温度-SOC-内部抵抗)","MAP","UU3","KOSHIN","TANTO"
"SElist_[Kei]_JPN_2WD","MOT FAN","PQ特性","MAP","UU3","KOSHIN","TANTO"
"SElist_[Kei]_JPN_2WD","ePT","ePT Sys熱容量","MAP","UU3","KOSHIN","TANTO"
"SElist_[Kei]_JPN_2WD","ブレーキ","iBooster作動時ブレーキ力(Time-ブレーキ力)","MAP","UU3","KOSHIN","TANTO"
"SElist_[Kei]_JPN_2WD","ePT","FR MOT出力N-T特性(回転-トルク)","MAP","UU3","KOSHIN","TANTO"
"SElist_[Kei]_JPN_2WD","ePT","FR MOT制限設定出力上限(第一象限)","MAP","UU3","KOSHIN","TANTO"
"SElist_[Kei]_JPN_2WD","ePT","FR MOT制限設定出力下限(第四象限)","MAP","UU3","KOSHIN","TANTO"
"SElist_[Kei]_JPN_2WD","ePT","FR MOT損失特性","MAP","UU3","KOSHIN","TANTO"
"SElist_[Kei]_JPN_2WD","ePT","FR GB損失特性(有負荷)","MAP","UU3","KOSHIN","TANTO"
"SElist_[Kei]_JPN_2WD","ePT","ePT Sys無負荷損失特性(車速-駆動力)","MAP","UU3","KOSHIN","TANTO"
"SElist_[Kei]_JPN_2WD","パワマネ","駆動力Map(APO-車速-駆動力)","MAP","UU3","KOSHIN","TANTO"
"SElist_[Kei]_JPN_2WD","協調回生システム","回生ブレーキすり替え車速(車速-G)","MAP","UU3","KOSHIN","TANTO"
"SElist_[Kei]_JPN_2WD","HV BATT","セル開放電圧特性(SOC-OCV)","MAP","UU3","KOSHIN","TANTO"
"SElist_[Kei]_JPN_2WD","HV BATT","バッテリ制限設定(Pin入力上限/BATT温度-SOC-電力)","MAP","UU3","KOSHIN","TANTO"
"SElist_[Kei]_JPN_2WD","HV BATT","バッテリ制限設定(Pout出力上限/BATT温度-SOC-電力)","MAP","UU3","KOSHIN","TANTO"
"SElist_[Kei]_JPN_2WD","HV BATT","セル内部抵抗特性(充電/BATT温度-SOC-内部抵抗)","MAP","UU3","KOSHIN","TANTO"
"SElist_[Kei]_JPN_2WD","HV BATT","セル内部抵抗特性(放電/BATT温度-SOC-内部抵抗)","MAP","UU3","KOSHIN","TANTO"
"SElist_[Kei]_JPN_2WD","MOT FAN","PQ特性","MAP","UU3","KOSHIN","TANTO"
"SElist_[Kei]_JPN_2WD","ePT","ePT Sys熱容量","MAP","UU3","KOSHIN","TANTO"
"SElist_[Kei]_JPN_2WD","ブレーキ","iBooster作動時ブレーキ力(Time-ブレーキ力)","MAP","UU3","KOSHIN","TANTO"
"SElist_[Kei]_JPN_2WD","ePT","FR MOT出力N-T特性(回転-トルク)","MAP","UU3","KOSHIN","TANTO"
"SElist_[Kei]_JPN_2WD","ePT","FR MOT制限設定出力上限(第一象限)","MAP","UU3","KOSHIN","TANTO"
"SElist_[Kei]_JPN_2WD","ePT","FR MOT制限設定出力下限(第四象限)","MAP","UU3","KOSHIN","TANTO"
"SElist_[Kei]_JPN_2WD","ePT","FR MOT損失特性","MAP","UU3","KOSHIN","TANTO"
"SElist_[Kei]_JPN_2WD","ePT","FR GB損失特性(有負荷)","MAP","UU3","KOSHIN","TANTO"
"SElist_[Kei]_JPN_2WD","ePT","ePT Sys無負荷損失特性(車速-駆動力)","MAP","UU3","KOSHIN","TANTO"
"SElist_[Kei]_JPN_2WD","パワマネ","駆動力Map(APO-車速-駆動力)","MAP","UU3","KOSHIN","TANTO"
"SElist_[Kei]_JPN_2WD","協調回生システム","回生ブレーキすり替え車速(車速-G)","MAP","UU3","KOSHIN","TANTO"
"SElist_[Kei]_JPN_2WD","HV BATT","セル開放電圧特性(SOC-OCV)","MAP","UU3","KOSHIN","TANTO"
"SElist_[Kei]_JPN_2WD","HV BATT","バッテリ制限設定(Pin入力上限/BATT温度-SOC-電力)","MAP","UU3","KOSHIN","TANTO"
"SElist_[Kei]_JPN_2WD","HV BATT","バッテリ制限設定(Pout出力上限/BATT温度-SOC-電力)","MAP","UU3","KOSHIN","TANTO"
"SElist_[Kei]_JPN_2WD","HV BATT","セル内部抵抗特性(充電/BATT温度-SOC-内部抵抗)","MAP","UU3","KOSHIN","TANTO"
"SElist_[Kei]_JPN_2WD","HV BATT","セル内部抵抗特性(放電/BATT温度-SOC-内部抵抗)","MAP","UU3","KOSHIN","TANTO"
"SElist_[Kei]_JPN_2WD","MOT FAN","PQ特性","MAP","UU3","KOSHIN","TANTO"
"SElist_[Kei]_JPN_2WD","ePT","ePT Sys熱容量","MAP","UU3","KOSHIN","TANTO"
"SElist_[Kei]_JPN_4WD","Vehicle Weight","Min.C.W.","kg","UU3","KOSHIN","TANTO"
"SElist_[Kei]_JPN_4WD","Vehicle Weight","Max.C.W.","kg","UU3","KOSHIN","TANTO"
"SElist_[Kei]_JPN_4WD","Vehicle Weight","スペアタイヤ&工具 ","kg","UU3","KOSHIN","TANTO"
"SElist_[Kei]_JPN_4WD","Vehicle Weight","EPA届出重量","kg","UU3","KOSHIN","TANTO"
"SElist_[Kei]_JPN_4WD","Vehicle Severe Weight","PTW or GVWR","kg","UU3","KOSHIN","TANTO"
"SElist_[Kei]_JPN_4WD","Vehicle Severe Weight","GAWR FR","kg","UU3","KOSHIN","TANTO"
"SElist_[Kei]_JPN_4WD","Vehicle Severe Weight","GAWR RR","kg","UU3","KOSHIN","TANTO"
"SElist_[Kei]_JPN_4WD","Vehicle Severe Weight","Towing","kg","UU3","KOSHIN","TANTO"
"SElist_[Kei]_JPN_4WD","空力","Cd ","－","UU3","KOSHIN","TANTO"
"SElist_[Kei]_JPN_4WD","空力","A","m²","UU3","KOSHIN","TANTO"
"SElist_[Kei]_JPN_4WD","空力","ΔCd (AGS閉→全開)","－","UU3","KOSHIN","TANTO"
"SElist_[Kei]_JPN_4WD","空力","Grill shutter車速閾値 高速側 (閉→開)/(開→閉)","kph","UU3","KOSHIN","TANTO"
"SElist_[Kei]_JPN_4WD","空力","Grill shutter車速閾値 低速側 (閉→開)/(開→閉)","kph","UU3","KOSHIN","TANTO"
"SElist_[Kei]_JPN_4WD","タイヤ","FRサイズ","－","UU3","KOSHIN","TANTO"
"SElist_[Kei]_JPN_4WD","タイヤ","FR動半径","m","UU3","KOSHIN","TANTO"
"SElist_[Kei]_JPN_4WD","タイヤ","FR RRC (ISO 28560 80kmh,210kPa)","－","UU3","KOSHIN","TANTO"
"SElist_[Kei]_JPN_4WD","タイヤ","FR RRC (車両状態)","－","UU3","KOSHIN","TANTO"
"SElist_[Kei]_JPN_4WD","タイヤ","FR RRC (車両状態)空気圧","kPa","UU3","KOSHIN","TANTO"
"SElist_[Kei]_JPN_4WD","タイヤ","FR イナーシャ(1本) ","kgm²","UU3","KOSHIN","TANTO"
"SElist_[Kei]_JPN_4WD","タイヤ","RRサイズ","－","UU3","KOSHIN","TANTO"
"SElist_[Kei]_JPN_4WD","タイヤ","RR動半径","m","UU3","KOSHIN","TANTO"
"SElist_[Kei]_JPN_4WD","タイヤ","RR RRC (ISO 28560 80kmh,210kPa)","－","UU3","KOSHIN","TANTO"
"SElist_[Kei]_JPN_4WD","タイヤ","RR RRC (車両状態)","－","UU3","KOSHIN","TANTO"
"SElist_[Kei]_JPN_4WD","タイヤ","RR RRC (車両状態)空気圧","kPa","UU3","KOSHIN","TANTO"
"SElist_[Kei]_JPN_4WD","タイヤ","RR イナーシャ(1本) ","kgm²","UU3","KOSHIN","TANTO"
"SElist_[Kei]_JPN_4WD","ホイール","仕様","－","UU3","KOSHIN","TANTO"
"SElist_[Kei]_JPN_4WD","ホイール","イナーシャ(1本)","kgm²","UU3","KOSHIN","TANTO"
"SElist_[Kei]_JPN_4WD","HUB","Total引き摺りトルク (@80km/h)","Nm/veh","UU3","KOSHIN","TANTO"
"SElist_[Kei]_JPN_4WD","HUB","FR 引き摺りトルク (@80km/h)","Nm/veh","UU3","KOSHIN","TANTO"
"SElist_[Kei]_JPN_4WD","HUB","RR 引き摺りトルク (@80km/h)","Nm/veh","UU3","KOSHIN","TANTO"
"SElist_[Kei]_JPN_4WD","HUB","FR イナーシャ","kgm²","UU3","KOSHIN","TANTO"
"SElist_[Kei]_JPN_4WD","HUB","RR イナーシャ","kgm²","UU3","KOSHIN","TANTO"
"SElist_[Kei]_JPN_4WD","ブレーキ","引き摺りトルク (＠経験圧3Mpa) ","Nm/veh","UU3","KOSHIN","TANTO"
"SElist_[Kei]_JPN_4WD","ブレーキ","FR引き摺りトルク (経験圧3Mpa＠60kph)","Nm/veh","UU3","KOSHIN","TANTO"
"SElist_[Kei]_JPN_4WD","ブレーキ","RR引き摺りトルク(経験圧3Mpa＠60kph)","Nm/veh","UU3","KOSHIN","TANTO"
"SElist_[Kei]_JPN_4WD","ブレーキ","FRイナーシャ","kgm²","UU3","KOSHIN","TANTO"
"SElist_[Kei]_JPN_4WD","ブレーキ","RRイナーシャ","kgm²","UU3","KOSHIN","TANTO"
"SElist_[Kei]_JPN_4WD","車両姿勢","グランドクリアランスMin","mm","UU3","KOSHIN","TANTO"
"SElist_[Kei]_JPN_4WD","Test Weight","航続距離試験(ETW)Total","kg","UU3","KOSHIN","TANTO"
"SElist_[Kei]_JPN_4WD","Test Weight","航続距離試験(ETW)FR","kg","UU3","KOSHIN","TANTO"
"SElist_[Kei]_JPN_4WD","Test Weight","航続距離試験(ETW)RR","kg","UU3","KOSHIN","TANTO"
"SElist_[Kei]_JPN_4WD","Test Weight","動力当り前性能 ","kg","UU3","KOSHIN","TANTO"
"SElist_[Kei]_JPN_4WD","Test Weight","動力Accerelation","kg","UU3","KOSHIN","TANTO"
"SElist_[Kei]_JPN_4WD","Test Weight","動力Vmax","kg","UU3","KOSHIN","TANTO"
"SElist_[Kei]_JPN_4WD","Test Weight","熱NEMシビアシーン","kg","UU3","KOSHIN","TANTO"
"SElist_[Kei]_JPN_4WD","Test Weight","熱加減速繰り返し走行","kg","UU3","KOSHIN","TANTO"
"SElist_[Kei]_JPN_4WD","Test Weight","熱Towing","kg","UU3","KOSHIN","TANTO"
"SElist_[Kei]_JPN_4WD","Test Weight","熱低温性能","kg","UU3","KOSHIN","TANTO"
"SElist_[Kei]_JPN_4WD","走行抵抗","届出(Target Lset式) A0","N","UU3","KOSHIN","TANTO"
"SElist_[Kei]_JPN_4WD","走行抵抗","届出(Target Lset式) A1","N/kph","UU3","KOSHIN","TANTO"
"SElist_[Kei]_JPN_4WD","走行抵抗","届出(Target Lset式) A2","N/kph²","UU3","KOSHIN","TANTO"
"SElist_[Kei]_JPN_4WD","走行抵抗","届出(Target Lset式) IP","lbs","UU3","KOSHIN","TANTO"
"SElist_[Kei]_JPN_4WD","性能検討用走行抵抗式(ePT連れ回り排除)","航続距離(C/D車載状態)A0","N","UU3","KOSHIN","TANTO"
"SElist_[Kei]_JPN_4WD","性能検討用走行抵抗式(ePT連れ回り排除)","航続距離(C/D車載状態)A1","N/kph","UU3","KOSHIN","TANTO"
"SElist_[Kei]_JPN_4WD","性能検討用走行抵抗式(ePT連れ回り排除)","航続距離(C/D車載状態)A2","N/kph²","UU3","KOSHIN","TANTO"
"SElist_[Kei]_JPN_4WD","性能検討用走行抵抗式(ePT連れ回り排除)","航続距離(C/D車載状態)IP","lbs","UU3","KOSHIN","TANTO"
"SElist_[Kei]_JPN_4WD","性能検討用走行抵抗式(ePT連れ回り排除)","動力当り前性能A0","N","UU3","KOSHIN","TANTO"
"SElist_[Kei]_JPN_4WD","性能検討用走行抵抗式(ePT連れ回り排除)","動力当り前性能A1","N/kph","UU3","KOSHIN","TANTO"
"SElist_[Kei]_JPN_4WD","性能検討用走行抵抗式(ePT連れ回り排除)","動力当り前性能A2","N/kph²","UU3","KOSHIN","TANTO"
"SElist_[Kei]_JPN_4WD","性能検討用走行抵抗式(ePT連れ回り排除)","動力当り前性能IP","kg","UU3","KOSHIN","TANTO"
"SElist_[Kei]_JPN_4WD","性能検討用走行抵抗式(ePT連れ回り排除)","動力AccerelationA0","N","UU3","KOSHIN","TANTO"
"SElist_[Kei]_JPN_4WD","性能検討用走行抵抗式(ePT連れ回り排除)","動力AccerelationA1","N/kph","UU3","KOSHIN","TANTO"
"SElist_[Kei]_JPN_4WD","性能検討用走行抵抗式(ePT連れ回り排除)","動力AccerelationA2","N/kph²","UU3","KOSHIN","TANTO"
"SElist_[Kei]_JPN_4WD","性能検討用走行抵抗式(ePT連れ回り排除)","動力AccerelationIP","kg","UU3","KOSHIN","TANTO"
"SElist_[Kei]_JPN_4WD","性能検討用走行抵抗式(ePT連れ回り排除)","動力VmaxA0","N","UU3","KOSHIN","TANTO"
"SElist_[Kei]_JPN_4WD","性能検討用走行抵抗式(ePT連れ回り排除)","動力VmaxA1","N/kph","UU3","KOSHIN","TANTO"
"SElist_[Kei]_JPN_4WD","性能検討用走行抵抗式(ePT連れ回り排除)","動力VmaxA2","N/kph²","UU3","KOSHIN","TANTO"
"SElist_[Kei]_JPN_4WD","性能検討用走行抵抗式(ePT連れ回り排除)","動力VmaxIP","kg","UU3","KOSHIN","TANTO"
"SElist_[Kei]_JPN_4WD","性能検討用走行抵抗式(ePT連れ回り排除)","熱NEMシビアシーンA0","別紙","UU3","KOSHIN","TANTO"
"SElist_[Kei]_JPN_4WD","性能検討用走行抵抗式(ePT連れ回り排除)","熱加減速繰り返し走行A0","N","UU3","KOSHIN","TANTO"
"SElist_[Kei]_JPN_4WD","性能検討用走行抵抗式(ePT連れ回り排除)","熱加減速繰り返し走行A1","N/kph","UU3","KOSHIN","TANTO"
"SElist_[Kei]_JPN_4WD","性能検討用走行抵抗式(ePT連れ回り排除)","熱加減速繰り返し走行A2","N/kph²","UU3","KOSHIN","TANTO"
"SElist_[Kei]_JPN_4WD","性能検討用走行抵抗式(ePT連れ回り排除)","熱加減速繰り返し走行IP","kg","UU3","KOSHIN","TANTO"
"SElist_[Kei]_JPN_4WD","性能検討用走行抵抗式(ePT連れ回り排除)","熱TowingA0","N","UU3","KOSHIN","TANTO"
"SElist_[Kei]_JPN_4WD","性能検討用走行抵抗式(ePT連れ回り排除)","熱TowingA1","N/kph","UU3","KOSHIN","TANTO"
"SElist_[Kei]_JPN_4WD","性能検討用走行抵抗式(ePT連れ回り排除)","熱TowingA2","N/kph²","UU3","KOSHIN","TANTO"
"SElist_[Kei]_JPN_4WD","性能検討用走行抵抗式(ePT連れ回り排除)","熱TowingIP","kg","UU3","KOSHIN","TANTO"
"SElist_[Kei]_JPN_4WD","性能検討用走行抵抗式(ePT連れ回り排除)","熱低温性能A0","N","UU3","KOSHIN","TANTO"
"SElist_[Kei]_JPN_4WD","性能検討用走行抵抗式(ePT連れ回り排除)","熱低温性能A1","N/kph","UU3","KOSHIN","TANTO"
"SElist_[Kei]_JPN_4WD","性能検討用走行抵抗式(ePT連れ回り排除)","熱低温性能A2","N/kph²","UU3","KOSHIN","TANTO"
"SElist_[Kei]_JPN_4WD","性能検討用走行抵抗式(ePT連れ回り排除)","熱低温性能IP","kg","UU3","KOSHIN","TANTO"
"SElist_[Kei]_JPN_4WD","ePT","最高システム総合出力(公称）","kW","UU3","KOSHIN","TANTO"
"SElist_[Kei]_JPN_4WD","ePT","FR MOTイナーシャ","kgm²","UU3","KOSHIN","TANTO"
"SElist_[Kei]_JPN_4WD","ePT","FR GBイナーシャ","kgm²","UU3","KOSHIN","TANTO"
"SElist_[Kei]_JPN_4WD","ePT","RR MOTイナーシャ","kgm²","UU3","KOSHIN","TANTO"
"SElist_[Kei]_JPN_4WD","ePT","RR GBイナーシャ","kgm²","UU3","KOSHIN","TANTO"
"SElist_[Kei]_JPN_4WD","ePT","FR MOT制限設定トルク上限(第一象限)","Nm","UU3","KOSHIN","TANTO"
"SElist_[Kei]_JPN_4WD","ePT","FR MOT制限設定トルク下限(第四象限)","Nm","UU3","KOSHIN","TANTO"
"SElist_[Kei]_JPN_4WD","ePT","FR GB減速比","－","UU3","KOSHIN","TANTO"
"SElist_[Kei]_JPN_4WD","ePT","RR MOT制限設定トルク上限(第一象限)","Nm","UU3","KOSHIN","TANTO"
"SElist_[Kei]_JPN_4WD","ePT","RR MOT制限設定トルク下限(第四象限)","Nm","UU3","KOSHIN","TANTO"
"SElist_[Kei]_JPN_4WD","ePT","RR GB減速比","－","UU3","KOSHIN","TANTO"
"SElist_[Kei]_JPN_4WD","ドライブシャフト","FR右ドライブシャフトイナーシャ","kgm²","UU3","KOSHIN","TANTO"
"SElist_[Kei]_JPN_4WD","ドライブシャフト","FR左ドライブシャフトイナーシャ","kgm²","UU3","KOSHIN","TANTO"
"SElist_[Kei]_JPN_4WD","ドライブシャフト","RR右ドライブシャフトイナーシャ","kgm²","UU3","KOSHIN","TANTO"
"SElist_[Kei]_JPN_4WD","ドライブシャフト","RR左ドライブシャフトイナーシャ","kgm²","UU3","KOSHIN","TANTO"
"SElist_[Kei]_JPN_4WD","DCDC","DCDC効率(走行時弱電220W,355V入力(SOC20%),13V出力)","%","UU3","KOSHIN","TANTO"
"SElist_[Kei]_JPN_4WD","LV BATT","消費電力(電費試験時WLTCモード)","kW","UU3","KOSHIN","TANTO"
"SElist_[Kei]_JPN_4WD","HV BATT","直列セル数","cell","UU3","KOSHIN","TANTO"
"SElist_[Kei]_JPN_4WD","HV BATT","並列セル数","para","UU3","KOSHIN","TANTO"
"SElist_[Kei]_JPN_4WD","HV BATT","セル容量","Ah","UU3","KOSHIN","TANTO"
"SElist_[Kei]_JPN_4WD","HV BATT","パック繋ぎ抵抗","Ω","UU3","KOSHIN","TANTO"
"SElist_[Kei]_JPN_4WD","HV BATT","DCハーネスの抵抗","Ω","UU3","KOSHIN","TANTO"
"SElist_[Kei]_JPN_4WD","Vehicle Weight","Min.C.W.","kg","UU3","KOSHIN","TANTO"
"SElist_[Kei]_JPN_4WD","Vehicle Weight","Max.C.W.","kg","UU3","KOSHIN","TANTO"
"SElist_[Kei]_JPN_4WD","Vehicle Weight","スペアタイヤ&工具 ","kg","UU3","KOSHIN","TANTO"
"SElist_[Kei]_JPN_4WD","Vehicle Weight","EPA届出重量","kg","UU3","KOSHIN","TANTO"
"SElist_[Kei]_JPN_4WD","Vehicle Severe Weight","PTW or GVWR","kg","UU3","KOSHIN","TANTO"
"SElist_[Kei]_JPN_4WD","Vehicle Severe Weight","GAWR FR","kg","UU3","KOSHIN","TANTO"
"SElist_[Kei]_JPN_4WD","Vehicle Severe Weight","GAWR RR","kg","UU3","KOSHIN","TANTO"
"SElist_[Kei]_JPN_4WD","Vehicle Severe Weight","Towing","kg","UU3","KOSHIN","TANTO"
"SElist_[Kei]_JPN_4WD","空力","Cd ","－","UU3","KOSHIN","TANTO"
"SElist_[Kei]_JPN_4WD","空力","A","m²","UU3","KOSHIN","TANTO"
"SElist_[Kei]_JPN_4WD","空力","ΔCd (AGS閉→全開)","－","UU3","KOSHIN","TANTO"
"SElist_[Kei]_JPN_4WD","空力","Grill shutter車速閾値 高速側 (閉→開)/(開→閉)","kph","UU3","KOSHIN","TANTO"
"SElist_[Kei]_JPN_4WD","空力","Grill shutter車速閾値 低速側 (閉→開)/(開→閉)","kph","UU3","KOSHIN","TANTO"
"SElist_[Kei]_JPN_4WD","タイヤ","FRサイズ","－","UU3","KOSHIN","TANTO"
"SElist_[Kei]_JPN_4WD","タイヤ","FR動半径","m","UU3","KOSHIN","TANTO"
"SElist_[Kei]_JPN_4WD","タイヤ","FR RRC (ISO 28560 80kmh,210kPa)","－","UU3","KOSHIN","TANTO"
"SElist_[Kei]_JPN_4WD","タイヤ","FR RRC (車両状態)","－","UU3","KOSHIN","TANTO"
"SElist_[Kei]_JPN_4WD","タイヤ","FR RRC (車両状態)空気圧","kPa","UU3","KOSHIN","TANTO"
"SElist_[Kei]_JPN_4WD","タイヤ","FR イナーシャ(1本) ","kgm²","UU3","KOSHIN","TANTO"
"SElist_[Kei]_JPN_4WD","タイヤ","RRサイズ","－","UU3","KOSHIN","TANTO"
"SElist_[Kei]_JPN_4WD","タイヤ","RR動半径","m","UU3","KOSHIN","TANTO"
"SElist_[Kei]_JPN_4WD","タイヤ","RR RRC (ISO 28560 80kmh,210kPa)","－","UU3","KOSHIN","TANTO"
"SElist_[Kei]_JPN_4WD","タイヤ","RR RRC (車両状態)","－","UU3","KOSHIN","TANTO"
"SElist_[Kei]_JPN_4WD","タイヤ","RR RRC (車両状態)空気圧","kPa","UU3","KOSHIN","TANTO"
"SElist_[Kei]_JPN_4WD","タイヤ","RR イナーシャ(1本) ","kgm²","UU3","KOSHIN","TANTO"
"SElist_[Kei]_JPN_4WD","ホイール","仕様","－","UU3","KOSHIN","TANTO"
"SElist_[Kei]_JPN_4WD","ホイール","イナーシャ(1本)","kgm²","UU3","KOSHIN","TANTO"
"SElist_[Kei]_JPN_4WD","HUB","Total引き摺りトルク (@80km/h)","Nm/veh","UU3","KOSHIN","TANTO"
"SElist_[Kei]_JPN_4WD","HUB","FR 引き摺りトルク (@80km/h)","Nm/veh","UU3","KOSHIN","TANTO"
"SElist_[Kei]_JPN_4WD","HUB","RR 引き摺りトルク (@80km/h)","Nm/veh","UU3","KOSHIN","TANTO"
"SElist_[Kei]_JPN_4WD","HUB","FR イナーシャ","kgm²","UU3","KOSHIN","TANTO"
"SElist_[Kei]_JPN_4WD","HUB","RR イナーシャ","kgm²","UU3","KOSHIN","TANTO"
"SElist_[Kei]_JPN_4WD","ブレーキ","引き摺りトルク (＠経験圧3Mpa) ","Nm/veh","UU3","KOSHIN","TANTO"
"SElist_[Kei]_JPN_4WD","ブレーキ","FR引き摺りトルク (経験圧3Mpa＠60kph)","Nm/veh","UU3","KOSHIN","TANTO"
"SElist_[Kei]_JPN_4WD","ブレーキ","RR引き摺りトルク(経験圧3Mpa＠60kph)","Nm/veh","UU3","KOSHIN","TANTO"
"SElist_[Kei]_JPN_4WD","ブレーキ","FRイナーシャ","kgm²","UU3","KOSHIN","TANTO"
"SElist_[Kei]_JPN_4WD","ブレーキ","RRイナーシャ","kgm²","UU3","KOSHIN","TANTO"
"SElist_[Kei]_JPN_4WD","車両姿勢","グランドクリアランスMin","mm","UU3","KOSHIN","TANTO"
"SElist_[Kei]_JPN_4WD","Test Weight","航続距離試験(ETW)Total","kg","UU3","KOSHIN","TANTO"
"SElist_[Kei]_JPN_4WD","Test Weight","航続距離試験(ETW)FR","kg","UU3","KOSHIN","TANTO"
"SElist_[Kei]_JPN_4WD","Test Weight","航続距離試験(ETW)RR","kg","UU3","KOSHIN","TANTO"
"SElist_[Kei]_JPN_4WD","Test Weight","動力当り前性能 ","kg","UU3","KOSHIN","TANTO"
"SElist_[Kei]_JPN_4WD","Test Weight","動力Accerelation","kg","UU3","KOSHIN","TANTO"
"SElist_[Kei]_JPN_4WD","Test Weight","動力Vmax","kg","UU3","KOSHIN","TANTO"
"SElist_[Kei]_JPN_4WD","Test Weight","熱NEMシビアシーン","kg","UU3","KOSHIN","TANTO"
"SElist_[Kei]_JPN_4WD","Test Weight","熱加減速繰り返し走行","kg","UU3","KOSHIN","TANTO"
"SElist_[Kei]_JPN_4WD","Test Weight","熱Towing","kg","UU3","KOSHIN","TANTO"
"SElist_[Kei]_JPN_4WD","Test Weight","熱低温性能","kg","UU3","KOSHIN","TANTO"
"SElist_[Kei]_JPN_4WD","走行抵抗","届出(Target Lset式) A0","N","UU3","KOSHIN","TANTO"
"SElist_[Kei]_JPN_4WD","走行抵抗","届出(Target Lset式) A1","N/kph","UU3","KOSHIN","TANTO"
"SElist_[Kei]_JPN_4WD","走行抵抗","届出(Target Lset式) A2","N/kph²","UU3","KOSHIN","TANTO"
"SElist_[Kei]_JPN_4WD","走行抵抗","届出(Target Lset式) IP","lbs","UU3","KOSHIN","TANTO"
"SElist_[Kei]_JPN_4WD","性能検討用走行抵抗式(ePT連れ回り排除)","航続距離(C/D車載状態)A0","N","UU3","KOSHIN","TANTO"
"SElist_[Kei]_JPN_4WD","性能検討用走行抵抗式(ePT連れ回り排除)","航続距離(C/D車載状態)A1","N/kph","UU3","KOSHIN","TANTO"
"SElist_[Kei]_JPN_4WD","性能検討用走行抵抗式(ePT連れ回り排除)","航続距離(C/D車載状態)A2","N/kph²","UU3","KOSHIN","TANTO"
"SElist_[Kei]_JPN_4WD","性能検討用走行抵抗式(ePT連れ回り排除)","航続距離(C/D車載状態)IP","lbs","UU3","KOSHIN","TANTO"
"SElist_[Kei]_JPN_4WD","性能検討用走行抵抗式(ePT連れ回り排除)","動力当り前性能A0","N","UU3","KOSHIN","TANTO"
"SElist_[Kei]_JPN_4WD","性能検討用走行抵抗式(ePT連れ回り排除)","動力当り前性能A1","N/kph","UU3","KOSHIN","TANTO"
"SElist_[Kei]_JPN_4WD","性能検討用走行抵抗式(ePT連れ回り排除)","動力当り前性能A2","N/kph²","UU3","KOSHIN","TANTO"
"SElist_[Kei]_JPN_4WD","性能検討用走行抵抗式(ePT連れ回り排除)","動力当り前性能IP","kg","UU3","KOSHIN","TANTO"
"SElist_[Kei]_JPN_4WD","性能検討用走行抵抗式(ePT連れ回り排除)","動力AccerelationA0","N","UU3","KOSHIN","TANTO"
"SElist_[Kei]_JPN_4WD","性能検討用走行抵抗式(ePT連れ回り排除)","動力AccerelationA1","N/kph","UU3","KOSHIN","TANTO"
"SElist_[Kei]_JPN_4WD","性能検討用走行抵抗式(ePT連れ回り排除)","動力AccerelationA2","N/kph²","UU3","KOSHIN","TANTO"
"SElist_[Kei]_JPN_4WD","性能検討用走行抵抗式(ePT連れ回り排除)","動力AccerelationIP","kg","UU3","KOSHIN","TANTO"
"SElist_[Kei]_JPN_4WD","性能検討用走行抵抗式(ePT連れ回り排除)","動力VmaxA0","N","UU3","KOSHIN","TANTO"
"SElist_[Kei]_JPN_4WD","性能検討用走行抵抗式(ePT連れ回り排除)","動力VmaxA1","N/kph","UU3","KOSHIN","TANTO"
"SElist_[Kei]_JPN_4WD","性能検討用走行抵抗式(ePT連れ回り排除)","動力VmaxA2","N/kph²","UU3","KOSHIN","TANTO"
"SElist_[Kei]_JPN_4WD","性能検討用走行抵抗式(ePT連れ回り排除)","動力VmaxIP","kg","UU3","KOSHIN","TANTO"
"SElist_[Kei]_JPN_4WD","性能検討用走行抵抗式(ePT連れ回り排除)","熱NEMシビアシーンA0","別紙","UU3","KOSHIN","TANTO"
"SElist_[Kei]_JPN_4WD","性能検討用走行抵抗式(ePT連れ回り排除)","熱加減速繰り返し走行A0","N","UU3","KOSHIN","TANTO"
"SElist_[Kei]_JPN_4WD","性能検討用走行抵抗式(ePT連れ回り排除)","熱加減速繰り返し走行A1","N/kph","UU3","KOSHIN","TANTO"
"SElist_[Kei]_JPN_4WD","性能検討用走行抵抗式(ePT連れ回り排除)","熱加減速繰り返し走行A2","N/kph²","UU3","KOSHIN","TANTO"
"SElist_[Kei]_JPN_4WD","性能検討用走行抵抗式(ePT連れ回り排除)","熱加減速繰り返し走行IP","kg","UU3","KOSHIN","TANTO"
"SElist_[Kei]_JPN_4WD","性能検討用走行抵抗式(ePT連れ回り排除)","熱TowingA0","N","UU3","KOSHIN","TANTO"
"SElist_[Kei]_JPN_4WD","性能検討用走行抵抗式(ePT連れ回り排除)","熱TowingA1","N/kph","UU3","KOSHIN","TANTO"
"SElist_[Kei]_JPN_4WD","性能検討用走行抵抗式(ePT連れ回り排除)","熱TowingA2","N/kph²","UU3","KOSHIN","TANTO"
"SElist_[Kei]_JPN_4WD","性能検討用走行抵抗式(ePT連れ回り排除)","熱TowingIP","kg","UU3","KOSHIN","TANTO"
"SElist_[Kei]_JPN_4WD","性能検討用走行抵抗式(ePT連れ回り排除)","熱低温性能A0","N","UU3","KOSHIN","TANTO"
"SElist_[Kei]_JPN_4WD","性能検討用走行抵抗式(ePT連れ回り排除)","熱低温性能A1","N/kph","UU3","KOSHIN","TANTO"
"SElist_[Kei]_JPN_4WD","性能検討用走行抵抗式(ePT連れ回り排除)","熱低温性能A2","N/kph²","UU3","KOSHIN","TANTO"
"SElist_[Kei]_JPN_4WD","性能検討用走行抵抗式(ePT連れ回り排除)","熱低温性能IP","kg","UU3","KOSHIN","TANTO"
"SElist_[Kei]_JPN_4WD","ePT","最高システム総合出力(公称）","kW","UU3","KOSHIN","TANTO"
"SElist_[Kei]_JPN_4WD","ePT","FR MOTイナーシャ","kgm²","UU3","KOSHIN","TANTO"
"SElist_[Kei]_JPN_4WD","ePT","FR GBイナーシャ","kgm²","UU3","KOSHIN","TANTO"
"SElist_[Kei]_JPN_4WD","ePT","RR MOTイナーシャ","kgm²","UU3","KOSHIN","TANTO"
"SElist_[Kei]_JPN_4WD","ePT","RR GBイナーシャ","kgm²","UU3","KOSHIN","TANTO"
"SElist_[Kei]_JPN_4WD","ePT","FR MOT制限設定トルク上限(第一象限)","Nm","UU3","KOSHIN","TANTO"
"SElist_[Kei]_JPN_4WD","ePT","FR MOT制限設定トルク下限(第四象限)","Nm","UU3","KOSHIN","TANTO"
"SElist_[Kei]_JPN_4WD","ePT","FR GB減速比","－","UU3","KOSHIN","TANTO"
"SElist_[Kei]_JPN_4WD","ePT","RR MOT制限設定トルク上限(第一象限)","Nm","UU3","KOSHIN","TANTO"
"SElist_[Kei]_JPN_4WD","ePT","RR MOT制限設定トルク下限(第四象限)","Nm","UU3","KOSHIN","TANTO"
"SElist_[Kei]_JPN_4WD","ePT","RR GB減速比","－","UU3","KOSHIN","TANTO"
"SElist_[Kei]_JPN_4WD","ドライブシャフト","FR右ドライブシャフトイナーシャ","kgm²","UU3","KOSHIN","TANTO"
"SElist_[Kei]_JPN_4WD","ドライブシャフト","FR左ドライブシャフトイナーシャ","kgm²","UU3","KOSHIN","TANTO"
"SElist_[Kei]_JPN_4WD","ドライブシャフト","RR右ドライブシャフトイナーシャ","kgm²","UU3","KOSHIN","TANTO"
"SElist_[Kei]_JPN_4WD","ドライブシャフト","RR左ドライブシャフトイナーシャ","kgm²","UU3","KOSHIN","TANTO"
"SElist_[Kei]_JPN_4WD","DCDC","DCDC効率(走行時弱電220W,355V入力(SOC20%),13V出力)","%","UU3","KOSHIN","TANTO"
"SElist_[Kei]_JPN_4WD","LV BATT","消費電力(電費試験時WLTCモード)","kW","UU3","KOSHIN","TANTO"
"SElist_[Kei]_JPN_4WD","HV BATT","直列セル数","cell","UU3","KOSHIN","TANTO"
"SElist_[Kei]_JPN_4WD","HV BATT","並列セル数","para","UU3","KOSHIN","TANTO"
"SElist_[Kei]_JPN_4WD","HV BATT","セル容量","Ah","UU3","KOSHIN","TANTO"
"SElist_[Kei]_JPN_4WD","HV BATT","パック繋ぎ抵抗","Ω","UU3","KOSHIN","TANTO"
"SElist_[Kei]_JPN_4WD","HV BATT","DCハーネスの抵抗","Ω","UU3","KOSHIN","TANTO"
"SElist_[Kei]_JPN_4WD","Vehicle Weight","Min.C.W.","kg","UU3","KOSHIN","TANTO"
"SElist_[Kei]_JPN_4WD","Vehicle Weight","Max.C.W.","kg","UU3","KOSHIN","TANTO"
"SElist_[Kei]_JPN_4WD","Vehicle Weight","スペアタイヤ&工具 ","kg","UU3","KOSHIN","TANTO"
"SElist_[Kei]_JPN_4WD","Vehicle Weight","EPA届出重量","kg","UU3","KOSHIN","TANTO"
"SElist_[Kei]_JPN_4WD","Vehicle Severe Weight","PTW or GVWR","kg","UU3","KOSHIN","TANTO"
"SElist_[Kei]_JPN_4WD","Vehicle Severe Weight","GAWR FR","kg","UU3","KOSHIN","TANTO"
"SElist_[Kei]_JPN_4WD","Vehicle Severe Weight","GAWR RR","kg","UU3","KOSHIN","TANTO"
"SElist_[Kei]_JPN_4WD","Vehicle Severe Weight","Towing","kg","UU3","KOSHIN","TANTO"
"SElist_[Kei]_JPN_4WD","空力","Cd ","－","UU3","KOSHIN","TANTO"
"SElist_[Kei]_JPN_4WD","空力","A","m²","UU3","KOSHIN","TANTO"
"SElist_[Kei]_JPN_4WD","空力","ΔCd (AGS閉→全開)","－","UU3","KOSHIN","TANTO"
"SElist_[Kei]_JPN_4WD","空力","Grill shutter車速閾値 高速側 (閉→開)/(開→閉)","kph","UU3","KOSHIN","TANTO"
"SElist_[Kei]_JPN_4WD","空力","Grill shutter車速閾値 低速側 (閉→開)/(開→閉)","kph","UU3","KOSHIN","TANTO"
"SElist_[Kei]_JPN_4WD","タイヤ","FRサイズ","－","UU3","KOSHIN","TANTO"
"SElist_[Kei]_JPN_4WD","タイヤ","FR動半径","m","UU3","KOSHIN","TANTO"
"SElist_[Kei]_JPN_4WD","タイヤ","FR RRC (ISO 28560 80kmh,210kPa)","－","UU3","KOSHIN","TANTO"
"SElist_[Kei]_JPN_4WD","タイヤ","FR RRC (車両状態)","－","UU3","KOSHIN","TANTO"
"SElist_[Kei]_JPN_4WD","タイヤ","FR RRC (車両状態)空気圧","kPa","UU3","KOSHIN","TANTO"
"SElist_[Kei]_JPN_4WD","タイヤ","FR イナーシャ(1本) ","kgm²","UU3","KOSHIN","TANTO"
"SElist_[Kei]_JPN_4WD","タイヤ","RRサイズ","－","UU3","KOSHIN","TANTO"
"SElist_[Kei]_JPN_4WD","タイヤ","RR動半径","m","UU3","KOSHIN","TANTO"
"SElist_[Kei]_JPN_4WD","タイヤ","RR RRC (ISO 28560 80kmh,210kPa)","－","UU3","KOSHIN","TANTO"
"SElist_[Kei]_JPN_4WD","タイヤ","RR RRC (車両状態)","－","UU3","KOSHIN","TANTO"
"SElist_[Kei]_JPN_4WD","タイヤ","RR RRC (車両状態)空気圧","kPa","UU3","KOSHIN","TANTO"
"SElist_[Kei]_JPN_4WD","タイヤ","RR イナーシャ(1本) ","kgm²","UU3","KOSHIN","TANTO"
"SElist_[Kei]_JPN_4WD","ホイール","仕様","－","UU3","KOSHIN","TANTO"
"SElist_[Kei]_JPN_4WD","ホイール","イナーシャ(1本)","kgm²","UU3","KOSHIN","TANTO"
"SElist_[Kei]_JPN_4WD","HUB","Total引き摺りトルク (@80km/h)","Nm/veh","UU3","KOSHIN","TANTO"
"SElist_[Kei]_JPN_4WD","HUB","FR 引き摺りトルク (@80km/h)","Nm/veh","UU3","KOSHIN","TANTO"
"SElist_[Kei]_JPN_4WD","HUB","RR 引き摺りトルク (@80km/h)","Nm/veh","UU3","KOSHIN","TANTO"
"SElist_[Kei]_JPN_4WD","HUB","FR イナーシャ","kgm²","UU3","KOSHIN","TANTO"
"SElist_[Kei]_JPN_4WD","HUB","RR イナーシャ","kgm²","UU3","KOSHIN","TANTO"
"SElist_[Kei]_JPN_4WD","ブレーキ","引き摺りトルク (＠経験圧3Mpa) ","Nm/veh","UU3","KOSHIN","TANTO"
"SElist_[Kei]_JPN_4WD","ブレーキ","FR引き摺りトルク (経験圧3Mpa＠60kph)","Nm/veh","UU3","KOSHIN","TANTO"
"SElist_[Kei]_JPN_4WD","ブレーキ","RR引き摺りトルク(経験圧3Mpa＠60kph)","Nm/veh","UU3","KOSHIN","TANTO"
"SElist_[Kei]_JPN_4WD","ブレーキ","FRイナーシャ","kgm²","UU3","KOSHIN","TANTO"
"SElist_[Kei]_JPN_4WD","ブレーキ","RRイナーシャ","kgm²","UU3","KOSHIN","TANTO"
"SElist_[Kei]_JPN_4WD","車両姿勢","グランドクリアランスMin","mm","UU3","KOSHIN","TANTO"
"SElist_[Kei]_JPN_4WD","Test Weight","航続距離試験(ETW)Total","kg","UU3","KOSHIN","TANTO"
"SElist_[Kei]_JPN_4WD","Test Weight","航続距離試験(ETW)FR","kg","UU3","KOSHIN","TANTO"
"SElist_[Kei]_JPN_4WD","Test Weight","航続距離試験(ETW)RR","kg","UU3","KOSHIN","TANTO"
"SElist_[Kei]_JPN_4WD","Test Weight","動力当り前性能 ","kg","UU3","KOSHIN","TANTO"
"SElist_[Kei]_JPN_4WD","Test Weight","動力Accerelation","kg","UU3","KOSHIN","TANTO"
"SElist_[Kei]_JPN_4WD","Test Weight","動力Vmax","kg","UU3","KOSHIN","TANTO"
"SElist_[Kei]_JPN_4WD","Test Weight","熱NEMシビアシーン","kg","UU3","KOSHIN","TANTO"
"SElist_[Kei]_JPN_4WD","Test Weight","熱加減速繰り返し走行","kg","UU3","KOSHIN","TANTO"
"SElist_[Kei]_JPN_4WD","Test Weight","熱Towing","kg","UU3","KOSHIN","TANTO"
"SElist_[Kei]_JPN_4WD","Test Weight","熱低温性能","kg","UU3","KOSHIN","TANTO"
"SElist_[Kei]_JPN_4WD","走行抵抗","届出(Target Lset式) A0","N","UU3","KOSHIN","TANTO"
"SElist_[Kei]_JPN_4WD","走行抵抗","届出(Target Lset式) A1","N/kph","UU3","KOSHIN","TANTO"
"SElist_[Kei]_JPN_4WD","走行抵抗","届出(Target Lset式) A2","N/kph²","UU3","KOSHIN","TANTO"
"SElist_[Kei]_JPN_4WD","走行抵抗","届出(Target Lset式) IP","lbs","UU3","KOSHIN","TANTO"
"SElist_[Kei]_JPN_4WD","性能検討用走行抵抗式(ePT連れ回り排除)","航続距離(C/D車載状態)A0","N","UU3","KOSHIN","TANTO"
"SElist_[Kei]_JPN_4WD","性能検討用走行抵抗式(ePT連れ回り排除)","航続距離(C/D車載状態)A1","N/kph","UU3","KOSHIN","TANTO"
"SElist_[Kei]_JPN_4WD","性能検討用走行抵抗式(ePT連れ回り排除)","航続距離(C/D車載状態)A2","N/kph²","UU3","KOSHIN","TANTO"
"SElist_[Kei]_JPN_4WD","性能検討用走行抵抗式(ePT連れ回り排除)","航続距離(C/D車載状態)IP","lbs","UU3","KOSHIN","TANTO"
"SElist_[Kei]_JPN_4WD","性能検討用走行抵抗式(ePT連れ回り排除)","動力当り前性能A0","N","UU3","KOSHIN","TANTO"
"SElist_[Kei]_JPN_4WD","性能検討用走行抵抗式(ePT連れ回り排除)","動力当り前性能A1","N/kph","UU3","KOSHIN","TANTO"
"SElist_[Kei]_JPN_4WD","性能検討用走行抵抗式(ePT連れ回り排除)","動力当り前性能A2","N/kph²","UU3","KOSHIN","TANTO"
"SElist_[Kei]_JPN_4WD","性能検討用走行抵抗式(ePT連れ回り排除)","動力当り前性能IP","kg","UU3","KOSHIN","TANTO"
"SElist_[Kei]_JPN_4WD","性能検討用走行抵抗式(ePT連れ回り排除)","動力AccerelationA0","N","UU3","KOSHIN","TANTO"
"SElist_[Kei]_JPN_4WD","性能検討用走行抵抗式(ePT連れ回り排除)","動力AccerelationA1","N/kph","UU3","KOSHIN","TANTO"
"SElist_[Kei]_JPN_4WD","性能検討用走行抵抗式(ePT連れ回り排除)","動力AccerelationA2","N/kph²","UU3","KOSHIN","TANTO"
"SElist_[Kei]_JPN_4WD","性能検討用走行抵抗式(ePT連れ回り排除)","動力AccerelationIP","kg","UU3","KOSHIN","TANTO"
"SElist_[Kei]_JPN_4WD","性能検討用走行抵抗式(ePT連れ回り排除)","動力VmaxA0","N","UU3","KOSHIN","TANTO"
"SElist_[Kei]_JPN_4WD","性能検討用走行抵抗式(ePT連れ回り排除)","動力VmaxA1","N/kph","UU3","KOSHIN","TANTO"
"SElist_[Kei]_JPN_4WD","性能検討用走行抵抗式(ePT連れ回り排除)","動力VmaxA2","N/kph²","UU3","KOSHIN","TANTO"
"SElist_[Kei]_JPN_4WD","性能検討用走行抵抗式(ePT連れ回り排除)","動力VmaxIP","kg","UU3","KOSHIN","TANTO"
"SElist_[Kei]_JPN_4WD","性能検討用走行抵抗式(ePT連れ回り排除)","熱NEMシビアシーンA0","別紙","UU3","KOSHIN","TANTO"
"SElist_[Kei]_JPN_4WD","性能検討用走行抵抗式(ePT連れ回り排除)","熱加減速繰り返し走行A0","N","UU3","KOSHIN","TANTO"
"SElist_[Kei]_JPN_4WD","性能検討用走行抵抗式(ePT連れ回り排除)","熱加減速繰り返し走行A1","N/kph","UU3","KOSHIN","TANTO"
"SElist_[Kei]_JPN_4WD","性能検討用走行抵抗式(ePT連れ回り排除)","熱加減速繰り返し走行A2","N/kph²","UU3","KOSHIN","TANTO"
"SElist_[Kei]_JPN_4WD","性能検討用走行抵抗式(ePT連れ回り排除)","熱加減速繰り返し走行IP","kg","UU3","KOSHIN","TANTO"
"SElist_[Kei]_JPN_4WD","性能検討用走行抵抗式(ePT連れ回り排除)","熱TowingA0","N","UU3","KOSHIN","TANTO"
"SElist_[Kei]_JPN_4WD","性能検討用走行抵抗式(ePT連れ回り排除)","熱TowingA1","N/kph","UU3","KOSHIN","TANTO"
"SElist_[Kei]_JPN_4WD","性能検討用走行抵抗式(ePT連れ回り排除)","熱TowingA2","N/kph²","UU3","KOSHIN","TANTO"
"SElist_[Kei]_JPN_4WD","性能検討用走行抵抗式(ePT連れ回り排除)","熱TowingIP","kg","UU3","KOSHIN","TANTO"
"SElist_[Kei]_JPN_4WD","性能検討用走行抵抗式(ePT連れ回り排除)","熱低温性能A0","N","UU3","KOSHIN","TANTO"
"SElist_[Kei]_JPN_4WD","性能検討用走行抵抗式(ePT連れ回り排除)","熱低温性能A1","N/kph","UU3","KOSHIN","TANTO"
"SElist_[Kei]_JPN_4WD","性能検討用走行抵抗式(ePT連れ回り排除)","熱低温性能A2","N/kph²","UU3","KOSHIN","TANTO"
"SElist_[Kei]_JPN_4WD","性能検討用走行抵抗式(ePT連れ回り排除)","熱低温性能IP","kg","UU3","KOSHIN","TANTO"
"SElist_[Kei]_JPN_4WD","ePT","最高システム総合出力(公称）","kW","UU3","KOSHIN","TANTO"
"SElist_[Kei]_JPN_4WD","ePT","FR MOTイナーシャ","kgm²","UU3","KOSHIN","TANTO"
"SElist_[Kei]_JPN_4WD","ePT","FR GBイナーシャ","kgm²","UU3","KOSHIN","TANTO"
"SElist_[Kei]_JPN_4WD","ePT","RR MOTイナーシャ","kgm²","UU3","KOSHIN","TANTO"
"SElist_[Kei]_JPN_4WD","ePT","RR GBイナーシャ","kgm²","UU3","KOSHIN","TANTO"
"SElist_[Kei]_JPN_4WD","ePT","FR MOT制限設定トルク上限(第一象限)","Nm","UU3","KOSHIN","TANTO"
"SElist_[Kei]_JPN_4WD","ePT","FR MOT制限設定トルク下限(第四象限)","Nm","UU3","KOSHIN","TANTO"
"SElist_[Kei]_JPN_4WD","ePT","FR GB減速比","－","UU3","KOSHIN","TANTO"
"SElist_[Kei]_JPN_4WD","ePT","RR MOT制限設定トルク上限(第一象限)","Nm","UU3","KOSHIN","TANTO"
"SElist_[Kei]_JPN_4WD","ePT","RR MOT制限設定トルク下限(第四象限)","Nm","UU3","KOSHIN","TANTO"
"SElist_[Kei]_JPN_4WD","ePT","RR GB減速比","－","UU3","KOSHIN","TANTO"
"SElist_[Kei]_JPN_4WD","ドライブシャフト","FR右ドライブシャフトイナーシャ","kgm²","UU3","KOSHIN","TANTO"
"SElist_[Kei]_JPN_4WD","ドライブシャフト","FR左ドライブシャフトイナーシャ","kgm²","UU3","KOSHIN","TANTO"
"SElist_[Kei]_JPN_4WD","ドライブシャフト","RR右ドライブシャフトイナーシャ","kgm²","UU3","KOSHIN","TANTO"
"SElist_[Kei]_JPN_4WD","ドライブシャフト","RR左ドライブシャフトイナーシャ","kgm²","UU3","KOSHIN","TANTO"
"SElist_[Kei]_JPN_4WD","DCDC","DCDC効率(走行時弱電220W,355V入力(SOC20%),13V出力)","%","UU3","KOSHIN","TANTO"
"SElist_[Kei]_JPN_4WD","LV BATT","消費電力(電費試験時WLTCモード)","kW","UU3","KOSHIN","TANTO"
"SElist_[Kei]_JPN_4WD","HV BATT","直列セル数","cell","UU3","KOSHIN","TANTO"
"SElist_[Kei]_JPN_4WD","HV BATT","並列セル数","para","UU3","KOSHIN","TANTO"
"SElist_[Kei]_JPN_4WD","HV BATT","セル容量","Ah","UU3","KOSHIN","TANTO"
"SElist_[Kei]_JPN_4WD","HV BATT","パック繋ぎ抵抗","Ω","UU3","KOSHIN","TANTO"
"SElist_[Kei]_JPN_4WD","HV BATT","DCハーネスの抵抗","Ω","UU3","KOSHIN","TANTO"
"SElist_[Kei]_JPN_4WD","Vehicle Weight","Min.C.W.","kg","UU3","KOSHIN","TANTO"
"SElist_[Kei]_JPN_4WD","Vehicle Weight","Max.C.W.","kg","UU3","KOSHIN","TANTO"
"SElist_[Kei]_JPN_4WD","Vehicle Weight","スペアタイヤ&工具 ","kg","UU3","KOSHIN","TANTO"
"SElist_[Kei]_JPN_4WD","Vehicle Weight","EPA届出重量","kg","UU3","KOSHIN","TANTO"
"SElist_[Kei]_JPN_4WD","Vehicle Severe Weight","PTW or GVWR","kg","UU3","KOSHIN","TANTO"
"SElist_[Kei]_JPN_4WD","Vehicle Severe Weight","GAWR FR","kg","UU3","KOSHIN","TANTO"
"SElist_[Kei]_JPN_4WD","Vehicle Severe Weight","GAWR RR","kg","UU3","KOSHIN","TANTO"
"SElist_[Kei]_JPN_4WD","Vehicle Severe Weight","Towing","kg","UU3","KOSHIN","TANTO"
"SElist_[Kei]_JPN_4WD","空力","Cd ","－","UU3","KOSHIN","TANTO"
"SElist_[Kei]_JPN_4WD","空力","A","m²","UU3","KOSHIN","TANTO"
"SElist_[Kei]_JPN_4WD","空力","ΔCd (AGS閉→全開)","－","UU3","KOSHIN","TANTO"
"SElist_[Kei]_JPN_4WD","空力","Grill shutter車速閾値 高速側 (閉→開)/(開→閉)","kph","UU3","KOSHIN","TANTO"
"SElist_[Kei]_JPN_4WD","空力","Grill shutter車速閾値 低速側 (閉→開)/(開→閉)","kph","UU3","KOSHIN","TANTO"
"SElist_[Kei]_JPN_4WD","タイヤ","FRサイズ","－","UU3","KOSHIN","TANTO"
"SElist_[Kei]_JPN_4WD","タイヤ","FR動半径","m","UU3","KOSHIN","TANTO"
"SElist_[Kei]_JPN_4WD","タイヤ","FR RRC (ISO 28560 80kmh,210kPa)","－","UU3","KOSHIN","TANTO"
"SElist_[Kei]_JPN_4WD","タイヤ","FR RRC (車両状態)","－","UU3","KOSHIN","TANTO"
"SElist_[Kei]_JPN_4WD","タイヤ","FR RRC (車両状態)空気圧","kPa","UU3","KOSHIN","TANTO"
"SElist_[Kei]_JPN_4WD","タイヤ","FR イナーシャ(1本) ","kgm²","UU3","KOSHIN","TANTO"
"SElist_[Kei]_JPN_4WD","タイヤ","RRサイズ","－","UU3","KOSHIN","TANTO"
"SElist_[Kei]_JPN_4WD","タイヤ","RR動半径","m","UU3","KOSHIN","TANTO"
"SElist_[Kei]_JPN_4WD","タイヤ","RR RRC (ISO 28560 80kmh,210kPa)","－","UU3","KOSHIN","TANTO"
"SElist_[Kei]_JPN_4WD","タイヤ","RR RRC (車両状態)","－","UU3","KOSHIN","TANTO"
"SElist_[Kei]_JPN_4WD","タイヤ","RR RRC (車両状態)空気圧","kPa","UU3","KOSHIN","TANTO"
"SElist_[Kei]_JPN_4WD","タイヤ","RR イナーシャ(1本) ","kgm²","UU3","KOSHIN","TANTO"
"SElist_[Kei]_JPN_4WD","ホイール","仕様","－","UU3","KOSHIN","TANTO"
"SElist_[Kei]_JPN_4WD","ホイール","イナーシャ(1本)","kgm²","UU3","KOSHIN","TANTO"
"SElist_[Kei]_JPN_4WD","HUB","Total引き摺りトルク (@80km/h)","Nm/veh","UU3","KOSHIN","TANTO"
"SElist_[Kei]_JPN_4WD","HUB","FR 引き摺りトルク (@80km/h)","Nm/veh","UU3","KOSHIN","TANTO"
"SElist_[Kei]_JPN_4WD","HUB","RR 引き摺りトルク (@80km/h)","Nm/veh","UU3","KOSHIN","TANTO"
"SElist_[Kei]_JPN_4WD","HUB","FR イナーシャ","kgm²","UU3","KOSHIN","TANTO"
"SElist_[Kei]_JPN_4WD","HUB","RR イナーシャ","kgm²","UU3","KOSHIN","TANTO"
"SElist_[Kei]_JPN_4WD","ブレーキ","引き摺りトルク (＠経験圧3Mpa) ","Nm/veh","UU3","KOSHIN","TANTO"
"SElist_[Kei]_JPN_4WD","ブレーキ","FR引き摺りトルク (経験圧3Mpa＠60kph)","Nm/veh","UU3","KOSHIN","TANTO"
"SElist_[Kei]_JPN_4WD","ブレーキ","RR引き摺りトルク(経験圧3Mpa＠60kph)","Nm/veh","UU3","KOSHIN","TANTO"
"SElist_[Kei]_JPN_4WD","ブレーキ","FRイナーシャ","kgm²","UU3","KOSHIN","TANTO"
"SElist_[Kei]_JPN_4WD","ブレーキ","RRイナーシャ","kgm²","UU3","KOSHIN","TANTO"
"SElist_[Kei]_JPN_4WD","車両姿勢","グランドクリアランスMin","mm","UU3","KOSHIN","TANTO"
"SElist_[Kei]_JPN_4WD","Test Weight","航続距離試験(ETW)Total","kg","UU3","KOSHIN","TANTO"
"SElist_[Kei]_JPN_4WD","Test Weight","航続距離試験(ETW)FR","kg","UU3","KOSHIN","TANTO"
"SElist_[Kei]_JPN_4WD","Test Weight","航続距離試験(ETW)RR","kg","UU3","KOSHIN","TANTO"
"SElist_[Kei]_JPN_4WD","Test Weight","動力当り前性能 ","kg","UU3","KOSHIN","TANTO"
"SElist_[Kei]_JPN_4WD","Test Weight","動力Accerelation","kg","UU3","KOSHIN","TANTO"
"SElist_[Kei]_JPN_4WD","Test Weight","動力Vmax","kg","UU3","KOSHIN","TANTO"
"SElist_[Kei]_JPN_4WD","Test Weight","熱NEMシビアシーン","kg","UU3","KOSHIN","TANTO"
"SElist_[Kei]_JPN_4WD","Test Weight","熱加減速繰り返し走行","kg","UU3","KOSHIN","TANTO"
"SElist_[Kei]_JPN_4WD","Test Weight","熱Towing","kg","UU3","KOSHIN","TANTO"
"SElist_[Kei]_JPN_4WD","Test Weight","熱低温性能","kg","UU3","KOSHIN","TANTO"
"SElist_[Kei]_JPN_4WD","走行抵抗","届出(Target Lset式) A0","N","UU3","KOSHIN","TANTO"
"SElist_[Kei]_JPN_4WD","走行抵抗","届出(Target Lset式) A1","N/kph","UU3","KOSHIN","TANTO"
"SElist_[Kei]_JPN_4WD","走行抵抗","届出(Target Lset式) A2","N/kph²","UU3","KOSHIN","TANTO"
"SElist_[Kei]_JPN_4WD","走行抵抗","届出(Target Lset式) IP","lbs","UU3","KOSHIN","TANTO"
"SElist_[Kei]_JPN_4WD","性能検討用走行抵抗式(ePT連れ回り排除)","航続距離(C/D車載状態)A0","N","UU3","KOSHIN","TANTO"
"SElist_[Kei]_JPN_4WD","性能検討用走行抵抗式(ePT連れ回り排除)","航続距離(C/D車載状態)A1","N/kph","UU3","KOSHIN","TANTO"
"SElist_[Kei]_JPN_4WD","性能検討用走行抵抗式(ePT連れ回り排除)","航続距離(C/D車載状態)A2","N/kph²","UU3","KOSHIN","TANTO"
"SElist_[Kei]_JPN_4WD","性能検討用走行抵抗式(ePT連れ回り排除)","航続距離(C/D車載状態)IP","lbs","UU3","KOSHIN","TANTO"
"SElist_[Kei]_JPN_4WD","性能検討用走行抵抗式(ePT連れ回り排除)","動力当り前性能A0","N","UU3","KOSHIN","TANTO"
"SElist_[Kei]_JPN_4WD","性能検討用走行抵抗式(ePT連れ回り排除)","動力当り前性能A1","N/kph","UU3","KOSHIN","TANTO"
"SElist_[Kei]_JPN_4WD","性能検討用走行抵抗式(ePT連れ回り排除)","動力当り前性能A2","N/kph²","UU3","KOSHIN","TANTO"
"SElist_[Kei]_JPN_4WD","性能検討用走行抵抗式(ePT連れ回り排除)","動力当り前性能IP","kg","UU3","KOSHIN","TANTO"
"SElist_[Kei]_JPN_4WD","性能検討用走行抵抗式(ePT連れ回り排除)","動力AccerelationA0","N","UU3","KOSHIN","TANTO"
"SElist_[Kei]_JPN_4WD","性能検討用走行抵抗式(ePT連れ回り排除)","動力AccerelationA1","N/kph","UU3","KOSHIN","TANTO"
"SElist_[Kei]_JPN_4WD","性能検討用走行抵抗式(ePT連れ回り排除)","動力AccerelationA2","N/kph²","UU3","KOSHIN","TANTO"
"SElist_[Kei]_JPN_4WD","性能検討用走行抵抗式(ePT連れ回り排除)","動力AccerelationIP","kg","UU3","KOSHIN","TANTO"
"SElist_[Kei]_JPN_4WD","性能検討用走行抵抗式(ePT連れ回り排除)","動力VmaxA0","N","UU3","KOSHIN","TANTO"
"SElist_[Kei]_JPN_4WD","性能検討用走行抵抗式(ePT連れ回り排除)","動力VmaxA1","N/kph","UU3","KOSHIN","TANTO"
"SElist_[Kei]_JPN_4WD","性能検討用走行抵抗式(ePT連れ回り排除)","動力VmaxA2","N/kph²","UU3","KOSHIN","TANTO"
"SElist_[Kei]_JPN_4WD","性能検討用走行抵抗式(ePT連れ回り排除)","動力VmaxIP","kg","UU3","KOSHIN","TANTO"
"SElist_[Kei]_JPN_4WD","性能検討用走行抵抗式(ePT連れ回り排除)","熱NEMシビアシーンA0","別紙","UU3","KOSHIN","TANTO"
"SElist_[Kei]_JPN_4WD","性能検討用走行抵抗式(ePT連れ回り排除)","熱加減速繰り返し走行A0","N","UU3","KOSHIN","TANTO"
"SElist_[Kei]_JPN_4WD","性能検討用走行抵抗式(ePT連れ回り排除)","熱加減速繰り返し走行A1","N/kph","UU3","KOSHIN","TANTO"
"SElist_[Kei]_JPN_4WD","性能検討用走行抵抗式(ePT連れ回り排除)","熱加減速繰り返し走行A2","N/kph²","UU3","KOSHIN","TANTO"
"SElist_[Kei]_JPN_4WD","性能検討用走行抵抗式(ePT連れ回り排除)","熱加減速繰り返し走行IP","kg","UU3","KOSHIN","TANTO"
"SElist_[Kei]_JPN_4WD","性能検討用走行抵抗式(ePT連れ回り排除)","熱TowingA0","N","UU3","KOSHIN","TANTO"
"SElist_[Kei]_JPN_4WD","性能検討用走行抵抗式(ePT連れ回り排除)","熱TowingA1","N/kph","UU3","KOSHIN","TANTO"
"SElist_[Kei]_JPN_4WD","性能検討用走行抵抗式(ePT連れ回り排除)","熱TowingA2","N/kph²","UU3","KOSHIN","TANTO"
"SElist_[Kei]_JPN_4WD","性能検討用走行抵抗式(ePT連れ回り排除)","熱TowingIP","kg","UU3","KOSHIN","TANTO"
"SElist_[Kei]_JPN_4WD","性能検討用走行抵抗式(ePT連れ回り排除)","熱低温性能A0","N","UU3","KOSHIN","TANTO"
"SElist_[Kei]_JPN_4WD","性能検討用走行抵抗式(ePT連れ回り排除)","熱低温性能A1","N/kph","UU3","KOSHIN","TANTO"
"SElist_[Kei]_JPN_4WD","性能検討用走行抵抗式(ePT連れ回り排除)","熱低温性能A2","N/kph²","UU3","KOSHIN","TANTO"
"SElist_[Kei]_JPN_4WD","性能検討用走行抵抗式(ePT連れ回り排除)","熱低温性能IP","kg","UU3","KOSHIN","TANTO"
"SElist_[Kei]_JPN_4WD","ePT","最高システム総合出力(公称）","kW","UU3","KOSHIN","TANTO"
"SElist_[Kei]_JPN_4WD","ePT","FR MOTイナーシャ","kgm²","UU3","KOSHIN","TANTO"
"SElist_[Kei]_JPN_4WD","ePT","FR GBイナーシャ","kgm²","UU3","KOSHIN","TANTO"
"SElist_[Kei]_JPN_4WD","ePT","RR MOTイナーシャ","kgm²","UU3","KOSHIN","TANTO"
"SElist_[Kei]_JPN_4WD","ePT","RR GBイナーシャ","kgm²","UU3","KOSHIN","TANTO"
"SElist_[Kei]_JPN_4WD","ePT","FR MOT制限設定トルク上限(第一象限)","Nm","UU3","KOSHIN","TANTO"
"SElist_[Kei]_JPN_4WD","ePT","FR MOT制限設定トルク下限(第四象限)","Nm","UU3","KOSHIN","TANTO"
"SElist_[Kei]_JPN_4WD","ePT","FR GB減速比","－","UU3","KOSHIN","TANTO"
"SElist_[Kei]_JPN_4WD","ePT","RR MOT制限設定トルク上限(第一象限)","Nm","UU3","KOSHIN","TANTO"
"SElist_[Kei]_JPN_4WD","ePT","RR MOT制限設定トルク下限(第四象限)","Nm","UU3","KOSHIN","TANTO"
"SElist_[Kei]_JPN_4WD","ePT","RR GB減速比","－","UU3","KOSHIN","TANTO"
"SElist_[Kei]_JPN_4WD","ドライブシャフト","FR右ドライブシャフトイナーシャ","kgm²","UU3","KOSHIN","TANTO"
"SElist_[Kei]_JPN_4WD","ドライブシャフト","FR左ドライブシャフトイナーシャ","kgm²","UU3","KOSHIN","TANTO"
"SElist_[Kei]_JPN_4WD","ドライブシャフト","RR右ドライブシャフトイナーシャ","kgm²","UU3","KOSHIN","TANTO"
"SElist_[Kei]_JPN_4WD","ドライブシャフト","RR左ドライブシャフトイナーシャ","kgm²","UU3","KOSHIN","TANTO"
"SElist_[Kei]_JPN_4WD","DCDC","DCDC効率(走行時弱電220W,355V入力(SOC20%),13V出力)","%","UU3","KOSHIN","TANTO"
"SElist_[Kei]_JPN_4WD","LV BATT","消費電力(電費試験時WLTCモード)","kW","UU3","KOSHIN","TANTO"
"SElist_[Kei]_JPN_4WD","HV BATT","直列セル数","cell","UU3","KOSHIN","TANTO"
"SElist_[Kei]_JPN_4WD","HV BATT","並列セル数","para","UU3","KOSHIN","TANTO"
"SElist_[Kei]_JPN_4WD","HV BATT","セル容量","Ah","UU3","KOSHIN","TANTO"
"SElist_[Kei]_JPN_4WD","HV BATT","パック繋ぎ抵抗","Ω","UU3","KOSHIN","TANTO"
"SElist_[Kei]_JPN_4WD","HV BATT","DCハーネスの抵抗","Ω","UU3","KOSHIN","TANTO"
"SElist_[Kei]_JPN_4WD","Vehicle Weight","Min.C.W.","kg","UU3","KOSHIN","TANTO"
"SElist_[Kei]_JPN_4WD","Vehicle Weight","Max.C.W.","kg","UU3","KOSHIN","TANTO"
"SElist_[Kei]_JPN_4WD","Vehicle Weight","スペアタイヤ&工具 ","kg","UU3","KOSHIN","TANTO"
"SElist_[Kei]_JPN_4WD","Vehicle Weight","EPA届出重量","kg","UU3","KOSHIN","TANTO"
"SElist_[Kei]_JPN_4WD","Vehicle Severe Weight","PTW or GVWR","kg","UU3","KOSHIN","TANTO"
"SElist_[Kei]_JPN_4WD","Vehicle Severe Weight","GAWR FR","kg","UU3","KOSHIN","TANTO"
"SElist_[Kei]_JPN_4WD","Vehicle Severe Weight","GAWR RR","kg","UU3","KOSHIN","TANTO"
"SElist_[Kei]_JPN_4WD","Vehicle Severe Weight","Towing","kg","UU3","KOSHIN","TANTO"
"SElist_[Kei]_JPN_4WD","空力","Cd ","－","UU3","KOSHIN","TANTO"
"SElist_[Kei]_JPN_4WD","空力","A","m²","UU3","KOSHIN","TANTO"
"SElist_[Kei]_JPN_4WD","空力","ΔCd (AGS閉→全開)","－","UU3","KOSHIN","TANTO"
"SElist_[Kei]_JPN_4WD","空力","Grill shutter車速閾値 高速側 (閉→開)/(開→閉)","kph","UU3","KOSHIN","TANTO"
"SElist_[Kei]_JPN_4WD","空力","Grill shutter車速閾値 低速側 (閉→開)/(開→閉)","kph","UU3","KOSHIN","TANTO"
"SElist_[Kei]_JPN_4WD","タイヤ","FRサイズ","－","UU3","KOSHIN","TANTO"
"SElist_[Kei]_JPN_4WD","タイヤ","FR動半径","m","UU3","KOSHIN","TANTO"
"SElist_[Kei]_JPN_4WD","タイヤ","FR RRC (ISO 28560 80kmh,210kPa)","－","UU3","KOSHIN","TANTO"
"SElist_[Kei]_JPN_4WD","タイヤ","FR RRC (車両状態)","－","UU3","KOSHIN","TANTO"
"SElist_[Kei]_JPN_4WD","タイヤ","FR RRC (車両状態)空気圧","kPa","UU3","KOSHIN","TANTO"
"SElist_[Kei]_JPN_4WD","タイヤ","FR イナーシャ(1本) ","kgm²","UU3","KOSHIN","TANTO"
"SElist_[Kei]_JPN_4WD","タイヤ","RRサイズ","－","UU3","KOSHIN","TANTO"
"SElist_[Kei]_JPN_4WD","タイヤ","RR動半径","m","UU3","KOSHIN","TANTO"
"SElist_[Kei]_JPN_4WD","タイヤ","RR RRC (ISO 28560 80kmh,210kPa)","－","UU3","KOSHIN","TANTO"
"SElist_[Kei]_JPN_4WD","タイヤ","RR RRC (車両状態)","－","UU3","KOSHIN","TANTO"
"SElist_[Kei]_JPN_4WD","タイヤ","RR RRC (車両状態)空気圧","kPa","UU3","KOSHIN","TANTO"
"SElist_[Kei]_JPN_4WD","タイヤ","RR イナーシャ(1本) ","kgm²","UU3","KOSHIN","TANTO"
"SElist_[Kei]_JPN_4WD","ホイール","仕様","－","UU3","KOSHIN","TANTO"
"SElist_[Kei]_JPN_4WD","ホイール","イナーシャ(1本)","kgm²","UU3","KOSHIN","TANTO"
"SElist_[Kei]_JPN_4WD","HUB","Total引き摺りトルク (@80km/h)","Nm/veh","UU3","KOSHIN","TANTO"
"SElist_[Kei]_JPN_4WD","HUB","FR 引き摺りトルク (@80km/h)","Nm/veh","UU3","KOSHIN","TANTO"
"SElist_[Kei]_JPN_4WD","HUB","RR 引き摺りトルク (@80km/h)","Nm/veh","UU3","KOSHIN","TANTO"
"SElist_[Kei]_JPN_4WD","HUB","FR イナーシャ","kgm²","UU3","KOSHIN","TANTO"
"SElist_[Kei]_JPN_4WD","HUB","RR イナーシャ","kgm²","UU3","KOSHIN","TANTO"
"SElist_[Kei]_JPN_4WD","ブレーキ","引き摺りトルク (＠経験圧3Mpa) ","Nm/veh","UU3","KOSHIN","TANTO"
"SElist_[Kei]_JPN_4WD","ブレーキ","FR引き摺りトルク (経験圧3Mpa＠60kph)","Nm/veh","UU3","KOSHIN","TANTO"
"SElist_[Kei]_JPN_4WD","ブレーキ","RR引き摺りトルク(経験圧3Mpa＠60kph)","Nm/veh","UU3","KOSHIN","TANTO"
"SElist_[Kei]_JPN_4WD","ブレーキ","FRイナーシャ","kgm²","UU3","KOSHIN","TANTO"
"SElist_[Kei]_JPN_4WD","ブレーキ","RRイナーシャ","kgm²","UU3","KOSHIN","TANTO"
"SElist_[Kei]_JPN_4WD","車両姿勢","グランドクリアランスMin","mm","UU3","KOSHIN","TANTO"
"SElist_[Kei]_JPN_4WD","Test Weight","航続距離試験(ETW)Total","kg","UU3","KOSHIN","TANTO"
"SElist_[Kei]_JPN_4WD","Test Weight","航続距離試験(ETW)FR","kg","UU3","KOSHIN","TANTO"
"SElist_[Kei]_JPN_4WD","Test Weight","航続距離試験(ETW)RR","kg","UU3","KOSHIN","TANTO"
"SElist_[Kei]_JPN_4WD","Test Weight","動力当り前性能 ","kg","UU3","KOSHIN","TANTO"
"SElist_[Kei]_JPN_4WD","Test Weight","動力Accerelation","kg","UU3","KOSHIN","TANTO"
"SElist_[Kei]_JPN_4WD","Test Weight","動力Vmax","kg","UU3","KOSHIN","TANTO"
"SElist_[Kei]_JPN_4WD","Test Weight","熱NEMシビアシーン","kg","UU3","KOSHIN","TANTO"
"SElist_[Kei]_JPN_4WD","Test Weight","熱加減速繰り返し走行","kg","UU3","KOSHIN","TANTO"
"SElist_[Kei]_JPN_4WD","Test Weight","熱Towing","kg","UU3","KOSHIN","TANTO"
"SElist_[Kei]_JPN_4WD","Test Weight","熱低温性能","kg","UU3","KOSHIN","TANTO"
"SElist_[Kei]_JPN_4WD","走行抵抗","届出(Target Lset式) A0","N","UU3","KOSHIN","TANTO"
"SElist_[Kei]_JPN_4WD","走行抵抗","届出(Target Lset式) A1","N/kph","UU3","KOSHIN","TANTO"
"SElist_[Kei]_JPN_4WD","走行抵抗","届出(Target Lset式) A2","N/kph²","UU3","KOSHIN","TANTO"
"SElist_[Kei]_JPN_4WD","走行抵抗","届出(Target Lset式) IP","lbs","UU3","KOSHIN","TANTO"
"SElist_[Kei]_JPN_4WD","性能検討用走行抵抗式(ePT連れ回り排除)","航続距離(C/D車載状態)A0","N","UU3","KOSHIN","TANTO"
"SElist_[Kei]_JPN_4WD","性能検討用走行抵抗式(ePT連れ回り排除)","航続距離(C/D車載状態)A1","N/kph","UU3","KOSHIN","TANTO"
"SElist_[Kei]_JPN_4WD","性能検討用走行抵抗式(ePT連れ回り排除)","航続距離(C/D車載状態)A2","N/kph²","UU3","KOSHIN","TANTO"
"SElist_[Kei]_JPN_4WD","性能検討用走行抵抗式(ePT連れ回り排除)","航続距離(C/D車載状態)IP","lbs","UU3","KOSHIN","TANTO"
"SElist_[Kei]_JPN_4WD","性能検討用走行抵抗式(ePT連れ回り排除)","動力当り前性能A0","N","UU3","KOSHIN","TANTO"
"SElist_[Kei]_JPN_4WD","性能検討用走行抵抗式(ePT連れ回り排除)","動力当り前性能A1","N/kph","UU3","KOSHIN","TANTO"
"SElist_[Kei]_JPN_4WD","性能検討用走行抵抗式(ePT連れ回り排除)","動力当り前性能A2","N/kph²","UU3","KOSHIN","TANTO"
"SElist_[Kei]_JPN_4WD","性能検討用走行抵抗式(ePT連れ回り排除)","動力当り前性能IP","kg","UU3","KOSHIN","TANTO"
"SElist_[Kei]_JPN_4WD","性能検討用走行抵抗式(ePT連れ回り排除)","動力AccerelationA0","N","UU3","KOSHIN","TANTO"
"SElist_[Kei]_JPN_4WD","性能検討用走行抵抗式(ePT連れ回り排除)","動力AccerelationA1","N/kph","UU3","KOSHIN","TANTO"
"SElist_[Kei]_JPN_4WD","性能検討用走行抵抗式(ePT連れ回り排除)","動力AccerelationA2","N/kph²","UU3","KOSHIN","TANTO"
"SElist_[Kei]_JPN_4WD","性能検討用走行抵抗式(ePT連れ回り排除)","動力AccerelationIP","kg","UU3","KOSHIN","TANTO"
"SElist_[Kei]_JPN_4WD","性能検討用走行抵抗式(ePT連れ回り排除)","動力VmaxA0","N","UU3","KOSHIN","TANTO"
"SElist_[Kei]_JPN_4WD","性能検討用走行抵抗式(ePT連れ回り排除)","動力VmaxA1","N/kph","UU3","KOSHIN","TANTO"
"SElist_[Kei]_JPN_4WD","性能検討用走行抵抗式(ePT連れ回り排除)","動力VmaxA2","N/kph²","UU3","KOSHIN","TANTO"
"SElist_[Kei]_JPN_4WD","性能検討用走行抵抗式(ePT連れ回り排除)","動力VmaxIP","kg","UU3","KOSHIN","TANTO"
"SElist_[Kei]_JPN_4WD","性能検討用走行抵抗式(ePT連れ回り排除)","熱NEMシビアシーンA0","別紙","UU3","KOSHIN","TANTO"
"SElist_[Kei]_JPN_4WD","性能検討用走行抵抗式(ePT連れ回り排除)","熱加減速繰り返し走行A0","N","UU3","KOSHIN","TANTO"
"SElist_[Kei]_JPN_4WD","性能検討用走行抵抗式(ePT連れ回り排除)","熱加減速繰り返し走行A1","N/kph","UU3","KOSHIN","TANTO"
"SElist_[Kei]_JPN_4WD","性能検討用走行抵抗式(ePT連れ回り排除)","熱加減速繰り返し走行A2","N/kph²","UU3","KOSHIN","TANTO"
"SElist_[Kei]_JPN_4WD","性能検討用走行抵抗式(ePT連れ回り排除)","熱加減速繰り返し走行IP","kg","UU3","KOSHIN","TANTO"
"SElist_[Kei]_JPN_4WD","性能検討用走行抵抗式(ePT連れ回り排除)","熱TowingA0","N","UU3","KOSHIN","TANTO"
"SElist_[Kei]_JPN_4WD","性能検討用走行抵抗式(ePT連れ回り排除)","熱TowingA1","N/kph","UU3","KOSHIN","TANTO"
"SElist_[Kei]_JPN_4WD","性能検討用走行抵抗式(ePT連れ回り排除)","熱TowingA2","N/kph²","UU3","KOSHIN","TANTO"
"SElist_[Kei]_JPN_4WD","性能検討用走行抵抗式(ePT連れ回り排除)","熱TowingIP","kg","UU3","KOSHIN","TANTO"
"SElist_[Kei]_JPN_4WD","性能検討用走行抵抗式(ePT連れ回り排除)","熱低温性能A0","N","UU3","KOSHIN","TANTO"
"SElist_[Kei]_JPN_4WD","性能検討用走行抵抗式(ePT連れ回り排除)","熱低温性能A1","N/kph","UU3","KOSHIN","TANTO"
"SElist_[Kei]_JPN_4WD","性能検討用走行抵抗式(ePT連れ回り排除)","熱低温性能A2","N/kph²","UU3","KOSHIN","TANTO"
"SElist_[Kei]_JPN_4WD","性能検討用走行抵抗式(ePT連れ回り排除)","熱低温性能IP","kg","UU3","KOSHIN","TANTO"
"SElist_[Kei]_JPN_4WD","ePT","最高システム総合出力(公称）","kW","UU3","KOSHIN","TANTO"
"SElist_[Kei]_JPN_4WD","ePT","FR MOTイナーシャ","kgm²","UU3","KOSHIN","TANTO"
"SElist_[Kei]_JPN_4WD","ePT","FR GBイナーシャ","kgm²","UU3","KOSHIN","TANTO"
"SElist_[Kei]_JPN_4WD","ePT","RR MOTイナーシャ","kgm²","UU3","KOSHIN","TANTO"
"SElist_[Kei]_JPN_4WD","ePT","RR GBイナーシャ","kgm²","UU3","KOSHIN","TANTO"
"SElist_[Kei]_JPN_4WD","ePT","FR MOT制限設定トルク上限(第一象限)","Nm","UU3","KOSHIN","TANTO"
"SElist_[Kei]_JPN_4WD","ePT","FR MOT制限設定トルク下限(第四象限)","Nm","UU3","KOSHIN","TANTO"
"SElist_[Kei]_JPN_4WD","ePT","FR GB減速比","－","UU3","KOSHIN","TANTO"
"SElist_[Kei]_JPN_4WD","ePT","RR MOT制限設定トルク上限(第一象限)","Nm","UU3","KOSHIN","TANTO"
"SElist_[Kei]_JPN_4WD","ePT","RR MOT制限設定トルク下限(第四象限)","Nm","UU3","KOSHIN","TANTO"
"SElist_[Kei]_JPN_4WD","ePT","RR GB減速比","－","UU3","KOSHIN","TANTO"
"SElist_[Kei]_JPN_4WD","ドライブシャフト","FR右ドライブシャフトイナーシャ","kgm²","UU3","KOSHIN","TANTO"
"SElist_[Kei]_JPN_4WD","ドライブシャフト","FR左ドライブシャフトイナーシャ","kgm²","UU3","KOSHIN","TANTO"
"SElist_[Kei]_JPN_4WD","ドライブシャフト","RR右ドライブシャフトイナーシャ","kgm²","UU3","KOSHIN","TANTO"
"SElist_[Kei]_JPN_4WD","ドライブシャフト","RR左ドライブシャフトイナーシャ","kgm²","UU3","KOSHIN","TANTO"
"SElist_[Kei]_JPN_4WD","DCDC","DCDC効率(走行時弱電220W,355V入力(SOC20%),13V出力)","%","UU3","KOSHIN","TANTO"
"SElist_[Kei]_JPN_4WD","LV BATT","消費電力(電費試験時WLTCモード)","kW","UU3","KOSHIN","TANTO"
"SElist_[Kei]_JPN_4WD","HV BATT","直列セル数","cell","UU3","KOSHIN","TANTO"
"SElist_[Kei]_JPN_4WD","HV BATT","並列セル数","para","UU3","KOSHIN","TANTO"
"SElist_[Kei]_JPN_4WD","HV BATT","セル容量","Ah","UU3","KOSHIN","TANTO"
"SElist_[Kei]_JPN_4WD","HV BATT","パック繋ぎ抵抗","Ω","UU3","KOSHIN","TANTO"
"SElist_[Kei]_JPN_4WD","HV BATT","DCハーネスの抵抗","Ω","UU3","KOSHIN","TANTO"
"SElist_[Kei]_JPN_4WD","Vehicle Weight","Min.C.W.","kg","UU3","KOSHIN","TANTO"
"SElist_[Kei]_JPN_4WD","Vehicle Weight","Max.C.W.","kg","UU3","KOSHIN","TANTO"
"SElist_[Kei]_JPN_4WD","Vehicle Weight","スペアタイヤ&工具 ","kg","UU3","KOSHIN","TANTO"
"SElist_[Kei]_JPN_4WD","Vehicle Weight","EPA届出重量","kg","UU3","KOSHIN","TANTO"
"SElist_[Kei]_JPN_4WD","Vehicle Severe Weight","PTW or GVWR","kg","UU3","KOSHIN","TANTO"
"SElist_[Kei]_JPN_4WD","Vehicle Severe Weight","GAWR FR","kg","UU3","KOSHIN","TANTO"
"SElist_[Kei]_JPN_4WD","Vehicle Severe Weight","GAWR RR","kg","UU3","KOSHIN","TANTO"
"SElist_[Kei]_JPN_4WD","Vehicle Severe Weight","Towing","kg","UU3","KOSHIN","TANTO"
"SElist_[Kei]_JPN_4WD","空力","Cd ","－","UU3","KOSHIN","TANTO"
"SElist_[Kei]_JPN_4WD","空力","A","m²","UU3","KOSHIN","TANTO"
"SElist_[Kei]_JPN_4WD","空力","ΔCd (AGS閉→全開)","－","UU3","KOSHIN","TANTO"
"SElist_[Kei]_JPN_4WD","空力","Grill shutter車速閾値 高速側 (閉→開)/(開→閉)","kph","UU3","KOSHIN","TANTO"
"SElist_[Kei]_JPN_4WD","空力","Grill shutter車速閾値 低速側 (閉→開)/(開→閉)","kph","UU3","KOSHIN","TANTO"
"SElist_[Kei]_JPN_4WD","タイヤ","FRサイズ","－","UU3","KOSHIN","TANTO"
"SElist_[Kei]_JPN_4WD","タイヤ","FR動半径","m","UU3","KOSHIN","TANTO"
"SElist_[Kei]_JPN_4WD","タイヤ","FR RRC (ISO 28560 80kmh,210kPa)","－","UU3","KOSHIN","TANTO"
"SElist_[Kei]_JPN_4WD","タイヤ","FR RRC (車両状態)","－","UU3","KOSHIN","TANTO"
"SElist_[Kei]_JPN_4WD","タイヤ","FR RRC (車両状態)空気圧","kPa","UU3","KOSHIN","TANTO"
"SElist_[Kei]_JPN_4WD","タイヤ","FR イナーシャ(1本) ","kgm²","UU3","KOSHIN","TANTO"
"SElist_[Kei]_JPN_4WD","タイヤ","RRサイズ","－","UU3","KOSHIN","TANTO"
"SElist_[Kei]_JPN_4WD","タイヤ","RR動半径","m","UU3","KOSHIN","TANTO"
"SElist_[Kei]_JPN_4WD","タイヤ","RR RRC (ISO 28560 80kmh,210kPa)","－","UU3","KOSHIN","TANTO"
"SElist_[Kei]_JPN_4WD","タイヤ","RR RRC (車両状態)","－","UU3","KOSHIN","TANTO"
"SElist_[Kei]_JPN_4WD","タイヤ","RR RRC (車両状態)空気圧","kPa","UU3","KOSHIN","TANTO"
"SElist_[Kei]_JPN_4WD","タイヤ","RR イナーシャ(1本) ","kgm²","UU3","KOSHIN","TANTO"
"SElist_[Kei]_JPN_4WD","ホイール","仕様","－","UU3","KOSHIN","TANTO"
"SElist_[Kei]_JPN_4WD","ホイール","イナーシャ(1本)","kgm²","UU3","KOSHIN","TANTO"
"SElist_[Kei]_JPN_4WD","HUB","Total引き摺りトルク (@80km/h)","Nm/veh","UU3","KOSHIN","TANTO"
"SElist_[Kei]_JPN_4WD","HUB","FR 引き摺りトルク (@80km/h)","Nm/veh","UU3","KOSHIN","TANTO"
"SElist_[Kei]_JPN_4WD","HUB","RR 引き摺りトルク (@80km/h)","Nm/veh","UU3","KOSHIN","TANTO"
"SElist_[Kei]_JPN_4WD","HUB","FR イナーシャ","kgm²","UU3","KOSHIN","TANTO"
"SElist_[Kei]_JPN_4WD","HUB","RR イナーシャ","kgm²","UU3","KOSHIN","TANTO"
"SElist_[Kei]_JPN_4WD","ブレーキ","引き摺りトルク (＠経験圧3Mpa) ","Nm/veh","UU3","KOSHIN","TANTO"
"SElist_[Kei]_JPN_4WD","ブレーキ","FR引き摺りトルク (経験圧3Mpa＠60kph)","Nm/veh","UU3","KOSHIN","TANTO"
"SElist_[Kei]_JPN_4WD","ブレーキ","RR引き摺りトルク(経験圧3Mpa＠60kph)","Nm/veh","UU3","KOSHIN","TANTO"
"SElist_[Kei]_JPN_4WD","ブレーキ","FRイナーシャ","kgm²","UU3","KOSHIN","TANTO"
"SElist_[Kei]_JPN_4WD","ブレーキ","RRイナーシャ","kgm²","UU3","KOSHIN","TANTO"
"SElist_[Kei]_JPN_4WD","車両姿勢","グランドクリアランスMin","mm","UU3","KOSHIN","TANTO"
"SElist_[Kei]_JPN_4WD","Test Weight","航続距離試験(ETW)Total","kg","UU3","KOSHIN","TANTO"
"SElist_[Kei]_JPN_4WD","Test Weight","航続距離試験(ETW)FR","kg","UU3","KOSHIN","TANTO"
"SElist_[Kei]_JPN_4WD","Test Weight","航続距離試験(ETW)RR","kg","UU3","KOSHIN","TANTO"
"SElist_[Kei]_JPN_4WD","Test Weight","動力当り前性能 ","kg","UU3","KOSHIN","TANTO"
"SElist_[Kei]_JPN_4WD","Test Weight","動力Accerelation","kg","UU3","KOSHIN","TANTO"
"SElist_[Kei]_JPN_4WD","Test Weight","動力Vmax","kg","UU3","KOSHIN","TANTO"
"SElist_[Kei]_JPN_4WD","Test Weight","熱NEMシビアシーン","kg","UU3","KOSHIN","TANTO"
"SElist_[Kei]_JPN_4WD","Test Weight","熱加減速繰り返し走行","kg","UU3","KOSHIN","TANTO"
"SElist_[Kei]_JPN_4WD","Test Weight","熱Towing","kg","UU3","KOSHIN","TANTO"
"SElist_[Kei]_JPN_4WD","Test Weight","熱低温性能","kg","UU3","KOSHIN","TANTO"
"SElist_[Kei]_JPN_4WD","走行抵抗","届出(Target Lset式) A0","N","UU3","KOSHIN","TANTO"
"SElist_[Kei]_JPN_4WD","走行抵抗","届出(Target Lset式) A1","N/kph","UU3","KOSHIN","TANTO"
"SElist_[Kei]_JPN_4WD","走行抵抗","届出(Target Lset式) A2","N/kph²","UU3","KOSHIN","TANTO"
"SElist_[Kei]_JPN_4WD","走行抵抗","届出(Target Lset式) IP","lbs","UU3","KOSHIN","TANTO"
"SElist_[Kei]_JPN_4WD","性能検討用走行抵抗式(ePT連れ回り排除)","航続距離(C/D車載状態)A0","N","UU3","KOSHIN","TANTO"
"SElist_[Kei]_JPN_4WD","性能検討用走行抵抗式(ePT連れ回り排除)","航続距離(C/D車載状態)A1","N/kph","UU3","KOSHIN","TANTO"
"SElist_[Kei]_JPN_4WD","性能検討用走行抵抗式(ePT連れ回り排除)","航続距離(C/D車載状態)A2","N/kph²","UU3","KOSHIN","TANTO"
"SElist_[Kei]_JPN_4WD","性能検討用走行抵抗式(ePT連れ回り排除)","航続距離(C/D車載状態)IP","lbs","UU3","KOSHIN","TANTO"
"SElist_[Kei]_JPN_4WD","性能検討用走行抵抗式(ePT連れ回り排除)","動力当り前性能A0","N","UU3","KOSHIN","TANTO"
"SElist_[Kei]_JPN_4WD","性能検討用走行抵抗式(ePT連れ回り排除)","動力当り前性能A1","N/kph","UU3","KOSHIN","TANTO"
"SElist_[Kei]_JPN_4WD","性能検討用走行抵抗式(ePT連れ回り排除)","動力当り前性能A2","N/kph²","UU3","KOSHIN","TANTO"
"SElist_[Kei]_JPN_4WD","性能検討用走行抵抗式(ePT連れ回り排除)","動力当り前性能IP","kg","UU3","KOSHIN","TANTO"
"SElist_[Kei]_JPN_4WD","性能検討用走行抵抗式(ePT連れ回り排除)","動力AccerelationA0","N","UU3","KOSHIN","TANTO"
"SElist_[Kei]_JPN_4WD","性能検討用走行抵抗式(ePT連れ回り排除)","動力AccerelationA1","N/kph","UU3","KOSHIN","TANTO"
"SElist_[Kei]_JPN_4WD","性能検討用走行抵抗式(ePT連れ回り排除)","動力AccerelationA2","N/kph²","UU3","KOSHIN","TANTO"
"SElist_[Kei]_JPN_4WD","性能検討用走行抵抗式(ePT連れ回り排除)","動力AccerelationIP","kg","UU3","KOSHIN","TANTO"
"SElist_[Kei]_JPN_4WD","性能検討用走行抵抗式(ePT連れ回り排除)","動力VmaxA0","N","UU3","KOSHIN","TANTO"
"SElist_[Kei]_JPN_4WD","性能検討用走行抵抗式(ePT連れ回り排除)","動力VmaxA1","N/kph","UU3","KOSHIN","TANTO"
"SElist_[Kei]_JPN_4WD","性能検討用走行抵抗式(ePT連れ回り排除)","動力VmaxA2","N/kph²","UU3","KOSHIN","TANTO"
"SElist_[Kei]_JPN_4WD","性能検討用走行抵抗式(ePT連れ回り排除)","動力VmaxIP","kg","UU3","KOSHIN","TANTO"
"SElist_[Kei]_JPN_4WD","性能検討用走行抵抗式(ePT連れ回り排除)","熱NEMシビアシーンA0","別紙","UU3","KOSHIN","TANTO"
"SElist_[Kei]_JPN_4WD","性能検討用走行抵抗式(ePT連れ回り排除)","熱加減速繰り返し走行A0","N","UU3","KOSHIN","TANTO"
"SElist_[Kei]_JPN_4WD","性能検討用走行抵抗式(ePT連れ回り排除)","熱加減速繰り返し走行A1","N/kph","UU3","KOSHIN","TANTO"
"SElist_[Kei]_JPN_4WD","性能検討用走行抵抗式(ePT連れ回り排除)","熱加減速繰り返し走行A2","N/kph²","UU3","KOSHIN","TANTO"
"SElist_[Kei]_JPN_4WD","性能検討用走行抵抗式(ePT連れ回り排除)","熱加減速繰り返し走行IP","kg","UU3","KOSHIN","TANTO"
"SElist_[Kei]_JPN_4WD","性能検討用走行抵抗式(ePT連れ回り排除)","熱TowingA0","N","UU3","KOSHIN","TANTO"
"SElist_[Kei]_JPN_4WD","性能検討用走行抵抗式(ePT連れ回り排除)","熱TowingA1","N/kph","UU3","KOSHIN","TANTO"
"SElist_[Kei]_JPN_4WD","性能検討用走行抵抗式(ePT連れ回り排除)","熱TowingA2","N/kph²","UU3","KOSHIN","TANTO"
"SElist_[Kei]_JPN_4WD","性能検討用走行抵抗式(ePT連れ回り排除)","熱TowingIP","kg","UU3","KOSHIN","TANTO"
"SElist_[Kei]_JPN_4WD","性能検討用走行抵抗式(ePT連れ回り排除)","熱低温性能A0","N","UU3","KOSHIN","TANTO"
"SElist_[Kei]_JPN_4WD","性能検討用走行抵抗式(ePT連れ回り排除)","熱低温性能A1","N/kph","UU3","KOSHIN","TANTO"
"SElist_[Kei]_JPN_4WD","性能検討用走行抵抗式(ePT連れ回り排除)","熱低温性能A2","N/kph²","UU3","KOSHIN","TANTO"
"SElist_[Kei]_JPN_4WD","性能検討用走行抵抗式(ePT連れ回り排除)","熱低温性能IP","kg","UU3","KOSHIN","TANTO"
"SElist_[Kei]_JPN_4WD","ePT","最高システム総合出力(公称）","kW","UU3","KOSHIN","TANTO"
"SElist_[Kei]_JPN_4WD","ePT","FR MOTイナーシャ","kgm²","UU3","KOSHIN","TANTO"
"SElist_[Kei]_JPN_4WD","ePT","FR GBイナーシャ","kgm²","UU3","KOSHIN","TANTO"
"SElist_[Kei]_JPN_4WD","ePT","RR MOTイナーシャ","kgm²","UU3","KOSHIN","TANTO"
"SElist_[Kei]_JPN_4WD","ePT","RR GBイナーシャ","kgm²","UU3","KOSHIN","TANTO"
"SElist_[Kei]_JPN_4WD","ePT","FR MOT制限設定トルク上限(第一象限)","Nm","UU3","KOSHIN","TANTO"
"SElist_[Kei]_JPN_4WD","ePT","FR MOT制限設定トルク下限(第四象限)","Nm","UU3","KOSHIN","TANTO"
"SElist_[Kei]_JPN_4WD","ePT","FR GB減速比","－","UU3","KOSHIN","TANTO"
"SElist_[Kei]_JPN_4WD","ePT","RR MOT制限設定トルク上限(第一象限)","Nm","UU3","KOSHIN","TANTO"
"SElist_[Kei]_JPN_4WD","ePT","RR MOT制限設定トルク下限(第四象限)","Nm","UU3","KOSHIN","TANTO"
"SElist_[Kei]_JPN_4WD","ePT","RR GB減速比","－","UU3","KOSHIN","TANTO"
"SElist_[Kei]_JPN_4WD","ドライブシャフト","FR右ドライブシャフトイナーシャ","kgm²","UU3","KOSHIN","TANTO"
"SElist_[Kei]_JPN_4WD","ドライブシャフト","FR左ドライブシャフトイナーシャ","kgm²","UU3","KOSHIN","TANTO"
"SElist_[Kei]_JPN_4WD","ドライブシャフト","RR右ドライブシャフトイナーシャ","kgm²","UU3","KOSHIN","TANTO"
"SElist_[Kei]_JPN_4WD","ドライブシャフト","RR左ドライブシャフトイナーシャ","kgm²","UU3","KOSHIN","TANTO"
"SElist_[Kei]_JPN_4WD","DCDC","DCDC効率(走行時弱電220W,355V入力(SOC20%),13V出力)","%","UU3","KOSHIN","TANTO"
"SElist_[Kei]_JPN_4WD","LV BATT","消費電力(電費試験時WLTCモード)","kW","UU3","KOSHIN","TANTO"
"SElist_[Kei]_JPN_4WD","HV BATT","直列セル数","cell","UU3","KOSHIN","TANTO"
"SElist_[Kei]_JPN_4WD","HV BATT","並列セル数","para","UU3","KOSHIN","TANTO"
"SElist_[Kei]_JPN_4WD","HV BATT","セル容量","Ah","UU3","KOSHIN","TANTO"
"SElist_[Kei]_JPN_4WD","HV BATT","パック繋ぎ抵抗","Ω","UU3","KOSHIN","TANTO"
"SElist_[Kei]_JPN_4WD","HV BATT","DCハーネスの抵抗","Ω","UU3","KOSHIN","TANTO"
"SElist_[Kei]_JPN_4WD","Vehicle Weight","Min.C.W.","kg","UU3","KOSHIN","TANTO"
"SElist_[Kei]_JPN_4WD","Vehicle Weight","Max.C.W.","kg","UU3","KOSHIN","TANTO"
"SElist_[Kei]_JPN_4WD","Vehicle Weight","スペアタイヤ&工具 ","kg","UU3","KOSHIN","TANTO"
"SElist_[Kei]_JPN_4WD","Vehicle Weight","EPA届出重量","kg","UU3","KOSHIN","TANTO"
"SElist_[Kei]_JPN_4WD","Vehicle Severe Weight","PTW or GVWR","kg","UU3","KOSHIN","TANTO"
"SElist_[Kei]_JPN_4WD","Vehicle Severe Weight","GAWR FR","kg","UU3","KOSHIN","TANTO"
"SElist_[Kei]_JPN_4WD","Vehicle Severe Weight","GAWR RR","kg","UU3","KOSHIN","TANTO"
"SElist_[Kei]_JPN_4WD","Vehicle Severe Weight","Towing","kg","UU3","KOSHIN","TANTO"
"SElist_[Kei]_JPN_4WD","空力","Cd ","－","UU3","KOSHIN","TANTO"
"SElist_[Kei]_JPN_4WD","空力","A","m²","UU3","KOSHIN","TANTO"
"SElist_[Kei]_JPN_4WD","空力","ΔCd (AGS閉→全開)","－","UU3","KOSHIN","TANTO"
"SElist_[Kei]_JPN_4WD","空力","Grill shutter車速閾値 高速側 (閉→開)/(開→閉)","kph","UU3","KOSHIN","TANTO"
"SElist_[Kei]_JPN_4WD","空力","Grill shutter車速閾値 低速側 (閉→開)/(開→閉)","kph","UU3","KOSHIN","TANTO"
"SElist_[Kei]_JPN_4WD","タイヤ","FRサイズ","－","UU3","KOSHIN","TANTO"
"SElist_[Kei]_JPN_4WD","タイヤ","FR動半径","m","UU3","KOSHIN","TANTO"
"SElist_[Kei]_JPN_4WD","タイヤ","FR RRC (ISO 28560 80kmh,210kPa)","－","UU3","KOSHIN","TANTO"
"SElist_[Kei]_JPN_4WD","タイヤ","FR RRC (車両状態)","－","UU3","KOSHIN","TANTO"
"SElist_[Kei]_JPN_4WD","タイヤ","FR RRC (車両状態)空気圧","kPa","UU3","KOSHIN","TANTO"
"SElist_[Kei]_JPN_4WD","タイヤ","FR イナーシャ(1本) ","kgm²","UU3","KOSHIN","TANTO"
"SElist_[Kei]_JPN_4WD","タイヤ","RRサイズ","－","UU3","KOSHIN","TANTO"
"SElist_[Kei]_JPN_4WD","タイヤ","RR動半径","m","UU3","KOSHIN","TANTO"
"SElist_[Kei]_JPN_4WD","タイヤ","RR RRC (ISO 28560 80kmh,210kPa)","－","UU3","KOSHIN","TANTO"
"SElist_[Kei]_JPN_4WD","タイヤ","RR RRC (車両状態)","－","UU3","KOSHIN","TANTO"
"SElist_[Kei]_JPN_4WD","タイヤ","RR RRC (車両状態)空気圧","kPa","UU3","KOSHIN","TANTO"
"SElist_[Kei]_JPN_4WD","タイヤ","RR イナーシャ(1本) ","kgm²","UU3","KOSHIN","TANTO"
"SElist_[Kei]_JPN_4WD","ホイール","仕様","－","UU3","KOSHIN","TANTO"
"SElist_[Kei]_JPN_4WD","ホイール","イナーシャ(1本)","kgm²","UU3","KOSHIN","TANTO"
"SElist_[Kei]_JPN_4WD","HUB","Total引き摺りトルク (@80km/h)","Nm/veh","UU3","KOSHIN","TANTO"
"SElist_[Kei]_JPN_4WD","HUB","FR 引き摺りトルク (@80km/h)","Nm/veh","UU3","KOSHIN","TANTO"
"SElist_[Kei]_JPN_4WD","HUB","RR 引き摺りトルク (@80km/h)","Nm/veh","UU3","KOSHIN","TANTO"
"SElist_[Kei]_JPN_4WD","HUB","FR イナーシャ","kgm²","UU3","KOSHIN","TANTO"
"SElist_[Kei]_JPN_4WD","HUB","RR イナーシャ","kgm²","UU3","KOSHIN","TANTO"
"SElist_[Kei]_JPN_4WD","ブレーキ","引き摺りトルク (＠経験圧3Mpa) ","Nm/veh","UU3","KOSHIN","TANTO"
"SElist_[Kei]_JPN_4WD","ブレーキ","FR引き摺りトルク (経験圧3Mpa＠60kph)","Nm/veh","UU3","KOSHIN","TANTO"
"SElist_[Kei]_JPN_4WD","ブレーキ","RR引き摺りトルク(経験圧3Mpa＠60kph)","Nm/veh","UU3","KOSHIN","TANTO"
"SElist_[Kei]_JPN_4WD","ブレーキ","FRイナーシャ","kgm²","UU3","KOSHIN","TANTO"
"SElist_[Kei]_JPN_4WD","ブレーキ","RRイナーシャ","kgm²","UU3","KOSHIN","TANTO"
"SElist_[Kei]_JPN_4WD","車両姿勢","グランドクリアランスMin","mm","UU3","KOSHIN","TANTO"
"SElist_[Kei]_JPN_4WD","Test Weight","航続距離試験(ETW)Total","kg","UU3","KOSHIN","TANTO"
"SElist_[Kei]_JPN_4WD","Test Weight","航続距離試験(ETW)FR","kg","UU3","KOSHIN","TANTO"
"SElist_[Kei]_JPN_4WD","Test Weight","航続距離試験(ETW)RR","kg","UU3","KOSHIN","TANTO"
"SElist_[Kei]_JPN_4WD","Test Weight","動力当り前性能 ","kg","UU3","KOSHIN","TANTO"
"SElist_[Kei]_JPN_4WD","Test Weight","動力Accerelation","kg","UU3","KOSHIN","TANTO"
"SElist_[Kei]_JPN_4WD","Test Weight","動力Vmax","kg","UU3","KOSHIN","TANTO"
"SElist_[Kei]_JPN_4WD","Test Weight","熱NEMシビアシーン","kg","UU3","KOSHIN","TANTO"
"SElist_[Kei]_JPN_4WD","Test Weight","熱加減速繰り返し走行","kg","UU3","KOSHIN","TANTO"
"SElist_[Kei]_JPN_4WD","Test Weight","熱Towing","kg","UU3","KOSHIN","TANTO"
"SElist_[Kei]_JPN_4WD","Test Weight","熱低温性能","kg","UU3","KOSHIN","TANTO"
"SElist_[Kei]_JPN_4WD","走行抵抗","届出(Target Lset式) A0","N","UU3","KOSHIN","TANTO"
"SElist_[Kei]_JPN_4WD","走行抵抗","届出(Target Lset式) A1","N/kph","UU3","KOSHIN","TANTO"
"SElist_[Kei]_JPN_4WD","走行抵抗","届出(Target Lset式) A2","N/kph²","UU3","KOSHIN","TANTO"
"SElist_[Kei]_JPN_4WD","走行抵抗","届出(Target Lset式) IP","lbs","UU3","KOSHIN","TANTO"
"SElist_[Kei]_JPN_4WD","性能検討用走行抵抗式(ePT連れ回り排除)","航続距離(C/D車載状態)A0","N","UU3","KOSHIN","TANTO"
"SElist_[Kei]_JPN_4WD","性能検討用走行抵抗式(ePT連れ回り排除)","航続距離(C/D車載状態)A1","N/kph","UU3","KOSHIN","TANTO"
"SElist_[Kei]_JPN_4WD","性能検討用走行抵抗式(ePT連れ回り排除)","航続距離(C/D車載状態)A2","N/kph²","UU3","KOSHIN","TANTO"
"SElist_[Kei]_JPN_4WD","性能検討用走行抵抗式(ePT連れ回り排除)","航続距離(C/D車載状態)IP","lbs","UU3","KOSHIN","TANTO"
"SElist_[Kei]_JPN_4WD","性能検討用走行抵抗式(ePT連れ回り排除)","動力当り前性能A0","N","UU3","KOSHIN","TANTO"
"SElist_[Kei]_JPN_4WD","性能検討用走行抵抗式(ePT連れ回り排除)","動力当り前性能A1","N/kph","UU3","KOSHIN","TANTO"
"SElist_[Kei]_JPN_4WD","性能検討用走行抵抗式(ePT連れ回り排除)","動力当り前性能A2","N/kph²","UU3","KOSHIN","TANTO"
"SElist_[Kei]_JPN_4WD","性能検討用走行抵抗式(ePT連れ回り排除)","動力当り前性能IP","kg","UU3","KOSHIN","TANTO"
"SElist_[Kei]_JPN_4WD","性能検討用走行抵抗式(ePT連れ回り排除)","動力AccerelationA0","N","UU3","KOSHIN","TANTO"
"SElist_[Kei]_JPN_4WD","性能検討用走行抵抗式(ePT連れ回り排除)","動力AccerelationA1","N/kph","UU3","KOSHIN","TANTO"
"SElist_[Kei]_JPN_4WD","性能検討用走行抵抗式(ePT連れ回り排除)","動力AccerelationA2","N/kph²","UU3","KOSHIN","TANTO"
"SElist_[Kei]_JPN_4WD","性能検討用走行抵抗式(ePT連れ回り排除)","動力AccerelationIP","kg","UU3","KOSHIN","TANTO"
"SElist_[Kei]_JPN_4WD","性能検討用走行抵抗式(ePT連れ回り排除)","動力VmaxA0","N","UU3","KOSHIN","TANTO"
"SElist_[Kei]_JPN_4WD","性能検討用走行抵抗式(ePT連れ回り排除)","動力VmaxA1","N/kph","UU3","KOSHIN","TANTO"
"SElist_[Kei]_JPN_4WD","性能検討用走行抵抗式(ePT連れ回り排除)","動力VmaxA2","N/kph²","UU3","KOSHIN","TANTO"
"SElist_[Kei]_JPN_4WD","性能検討用走行抵抗式(ePT連れ回り排除)","動力VmaxIP","kg","UU3","KOSHIN","TANTO"
"SElist_[Kei]_JPN_4WD","性能検討用走行抵抗式(ePT連れ回り排除)","熱NEMシビアシーンA0","別紙","UU3","KOSHIN","TANTO"
"SElist_[Kei]_JPN_4WD","性能検討用走行抵抗式(ePT連れ回り排除)","熱加減速繰り返し走行A0","N","UU3","KOSHIN","TANTO"
"SElist_[Kei]_JPN_4WD","性能検討用走行抵抗式(ePT連れ回り排除)","熱加減速繰り返し走行A1","N/kph","UU3","KOSHIN","TANTO"
"SElist_[Kei]_JPN_4WD","性能検討用走行抵抗式(ePT連れ回り排除)","熱加減速繰り返し走行A2","N/kph²","UU3","KOSHIN","TANTO"
"SElist_[Kei]_JPN_4WD","性能検討用走行抵抗式(ePT連れ回り排除)","熱加減速繰り返し走行IP","kg","UU3","KOSHIN","TANTO"
"SElist_[Kei]_JPN_4WD","性能検討用走行抵抗式(ePT連れ回り排除)","熱TowingA0","N","UU3","KOSHIN","TANTO"
"SElist_[Kei]_JPN_4WD","性能検討用走行抵抗式(ePT連れ回り排除)","熱TowingA1","N/kph","UU3","KOSHIN","TANTO"
"SElist_[Kei]_JPN_4WD","性能検討用走行抵抗式(ePT連れ回り排除)","熱TowingA2","N/kph²","UU3","KOSHIN","TANTO"
"SElist_[Kei]_JPN_4WD","性能検討用走行抵抗式(ePT連れ回り排除)","熱TowingIP","kg","UU3","KOSHIN","TANTO"
"SElist_[Kei]_JPN_4WD","性能検討用走行抵抗式(ePT連れ回り排除)","熱低温性能A0","N","UU3","KOSHIN","TANTO"
"SElist_[Kei]_JPN_4WD","性能検討用走行抵抗式(ePT連れ回り排除)","熱低温性能A1","N/kph","UU3","KOSHIN","TANTO"
"SElist_[Kei]_JPN_4WD","性能検討用走行抵抗式(ePT連れ回り排除)","熱低温性能A2","N/kph²","UU3","KOSHIN","TANTO"
"SElist_[Kei]_JPN_4WD","性能検討用走行抵抗式(ePT連れ回り排除)","熱低温性能IP","kg","UU3","KOSHIN","TANTO"
"SElist_[Kei]_JPN_4WD","ePT","最高システム総合出力(公称）","kW","UU3","KOSHIN","TANTO"
"SElist_[Kei]_JPN_4WD","ePT","FR MOTイナーシャ","kgm²","UU3","KOSHIN","TANTO"
"SElist_[Kei]_JPN_4WD","ePT","FR GBイナーシャ","kgm²","UU3","KOSHIN","TANTO"
"SElist_[Kei]_JPN_4WD","ePT","RR MOTイナーシャ","kgm²","UU3","KOSHIN","TANTO"
"SElist_[Kei]_JPN_4WD","ePT","RR GBイナーシャ","kgm²","UU3","KOSHIN","TANTO"
"SElist_[Kei]_JPN_4WD","ePT","FR MOT制限設定トルク上限(第一象限)","Nm","UU3","KOSHIN","TANTO"
"SElist_[Kei]_JPN_4WD","ePT","FR MOT制限設定トルク下限(第四象限)","Nm","UU3","KOSHIN","TANTO"
"SElist_[Kei]_JPN_4WD","ePT","FR GB減速比","－","UU3","KOSHIN","TANTO"
"SElist_[Kei]_JPN_4WD","ePT","RR MOT制限設定トルク上限(第一象限)","Nm","UU3","KOSHIN","TANTO"
"SElist_[Kei]_JPN_4WD","ePT","RR MOT制限設定トルク下限(第四象限)","Nm","UU3","KOSHIN","TANTO"
"SElist_[Kei]_JPN_4WD","ePT","RR GB減速比","－","UU3","KOSHIN","TANTO"
"SElist_[Kei]_JPN_4WD","ドライブシャフト","FR右ドライブシャフトイナーシャ","kgm²","UU3","KOSHIN","TANTO"
"SElist_[Kei]_JPN_4WD","ドライブシャフト","FR左ドライブシャフトイナーシャ","kgm²","UU3","KOSHIN","TANTO"
"SElist_[Kei]_JPN_4WD","ドライブシャフト","RR右ドライブシャフトイナーシャ","kgm²","UU3","KOSHIN","TANTO"
"SElist_[Kei]_JPN_4WD","ドライブシャフト","RR左ドライブシャフトイナーシャ","kgm²","UU3","KOSHIN","TANTO"
"SElist_[Kei]_JPN_4WD","DCDC","DCDC効率(走行時弱電220W,355V入力(SOC20%),13V出力)","%","UU3","KOSHIN","TANTO"
"SElist_[Kei]_JPN_4WD","LV BATT","消費電力(電費試験時WLTCモード)","kW","UU3","KOSHIN","TANTO"
"SElist_[Kei]_JPN_4WD","HV BATT","直列セル数","cell","UU3","KOSHIN","TANTO"
"SElist_[Kei]_JPN_4WD","HV BATT","並列セル数","para","UU3","KOSHIN","TANTO"
"SElist_[Kei]_JPN_4WD","HV BATT","セル容量","Ah","UU3","KOSHIN","TANTO"
"SElist_[Kei]_JPN_4WD","HV BATT","パック繋ぎ抵抗","Ω","UU3","KOSHIN","TANTO"
"SElist_[Kei]_JPN_4WD","HV BATT","DCハーネスの抵抗","Ω","UU3","KOSHIN","TANTO"
"SElist_[Kei]_JPN_4WD","Vehicle Weight","Min.C.W.","kg","UU3","KOSHIN","TANTO"
"SElist_[Kei]_JPN_4WD","Vehicle Weight","Max.C.W.","kg","UU3","KOSHIN","TANTO"
"SElist_[Kei]_JPN_4WD","Vehicle Weight","スペアタイヤ&工具 ","kg","UU3","KOSHIN","TANTO"
"SElist_[Kei]_JPN_4WD","Vehicle Weight","EPA届出重量","kg","UU3","KOSHIN","TANTO"
"SElist_[Kei]_JPN_4WD","Vehicle Severe Weight","PTW or GVWR","kg","UU3","KOSHIN","TANTO"
"SElist_[Kei]_JPN_4WD","Vehicle Severe Weight","GAWR FR","kg","UU3","KOSHIN","TANTO"
"SElist_[Kei]_JPN_4WD","Vehicle Severe Weight","GAWR RR","kg","UU3","KOSHIN","TANTO"
"SElist_[Kei]_JPN_4WD","Vehicle Severe Weight","Towing","kg","UU3","KOSHIN","TANTO"
"SElist_[Kei]_JPN_4WD","空力","Cd ","－","UU3","KOSHIN","TANTO"
"SElist_[Kei]_JPN_4WD","空力","A","m²","UU3","KOSHIN","TANTO"
"SElist_[Kei]_JPN_4WD","空力","ΔCd (AGS閉→全開)","－","UU3","KOSHIN","TANTO"
"SElist_[Kei]_JPN_4WD","空力","Grill shutter車速閾値 高速側 (閉→開)/(開→閉)","kph","UU3","KOSHIN","TANTO"
"SElist_[Kei]_JPN_4WD","空力","Grill shutter車速閾値 低速側 (閉→開)/(開→閉)","kph","UU3","KOSHIN","TANTO"
"SElist_[Kei]_JPN_4WD","タイヤ","FRサイズ","－","UU3","KOSHIN","TANTO"
"SElist_[Kei]_JPN_4WD","タイヤ","FR動半径","m","UU3","KOSHIN","TANTO"
"SElist_[Kei]_JPN_4WD","タイヤ","FR RRC (ISO 28560 80kmh,210kPa)","－","UU3","KOSHIN","TANTO"
"SElist_[Kei]_JPN_4WD","タイヤ","FR RRC (車両状態)","－","UU3","KOSHIN","TANTO"
"SElist_[Kei]_JPN_4WD","タイヤ","FR RRC (車両状態)空気圧","kPa","UU3","KOSHIN","TANTO"
"SElist_[Kei]_JPN_4WD","タイヤ","FR イナーシャ(1本) ","kgm²","UU3","KOSHIN","TANTO"
"SElist_[Kei]_JPN_4WD","タイヤ","RRサイズ","－","UU3","KOSHIN","TANTO"
"SElist_[Kei]_JPN_4WD","タイヤ","RR動半径","m","UU3","KOSHIN","TANTO"
"SElist_[Kei]_JPN_4WD","タイヤ","RR RRC (ISO 28560 80kmh,210kPa)","－","UU3","KOSHIN","TANTO"
"SElist_[Kei]_JPN_4WD","タイヤ","RR RRC (車両状態)","－","UU3","KOSHIN","TANTO"
"SElist_[Kei]_JPN_4WD","タイヤ","RR RRC (車両状態)空気圧","kPa","UU3","KOSHIN","TANTO"
"SElist_[Kei]_JPN_4WD","タイヤ","RR イナーシャ(1本) ","kgm²","UU3","KOSHIN","TANTO"
"SElist_[Kei]_JPN_4WD","ホイール","仕様","－","UU3","KOSHIN","TANTO"
"SElist_[Kei]_JPN_4WD","ホイール","イナーシャ(1本)","kgm²","UU3","KOSHIN","TANTO"
"SElist_[Kei]_JPN_4WD","HUB","Total引き摺りトルク (@80km/h)","Nm/veh","UU3","KOSHIN","TANTO"
"SElist_[Kei]_JPN_4WD","HUB","FR 引き摺りトルク (@80km/h)","Nm/veh","UU3","KOSHIN","TANTO"
"SElist_[Kei]_JPN_4WD","HUB","RR 引き摺りトルク (@80km/h)","Nm/veh","UU3","KOSHIN","TANTO"
"SElist_[Kei]_JPN_4WD","HUB","FR イナーシャ","kgm²","UU3","KOSHIN","TANTO"
"SElist_[Kei]_JPN_4WD","HUB","RR イナーシャ","kgm²","UU3","KOSHIN","TANTO"
"SElist_[Kei]_JPN_4WD","ブレーキ","引き摺りトルク (＠経験圧3Mpa) ","Nm/veh","UU3","KOSHIN","TANTO"
"SElist_[Kei]_JPN_4WD","ブレーキ","FR引き摺りトルク (経験圧3Mpa＠60kph)","Nm/veh","UU3","KOSHIN","TANTO"
"SElist_[Kei]_JPN_4WD","ブレーキ","RR引き摺りトルク(経験圧3Mpa＠60kph)","Nm/veh","UU3","KOSHIN","TANTO"
"SElist_[Kei]_JPN_4WD","ブレーキ","FRイナーシャ","kgm²","UU3","KOSHIN","TANTO"
"SElist_[Kei]_JPN_4WD","ブレーキ","RRイナーシャ","kgm²","UU3","KOSHIN","TANTO"
"SElist_[Kei]_JPN_4WD","車両姿勢","グランドクリアランスMin","mm","UU3","KOSHIN","TANTO"
"SElist_[Kei]_JPN_4WD","Test Weight","航続距離試験(ETW)Total","kg","UU3","KOSHIN","TANTO"
"SElist_[Kei]_JPN_4WD","Test Weight","航続距離試験(ETW)FR","kg","UU3","KOSHIN","TANTO"
"SElist_[Kei]_JPN_4WD","Test Weight","航続距離試験(ETW)RR","kg","UU3","KOSHIN","TANTO"
"SElist_[Kei]_JPN_4WD","Test Weight","動力当り前性能 ","kg","UU3","KOSHIN","TANTO"
"SElist_[Kei]_JPN_4WD","Test Weight","動力Accerelation","kg","UU3","KOSHIN","TANTO"
"SElist_[Kei]_JPN_4WD","Test Weight","動力Vmax","kg","UU3","KOSHIN","TANTO"
"SElist_[Kei]_JPN_4WD","Test Weight","熱NEMシビアシーン","kg","UU3","KOSHIN","TANTO"
"SElist_[Kei]_JPN_4WD","Test Weight","熱加減速繰り返し走行","kg","UU3","KOSHIN","TANTO"
"SElist_[Kei]_JPN_4WD","Test Weight","熱Towing","kg","UU3","KOSHIN","TANTO"
"SElist_[Kei]_JPN_4WD","Test Weight","熱低温性能","kg","UU3","KOSHIN","TANTO"
"SElist_[Kei]_JPN_4WD","走行抵抗","届出(Target Lset式) A0","N","UU3","KOSHIN","TANTO"
"SElist_[Kei]_JPN_4WD","走行抵抗","届出(Target Lset式) A1","N/kph","UU3","KOSHIN","TANTO"
"SElist_[Kei]_JPN_4WD","走行抵抗","届出(Target Lset式) A2","N/kph²","UU3","KOSHIN","TANTO"
"SElist_[Kei]_JPN_4WD","走行抵抗","届出(Target Lset式) IP","lbs","UU3","KOSHIN","TANTO"
"SElist_[Kei]_JPN_4WD","性能検討用走行抵抗式(ePT連れ回り排除)","航続距離(C/D車載状態)A0","N","UU3","KOSHIN","TANTO"
"SElist_[Kei]_JPN_4WD","性能検討用走行抵抗式(ePT連れ回り排除)","航続距離(C/D車載状態)A1","N/kph","UU3","KOSHIN","TANTO"
"SElist_[Kei]_JPN_4WD","性能検討用走行抵抗式(ePT連れ回り排除)","航続距離(C/D車載状態)A2","N/kph²","UU3","KOSHIN","TANTO"
"SElist_[Kei]_JPN_4WD","性能検討用走行抵抗式(ePT連れ回り排除)","航続距離(C/D車載状態)IP","lbs","UU3","KOSHIN","TANTO"
"SElist_[Kei]_JPN_4WD","性能検討用走行抵抗式(ePT連れ回り排除)","動力当り前性能A0","N","UU3","KOSHIN","TANTO"
"SElist_[Kei]_JPN_4WD","性能検討用走行抵抗式(ePT連れ回り排除)","動力当り前性能A1","N/kph","UU3","KOSHIN","TANTO"
"SElist_[Kei]_JPN_4WD","性能検討用走行抵抗式(ePT連れ回り排除)","動力当り前性能A2","N/kph²","UU3","KOSHIN","TANTO"
"SElist_[Kei]_JPN_4WD","性能検討用走行抵抗式(ePT連れ回り排除)","動力当り前性能IP","kg","UU3","KOSHIN","TANTO"
"SElist_[Kei]_JPN_4WD","性能検討用走行抵抗式(ePT連れ回り排除)","動力AccerelationA0","N","UU3","KOSHIN","TANTO"
"SElist_[Kei]_JPN_4WD","性能検討用走行抵抗式(ePT連れ回り排除)","動力AccerelationA1","N/kph","UU3","KOSHIN","TANTO"
"SElist_[Kei]_JPN_4WD","性能検討用走行抵抗式(ePT連れ回り排除)","動力AccerelationA2","N/kph²","UU3","KOSHIN","TANTO"
"SElist_[Kei]_JPN_4WD","性能検討用走行抵抗式(ePT連れ回り排除)","動力AccerelationIP","kg","UU3","KOSHIN","TANTO"
"SElist_[Kei]_JPN_4WD","性能検討用走行抵抗式(ePT連れ回り排除)","動力VmaxA0","N","UU3","KOSHIN","TANTO"
"SElist_[Kei]_JPN_4WD","性能検討用走行抵抗式(ePT連れ回り排除)","動力VmaxA1","N/kph","UU3","KOSHIN","TANTO"
"SElist_[Kei]_JPN_4WD","性能検討用走行抵抗式(ePT連れ回り排除)","動力VmaxA2","N/kph²","UU3","KOSHIN","TANTO"
"SElist_[Kei]_JPN_4WD","性能検討用走行抵抗式(ePT連れ回り排除)","動力VmaxIP","kg","UU3","KOSHIN","TANTO"
"SElist_[Kei]_JPN_4WD","性能検討用走行抵抗式(ePT連れ回り排除)","熱NEMシビアシーンA0","別紙","UU3","KOSHIN","TANTO"
"SElist_[Kei]_JPN_4WD","性能検討用走行抵抗式(ePT連れ回り排除)","熱加減速繰り返し走行A0","N","UU3","KOSHIN","TANTO"
"SElist_[Kei]_JPN_4WD","性能検討用走行抵抗式(ePT連れ回り排除)","熱加減速繰り返し走行A1","N/kph","UU3","KOSHIN","TANTO"
"SElist_[Kei]_JPN_4WD","性能検討用走行抵抗式(ePT連れ回り排除)","熱加減速繰り返し走行A2","N/kph²","UU3","KOSHIN","TANTO"
"SElist_[Kei]_JPN_4WD","性能検討用走行抵抗式(ePT連れ回り排除)","熱加減速繰り返し走行IP","kg","UU3","KOSHIN","TANTO"
"SElist_[Kei]_JPN_4WD","性能検討用走行抵抗式(ePT連れ回り排除)","熱TowingA0","N","UU3","KOSHIN","TANTO"
"SElist_[Kei]_JPN_4WD","性能検討用走行抵抗式(ePT連れ回り排除)","熱TowingA1","N/kph","UU3","KOSHIN","TANTO"
"SElist_[Kei]_JPN_4WD","性能検討用走行抵抗式(ePT連れ回り排除)","熱TowingA2","N/kph²","UU3","KOSHIN","TANTO"
"SElist_[Kei]_JPN_4WD","性能検討用走行抵抗式(ePT連れ回り排除)","熱TowingIP","kg","UU3","KOSHIN","TANTO"
"SElist_[Kei]_JPN_4WD","性能検討用走行抵抗式(ePT連れ回り排除)","熱低温性能A0","N","UU3","KOSHIN","TANTO"
"SElist_[Kei]_JPN_4WD","性能検討用走行抵抗式(ePT連れ回り排除)","熱低温性能A1","N/kph","UU3","KOSHIN","TANTO"
"SElist_[Kei]_JPN_4WD","性能検討用走行抵抗式(ePT連れ回り排除)","熱低温性能A2","N/kph²","UU3","KOSHIN","TANTO"
"SElist_[Kei]_JPN_4WD","性能検討用走行抵抗式(ePT連れ回り排除)","熱低温性能IP","kg","UU3","KOSHIN","TANTO"
"SElist_[Kei]_JPN_4WD","ePT","最高システム総合出力(公称）","kW","UU3","KOSHIN","TANTO"
"SElist_[Kei]_JPN_4WD","ePT","FR MOTイナーシャ","kgm²","UU3","KOSHIN","TANTO"
"SElist_[Kei]_JPN_4WD","ePT","FR GBイナーシャ","kgm²","UU3","KOSHIN","TANTO"
"SElist_[Kei]_JPN_4WD","ePT","RR MOTイナーシャ","kgm²","UU3","KOSHIN","TANTO"
"SElist_[Kei]_JPN_4WD","ePT","RR GBイナーシャ","kgm²","UU3","KOSHIN","TANTO"
"SElist_[Kei]_JPN_4WD","ePT","FR MOT制限設定トルク上限(第一象限)","Nm","UU3","KOSHIN","TANTO"
"SElist_[Kei]_JPN_4WD","ePT","FR MOT制限設定トルク下限(第四象限)","Nm","UU3","KOSHIN","TANTO"
"SElist_[Kei]_JPN_4WD","ePT","FR GB減速比","－","UU3","KOSHIN","TANTO"
"SElist_[Kei]_JPN_4WD","ePT","RR MOT制限設定トルク上限(第一象限)","Nm","UU3","KOSHIN","TANTO"
"SElist_[Kei]_JPN_4WD","ePT","RR MOT制限設定トルク下限(第四象限)","Nm","UU3","KOSHIN","TANTO"
"SElist_[Kei]_JPN_4WD","ePT","RR GB減速比","－","UU3","KOSHIN","TANTO"
"SElist_[Kei]_JPN_4WD","ドライブシャフト","FR右ドライブシャフトイナーシャ","kgm²","UU3","KOSHIN","TANTO"
"SElist_[Kei]_JPN_4WD","ドライブシャフト","FR左ドライブシャフトイナーシャ","kgm²","UU3","KOSHIN","TANTO"
"SElist_[Kei]_JPN_4WD","ドライブシャフト","RR右ドライブシャフトイナーシャ","kgm²","UU3","KOSHIN","TANTO"
"SElist_[Kei]_JPN_4WD","ドライブシャフト","RR左ドライブシャフトイナーシャ","kgm²","UU3","KOSHIN","TANTO"
"SElist_[Kei]_JPN_4WD","DCDC","DCDC効率(走行時弱電220W,355V入力(SOC20%),13V出力)","%","UU3","KOSHIN","TANTO"
"SElist_[Kei]_JPN_4WD","LV BATT","消費電力(電費試験時WLTCモード)","kW","UU3","KOSHIN","TANTO"
"SElist_[Kei]_JPN_4WD","HV BATT","直列セル数","cell","UU3","KOSHIN","TANTO"
"SElist_[Kei]_JPN_4WD","HV BATT","並列セル数","para","UU3","KOSHIN","TANTO"
"SElist_[Kei]_JPN_4WD","HV BATT","セル容量","Ah","UU3","KOSHIN","TANTO"
"SElist_[Kei]_JPN_4WD","HV BATT","パック繋ぎ抵抗","Ω","UU3","KOSHIN","TANTO"
"SElist_[Kei]_JPN_4WD","HV BATT","DCハーネスの抵抗","Ω","UU3","KOSHIN","TANTO"
