PRMV0081971,N194000,2024/9/25 12:00,0,‚±‚±‚Éƒƒ‚‚ð‘}“ü‚Å‚«‚Ü‚·
PRMV0081972,N194000,2024/9/25 12:00,0,‚±‚±‚Éƒƒ‚‚ð‘}“ü‚Å‚«‚Ü‚·
PRMV0081973,N194000,2024/9/25 12:00,0,‚±‚±‚Éƒƒ‚‚ð‘}“ü‚Å‚«‚Ü‚·
PRMV0081974,N194000,2024/9/25 12:00,0,‚±‚±‚Éƒƒ‚‚ð‘}“ü‚Å‚«‚Ü‚·
PRMV0081975,N194000,2024/9/25 12:00,0,‚±‚±‚Éƒƒ‚‚ð‘}“ü‚Å‚«‚Ü‚·
PRMV0081976,N194000,2024/9/25 12:00,0,‚±‚±‚Éƒƒ‚‚ð‘}“ü‚Å‚«‚Ü‚·
PRMV0081977,N194000,2024/9/25 12:00,0,‚±‚±‚Éƒƒ‚‚ð‘}“ü‚Å‚«‚Ü‚·
PRMV0081978,N194000,2024/9/25 12:00,0,‚±‚±‚Éƒƒ‚‚ð‘}“ü‚Å‚«‚Ü‚·
PRMV0081979,N194000,2024/9/25 12:00,0,‚±‚±‚Éƒƒ‚‚ð‘}“ü‚Å‚«‚Ü‚·
PRMV0081980,N194000,2024/9/25 12:00,0,‚±‚±‚Éƒƒ‚‚ð‘}“ü‚Å‚«‚Ü‚·
PRMV0081981,N194000,2024/9/25 12:00,0,‚±‚±‚Éƒƒ‚‚ð‘}“ü‚Å‚«‚Ü‚·
PRMV0081982,N194000,2024/9/25 12:00,0,‚±‚±‚Éƒƒ‚‚ð‘}“ü‚Å‚«‚Ü‚·
PRMV0081983,N194000,2024/9/25 12:00,0,‚±‚±‚Éƒƒ‚‚ð‘}“ü‚Å‚«‚Ü‚·
PRMV0081984,N194000,2024/9/25 12:00,0,‚±‚±‚Éƒƒ‚‚ð‘}“ü‚Å‚«‚Ü‚·
PRMV0081985,N194000,2024/9/25 12:00,0,‚±‚±‚Éƒƒ‚‚ð‘}“ü‚Å‚«‚Ü‚·
PRMV0081986,N194000,2024/9/25 12:00,0,‚±‚±‚Éƒƒ‚‚ð‘}“ü‚Å‚«‚Ü‚·
PRMV0081987,N194000,2024/9/25 12:00,0,‚±‚±‚Éƒƒ‚‚ð‘}“ü‚Å‚«‚Ü‚·
PRMV0081988,N194000,2024/9/25 12:00,0,‚±‚±‚Éƒƒ‚‚ð‘}“ü‚Å‚«‚Ü‚·
PRMV0081989,N194000,2024/9/25 12:00,0,‚±‚±‚Éƒƒ‚‚ð‘}“ü‚Å‚«‚Ü‚·
PRMV0081990,N194000,2024/9/25 12:00,0,‚±‚±‚Éƒƒ‚‚ð‘}“ü‚Å‚«‚Ü‚·
PRMV0081991,N194000,2024/9/25 12:00,0,‚±‚±‚Éƒƒ‚‚ð‘}“ü‚Å‚«‚Ü‚·
PRMV0081992,N194000,2024/9/25 12:00,0,‚±‚±‚Éƒƒ‚‚ð‘}“ü‚Å‚«‚Ü‚·
PRMV0081993,N194000,2024/9/25 12:00,0,‚±‚±‚Éƒƒ‚‚ð‘}“ü‚Å‚«‚Ü‚·
PRMV0081994,N194000,2024/9/25 12:00,0,‚±‚±‚Éƒƒ‚‚ð‘}“ü‚Å‚«‚Ü‚·
PRMV0081995,N194000,2024/9/25 12:00,0,‚±‚±‚Éƒƒ‚‚ð‘}“ü‚Å‚«‚Ü‚·
PRMV0081996,N194000,2024/9/25 12:00,0,‚±‚±‚Éƒƒ‚‚ð‘}“ü‚Å‚«‚Ü‚·
PRMV0081997,N194000,2024/9/25 12:00,0,‚±‚±‚Éƒƒ‚‚ð‘}“ü‚Å‚«‚Ü‚·
PRMV0081998,N194000,2024/9/25 12:00,0,‚±‚±‚Éƒƒ‚‚ð‘}“ü‚Å‚«‚Ü‚·
PRMV0081999,N194000,2024/9/25 12:00,0,‚±‚±‚Éƒƒ‚‚ð‘}“ü‚Å‚«‚Ü‚·
PRMV0082000,N194000,2024/9/25 12:00,0,‚±‚±‚Éƒƒ‚‚ð‘}“ü‚Å‚«‚Ü‚·
PRMV0082001,N194000,2024/9/25 12:00,0,‚±‚±‚Éƒƒ‚‚ð‘}“ü‚Å‚«‚Ü‚·
PRMV0082002,N194000,2024/9/25 12:00,0,‚±‚±‚Éƒƒ‚‚ð‘}“ü‚Å‚«‚Ü‚·
PRMV0082003,N194000,2024/9/25 12:00,0,‚±‚±‚Éƒƒ‚‚ð‘}“ü‚Å‚«‚Ü‚·
PRMV0082004,N194000,2024/9/25 12:00,0,‚±‚±‚Éƒƒ‚‚ð‘}“ü‚Å‚«‚Ü‚·
PRMV0082005,N194000,2024/9/25 12:00,0,‚±‚±‚Éƒƒ‚‚ð‘}“ü‚Å‚«‚Ü‚·
PRMV0082006,N194000,2024/9/25 12:00,0,‚±‚±‚Éƒƒ‚‚ð‘}“ü‚Å‚«‚Ü‚·
PRMV0082007,N194000,2024/9/25 12:00,0,‚±‚±‚Éƒƒ‚‚ð‘}“ü‚Å‚«‚Ü‚·
PRMV0082008,N194000,2024/9/25 12:00,0,‚±‚±‚Éƒƒ‚‚ð‘}“ü‚Å‚«‚Ü‚·
PRMV0082009,N194000,2024/9/25 12:00,0,‚±‚±‚Éƒƒ‚‚ð‘}“ü‚Å‚«‚Ü‚·
PRMV0082010,N194000,2024/9/25 12:00,0,‚±‚±‚Éƒƒ‚‚ð‘}“ü‚Å‚«‚Ü‚·
PRMV0082011,N194000,2024/9/25 12:00,0,‚±‚±‚Éƒƒ‚‚ð‘}“ü‚Å‚«‚Ü‚·
PRMV0082012,N194000,2024/9/25 12:00,0,‚±‚±‚Éƒƒ‚‚ð‘}“ü‚Å‚«‚Ü‚·
PRMV0082013,N194000,2024/9/25 12:00,0,‚±‚±‚Éƒƒ‚‚ð‘}“ü‚Å‚«‚Ü‚·
PRMV0082014,N194000,2024/9/25 12:00,0,‚±‚±‚Éƒƒ‚‚ð‘}“ü‚Å‚«‚Ü‚·
PRMV0082015,N194000,2024/9/25 12:00,0,‚±‚±‚Éƒƒ‚‚ð‘}“ü‚Å‚«‚Ü‚·
PRMV0082016,N194000,2024/9/25 12:00,0,‚±‚±‚Éƒƒ‚‚ð‘}“ü‚Å‚«‚Ü‚·
PRMV0082017,N194000,2024/9/25 12:00,0,‚±‚±‚Éƒƒ‚‚ð‘}“ü‚Å‚«‚Ü‚·
PRMV0082018,N194000,2024/9/25 12:00,0,‚±‚±‚Éƒƒ‚‚ð‘}“ü‚Å‚«‚Ü‚·
PRMV0082019,N194000,2024/9/25 12:00,0,‚±‚±‚Éƒƒ‚‚ð‘}“ü‚Å‚«‚Ü‚·
PRMV0082020,N194000,2024/9/25 12:00,0,‚±‚±‚Éƒƒ‚‚ð‘}“ü‚Å‚«‚Ü‚·
PRMV0082021,N194000,2024/9/25 12:00,0,‚±‚±‚Éƒƒ‚‚ð‘}“ü‚Å‚«‚Ü‚·
PRMV0082022,N194000,2024/9/25 12:00,0,‚±‚±‚Éƒƒ‚‚ð‘}“ü‚Å‚«‚Ü‚·
PRMV0082023,N194000,2024/9/25 12:00,0,‚±‚±‚Éƒƒ‚‚ð‘}“ü‚Å‚«‚Ü‚·
PRMV0082024,N194000,2024/9/25 12:00,0,‚±‚±‚Éƒƒ‚‚ð‘}“ü‚Å‚«‚Ü‚·
PRMV0082025,N194000,2024/9/25 12:00,0,‚±‚±‚Éƒƒ‚‚ð‘}“ü‚Å‚«‚Ü‚·
PRMV0082026,N194000,2024/9/25 12:00,0,‚±‚±‚Éƒƒ‚‚ð‘}“ü‚Å‚«‚Ü‚·
PRMV0082027,N194000,2024/9/25 12:00,0,‚±‚±‚Éƒƒ‚‚ð‘}“ü‚Å‚«‚Ü‚·
PRMV0082028,N194000,2024/9/25 12:00,0,‚±‚±‚Éƒƒ‚‚ð‘}“ü‚Å‚«‚Ü‚·
PRMV0082029,N194000,2024/9/25 12:00,0,‚±‚±‚Éƒƒ‚‚ð‘}“ü‚Å‚«‚Ü‚·
PRMV0082030,N194000,2024/9/25 12:00,0,‚±‚±‚Éƒƒ‚‚ð‘}“ü‚Å‚«‚Ü‚·
PRMV0082031,N194000,2024/9/25 12:00,0,‚±‚±‚Éƒƒ‚‚ð‘}“ü‚Å‚«‚Ü‚·
PRMV0082032,N194000,2024/9/25 12:00,0,‚±‚±‚Éƒƒ‚‚ð‘}“ü‚Å‚«‚Ü‚·
PRMV0082033,N194000,2024/9/25 12:00,0,‚±‚±‚Éƒƒ‚‚ð‘}“ü‚Å‚«‚Ü‚·
PRMV0082034,N194000,2024/9/25 12:00,0,‚±‚±‚Éƒƒ‚‚ð‘}“ü‚Å‚«‚Ü‚·
PRMV0082035,N194000,2024/9/25 12:00,0,‚±‚±‚Éƒƒ‚‚ð‘}“ü‚Å‚«‚Ü‚·
PRMV0082036,N194000,2024/9/25 12:00,0,‚±‚±‚Éƒƒ‚‚ð‘}“ü‚Å‚«‚Ü‚·
PRMV0082037,N194000,2024/9/25 12:00,0,‚±‚±‚Éƒƒ‚‚ð‘}“ü‚Å‚«‚Ü‚·
PRMV0082038,N194000,2024/9/25 12:00,0,‚±‚±‚Éƒƒ‚‚ð‘}“ü‚Å‚«‚Ü‚·
PRMV0082039,N194000,2024/9/25 12:00,0,‚±‚±‚Éƒƒ‚‚ð‘}“ü‚Å‚«‚Ü‚·
PRMV0082040,N194000,2024/9/25 12:00,0,‚±‚±‚Éƒƒ‚‚ð‘}“ü‚Å‚«‚Ü‚·
PRMV0082041,N194000,2024/9/25 12:00,0,‚±‚±‚Éƒƒ‚‚ð‘}“ü‚Å‚«‚Ü‚·
PRMV0082042,N194000,2024/9/25 12:00,0,‚±‚±‚Éƒƒ‚‚ð‘}“ü‚Å‚«‚Ü‚·
PRMV0082043,N194000,2024/9/25 12:00,0,‚±‚±‚Éƒƒ‚‚ð‘}“ü‚Å‚«‚Ü‚·
PRMV0082044,N194000,2024/9/25 12:00,0,‚±‚±‚Éƒƒ‚‚ð‘}“ü‚Å‚«‚Ü‚·
PRMV0082045,N194000,2024/9/25 12:00,0,‚±‚±‚Éƒƒ‚‚ð‘}“ü‚Å‚«‚Ü‚·
PRMV0082046,N194000,2024/9/25 12:00,0,‚±‚±‚Éƒƒ‚‚ð‘}“ü‚Å‚«‚Ü‚·
PRMV0082047,N194000,2024/9/25 12:00,0,‚±‚±‚Éƒƒ‚‚ð‘}“ü‚Å‚«‚Ü‚·
PRMV0082048,N194000,2024/9/25 12:00,0,‚±‚±‚Éƒƒ‚‚ð‘}“ü‚Å‚«‚Ü‚·
PRMV0082049,N194000,2024/9/25 12:00,0,‚±‚±‚Éƒƒ‚‚ð‘}“ü‚Å‚«‚Ü‚·
PRMV0082050,N194000,2024/9/25 12:00,0,‚±‚±‚Éƒƒ‚‚ð‘}“ü‚Å‚«‚Ü‚·
PRMV0082051,N194000,2024/9/25 12:00,0,‚±‚±‚Éƒƒ‚‚ð‘}“ü‚Å‚«‚Ü‚·
PRMV0082052,N194000,2024/9/25 12:00,0,‚±‚±‚Éƒƒ‚‚ð‘}“ü‚Å‚«‚Ü‚·
PRMV0082053,N194000,2024/9/25 12:00,0,‚±‚±‚Éƒƒ‚‚ð‘}“ü‚Å‚«‚Ü‚·
PRMV0082054,N194000,2024/9/25 12:00,0,‚±‚±‚Éƒƒ‚‚ð‘}“ü‚Å‚«‚Ü‚·
PRMV0082055,N194000,2024/9/25 12:00,0,‚±‚±‚Éƒƒ‚‚ð‘}“ü‚Å‚«‚Ü‚·
PRMV0082056,N194000,2024/9/25 12:00,0,‚±‚±‚Éƒƒ‚‚ð‘}“ü‚Å‚«‚Ü‚·
PRMV0082057,N194000,2024/9/25 12:00,0,‚±‚±‚Éƒƒ‚‚ð‘}“ü‚Å‚«‚Ü‚·
PRMV0082058,N194000,2024/9/25 12:00,0,‚±‚±‚Éƒƒ‚‚ð‘}“ü‚Å‚«‚Ü‚·
PRMV0082059,N194000,2024/9/25 12:00,0,‚±‚±‚Éƒƒ‚‚ð‘}“ü‚Å‚«‚Ü‚·
PRMV0082060,N194000,2024/9/25 12:00,0,‚±‚±‚Éƒƒ‚‚ð‘}“ü‚Å‚«‚Ü‚·
PRMV0082061,N194000,2024/9/25 12:00,0,‚±‚±‚Éƒƒ‚‚ð‘}“ü‚Å‚«‚Ü‚·
PRMV0082062,N194000,2024/9/25 12:00,0,‚±‚±‚Éƒƒ‚‚ð‘}“ü‚Å‚«‚Ü‚·
PRMV0082063,N194000,2024/9/25 12:00,0,‚±‚±‚Éƒƒ‚‚ð‘}“ü‚Å‚«‚Ü‚·
PRMV0082064,N194000,2024/9/25 12:00,0,‚±‚±‚Éƒƒ‚‚ð‘}“ü‚Å‚«‚Ü‚·
PRMV0082065,N194000,2024/9/25 12:00,0,‚±‚±‚Éƒƒ‚‚ð‘}“ü‚Å‚«‚Ü‚·
PRMV0082066,N194000,2024/9/25 12:00,0,‚±‚±‚Éƒƒ‚‚ð‘}“ü‚Å‚«‚Ü‚·
PRMV0082067,N194000,2024/9/25 12:00,0,‚±‚±‚Éƒƒ‚‚ð‘}“ü‚Å‚«‚Ü‚·
PRMV0082068,N194000,2024/9/25 12:00,0,‚±‚±‚Éƒƒ‚‚ð‘}“ü‚Å‚«‚Ü‚·
PRMV0082069,N194000,2024/9/25 12:00,0,‚±‚±‚Éƒƒ‚‚ð‘}“ü‚Å‚«‚Ü‚·
PRMV0082070,N194000,2024/9/25 12:00,0,‚±‚±‚Éƒƒ‚‚ð‘}“ü‚Å‚«‚Ü‚·
PRMV0082071,N194000,2024/9/25 12:00,0,‚±‚±‚Éƒƒ‚‚ð‘}“ü‚Å‚«‚Ü‚·
PRMV0082072,N194000,2024/9/25 12:00,0,‚±‚±‚Éƒƒ‚‚ð‘}“ü‚Å‚«‚Ü‚·
PRMV0082073,N194000,2024/9/25 12:00,0,‚±‚±‚Éƒƒ‚‚ð‘}“ü‚Å‚«‚Ü‚·
PRMV0082074,N194000,2024/9/25 12:00,0,‚±‚±‚Éƒƒ‚‚ð‘}“ü‚Å‚«‚Ü‚·
PRMV0082075,N194000,2024/9/25 12:00,0,‚±‚±‚Éƒƒ‚‚ð‘}“ü‚Å‚«‚Ü‚·
PRMV0082076,N194000,2024/9/25 12:00,0,‚±‚±‚Éƒƒ‚‚ð‘}“ü‚Å‚«‚Ü‚·
PRMV0082077,N194000,2024/9/25 12:00,0,‚±‚±‚Éƒƒ‚‚ð‘}“ü‚Å‚«‚Ü‚·
PRMV0082078,N194000,2024/9/25 12:00,0,‚±‚±‚Éƒƒ‚‚ð‘}“ü‚Å‚«‚Ü‚·
PRMV0082079,N194000,2024/9/25 12:00,0,‚±‚±‚Éƒƒ‚‚ð‘}“ü‚Å‚«‚Ü‚·
PRMV0082080,N194000,2024/9/25 12:00,0,‚±‚±‚Éƒƒ‚‚ð‘}“ü‚Å‚«‚Ü‚·
PRMV0082081,N194000,2024/9/25 12:00,0,‚±‚±‚Éƒƒ‚‚ð‘}“ü‚Å‚«‚Ü‚·
PRMV0082082,N194000,2024/9/25 12:00,0,‚±‚±‚Éƒƒ‚‚ð‘}“ü‚Å‚«‚Ü‚·
PRMV0082083,N194000,2024/9/25 12:00,0,‚±‚±‚Éƒƒ‚‚ð‘}“ü‚Å‚«‚Ü‚·
PRMV0082084,N194000,2024/9/25 12:00,0,‚±‚±‚Éƒƒ‚‚ð‘}“ü‚Å‚«‚Ü‚·
PRMV0082085,N194000,2024/9/25 12:00,0,‚±‚±‚Éƒƒ‚‚ð‘}“ü‚Å‚«‚Ü‚·
PRMV0082086,N194000,2024/9/25 12:00,0,‚±‚±‚Éƒƒ‚‚ð‘}“ü‚Å‚«‚Ü‚·
PRMV0082087,N194000,2024/9/25 12:00,0,‚±‚±‚Éƒƒ‚‚ð‘}“ü‚Å‚«‚Ü‚·
PRMV0082088,N194000,2024/9/25 12:00,0,‚±‚±‚Éƒƒ‚‚ð‘}“ü‚Å‚«‚Ü‚·
PRMV0082089,N194000,2024/9/25 12:00,0,‚±‚±‚Éƒƒ‚‚ð‘}“ü‚Å‚«‚Ü‚·
PRMV0082090,N194000,2024/9/25 12:00,0,‚±‚±‚Éƒƒ‚‚ð‘}“ü‚Å‚«‚Ü‚·
PRMV0082091,N194000,2024/9/25 12:00,0,‚±‚±‚Éƒƒ‚‚ð‘}“ü‚Å‚«‚Ü‚·
PRMV0082092,N194000,2024/9/25 12:00,0,‚±‚±‚Éƒƒ‚‚ð‘}“ü‚Å‚«‚Ü‚·
PRMV0082093,N194000,2024/9/25 12:00,0,‚±‚±‚Éƒƒ‚‚ð‘}“ü‚Å‚«‚Ü‚·
PRMV0082094,N194000,2024/9/25 12:00,0,‚±‚±‚Éƒƒ‚‚ð‘}“ü‚Å‚«‚Ü‚·
PRMV0082095,N194000,2024/9/25 12:00,0,‚±‚±‚Éƒƒ‚‚ð‘}“ü‚Å‚«‚Ü‚·
PRMV0082096,N194000,2024/9/25 12:00,0,‚±‚±‚Éƒƒ‚‚ð‘}“ü‚Å‚«‚Ü‚·
PRMV0082097,N194000,2024/9/25 12:00,0,‚±‚±‚Éƒƒ‚‚ð‘}“ü‚Å‚«‚Ü‚·
PRMV0082098,N194000,2024/9/25 12:00,0,‚±‚±‚Éƒƒ‚‚ð‘}“ü‚Å‚«‚Ü‚·
PRMV0082099,N194000,2024/9/25 12:00,0,‚±‚±‚Éƒƒ‚‚ð‘}“ü‚Å‚«‚Ü‚·
PRMV0082100,N194000,2024/9/25 12:00,0,‚±‚±‚Éƒƒ‚‚ð‘}“ü‚Å‚«‚Ü‚·
PRMV0082101,N194000,2024/9/25 12:00,0,‚±‚±‚Éƒƒ‚‚ð‘}“ü‚Å‚«‚Ü‚·
PRMV0082102,N194000,2024/9/25 12:00,0,‚±‚±‚Éƒƒ‚‚ð‘}“ü‚Å‚«‚Ü‚·
PRMV0082103,N194000,2024/9/25 12:00,0,‚±‚±‚Éƒƒ‚‚ð‘}“ü‚Å‚«‚Ü‚·
PRMV0082104,N194000,2024/9/25 12:00,0,‚±‚±‚Éƒƒ‚‚ð‘}“ü‚Å‚«‚Ü‚·
PRMV0082105,N194000,2024/9/25 12:00,0,‚±‚±‚Éƒƒ‚‚ð‘}“ü‚Å‚«‚Ü‚·
PRMV0082106,N194000,2024/9/25 12:00,0,‚±‚±‚Éƒƒ‚‚ð‘}“ü‚Å‚«‚Ü‚·
PRMV0082107,N194000,2024/9/25 12:00,0,‚±‚±‚Éƒƒ‚‚ð‘}“ü‚Å‚«‚Ü‚·
PRMV0082108,N194000,2024/9/25 12:00,0,‚±‚±‚Éƒƒ‚‚ð‘}“ü‚Å‚«‚Ü‚·
PRMV0082109,N194000,2024/9/25 12:00,0,‚±‚±‚Éƒƒ‚‚ð‘}“ü‚Å‚«‚Ü‚·
PRMV0082110,N194000,2024/9/25 12:00,0,‚±‚±‚Éƒƒ‚‚ð‘}“ü‚Å‚«‚Ü‚·
PRMV0082111,N194000,2024/9/25 12:00,0,‚±‚±‚Éƒƒ‚‚ð‘}“ü‚Å‚«‚Ü‚·
PRMV0082112,N194000,2024/9/25 12:00,0,‚±‚±‚Éƒƒ‚‚ð‘}“ü‚Å‚«‚Ü‚·
PRMV0082113,N194000,2024/9/25 12:00,0,‚±‚±‚Éƒƒ‚‚ð‘}“ü‚Å‚«‚Ü‚·
PRMV0082114,N194000,2024/9/25 12:00,0,‚±‚±‚Éƒƒ‚‚ð‘}“ü‚Å‚«‚Ü‚·
PRMV0082115,N194000,2024/9/25 12:00,0,‚±‚±‚Éƒƒ‚‚ð‘}“ü‚Å‚«‚Ü‚·
PRMV0082116,N194000,2024/9/25 12:00,0,‚±‚±‚Éƒƒ‚‚ð‘}“ü‚Å‚«‚Ü‚·
PRMV0082117,N194000,2024/9/25 12:00,0,‚±‚±‚Éƒƒ‚‚ð‘}“ü‚Å‚«‚Ü‚·
PRMV0082118,N194000,2024/9/25 12:00,0,‚±‚±‚Éƒƒ‚‚ð‘}“ü‚Å‚«‚Ü‚·
PRMV0082119,N194000,2024/9/25 12:00,0,‚±‚±‚Éƒƒ‚‚ð‘}“ü‚Å‚«‚Ü‚·
PRMV0082120,N194000,2024/9/25 12:00,0,‚±‚±‚Éƒƒ‚‚ð‘}“ü‚Å‚«‚Ü‚·
PRMV0082121,N194000,2024/9/25 12:00,0,‚±‚±‚Éƒƒ‚‚ð‘}“ü‚Å‚«‚Ü‚·
PRMV0082122,N194000,2024/9/25 12:00,0,‚±‚±‚Éƒƒ‚‚ð‘}“ü‚Å‚«‚Ü‚·
PRMV0082123,N194000,2024/9/25 12:00,0,‚±‚±‚Éƒƒ‚‚ð‘}“ü‚Å‚«‚Ü‚·
PRMV0082124,N194000,2024/9/25 12:00,0,‚±‚±‚Éƒƒ‚‚ð‘}“ü‚Å‚«‚Ü‚·
PRMV0082125,N194000,2024/9/25 12:00,0,‚±‚±‚Éƒƒ‚‚ð‘}“ü‚Å‚«‚Ü‚·
PRMV0082126,N194000,2024/9/25 12:00,0,‚±‚±‚Éƒƒ‚‚ð‘}“ü‚Å‚«‚Ü‚·
PRMV0082127,N194000,2024/9/25 12:00,0,‚±‚±‚Éƒƒ‚‚ð‘}“ü‚Å‚«‚Ü‚·
PRMV0082128,N194000,2024/9/25 12:00,0,‚±‚±‚Éƒƒ‚‚ð‘}“ü‚Å‚«‚Ü‚·
PRMV0082129,N194000,2024/9/25 12:00,0,‚±‚±‚Éƒƒ‚‚ð‘}“ü‚Å‚«‚Ü‚·
PRMV0082130,N194000,2024/9/25 12:00,0,‚±‚±‚Éƒƒ‚‚ð‘}“ü‚Å‚«‚Ü‚·
PRMV0082131,N194000,2024/9/25 12:00,0,‚±‚±‚Éƒƒ‚‚ð‘}“ü‚Å‚«‚Ü‚·
PRMV0082132,N194000,2024/9/25 12:00,0,‚±‚±‚Éƒƒ‚‚ð‘}“ü‚Å‚«‚Ü‚·
PRMV0082133,N194000,2024/9/25 12:00,0,‚±‚±‚Éƒƒ‚‚ð‘}“ü‚Å‚«‚Ü‚·
PRMV0082134,N194000,2024/9/25 12:00,0,‚±‚±‚Éƒƒ‚‚ð‘}“ü‚Å‚«‚Ü‚·
PRMV0082135,N194000,2024/9/25 12:00,0,‚±‚±‚Éƒƒ‚‚ð‘}“ü‚Å‚«‚Ü‚·
PRMV0082136,N194000,2024/9/25 12:00,0,‚±‚±‚Éƒƒ‚‚ð‘}“ü‚Å‚«‚Ü‚·
PRMV0082137,N194000,2024/9/25 12:00,0,‚±‚±‚Éƒƒ‚‚ð‘}“ü‚Å‚«‚Ü‚·
PRMV0082138,N194000,2024/9/25 12:00,0,‚±‚±‚Éƒƒ‚‚ð‘}“ü‚Å‚«‚Ü‚·
PRMV0082139,N194000,2024/9/25 12:00,0,‚±‚±‚Éƒƒ‚‚ð‘}“ü‚Å‚«‚Ü‚·
PRMV0082140,N194000,2024/9/25 12:00,0,‚±‚±‚Éƒƒ‚‚ð‘}“ü‚Å‚«‚Ü‚·
PRMV0082141,N194000,2024/9/25 12:00,0,‚±‚±‚Éƒƒ‚‚ð‘}“ü‚Å‚«‚Ü‚·
PRMV0082142,N194000,2024/9/25 12:00,0,‚±‚±‚Éƒƒ‚‚ð‘}“ü‚Å‚«‚Ü‚·
PRMV0082143,N194000,2024/9/25 12:00,0,‚±‚±‚Éƒƒ‚‚ð‘}“ü‚Å‚«‚Ü‚·
PRMV0082144,N194000,2024/9/25 12:00,0,‚±‚±‚Éƒƒ‚‚ð‘}“ü‚Å‚«‚Ü‚·
PRMV0082145,N194000,2024/9/25 12:00,0,‚±‚±‚Éƒƒ‚‚ð‘}“ü‚Å‚«‚Ü‚·
PRMV0082146,N194000,2024/9/25 12:00,0,‚±‚±‚Éƒƒ‚‚ð‘}“ü‚Å‚«‚Ü‚·
PRMV0082147,N194000,2024/9/25 12:00,0,‚±‚±‚Éƒƒ‚‚ð‘}“ü‚Å‚«‚Ü‚·
PRMV0082148,N194000,2024/9/25 12:00,0,‚±‚±‚Éƒƒ‚‚ð‘}“ü‚Å‚«‚Ü‚·
PRMV0082149,N194000,2024/9/25 12:00,0,‚±‚±‚Éƒƒ‚‚ð‘}“ü‚Å‚«‚Ü‚·
PRMV0082150,N194000,2024/9/25 12:00,0,‚±‚±‚Éƒƒ‚‚ð‘}“ü‚Å‚«‚Ü‚·
PRMV0082151,N194000,2024/9/25 12:00,0,‚±‚±‚Éƒƒ‚‚ð‘}“ü‚Å‚«‚Ü‚·
PRMV0082152,N194000,2024/9/25 12:00,0,‚±‚±‚Éƒƒ‚‚ð‘}“ü‚Å‚«‚Ü‚·
PRMV0082153,N194000,2024/9/25 12:00,0,‚±‚±‚Éƒƒ‚‚ð‘}“ü‚Å‚«‚Ü‚·
PRMV0082154,N194000,2024/9/25 12:00,0,‚±‚±‚Éƒƒ‚‚ð‘}“ü‚Å‚«‚Ü‚·
PRMV0082155,N194000,2024/9/25 12:00,0,‚±‚±‚Éƒƒ‚‚ð‘}“ü‚Å‚«‚Ü‚·
PRMV0082156,N194000,2024/9/25 12:00,0,‚±‚±‚Éƒƒ‚‚ð‘}“ü‚Å‚«‚Ü‚·
PRMV0082157,N194000,2024/9/25 12:00,0,‚±‚±‚Éƒƒ‚‚ð‘}“ü‚Å‚«‚Ü‚·
PRMV0082158,N194000,2024/9/25 12:00,0,‚±‚±‚Éƒƒ‚‚ð‘}“ü‚Å‚«‚Ü‚·
PRMV0082159,N194000,2024/9/25 12:00,0,‚±‚±‚Éƒƒ‚‚ð‘}“ü‚Å‚«‚Ü‚·
PRMV0082160,N194000,2024/9/25 12:00,0,‚±‚±‚Éƒƒ‚‚ð‘}“ü‚Å‚«‚Ü‚·
PRMV0082161,N194000,2024/9/25 12:00,0,‚±‚±‚Éƒƒ‚‚ð‘}“ü‚Å‚«‚Ü‚·
PRMV0082162,N194000,2024/9/25 12:00,0,‚±‚±‚Éƒƒ‚‚ð‘}“ü‚Å‚«‚Ü‚·
PRMV0082163,N194000,2024/9/25 12:00,0,‚±‚±‚Éƒƒ‚‚ð‘}“ü‚Å‚«‚Ü‚·
PRMV0082164,N194000,2024/9/25 12:00,0,‚±‚±‚Éƒƒ‚‚ð‘}“ü‚Å‚«‚Ü‚·
PRMV0082165,N194000,2024/9/25 12:00,0,‚±‚±‚Éƒƒ‚‚ð‘}“ü‚Å‚«‚Ü‚·
PRMV0082166,N194000,2024/9/25 12:00,0,‚±‚±‚Éƒƒ‚‚ð‘}“ü‚Å‚«‚Ü‚·
PRMV0082167,N194000,2024/9/25 12:00,0,‚±‚±‚Éƒƒ‚‚ð‘}“ü‚Å‚«‚Ü‚·
PRMV0082168,N194000,2024/9/25 12:00,0,‚±‚±‚Éƒƒ‚‚ð‘}“ü‚Å‚«‚Ü‚·
PRMV0082169,N194000,2024/9/25 12:00,0,‚±‚±‚Éƒƒ‚‚ð‘}“ü‚Å‚«‚Ü‚·
PRMV0082170,N194000,2024/9/25 12:00,0,‚±‚±‚Éƒƒ‚‚ð‘}“ü‚Å‚«‚Ü‚·
PRMV0082171,N194000,2024/9/25 12:00,0,‚±‚±‚Éƒƒ‚‚ð‘}“ü‚Å‚«‚Ü‚·
PRMV0082172,N194000,2024/9/25 12:00,0,‚±‚±‚Éƒƒ‚‚ð‘}“ü‚Å‚«‚Ü‚·
PRMV0082173,N194000,2024/9/25 12:00,0,‚±‚±‚Éƒƒ‚‚ð‘}“ü‚Å‚«‚Ü‚·
PRMV0082174,N194000,2024/9/25 12:00,0,‚±‚±‚Éƒƒ‚‚ð‘}“ü‚Å‚«‚Ü‚·
PRMV0082175,N194000,2024/9/25 12:00,0,‚±‚±‚Éƒƒ‚‚ð‘}“ü‚Å‚«‚Ü‚·
PRMV0082176,N194000,2024/9/25 12:00,0,‚±‚±‚Éƒƒ‚‚ð‘}“ü‚Å‚«‚Ü‚·
PRMV0082177,N194000,2024/9/25 12:00,0,‚±‚±‚Éƒƒ‚‚ð‘}“ü‚Å‚«‚Ü‚·
PRMV0082178,N194000,2024/9/25 12:00,0,‚±‚±‚Éƒƒ‚‚ð‘}“ü‚Å‚«‚Ü‚·
PRMV0082179,N194000,2024/9/25 12:00,0,‚±‚±‚Éƒƒ‚‚ð‘}“ü‚Å‚«‚Ü‚·
PRMV0082180,N194000,2024/9/25 12:00,0,‚±‚±‚Éƒƒ‚‚ð‘}“ü‚Å‚«‚Ü‚·
PRMV0082181,N194000,2024/9/25 12:00,0,‚±‚±‚Éƒƒ‚‚ð‘}“ü‚Å‚«‚Ü‚·
PRMV0082182,N194000,2024/9/25 12:00,0,‚±‚±‚Éƒƒ‚‚ð‘}“ü‚Å‚«‚Ü‚·
PRMV0082183,N194000,2024/9/25 12:00,0,‚±‚±‚Éƒƒ‚‚ð‘}“ü‚Å‚«‚Ü‚·
PRMV0082184,N194000,2024/9/25 12:00,0,‚±‚±‚Éƒƒ‚‚ð‘}“ü‚Å‚«‚Ü‚·
PRMV0082185,N194000,2024/9/25 12:00,0,‚±‚±‚Éƒƒ‚‚ð‘}“ü‚Å‚«‚Ü‚·
PRMV0082186,N194000,2024/9/25 12:00,0,‚±‚±‚Éƒƒ‚‚ð‘}“ü‚Å‚«‚Ü‚·
PRMV0082187,N194000,2024/9/25 12:00,0,‚±‚±‚Éƒƒ‚‚ð‘}“ü‚Å‚«‚Ü‚·
PRMV0082188,N194000,2024/9/25 12:00,0,‚±‚±‚Éƒƒ‚‚ð‘}“ü‚Å‚«‚Ü‚·
PRMV0082189,N194000,2024/9/25 12:00,0,‚±‚±‚Éƒƒ‚‚ð‘}“ü‚Å‚«‚Ü‚·
PRMV0082190,N194000,2024/9/25 12:00,0,‚±‚±‚Éƒƒ‚‚ð‘}“ü‚Å‚«‚Ü‚·
PRMV0082191,N194000,2024/9/25 12:00,0,‚±‚±‚Éƒƒ‚‚ð‘}“ü‚Å‚«‚Ü‚·
PRMV0082192,N194000,2024/9/25 12:00,0,‚±‚±‚Éƒƒ‚‚ð‘}“ü‚Å‚«‚Ü‚·
PRMV0082193,N194000,2024/9/25 12:00,0,‚±‚±‚Éƒƒ‚‚ð‘}“ü‚Å‚«‚Ü‚·
PRMV0082194,N194000,2024/9/25 12:00,0,‚±‚±‚Éƒƒ‚‚ð‘}“ü‚Å‚«‚Ü‚·
PRMV0082195,N194000,2024/9/25 12:00,0,‚±‚±‚Éƒƒ‚‚ð‘}“ü‚Å‚«‚Ü‚·
PRMV0082196,N194000,2024/9/25 12:00,0,‚±‚±‚Éƒƒ‚‚ð‘}“ü‚Å‚«‚Ü‚·
PRMV0082197,N194000,2024/9/25 12:00,0,‚±‚±‚Éƒƒ‚‚ð‘}“ü‚Å‚«‚Ü‚·
PRMV0082198,N194000,2024/9/25 12:00,0,‚±‚±‚Éƒƒ‚‚ð‘}“ü‚Å‚«‚Ü‚·
PRMV0082199,N194000,2024/9/25 12:00,0,‚±‚±‚Éƒƒ‚‚ð‘}“ü‚Å‚«‚Ü‚·
PRMV0082200,N194000,2024/9/25 12:00,0,‚±‚±‚Éƒƒ‚‚ð‘}“ü‚Å‚«‚Ü‚·
PRMV0082201,N194000,2024/9/25 12:00,0,‚±‚±‚Éƒƒ‚‚ð‘}“ü‚Å‚«‚Ü‚·
PRMV0082202,N194000,2024/9/25 12:00,0,‚±‚±‚Éƒƒ‚‚ð‘}“ü‚Å‚«‚Ü‚·
PRMV0082203,N194000,2024/9/25 12:00,0,‚±‚±‚Éƒƒ‚‚ð‘}“ü‚Å‚«‚Ü‚·
PRMV0082204,N194000,2024/9/25 12:00,0,‚±‚±‚Éƒƒ‚‚ð‘}“ü‚Å‚«‚Ü‚·
PRMV0082205,N194000,2024/9/25 12:00,0,‚±‚±‚Éƒƒ‚‚ð‘}“ü‚Å‚«‚Ü‚·
PRMV0082206,N194000,2024/9/25 12:00,0,‚±‚±‚Éƒƒ‚‚ð‘}“ü‚Å‚«‚Ü‚·
PRMV0082207,N194000,2024/9/25 12:00,0,‚±‚±‚Éƒƒ‚‚ð‘}“ü‚Å‚«‚Ü‚·
PRMV0082208,N194000,2024/9/25 12:00,0,‚±‚±‚Éƒƒ‚‚ð‘}“ü‚Å‚«‚Ü‚·
PRMV0082209,N194000,2024/9/25 12:00,0,‚±‚±‚Éƒƒ‚‚ð‘}“ü‚Å‚«‚Ü‚·
PRMV0082210,N194000,2024/9/25 12:00,0,‚±‚±‚Éƒƒ‚‚ð‘}“ü‚Å‚«‚Ü‚·
PRMV0082211,N194000,2024/9/25 12:00,0,‚±‚±‚Éƒƒ‚‚ð‘}“ü‚Å‚«‚Ü‚·
PRMV0082212,N194000,2024/9/25 12:00,0,‚±‚±‚Éƒƒ‚‚ð‘}“ü‚Å‚«‚Ü‚·
PRMV0082213,N194000,2024/9/25 12:00,0,‚±‚±‚Éƒƒ‚‚ð‘}“ü‚Å‚«‚Ü‚·
PRMV0082214,N194000,2024/9/25 12:00,0,‚±‚±‚Éƒƒ‚‚ð‘}“ü‚Å‚«‚Ü‚·
PRMV0082215,N194000,2024/9/25 12:00,0,‚±‚±‚Éƒƒ‚‚ð‘}“ü‚Å‚«‚Ü‚·
PRMV0082216,N194000,2024/9/25 12:00,0,‚±‚±‚Éƒƒ‚‚ð‘}“ü‚Å‚«‚Ü‚·
PRMV0082217,N194000,2024/9/25 12:00,0,‚±‚±‚Éƒƒ‚‚ð‘}“ü‚Å‚«‚Ü‚·
PRMV0082218,N194000,2024/9/25 12:00,0,‚±‚±‚Éƒƒ‚‚ð‘}“ü‚Å‚«‚Ü‚·
PRMV0082219,N194000,2024/9/25 12:00,0,‚±‚±‚Éƒƒ‚‚ð‘}“ü‚Å‚«‚Ü‚·
PRMV0082220,N194000,2024/9/25 12:00,0,‚±‚±‚Éƒƒ‚‚ð‘}“ü‚Å‚«‚Ü‚·
PRMV0082221,N194000,2024/9/25 12:00,0,‚±‚±‚Éƒƒ‚‚ð‘}“ü‚Å‚«‚Ü‚·
PRMV0082222,N194000,2024/9/25 12:00,0,‚±‚±‚Éƒƒ‚‚ð‘}“ü‚Å‚«‚Ü‚·
PRMV0082223,N194000,2024/9/25 12:00,0,‚±‚±‚Éƒƒ‚‚ð‘}“ü‚Å‚«‚Ü‚·
PRMV0082224,N194000,2024/9/25 12:00,0,‚±‚±‚Éƒƒ‚‚ð‘}“ü‚Å‚«‚Ü‚·
PRMV0082225,N194000,2024/9/25 12:00,0,‚±‚±‚Éƒƒ‚‚ð‘}“ü‚Å‚«‚Ü‚·
PRMV0082226,N194000,2024/9/25 12:00,0,‚±‚±‚Éƒƒ‚‚ð‘}“ü‚Å‚«‚Ü‚·
PRMV0082227,N194000,2024/9/25 12:00,0,‚±‚±‚Éƒƒ‚‚ð‘}“ü‚Å‚«‚Ü‚·
PRMV0082228,N194000,2024/9/25 12:00,0,‚±‚±‚Éƒƒ‚‚ð‘}“ü‚Å‚«‚Ü‚·
PRMV0082229,N194000,2024/9/25 12:00,0,‚±‚±‚Éƒƒ‚‚ð‘}“ü‚Å‚«‚Ü‚·
PRMV0082230,N194000,2024/9/25 12:00,0,‚±‚±‚Éƒƒ‚‚ð‘}“ü‚Å‚«‚Ü‚·
PRMV0082231,N194000,2024/9/25 12:00,0,‚±‚±‚Éƒƒ‚‚ð‘}“ü‚Å‚«‚Ü‚·
PRMV0082232,N194000,2024/9/25 12:00,0,‚±‚±‚Éƒƒ‚‚ð‘}“ü‚Å‚«‚Ü‚·
PRMV0082233,N194000,2024/9/25 12:00,0,‚±‚±‚Éƒƒ‚‚ð‘}“ü‚Å‚«‚Ü‚·
PRMV0082234,N194000,2024/9/25 12:00,0,‚±‚±‚Éƒƒ‚‚ð‘}“ü‚Å‚«‚Ü‚·
PRMV0082235,N194000,2024/9/25 12:00,0,‚±‚±‚Éƒƒ‚‚ð‘}“ü‚Å‚«‚Ü‚·
PRMV0082236,N194000,2024/9/25 12:00,0,‚±‚±‚Éƒƒ‚‚ð‘}“ü‚Å‚«‚Ü‚·
PRMV0082237,N194000,2024/9/25 12:00,0,‚±‚±‚Éƒƒ‚‚ð‘}“ü‚Å‚«‚Ü‚·
PRMV0082238,N194000,2024/9/25 12:00,0,‚±‚±‚Éƒƒ‚‚ð‘}“ü‚Å‚«‚Ü‚·
PRMV0082239,N194000,2024/9/25 12:00,0,‚±‚±‚Éƒƒ‚‚ð‘}“ü‚Å‚«‚Ü‚·
PRMV0082240,N194000,2024/9/25 12:00,0,‚±‚±‚Éƒƒ‚‚ð‘}“ü‚Å‚«‚Ü‚·
PRMV0082241,N194000,2024/9/25 12:00,0,‚±‚±‚Éƒƒ‚‚ð‘}“ü‚Å‚«‚Ü‚·
PRMV0082242,N194000,2024/9/25 12:00,0,‚±‚±‚Éƒƒ‚‚ð‘}“ü‚Å‚«‚Ü‚·
PRMV0082243,N194000,2024/9/25 12:00,0,‚±‚±‚Éƒƒ‚‚ð‘}“ü‚Å‚«‚Ü‚·
PRMV0082244,N194000,2024/9/25 12:00,0,‚±‚±‚Éƒƒ‚‚ð‘}“ü‚Å‚«‚Ü‚·
PRMV0082245,N194000,2024/9/25 12:00,0,‚±‚±‚Éƒƒ‚‚ð‘}“ü‚Å‚«‚Ü‚·
PRMV0082246,N194000,2024/9/25 12:00,0,‚±‚±‚Éƒƒ‚‚ð‘}“ü‚Å‚«‚Ü‚·
PRMV0082247,N194000,2024/9/25 12:00,0,‚±‚±‚Éƒƒ‚‚ð‘}“ü‚Å‚«‚Ü‚·
PRMV0082248,N194000,2024/9/25 12:00,0,‚±‚±‚Éƒƒ‚‚ð‘}“ü‚Å‚«‚Ü‚·
PRMV0082249,N194000,2024/9/25 12:00,0,‚±‚±‚Éƒƒ‚‚ð‘}“ü‚Å‚«‚Ü‚·
PRMV0082250,N194000,2024/9/25 12:00,0,‚±‚±‚Éƒƒ‚‚ð‘}“ü‚Å‚«‚Ü‚·
PRMV0082251,N194000,2024/9/25 12:00,0,‚±‚±‚Éƒƒ‚‚ð‘}“ü‚Å‚«‚Ü‚·
PRMV0082252,N194000,2024/9/25 12:00,0,‚±‚±‚Éƒƒ‚‚ð‘}“ü‚Å‚«‚Ü‚·
PRMV0082253,N194000,2024/9/25 12:00,0,‚±‚±‚Éƒƒ‚‚ð‘}“ü‚Å‚«‚Ü‚·
PRMV0082254,N194000,2024/9/25 12:00,0,‚±‚±‚Éƒƒ‚‚ð‘}“ü‚Å‚«‚Ü‚·
PRMV0082255,N194000,2024/9/25 12:00,0,‚±‚±‚Éƒƒ‚‚ð‘}“ü‚Å‚«‚Ü‚·
PRMV0082256,N194000,2024/9/25 12:00,0,‚±‚±‚Éƒƒ‚‚ð‘}“ü‚Å‚«‚Ü‚·
PRMV0082257,N194000,2024/9/25 12:00,0,‚±‚±‚Éƒƒ‚‚ð‘}“ü‚Å‚«‚Ü‚·
PRMV0082258,N194000,2024/9/25 12:00,0,‚±‚±‚Éƒƒ‚‚ð‘}“ü‚Å‚«‚Ü‚·
PRMV0082259,N194000,2024/9/25 12:00,0,‚±‚±‚Éƒƒ‚‚ð‘}“ü‚Å‚«‚Ü‚·
PRMV0082260,N194000,2024/9/25 12:00,0,‚±‚±‚Éƒƒ‚‚ð‘}“ü‚Å‚«‚Ü‚·
PRMV0082261,N194000,2024/9/25 12:00,0,‚±‚±‚Éƒƒ‚‚ð‘}“ü‚Å‚«‚Ü‚·
PRMV0082262,N194000,2024/9/25 12:00,0,‚±‚±‚Éƒƒ‚‚ð‘}“ü‚Å‚«‚Ü‚·
PRMV0082263,N194000,2024/9/25 12:00,0,‚±‚±‚Éƒƒ‚‚ð‘}“ü‚Å‚«‚Ü‚·
PRMV0082264,N194000,2024/9/25 12:00,0,‚±‚±‚Éƒƒ‚‚ð‘}“ü‚Å‚«‚Ü‚·
PRMV0082265,N194000,2024/9/25 12:00,0,‚±‚±‚Éƒƒ‚‚ð‘}“ü‚Å‚«‚Ü‚·
PRMV0082266,N194000,2024/9/25 12:00,0,‚±‚±‚Éƒƒ‚‚ð‘}“ü‚Å‚«‚Ü‚·
PRMV0082267,N194000,2024/9/25 12:00,0,‚±‚±‚Éƒƒ‚‚ð‘}“ü‚Å‚«‚Ü‚·
PRMV0082268,N194000,2024/9/25 12:00,0,‚±‚±‚Éƒƒ‚‚ð‘}“ü‚Å‚«‚Ü‚·
PRMV0082269,N194000,2024/9/25 12:00,0,‚±‚±‚Éƒƒ‚‚ð‘}“ü‚Å‚«‚Ü‚·
PRMV0082270,N194000,2024/9/25 12:00,0,‚±‚±‚Éƒƒ‚‚ð‘}“ü‚Å‚«‚Ü‚·
PRMV0082271,N194000,2024/9/25 12:00,0,‚±‚±‚Éƒƒ‚‚ð‘}“ü‚Å‚«‚Ü‚·
PRMV0082272,N194000,2024/9/25 12:00,0,‚±‚±‚Éƒƒ‚‚ð‘}“ü‚Å‚«‚Ü‚·
PRMV0082273,N194000,2024/9/25 12:00,0,‚±‚±‚Éƒƒ‚‚ð‘}“ü‚Å‚«‚Ü‚·
PRMV0082274,N194000,2024/9/25 12:00,0,‚±‚±‚Éƒƒ‚‚ð‘}“ü‚Å‚«‚Ü‚·
PRMV0082275,N194000,2024/9/25 12:00,0,‚±‚±‚Éƒƒ‚‚ð‘}“ü‚Å‚«‚Ü‚·
PRMV0082276,N194000,2024/9/25 12:00,0,‚±‚±‚Éƒƒ‚‚ð‘}“ü‚Å‚«‚Ü‚·
PRMV0082277,N194000,2024/9/25 12:00,0,‚±‚±‚Éƒƒ‚‚ð‘}“ü‚Å‚«‚Ü‚·
PRMV0082278,N194000,2024/9/25 12:00,0,‚±‚±‚Éƒƒ‚‚ð‘}“ü‚Å‚«‚Ü‚·
PRMV0082279,N194000,2024/9/25 12:00,0,‚±‚±‚Éƒƒ‚‚ð‘}“ü‚Å‚«‚Ü‚·
PRMV0082280,N194000,2024/9/25 12:00,0,‚±‚±‚Éƒƒ‚‚ð‘}“ü‚Å‚«‚Ü‚·
PRMV0082281,N194000,2024/9/25 12:00,0,‚±‚±‚Éƒƒ‚‚ð‘}“ü‚Å‚«‚Ü‚·
PRMV0082282,N194000,2024/9/25 12:00,0,‚±‚±‚Éƒƒ‚‚ð‘}“ü‚Å‚«‚Ü‚·
PRMV0082283,N194000,2024/9/25 12:00,0,‚±‚±‚Éƒƒ‚‚ð‘}“ü‚Å‚«‚Ü‚·
PRMV0082284,N194000,2024/9/25 12:00,0,‚±‚±‚Éƒƒ‚‚ð‘}“ü‚Å‚«‚Ü‚·
PRMV0082285,N194000,2024/9/25 12:00,0,‚±‚±‚Éƒƒ‚‚ð‘}“ü‚Å‚«‚Ü‚·
PRMV0082286,N194000,2024/9/25 12:00,0,‚±‚±‚Éƒƒ‚‚ð‘}“ü‚Å‚«‚Ü‚·
PRMV0082287,N194000,2024/9/25 12:00,0,‚±‚±‚Éƒƒ‚‚ð‘}“ü‚Å‚«‚Ü‚·
PRMV0082288,N194000,2024/9/25 12:00,0,‚±‚±‚Éƒƒ‚‚ð‘}“ü‚Å‚«‚Ü‚·
PRMV0082289,N194000,2024/9/25 12:00,0,‚±‚±‚Éƒƒ‚‚ð‘}“ü‚Å‚«‚Ü‚·
PRMV0082290,N194000,2024/9/25 12:00,0,‚±‚±‚Éƒƒ‚‚ð‘}“ü‚Å‚«‚Ü‚·
PRMV0082291,N194000,2024/9/25 12:00,0,‚±‚±‚Éƒƒ‚‚ð‘}“ü‚Å‚«‚Ü‚·
PRMV0082292,N194000,2024/9/25 12:00,0,‚±‚±‚Éƒƒ‚‚ð‘}“ü‚Å‚«‚Ü‚·
PRMV0082293,N194000,2024/9/25 12:00,0,‚±‚±‚Éƒƒ‚‚ð‘}“ü‚Å‚«‚Ü‚·
PRMV0082294,N194000,2024/9/25 12:00,0,‚±‚±‚Éƒƒ‚‚ð‘}“ü‚Å‚«‚Ü‚·
PRMV0082295,N194000,2024/9/25 12:00,0,‚±‚±‚Éƒƒ‚‚ð‘}“ü‚Å‚«‚Ü‚·
PRMV0082296,N194000,2024/9/25 12:00,0,‚±‚±‚Éƒƒ‚‚ð‘}“ü‚Å‚«‚Ü‚·
PRMV0082297,N194000,2024/9/25 12:00,0,‚±‚±‚Éƒƒ‚‚ð‘}“ü‚Å‚«‚Ü‚·
PRMV0082298,N194000,2024/9/25 12:00,0,‚±‚±‚Éƒƒ‚‚ð‘}“ü‚Å‚«‚Ü‚·
PRMV0082299,N194000,2024/9/25 12:00,0,‚±‚±‚Éƒƒ‚‚ð‘}“ü‚Å‚«‚Ü‚·
PRMV0082300,N194000,2024/9/25 12:00,0,‚±‚±‚Éƒƒ‚‚ð‘}“ü‚Å‚«‚Ü‚·
PRMV0082301,N194000,2024/9/25 12:00,0,‚±‚±‚Éƒƒ‚‚ð‘}“ü‚Å‚«‚Ü‚·
PRMV0082302,N194000,2024/9/25 12:00,0,‚±‚±‚Éƒƒ‚‚ð‘}“ü‚Å‚«‚Ü‚·
PRMV0082303,N194000,2024/9/25 12:00,0,‚±‚±‚Éƒƒ‚‚ð‘}“ü‚Å‚«‚Ü‚·
PRMV0082304,N194000,2024/9/25 12:00,0,‚±‚±‚Éƒƒ‚‚ð‘}“ü‚Å‚«‚Ü‚·
PRMV0082305,N194000,2024/9/25 12:00,0,‚±‚±‚Éƒƒ‚‚ð‘}“ü‚Å‚«‚Ü‚·
PRMV0082306,N194000,2024/9/25 12:00,0,‚±‚±‚Éƒƒ‚‚ð‘}“ü‚Å‚«‚Ü‚·
PRMV0082307,N194000,2024/9/25 12:00,0,‚±‚±‚Éƒƒ‚‚ð‘}“ü‚Å‚«‚Ü‚·
PRMV0082308,N194000,2024/9/25 12:00,0,‚±‚±‚Éƒƒ‚‚ð‘}“ü‚Å‚«‚Ü‚·
PRMV0082309,N194000,2024/9/25 12:00,0,‚±‚±‚Éƒƒ‚‚ð‘}“ü‚Å‚«‚Ü‚·
PRMV0082310,N194000,2024/9/25 12:00,0,‚±‚±‚Éƒƒ‚‚ð‘}“ü‚Å‚«‚Ü‚·
PRMV0082311,N194000,2024/9/25 12:00,0,‚±‚±‚Éƒƒ‚‚ð‘}“ü‚Å‚«‚Ü‚·
PRMV0082312,N194000,2024/9/25 12:00,0,‚±‚±‚Éƒƒ‚‚ð‘}“ü‚Å‚«‚Ü‚·
PRMV0082313,N194000,2024/9/25 12:00,0,‚±‚±‚Éƒƒ‚‚ð‘}“ü‚Å‚«‚Ü‚·
PRMV0082314,N194000,2024/9/25 12:00,0,‚±‚±‚Éƒƒ‚‚ð‘}“ü‚Å‚«‚Ü‚·
PRMV0082315,N194000,2024/9/25 12:00,0,‚±‚±‚Éƒƒ‚‚ð‘}“ü‚Å‚«‚Ü‚·
PRMV0082316,N194000,2024/9/25 12:00,0,‚±‚±‚Éƒƒ‚‚ð‘}“ü‚Å‚«‚Ü‚·
PRMV0082317,N194000,2024/9/25 12:00,0,‚±‚±‚Éƒƒ‚‚ð‘}“ü‚Å‚«‚Ü‚·
PRMV0082318,N194000,2024/9/25 12:00,0,‚±‚±‚Éƒƒ‚‚ð‘}“ü‚Å‚«‚Ü‚·
PRMV0082319,N194000,2024/9/25 12:00,0,‚±‚±‚Éƒƒ‚‚ð‘}“ü‚Å‚«‚Ü‚·
PRMV0082320,N194000,2024/9/25 12:00,0,‚±‚±‚Éƒƒ‚‚ð‘}“ü‚Å‚«‚Ü‚·
PRMV0082321,N194000,2024/9/25 12:00,0,‚±‚±‚Éƒƒ‚‚ð‘}“ü‚Å‚«‚Ü‚·
PRMV0082322,N194000,2024/9/25 12:00,0,‚±‚±‚Éƒƒ‚‚ð‘}“ü‚Å‚«‚Ü‚·
PRMV0082323,N194000,2024/9/25 12:00,0,‚±‚±‚Éƒƒ‚‚ð‘}“ü‚Å‚«‚Ü‚·
PRMV0082324,N194000,2024/9/25 12:00,0,‚±‚±‚Éƒƒ‚‚ð‘}“ü‚Å‚«‚Ü‚·
PRMV0082325,N194000,2024/9/25 12:00,0,‚±‚±‚Éƒƒ‚‚ð‘}“ü‚Å‚«‚Ü‚·
PRMV0082326,N194000,2024/9/25 12:00,0,‚±‚±‚Éƒƒ‚‚ð‘}“ü‚Å‚«‚Ü‚·
PRMV0082327,N194000,2024/9/25 12:00,0,‚±‚±‚Éƒƒ‚‚ð‘}“ü‚Å‚«‚Ü‚·
PRMV0082328,N194000,2024/9/25 12:00,0,‚±‚±‚Éƒƒ‚‚ð‘}“ü‚Å‚«‚Ü‚·
PRMV0082329,N194000,2024/9/25 12:00,0,‚±‚±‚Éƒƒ‚‚ð‘}“ü‚Å‚«‚Ü‚·
PRMV0082330,N194000,2024/9/25 12:00,0,‚±‚±‚Éƒƒ‚‚ð‘}“ü‚Å‚«‚Ü‚·
PRMV0082331,N194000,2024/9/25 12:00,0,‚±‚±‚Éƒƒ‚‚ð‘}“ü‚Å‚«‚Ü‚·
PRMV0082332,N194000,2024/9/25 12:00,0,‚±‚±‚Éƒƒ‚‚ð‘}“ü‚Å‚«‚Ü‚·
PRMV0082333,N194000,2024/9/25 12:00,0,‚±‚±‚Éƒƒ‚‚ð‘}“ü‚Å‚«‚Ü‚·
PRMV0082334,N194000,2024/9/25 12:00,0,‚±‚±‚Éƒƒ‚‚ð‘}“ü‚Å‚«‚Ü‚·
PRMV0082335,N194000,2024/9/25 12:00,0,‚±‚±‚Éƒƒ‚‚ð‘}“ü‚Å‚«‚Ü‚·
PRMV0082336,N194000,2024/9/25 12:00,0,‚±‚±‚Éƒƒ‚‚ð‘}“ü‚Å‚«‚Ü‚·
PRMV0082337,N194000,2024/9/25 12:00,0,‚±‚±‚Éƒƒ‚‚ð‘}“ü‚Å‚«‚Ü‚·
PRMV0082338,N194000,2024/9/25 12:00,0,‚±‚±‚Éƒƒ‚‚ð‘}“ü‚Å‚«‚Ü‚·
PRMV0082339,N194000,2024/9/25 12:00,0,‚±‚±‚Éƒƒ‚‚ð‘}“ü‚Å‚«‚Ü‚·
PRMV0082340,N194000,2024/9/25 12:00,0,‚±‚±‚Éƒƒ‚‚ð‘}“ü‚Å‚«‚Ü‚·
PRMV0082341,N194000,2024/9/25 12:00,0,‚±‚±‚Éƒƒ‚‚ð‘}“ü‚Å‚«‚Ü‚·
PRMV0082342,N194000,2024/9/25 12:00,0,‚±‚±‚Éƒƒ‚‚ð‘}“ü‚Å‚«‚Ü‚·
PRMV0082343,N194000,2024/9/25 12:00,0,‚±‚±‚Éƒƒ‚‚ð‘}“ü‚Å‚«‚Ü‚·
PRMV0082344,N194000,2024/9/25 12:00,0,‚±‚±‚Éƒƒ‚‚ð‘}“ü‚Å‚«‚Ü‚·
PRMV0082345,N194000,2024/9/25 12:00,0,‚±‚±‚Éƒƒ‚‚ð‘}“ü‚Å‚«‚Ü‚·
PRMV0082346,N194000,2024/9/25 12:00,0,‚±‚±‚Éƒƒ‚‚ð‘}“ü‚Å‚«‚Ü‚·
PRMV0082347,N194000,2024/9/25 12:00,0,‚±‚±‚Éƒƒ‚‚ð‘}“ü‚Å‚«‚Ü‚·
PRMV0082348,N194000,2024/9/25 12:00,0,‚±‚±‚Éƒƒ‚‚ð‘}“ü‚Å‚«‚Ü‚·
PRMV0082349,N194000,2024/9/25 12:00,0,‚±‚±‚Éƒƒ‚‚ð‘}“ü‚Å‚«‚Ü‚·
PRMV0082350,N194000,2024/9/25 12:00,0,‚±‚±‚Éƒƒ‚‚ð‘}“ü‚Å‚«‚Ü‚·
PRMV0082351,N194000,2024/9/25 12:00,0,‚±‚±‚Éƒƒ‚‚ð‘}“ü‚Å‚«‚Ü‚·
PRMV0082352,N194000,2024/9/25 12:00,0,‚±‚±‚Éƒƒ‚‚ð‘}“ü‚Å‚«‚Ü‚·
PRMV0082353,N194000,2024/9/25 12:00,0,‚±‚±‚Éƒƒ‚‚ð‘}“ü‚Å‚«‚Ü‚·
PRMV0082354,N194000,2024/9/25 12:00,0,‚±‚±‚Éƒƒ‚‚ð‘}“ü‚Å‚«‚Ü‚·
PRMV0082355,N194000,2024/9/25 12:00,0,‚±‚±‚Éƒƒ‚‚ð‘}“ü‚Å‚«‚Ü‚·
PRMV0082356,N194000,2024/9/25 12:00,0,‚±‚±‚Éƒƒ‚‚ð‘}“ü‚Å‚«‚Ü‚·
PRMV0082357,N194000,2024/9/25 12:00,0,‚±‚±‚Éƒƒ‚‚ð‘}“ü‚Å‚«‚Ü‚·
PRMV0082358,N194000,2024/9/25 12:00,0,‚±‚±‚Éƒƒ‚‚ð‘}“ü‚Å‚«‚Ü‚·
PRMV0082359,N194000,2024/9/25 12:00,0,‚±‚±‚Éƒƒ‚‚ð‘}“ü‚Å‚«‚Ü‚·
PRMV0082360,N194000,2024/9/25 12:00,0,‚±‚±‚Éƒƒ‚‚ð‘}“ü‚Å‚«‚Ü‚·
PRMV0082361,N194000,2024/9/25 12:00,0,‚±‚±‚Éƒƒ‚‚ð‘}“ü‚Å‚«‚Ü‚·
PRMV0082362,N194000,2024/9/25 12:00,0,‚±‚±‚Éƒƒ‚‚ð‘}“ü‚Å‚«‚Ü‚·
PRMV0082363,N194000,2024/9/25 12:00,0,‚±‚±‚Éƒƒ‚‚ð‘}“ü‚Å‚«‚Ü‚·
PRMV0082364,N194000,2024/9/25 12:00,0,‚±‚±‚Éƒƒ‚‚ð‘}“ü‚Å‚«‚Ü‚·
PRMV0082365,N194000,2024/9/25 12:00,0,‚±‚±‚Éƒƒ‚‚ð‘}“ü‚Å‚«‚Ü‚·
PRMV0082366,N194000,2024/9/25 12:00,0,‚±‚±‚Éƒƒ‚‚ð‘}“ü‚Å‚«‚Ü‚·
PRMV0082367,N194000,2024/9/25 12:00,0,‚±‚±‚Éƒƒ‚‚ð‘}“ü‚Å‚«‚Ü‚·
PRMV0082368,N194000,2024/9/25 12:00,0,‚±‚±‚Éƒƒ‚‚ð‘}“ü‚Å‚«‚Ü‚·
PRMV0082369,N194000,2024/9/25 12:00,0,‚±‚±‚Éƒƒ‚‚ð‘}“ü‚Å‚«‚Ü‚·
PRMV0082370,N194000,2024/9/25 12:00,0,‚±‚±‚Éƒƒ‚‚ð‘}“ü‚Å‚«‚Ü‚·
PRMV0082371,N194000,2024/9/25 12:00,0,‚±‚±‚Éƒƒ‚‚ð‘}“ü‚Å‚«‚Ü‚·
PRMV0082372,N194000,2024/9/25 12:00,0,‚±‚±‚Éƒƒ‚‚ð‘}“ü‚Å‚«‚Ü‚·
PRMV0082373,N194000,2024/9/25 12:00,0,‚±‚±‚Éƒƒ‚‚ð‘}“ü‚Å‚«‚Ü‚·
PRMV0082374,N194000,2024/9/25 12:00,0,‚±‚±‚Éƒƒ‚‚ð‘}“ü‚Å‚«‚Ü‚·
PRMV0082375,N194000,2024/9/25 12:00,0,‚±‚±‚Éƒƒ‚‚ð‘}“ü‚Å‚«‚Ü‚·
PRMV0082376,N194000,2024/9/25 12:00,0,‚±‚±‚Éƒƒ‚‚ð‘}“ü‚Å‚«‚Ü‚·
PRMV0082377,N194000,2024/9/25 12:00,0,‚±‚±‚Éƒƒ‚‚ð‘}“ü‚Å‚«‚Ü‚·
PRMV0082378,N194000,2024/9/25 12:00,0,‚±‚±‚Éƒƒ‚‚ð‘}“ü‚Å‚«‚Ü‚·
PRMV0082379,N194000,2024/9/25 12:00,0,‚±‚±‚Éƒƒ‚‚ð‘}“ü‚Å‚«‚Ü‚·
PRMV0082380,N194000,2024/9/25 12:00,0,‚±‚±‚Éƒƒ‚‚ð‘}“ü‚Å‚«‚Ü‚·
PRMV0082381,N194000,2024/9/25 12:00,0,‚±‚±‚Éƒƒ‚‚ð‘}“ü‚Å‚«‚Ü‚·
PRMV0082382,N194000,2024/9/25 12:00,0,‚±‚±‚Éƒƒ‚‚ð‘}“ü‚Å‚«‚Ü‚·
PRMV0083220,N194000,2024/9/25 12:00,0,‚±‚±‚Éƒƒ‚‚ð‘}“ü‚Å‚«‚Ü‚·
PRMV0083221,N194000,2024/9/25 12:00,0,‚±‚±‚Éƒƒ‚‚ð‘}“ü‚Å‚«‚Ü‚·
PRMV0083222,N194000,2024/9/25 12:00,0,‚±‚±‚Éƒƒ‚‚ð‘}“ü‚Å‚«‚Ü‚·
PRMV0083223,N194000,2024/9/25 12:00,0,‚±‚±‚Éƒƒ‚‚ð‘}“ü‚Å‚«‚Ü‚·
PRMV0083224,N194000,2024/9/25 12:00,0,‚±‚±‚Éƒƒ‚‚ð‘}“ü‚Å‚«‚Ü‚·
PRMV0083225,N194000,2024/9/25 12:00,0,‚±‚±‚Éƒƒ‚‚ð‘}“ü‚Å‚«‚Ü‚·
PRMV0083226,N194000,2024/9/25 12:00,0,‚±‚±‚Éƒƒ‚‚ð‘}“ü‚Å‚«‚Ü‚·
PRMV0083227,N194000,2024/9/25 12:00,0,‚±‚±‚Éƒƒ‚‚ð‘}“ü‚Å‚«‚Ü‚·
PRMV0083228,N194000,2024/9/25 12:00,0,‚±‚±‚Éƒƒ‚‚ð‘}“ü‚Å‚«‚Ü‚·
PRMV0083229,N194000,2024/9/25 12:00,0,‚±‚±‚Éƒƒ‚‚ð‘}“ü‚Å‚«‚Ü‚·
PRMV0083230,N194000,2024/9/25 12:00,0,‚±‚±‚Éƒƒ‚‚ð‘}“ü‚Å‚«‚Ü‚·
PRMV0083231,N194000,2024/9/25 12:00,0,‚±‚±‚Éƒƒ‚‚ð‘}“ü‚Å‚«‚Ü‚·
PRMV0083232,N194000,2024/9/25 12:00,0,‚±‚±‚Éƒƒ‚‚ð‘}“ü‚Å‚«‚Ü‚·
PRMV0083233,N194000,2024/9/25 12:00,0,‚±‚±‚Éƒƒ‚‚ð‘}“ü‚Å‚«‚Ü‚·
PRMV0083234,N194000,2024/9/25 12:00,0,‚±‚±‚Éƒƒ‚‚ð‘}“ü‚Å‚«‚Ü‚·
PRMV0083235,N194000,2024/9/25 12:00,0,‚±‚±‚Éƒƒ‚‚ð‘}“ü‚Å‚«‚Ü‚·
PRMV0083236,N194000,2024/9/25 12:00,0,‚±‚±‚Éƒƒ‚‚ð‘}“ü‚Å‚«‚Ü‚·
PRMV0083237,N194000,2024/9/25 12:00,0,‚±‚±‚Éƒƒ‚‚ð‘}“ü‚Å‚«‚Ü‚·
PRMV0083238,N194000,2024/9/25 12:00,0,‚±‚±‚Éƒƒ‚‚ð‘}“ü‚Å‚«‚Ü‚·
PRMV0083239,N194000,2024/9/25 12:00,0,‚±‚±‚Éƒƒ‚‚ð‘}“ü‚Å‚«‚Ü‚·
PRMV0083240,N194000,2024/9/25 12:00,0,‚±‚±‚Éƒƒ‚‚ð‘}“ü‚Å‚«‚Ü‚·
PRMV0083241,N194000,2024/9/25 12:00,0,‚±‚±‚Éƒƒ‚‚ð‘}“ü‚Å‚«‚Ü‚·
PRMV0083242,N194000,2024/9/25 12:00,0,‚±‚±‚Éƒƒ‚‚ð‘}“ü‚Å‚«‚Ü‚·
PRMV0083243,N194000,2024/9/25 12:00,0,‚±‚±‚Éƒƒ‚‚ð‘}“ü‚Å‚«‚Ü‚·
PRMV0083244,N194000,2024/9/25 12:00,0,‚±‚±‚Éƒƒ‚‚ð‘}“ü‚Å‚«‚Ü‚·
PRMV0083245,N194000,2024/9/25 12:00,0,‚±‚±‚Éƒƒ‚‚ð‘}“ü‚Å‚«‚Ü‚·
PRMV0083246,N194000,2024/9/25 12:00,0,‚±‚±‚Éƒƒ‚‚ð‘}“ü‚Å‚«‚Ü‚·
PRMV0083247,N194000,2024/9/25 12:00,0,‚±‚±‚Éƒƒ‚‚ð‘}“ü‚Å‚«‚Ü‚·
PRMV0083248,N194000,2024/9/25 12:00,0,‚±‚±‚Éƒƒ‚‚ð‘}“ü‚Å‚«‚Ü‚·
PRMV0083249,N194000,2024/9/25 12:00,0,‚±‚±‚Éƒƒ‚‚ð‘}“ü‚Å‚«‚Ü‚·
PRMV0083250,N194000,2024/9/25 12:00,0,‚±‚±‚Éƒƒ‚‚ð‘}“ü‚Å‚«‚Ü‚·
PRMV0083251,N194000,2024/9/25 12:00,0,‚±‚±‚Éƒƒ‚‚ð‘}“ü‚Å‚«‚Ü‚·
PRMV0083252,N194000,2024/9/25 12:00,0,‚±‚±‚Éƒƒ‚‚ð‘}“ü‚Å‚«‚Ü‚·
PRMV0083253,N194000,2024/9/25 12:00,0,‚±‚±‚Éƒƒ‚‚ð‘}“ü‚Å‚«‚Ü‚·
PRMV0083254,N194000,2024/9/25 12:00,0,‚±‚±‚Éƒƒ‚‚ð‘}“ü‚Å‚«‚Ü‚·
PRMV0083255,N194000,2024/9/25 12:00,0,‚±‚±‚Éƒƒ‚‚ð‘}“ü‚Å‚«‚Ü‚·
PRMV0083256,N194000,2024/9/25 12:00,0,‚±‚±‚Éƒƒ‚‚ð‘}“ü‚Å‚«‚Ü‚·
PRMV0083257,N194000,2024/9/25 12:00,0,‚±‚±‚Éƒƒ‚‚ð‘}“ü‚Å‚«‚Ü‚·
PRMV0083258,N194000,2024/9/25 12:00,0,‚±‚±‚Éƒƒ‚‚ð‘}“ü‚Å‚«‚Ü‚·
PRMV0083259,N194000,2024/9/25 12:00,0,‚±‚±‚Éƒƒ‚‚ð‘}“ü‚Å‚«‚Ü‚·
PRMV0083260,N194000,2024/9/25 12:00,0,‚±‚±‚Éƒƒ‚‚ð‘}“ü‚Å‚«‚Ü‚·
PRMV0083261,N194000,2024/9/25 12:00,0,‚±‚±‚Éƒƒ‚‚ð‘}“ü‚Å‚«‚Ü‚·
PRMV0083262,N194000,2024/9/25 12:00,0,‚±‚±‚Éƒƒ‚‚ð‘}“ü‚Å‚«‚Ü‚·
PRMV0083263,N194000,2024/9/25 12:00,0,‚±‚±‚Éƒƒ‚‚ð‘}“ü‚Å‚«‚Ü‚·
PRMV0083264,N194000,2024/9/25 12:00,0,‚±‚±‚Éƒƒ‚‚ð‘}“ü‚Å‚«‚Ü‚·
PRMV0083265,N194000,2024/9/25 12:00,0,‚±‚±‚Éƒƒ‚‚ð‘}“ü‚Å‚«‚Ü‚·
PRMV0083266,N194000,2024/9/25 12:00,0,‚±‚±‚Éƒƒ‚‚ð‘}“ü‚Å‚«‚Ü‚·
PRMV0083267,N194000,2024/9/25 12:00,0,‚±‚±‚Éƒƒ‚‚ð‘}“ü‚Å‚«‚Ü‚·
PRMV0083268,N194000,2024/9/25 12:00,0,‚±‚±‚Éƒƒ‚‚ð‘}“ü‚Å‚«‚Ü‚·
PRMV0083269,N194000,2024/9/25 12:00,0,‚±‚±‚Éƒƒ‚‚ð‘}“ü‚Å‚«‚Ü‚·
PRMV0083270,N194000,2024/9/25 12:00,0,‚±‚±‚Éƒƒ‚‚ð‘}“ü‚Å‚«‚Ü‚·
PRMV0083271,N194000,2024/9/25 12:00,0,‚±‚±‚Éƒƒ‚‚ð‘}“ü‚Å‚«‚Ü‚·
PRMV0083272,N194000,2024/9/25 12:00,0,‚±‚±‚Éƒƒ‚‚ð‘}“ü‚Å‚«‚Ü‚·
PRMV0083273,N194000,2024/9/25 12:00,0,‚±‚±‚Éƒƒ‚‚ð‘}“ü‚Å‚«‚Ü‚·
PRMV0083274,N194000,2024/9/25 12:00,0,‚±‚±‚Éƒƒ‚‚ð‘}“ü‚Å‚«‚Ü‚·
PRMV0083275,N194000,2024/9/25 12:00,0,‚±‚±‚Éƒƒ‚‚ð‘}“ü‚Å‚«‚Ü‚·
PRMV0083276,N194000,2024/9/25 12:00,0,‚±‚±‚Éƒƒ‚‚ð‘}“ü‚Å‚«‚Ü‚·
PRMV0083277,N194000,2024/9/25 12:00,0,‚±‚±‚Éƒƒ‚‚ð‘}“ü‚Å‚«‚Ü‚·
PRMV0083278,N194000,2024/9/25 12:00,0,‚±‚±‚Éƒƒ‚‚ð‘}“ü‚Å‚«‚Ü‚·
PRMV0083279,N194000,2024/9/25 12:00,0,‚±‚±‚Éƒƒ‚‚ð‘}“ü‚Å‚«‚Ü‚·
PRMV0083280,N194000,2024/9/25 12:00,0,‚±‚±‚Éƒƒ‚‚ð‘}“ü‚Å‚«‚Ü‚·
PRMV0083281,N194000,2024/9/25 12:00,0,‚±‚±‚Éƒƒ‚‚ð‘}“ü‚Å‚«‚Ü‚·
PRMV0083282,N194000,2024/9/25 12:00,0,‚±‚±‚Éƒƒ‚‚ð‘}“ü‚Å‚«‚Ü‚·
PRMV0083283,N194000,2024/9/25 12:00,0,‚±‚±‚Éƒƒ‚‚ð‘}“ü‚Å‚«‚Ü‚·
PRMV0083318,N194000,2024/9/25 12:00,0,‚±‚±‚Éƒƒ‚‚ð‘}“ü‚Å‚«‚Ü‚·
PRMV0083319,N194000,2024/9/25 12:00,0,‚±‚±‚Éƒƒ‚‚ð‘}“ü‚Å‚«‚Ü‚·
PRMV0083320,N194000,2024/9/25 12:00,0,‚±‚±‚Éƒƒ‚‚ð‘}“ü‚Å‚«‚Ü‚·
PRMV0083321,N194000,2024/9/25 12:00,0,‚±‚±‚Éƒƒ‚‚ð‘}“ü‚Å‚«‚Ü‚·
PRMV0083322,N194000,2024/9/25 12:00,0,‚±‚±‚Éƒƒ‚‚ð‘}“ü‚Å‚«‚Ü‚·
PRMV0083323,N194000,2024/9/25 12:00,0,‚±‚±‚Éƒƒ‚‚ð‘}“ü‚Å‚«‚Ü‚·
PRMV0083324,N194000,2024/9/25 12:00,0,‚±‚±‚Éƒƒ‚‚ð‘}“ü‚Å‚«‚Ü‚·
PRMV0083325,N194000,2024/9/25 12:00,0,‚±‚±‚Éƒƒ‚‚ð‘}“ü‚Å‚«‚Ü‚·
PRMV0083326,N194000,2024/9/25 12:00,0,‚±‚±‚Éƒƒ‚‚ð‘}“ü‚Å‚«‚Ü‚·
PRMV0083327,N194000,2024/9/25 12:00,0,‚±‚±‚Éƒƒ‚‚ð‘}“ü‚Å‚«‚Ü‚·
PRMV0083328,N194000,2024/9/25 12:00,0,‚±‚±‚Éƒƒ‚‚ð‘}“ü‚Å‚«‚Ü‚·
PRMV0083329,N194000,2024/9/25 12:00,0,‚±‚±‚Éƒƒ‚‚ð‘}“ü‚Å‚«‚Ü‚·
PRMV0083330,N194000,2024/9/25 12:00,0,‚±‚±‚Éƒƒ‚‚ð‘}“ü‚Å‚«‚Ü‚·
PRMV0083331,N194000,2024/9/25 12:00,0,‚±‚±‚Éƒƒ‚‚ð‘}“ü‚Å‚«‚Ü‚·
PRMV0083332,N194000,2024/9/25 12:00,0,‚±‚±‚Éƒƒ‚‚ð‘}“ü‚Å‚«‚Ü‚·
PRMV0083333,N194000,2024/9/25 12:00,0,‚±‚±‚Éƒƒ‚‚ð‘}“ü‚Å‚«‚Ü‚·
PRMV0083334,N194000,2024/9/25 12:00,0,‚±‚±‚Éƒƒ‚‚ð‘}“ü‚Å‚«‚Ü‚·
PRMV0083335,N194000,2024/9/25 12:00,0,‚±‚±‚Éƒƒ‚‚ð‘}“ü‚Å‚«‚Ü‚·
PRMV0083336,N194000,2024/9/25 12:00,0,‚±‚±‚Éƒƒ‚‚ð‘}“ü‚Å‚«‚Ü‚·
PRMV0083337,N194000,2024/9/25 12:00,0,‚±‚±‚Éƒƒ‚‚ð‘}“ü‚Å‚«‚Ü‚·
PRMV0083338,N194000,2024/9/25 12:00,0,‚±‚±‚Éƒƒ‚‚ð‘}“ü‚Å‚«‚Ü‚·
PRMV0083339,N194000,2024/9/25 12:00,0,‚±‚±‚Éƒƒ‚‚ð‘}“ü‚Å‚«‚Ü‚·
PRMV0083340,N194000,2024/9/25 12:00,0,‚±‚±‚Éƒƒ‚‚ð‘}“ü‚Å‚«‚Ü‚·
PRMV0083341,N194000,2024/9/25 12:00,0,‚±‚±‚Éƒƒ‚‚ð‘}“ü‚Å‚«‚Ü‚·
PRMV0083342,N194000,2024/9/25 12:00,0,‚±‚±‚Éƒƒ‚‚ð‘}“ü‚Å‚«‚Ü‚·
PRMV0083343,N194000,2024/9/25 12:00,0,‚±‚±‚Éƒƒ‚‚ð‘}“ü‚Å‚«‚Ü‚·
PRMV0083344,N194000,2024/9/25 12:00,0,‚±‚±‚Éƒƒ‚‚ð‘}“ü‚Å‚«‚Ü‚·
PRMV0083345,N194000,2024/9/25 12:00,0,‚±‚±‚Éƒƒ‚‚ð‘}“ü‚Å‚«‚Ü‚·
PRMV0083346,N194000,2024/9/25 12:00,0,‚±‚±‚Éƒƒ‚‚ð‘}“ü‚Å‚«‚Ü‚·
PRMV0083347,N194000,2024/9/25 12:00,0,‚±‚±‚Éƒƒ‚‚ð‘}“ü‚Å‚«‚Ü‚·
PRMV0083348,N194000,2024/9/25 12:00,0,‚±‚±‚Éƒƒ‚‚ð‘}“ü‚Å‚«‚Ü‚·
PRMV0083349,N194000,2024/9/25 12:00,0,‚±‚±‚Éƒƒ‚‚ð‘}“ü‚Å‚«‚Ü‚·
PRMV0083350,N194000,2024/9/25 12:00,0,‚±‚±‚Éƒƒ‚‚ð‘}“ü‚Å‚«‚Ü‚·
PRMV0083351,N194000,2024/9/25 12:00,0,‚±‚±‚Éƒƒ‚‚ð‘}“ü‚Å‚«‚Ü‚·
PRMV0083352,N194000,2024/9/25 12:00,0,‚±‚±‚Éƒƒ‚‚ð‘}“ü‚Å‚«‚Ü‚·
PRMV0083353,N194000,2024/9/25 12:00,0,‚±‚±‚Éƒƒ‚‚ð‘}“ü‚Å‚«‚Ü‚·
PRMV0083354,N194000,2024/9/25 12:00,0,‚±‚±‚Éƒƒ‚‚ð‘}“ü‚Å‚«‚Ü‚·
PRMV0083355,N194000,2024/9/25 12:00,0,‚±‚±‚Éƒƒ‚‚ð‘}“ü‚Å‚«‚Ü‚·
PRMV0083356,N194000,2024/9/25 12:00,0,‚±‚±‚Éƒƒ‚‚ð‘}“ü‚Å‚«‚Ü‚·
PRMV0083357,N194000,2024/9/25 12:00,0,‚±‚±‚Éƒƒ‚‚ð‘}“ü‚Å‚«‚Ü‚·
PRMV0083358,N194000,2024/9/25 12:00,0,‚±‚±‚Éƒƒ‚‚ð‘}“ü‚Å‚«‚Ü‚·
PRMV0083359,N194000,2024/9/25 12:00,0,‚±‚±‚Éƒƒ‚‚ð‘}“ü‚Å‚«‚Ü‚·
PRMV0083360,N194000,2024/9/25 12:00,0,‚±‚±‚Éƒƒ‚‚ð‘}“ü‚Å‚«‚Ü‚·
PRMV0083361,N194000,2024/9/25 12:00,0,‚±‚±‚Éƒƒ‚‚ð‘}“ü‚Å‚«‚Ü‚·
PRMV0083362,N194000,2024/9/25 12:00,0,‚±‚±‚Éƒƒ‚‚ð‘}“ü‚Å‚«‚Ü‚·
PRMV0083363,N194000,2024/9/25 12:00,0,‚±‚±‚Éƒƒ‚‚ð‘}“ü‚Å‚«‚Ü‚·
PRMV0083364,N194000,2024/9/25 12:00,0,‚±‚±‚Éƒƒ‚‚ð‘}“ü‚Å‚«‚Ü‚·
PRMV0083365,N194000,2024/9/25 12:00,0,‚±‚±‚Éƒƒ‚‚ð‘}“ü‚Å‚«‚Ü‚·
PRMV0083366,N194000,2024/9/25 12:00,0,‚±‚±‚Éƒƒ‚‚ð‘}“ü‚Å‚«‚Ü‚·
PRMV0083367,N194000,2024/9/25 12:00,0,‚±‚±‚Éƒƒ‚‚ð‘}“ü‚Å‚«‚Ü‚·
PRMV0083368,N194000,2024/9/25 12:00,0,‚±‚±‚Éƒƒ‚‚ð‘}“ü‚Å‚«‚Ü‚·
PRMV0083369,N194000,2024/9/25 12:00,0,‚±‚±‚Éƒƒ‚‚ð‘}“ü‚Å‚«‚Ü‚·
PRMV0083370,N194000,2024/9/25 12:00,0,‚±‚±‚Éƒƒ‚‚ð‘}“ü‚Å‚«‚Ü‚·
PRMV0083371,N194000,2024/9/25 12:00,0,‚±‚±‚Éƒƒ‚‚ð‘}“ü‚Å‚«‚Ü‚·
PRMV0083372,N194000,2024/9/25 12:00,0,‚±‚±‚Éƒƒ‚‚ð‘}“ü‚Å‚«‚Ü‚·
PRMV0083373,N194000,2024/9/25 12:00,0,‚±‚±‚Éƒƒ‚‚ð‘}“ü‚Å‚«‚Ü‚·
PRMV0083374,N194000,2024/9/25 12:00,0,‚±‚±‚Éƒƒ‚‚ð‘}“ü‚Å‚«‚Ü‚·
PRMV0083375,N194000,2024/9/25 12:00,0,‚±‚±‚Éƒƒ‚‚ð‘}“ü‚Å‚«‚Ü‚·
PRMV0083376,N194000,2024/9/25 12:00,0,‚±‚±‚Éƒƒ‚‚ð‘}“ü‚Å‚«‚Ü‚·
PRMV0083377,N194000,2024/9/25 12:00,0,‚±‚±‚Éƒƒ‚‚ð‘}“ü‚Å‚«‚Ü‚·
PRMV0083378,N194000,2024/9/25 12:00,0,‚±‚±‚Éƒƒ‚‚ð‘}“ü‚Å‚«‚Ü‚·
PRMV0083379,N194000,2024/9/25 12:00,0,‚±‚±‚Éƒƒ‚‚ð‘}“ü‚Å‚«‚Ü‚·
PRMV0083380,N194000,2024/9/25 12:00,0,‚±‚±‚Éƒƒ‚‚ð‘}“ü‚Å‚«‚Ü‚·
PRMV0083381,N194000,2024/9/25 12:00,0,‚±‚±‚Éƒƒ‚‚ð‘}“ü‚Å‚«‚Ü‚·
PRMV0083382,N194000,2024/9/25 12:00,0,‚±‚±‚Éƒƒ‚‚ð‘}“ü‚Å‚«‚Ü‚·
PRMV0083383,N194000,2024/9/25 12:00,0,‚±‚±‚Éƒƒ‚‚ð‘}“ü‚Å‚«‚Ü‚·
PRMV0083384,N194000,2024/9/25 12:00,0,‚±‚±‚Éƒƒ‚‚ð‘}“ü‚Å‚«‚Ü‚·
PRMV0083385,N194000,2024/9/25 12:00,0,‚±‚±‚Éƒƒ‚‚ð‘}“ü‚Å‚«‚Ü‚·
PRMV0083386,N194000,2024/9/25 12:00,0,‚±‚±‚Éƒƒ‚‚ð‘}“ü‚Å‚«‚Ü‚·
PRMV0083387,N194000,2024/9/25 12:00,0,‚±‚±‚Éƒƒ‚‚ð‘}“ü‚Å‚«‚Ü‚·
PRMV0083388,N194000,2024/9/25 12:00,0,‚±‚±‚Éƒƒ‚‚ð‘}“ü‚Å‚«‚Ü‚·
PRMV0083389,N194000,2024/9/25 12:00,0,‚±‚±‚Éƒƒ‚‚ð‘}“ü‚Å‚«‚Ü‚·
PRMV0083390,N194000,2024/9/25 12:00,0,‚±‚±‚Éƒƒ‚‚ð‘}“ü‚Å‚«‚Ü‚·
PRMV0083391,N194000,2024/9/25 12:00,0,‚±‚±‚Éƒƒ‚‚ð‘}“ü‚Å‚«‚Ü‚·
PRMV0083392,N194000,2024/9/25 12:00,0,‚±‚±‚Éƒƒ‚‚ð‘}“ü‚Å‚«‚Ü‚·
PRMV0083393,N194000,2024/9/25 12:00,0,‚±‚±‚Éƒƒ‚‚ð‘}“ü‚Å‚«‚Ü‚·
PRMV0083394,N194000,2024/9/25 12:00,0,‚±‚±‚Éƒƒ‚‚ð‘}“ü‚Å‚«‚Ü‚·
PRMV0083395,N194000,2024/9/25 12:00,0,‚±‚±‚Éƒƒ‚‚ð‘}“ü‚Å‚«‚Ü‚·
PRMV0083396,N194000,2024/9/25 12:00,0,‚±‚±‚Éƒƒ‚‚ð‘}“ü‚Å‚«‚Ü‚·
PRMV0083397,N194000,2024/9/25 12:00,0,‚±‚±‚Éƒƒ‚‚ð‘}“ü‚Å‚«‚Ü‚·
PRMV0083398,N194000,2024/9/25 12:00,0,‚±‚±‚Éƒƒ‚‚ð‘}“ü‚Å‚«‚Ü‚·
PRMV0083399,N194000,2024/9/25 12:00,0,‚±‚±‚Éƒƒ‚‚ð‘}“ü‚Å‚«‚Ü‚·
PRMV0083400,N194000,2024/9/25 12:00,0,‚±‚±‚Éƒƒ‚‚ð‘}“ü‚Å‚«‚Ü‚·
PRMV0083401,N194000,2024/9/25 12:00,0,‚±‚±‚Éƒƒ‚‚ð‘}“ü‚Å‚«‚Ü‚·
PRMV0083402,N194000,2024/9/25 12:00,0,‚±‚±‚Éƒƒ‚‚ð‘}“ü‚Å‚«‚Ü‚·
PRMV0083403,N194000,2024/9/25 12:00,0,‚±‚±‚Éƒƒ‚‚ð‘}“ü‚Å‚«‚Ü‚·
PRMV0083404,N194000,2024/9/25 12:00,0,‚±‚±‚Éƒƒ‚‚ð‘}“ü‚Å‚«‚Ü‚·
PRMV0083405,N194000,2024/9/25 12:00,0,‚±‚±‚Éƒƒ‚‚ð‘}“ü‚Å‚«‚Ü‚·
PRMV0083406,N194000,2024/9/25 12:00,0,‚±‚±‚Éƒƒ‚‚ð‘}“ü‚Å‚«‚Ü‚·
PRMV0083407,N194000,2024/9/25 12:00,0,‚±‚±‚Éƒƒ‚‚ð‘}“ü‚Å‚«‚Ü‚·
PRMV0083408,N194000,2024/9/25 12:00,0,‚±‚±‚Éƒƒ‚‚ð‘}“ü‚Å‚«‚Ü‚·
PRMV0083409,N194000,2024/9/25 12:00,0,‚±‚±‚Éƒƒ‚‚ð‘}“ü‚Å‚«‚Ü‚·
PRMV0083410,N194000,2024/9/25 12:00,0,‚±‚±‚Éƒƒ‚‚ð‘}“ü‚Å‚«‚Ü‚·
PRMV0083411,N194000,2024/9/25 12:00,0,‚±‚±‚Éƒƒ‚‚ð‘}“ü‚Å‚«‚Ü‚·
PRMV0083412,N194000,2024/9/25 12:00,0,‚±‚±‚Éƒƒ‚‚ð‘}“ü‚Å‚«‚Ü‚·
PRMV0083413,N194000,2024/9/25 12:00,0,‚±‚±‚Éƒƒ‚‚ð‘}“ü‚Å‚«‚Ü‚·
PRMV0083414,N194000,2024/9/25 12:00,0,‚±‚±‚Éƒƒ‚‚ð‘}“ü‚Å‚«‚Ü‚·
PRMV0083415,N194000,2024/9/25 12:00,0,‚±‚±‚Éƒƒ‚‚ð‘}“ü‚Å‚«‚Ü‚·
PRMV0083416,N194000,2024/9/25 12:00,0,‚±‚±‚Éƒƒ‚‚ð‘}“ü‚Å‚«‚Ü‚·
PRMV0083417,N194000,2024/9/25 12:00,0,‚±‚±‚Éƒƒ‚‚ð‘}“ü‚Å‚«‚Ü‚·
PRMV0083418,N194000,2024/9/25 12:00,0,‚±‚±‚Éƒƒ‚‚ð‘}“ü‚Å‚«‚Ü‚·
PRMV0083419,N194000,2024/9/25 12:00,0,‚±‚±‚Éƒƒ‚‚ð‘}“ü‚Å‚«‚Ü‚·
PRMV0083420,N194000,2024/9/25 12:00,0,‚±‚±‚Éƒƒ‚‚ð‘}“ü‚Å‚«‚Ü‚·
PRMV0083421,N194000,2024/9/25 12:00,0,‚±‚±‚Éƒƒ‚‚ð‘}“ü‚Å‚«‚Ü‚·
PRMV0083422,N194000,2024/9/25 12:00,0,‚±‚±‚Éƒƒ‚‚ð‘}“ü‚Å‚«‚Ü‚·
PRMV0083423,N194000,2024/9/25 12:00,0,‚±‚±‚Éƒƒ‚‚ð‘}“ü‚Å‚«‚Ü‚·
PRMV0083424,N194000,2024/9/25 12:00,0,‚±‚±‚Éƒƒ‚‚ð‘}“ü‚Å‚«‚Ü‚·
PRMV0083425,N194000,2024/9/25 12:00,0,‚±‚±‚Éƒƒ‚‚ð‘}“ü‚Å‚«‚Ü‚·
PRMV0083426,N194000,2024/9/25 12:00,0,‚±‚±‚Éƒƒ‚‚ð‘}“ü‚Å‚«‚Ü‚·
PRMV0083427,N194000,2024/9/25 12:00,0,‚±‚±‚Éƒƒ‚‚ð‘}“ü‚Å‚«‚Ü‚·
PRMV0083428,N194000,2024/9/25 12:00,0,‚±‚±‚Éƒƒ‚‚ð‘}“ü‚Å‚«‚Ü‚·
PRMV0083429,N194000,2024/9/25 12:00,0,‚±‚±‚Éƒƒ‚‚ð‘}“ü‚Å‚«‚Ü‚·
PRMV0083430,N194000,2024/9/25 12:00,0,‚±‚±‚Éƒƒ‚‚ð‘}“ü‚Å‚«‚Ü‚·
PRMV0083431,N194000,2024/9/25 12:00,0,‚±‚±‚Éƒƒ‚‚ð‘}“ü‚Å‚«‚Ü‚·
PRMV0083432,N194000,2024/9/25 12:00,0,‚±‚±‚Éƒƒ‚‚ð‘}“ü‚Å‚«‚Ü‚·
PRMV0083433,N194000,2024/9/25 12:00,0,‚±‚±‚Éƒƒ‚‚ð‘}“ü‚Å‚«‚Ü‚·
PRMV0083434,N194000,2024/9/25 12:00,0,‚±‚±‚Éƒƒ‚‚ð‘}“ü‚Å‚«‚Ü‚·
PRMV0083435,N194000,2024/9/25 12:00,0,‚±‚±‚Éƒƒ‚‚ð‘}“ü‚Å‚«‚Ü‚·
PRMV0083436,N194000,2024/9/25 12:00,0,‚±‚±‚Éƒƒ‚‚ð‘}“ü‚Å‚«‚Ü‚·
PRMV0083437,N194000,2024/9/25 12:00,0,‚±‚±‚Éƒƒ‚‚ð‘}“ü‚Å‚«‚Ü‚·
PRMV0083438,N194000,2024/9/25 12:00,0,‚±‚±‚Éƒƒ‚‚ð‘}“ü‚Å‚«‚Ü‚·
PRMV0083439,N194000,2024/9/25 12:00,0,‚±‚±‚Éƒƒ‚‚ð‘}“ü‚Å‚«‚Ü‚·
PRMV0083440,N194000,2024/9/25 12:00,0,‚±‚±‚Éƒƒ‚‚ð‘}“ü‚Å‚«‚Ü‚·
PRMV0083441,N194000,2024/9/25 12:00,0,‚±‚±‚Éƒƒ‚‚ð‘}“ü‚Å‚«‚Ü‚·
PRMV0083442,N194000,2024/9/25 12:00,0,‚±‚±‚Éƒƒ‚‚ð‘}“ü‚Å‚«‚Ü‚·
PRMV0083443,N194000,2024/9/25 12:00,0,‚±‚±‚Éƒƒ‚‚ð‘}“ü‚Å‚«‚Ü‚·
PRMV0083444,N194000,2024/9/25 12:00,0,‚±‚±‚Éƒƒ‚‚ð‘}“ü‚Å‚«‚Ü‚·
PRMV0083445,N194000,2024/9/25 12:00,0,‚±‚±‚Éƒƒ‚‚ð‘}“ü‚Å‚«‚Ü‚·
PRMV0083446,N194000,2024/9/25 12:00,0,‚±‚±‚Éƒƒ‚‚ð‘}“ü‚Å‚«‚Ü‚·
PRMV0083447,N194000,2024/9/25 12:00,0,‚±‚±‚Éƒƒ‚‚ð‘}“ü‚Å‚«‚Ü‚·
PRMV0083448,N194000,2024/9/25 12:00,0,‚±‚±‚Éƒƒ‚‚ð‘}“ü‚Å‚«‚Ü‚·
PRMV0083449,N194000,2024/9/25 12:00,0,‚±‚±‚Éƒƒ‚‚ð‘}“ü‚Å‚«‚Ü‚·
PRMV0083450,N194000,2024/9/25 12:00,0,‚±‚±‚Éƒƒ‚‚ð‘}“ü‚Å‚«‚Ü‚·
PRMV0083451,N194000,2024/9/25 12:00,0,‚±‚±‚Éƒƒ‚‚ð‘}“ü‚Å‚«‚Ü‚·
PRMV0083452,N194000,2024/9/25 12:00,0,‚±‚±‚Éƒƒ‚‚ð‘}“ü‚Å‚«‚Ü‚·
PRMV0083453,N194000,2024/9/25 12:00,0,‚±‚±‚Éƒƒ‚‚ð‘}“ü‚Å‚«‚Ü‚·
PRMV0083454,N194000,2024/9/25 12:00,0,‚±‚±‚Éƒƒ‚‚ð‘}“ü‚Å‚«‚Ü‚·
PRMV0083455,N194000,2024/9/25 12:00,0,‚±‚±‚Éƒƒ‚‚ð‘}“ü‚Å‚«‚Ü‚·
PRMV0083456,N194000,2024/9/25 12:00,0,‚±‚±‚Éƒƒ‚‚ð‘}“ü‚Å‚«‚Ü‚·
PRMV0083457,N194000,2024/9/25 12:00,0,‚±‚±‚Éƒƒ‚‚ð‘}“ü‚Å‚«‚Ü‚·
PRMV0083458,N194000,2024/9/25 12:00,0,‚±‚±‚Éƒƒ‚‚ð‘}“ü‚Å‚«‚Ü‚·
PRMV0083459,N194000,2024/9/25 12:00,0,‚±‚±‚Éƒƒ‚‚ð‘}“ü‚Å‚«‚Ü‚·
PRMV0083460,N194000,2024/9/25 12:00,0,‚±‚±‚Éƒƒ‚‚ð‘}“ü‚Å‚«‚Ü‚·
PRMV0083461,N194000,2024/9/25 12:00,0,‚±‚±‚Éƒƒ‚‚ð‘}“ü‚Å‚«‚Ü‚·
PRMV0083462,N194000,2024/9/25 12:00,0,‚±‚±‚Éƒƒ‚‚ð‘}“ü‚Å‚«‚Ü‚·
PRMV0083463,N194000,2024/9/25 12:00,0,‚±‚±‚Éƒƒ‚‚ð‘}“ü‚Å‚«‚Ü‚·
PRMV0083464,N194000,2024/9/25 12:00,0,‚±‚±‚Éƒƒ‚‚ð‘}“ü‚Å‚«‚Ü‚·
PRMV0083465,N194000,2024/9/25 12:00,0,‚±‚±‚Éƒƒ‚‚ð‘}“ü‚Å‚«‚Ü‚·
PRMV0083466,N194000,2024/9/25 12:00,0,‚±‚±‚Éƒƒ‚‚ð‘}“ü‚Å‚«‚Ü‚·
PRMV0083467,N194000,2024/9/25 12:00,0,‚±‚±‚Éƒƒ‚‚ð‘}“ü‚Å‚«‚Ü‚·
PRMV0083468,N194000,2024/9/25 12:00,0,‚±‚±‚Éƒƒ‚‚ð‘}“ü‚Å‚«‚Ü‚·
PRMV0083469,N194000,2024/9/25 12:00,0,‚±‚±‚Éƒƒ‚‚ð‘}“ü‚Å‚«‚Ü‚·
PRMV0083470,N194000,2024/9/25 12:00,0,‚±‚±‚Éƒƒ‚‚ð‘}“ü‚Å‚«‚Ü‚·
PRMV0083471,N194000,2024/9/25 12:00,0,‚±‚±‚Éƒƒ‚‚ð‘}“ü‚Å‚«‚Ü‚·
PRMV0083472,N194000,2024/9/25 12:00,0,‚±‚±‚Éƒƒ‚‚ð‘}“ü‚Å‚«‚Ü‚·
PRMV0083473,N194000,2024/9/25 12:00,0,‚±‚±‚Éƒƒ‚‚ð‘}“ü‚Å‚«‚Ü‚·
PRMV0083474,N194000,2024/9/25 12:00,0,‚±‚±‚Éƒƒ‚‚ð‘}“ü‚Å‚«‚Ü‚·
PRMV0083475,N194000,2024/9/25 12:00,0,‚±‚±‚Éƒƒ‚‚ð‘}“ü‚Å‚«‚Ü‚·
PRMV0083476,N194000,2024/9/25 12:00,0,‚±‚±‚Éƒƒ‚‚ð‘}“ü‚Å‚«‚Ü‚·
PRMV0083477,N194000,2024/9/25 12:00,0,‚±‚±‚Éƒƒ‚‚ð‘}“ü‚Å‚«‚Ü‚·
PRMV0083478,N194000,2024/9/25 12:00,0,‚±‚±‚Éƒƒ‚‚ð‘}“ü‚Å‚«‚Ü‚·
PRMV0083479,N194000,2024/9/25 12:00,0,‚±‚±‚Éƒƒ‚‚ð‘}“ü‚Å‚«‚Ü‚·
PRMV0083480,N194000,2024/9/25 12:00,0,‚±‚±‚Éƒƒ‚‚ð‘}“ü‚Å‚«‚Ü‚·
PRMV0083481,N194000,2024/9/25 12:00,0,‚±‚±‚Éƒƒ‚‚ð‘}“ü‚Å‚«‚Ü‚·
PRMV0083482,N194000,2024/9/25 12:00,0,‚±‚±‚Éƒƒ‚‚ð‘}“ü‚Å‚«‚Ü‚·
PRMV0083483,N194000,2024/9/25 12:00,0,‚±‚±‚Éƒƒ‚‚ð‘}“ü‚Å‚«‚Ü‚·
PRMV0083484,N194000,2024/9/25 12:00,0,‚±‚±‚Éƒƒ‚‚ð‘}“ü‚Å‚«‚Ü‚·
PRMV0083485,N194000,2024/9/25 12:00,0,‚±‚±‚Éƒƒ‚‚ð‘}“ü‚Å‚«‚Ü‚·
PRMV0083486,N194000,2024/9/25 12:00,0,‚±‚±‚Éƒƒ‚‚ð‘}“ü‚Å‚«‚Ü‚·
PRMV0083487,N194000,2024/9/25 12:00,0,‚±‚±‚Éƒƒ‚‚ð‘}“ü‚Å‚«‚Ü‚·
PRMV0083488,N194000,2024/9/25 12:00,0,‚±‚±‚Éƒƒ‚‚ð‘}“ü‚Å‚«‚Ü‚·
PRMV0083489,N194000,2024/9/25 12:00,0,‚±‚±‚Éƒƒ‚‚ð‘}“ü‚Å‚«‚Ü‚·
PRMV0083490,N194000,2024/9/25 12:00,0,‚±‚±‚Éƒƒ‚‚ð‘}“ü‚Å‚«‚Ü‚·
PRMV0083491,N194000,2024/9/25 12:00,0,‚±‚±‚Éƒƒ‚‚ð‘}“ü‚Å‚«‚Ü‚·
PRMV0083492,N194000,2024/9/25 12:00,0,‚±‚±‚Éƒƒ‚‚ð‘}“ü‚Å‚«‚Ü‚·
PRMV0083493,N194000,2024/9/25 12:00,0,‚±‚±‚Éƒƒ‚‚ð‘}“ü‚Å‚«‚Ü‚·
PRMV0083494,N194000,2024/9/25 12:00,0,‚±‚±‚Éƒƒ‚‚ð‘}“ü‚Å‚«‚Ü‚·
PRMV0083495,N194000,2024/9/25 12:00,0,‚±‚±‚Éƒƒ‚‚ð‘}“ü‚Å‚«‚Ü‚·
PRMV0083496,N194000,2024/9/25 12:00,0,‚±‚±‚Éƒƒ‚‚ð‘}“ü‚Å‚«‚Ü‚·
PRMV0083497,N194000,2024/9/25 12:00,0,‚±‚±‚Éƒƒ‚‚ð‘}“ü‚Å‚«‚Ü‚·
PRMV0083498,N194000,2024/9/25 12:00,0,‚±‚±‚Éƒƒ‚‚ð‘}“ü‚Å‚«‚Ü‚·
PRMV0083499,N194000,2024/9/25 12:00,0,‚±‚±‚Éƒƒ‚‚ð‘}“ü‚Å‚«‚Ü‚·
PRMV0083500,N194000,2024/9/25 12:00,0,‚±‚±‚Éƒƒ‚‚ð‘}“ü‚Å‚«‚Ü‚·
PRMV0083501,N194000,2024/9/25 12:00,0,‚±‚±‚Éƒƒ‚‚ð‘}“ü‚Å‚«‚Ü‚·
PRMV0083502,N194000,2024/9/25 12:00,0,‚±‚±‚Éƒƒ‚‚ð‘}“ü‚Å‚«‚Ü‚·
PRMV0083503,N194000,2024/9/25 12:00,0,‚±‚±‚Éƒƒ‚‚ð‘}“ü‚Å‚«‚Ü‚·
PRMV0083504,N194000,2024/9/25 12:00,0,‚±‚±‚Éƒƒ‚‚ð‘}“ü‚Å‚«‚Ü‚·
PRMV0083505,N194000,2024/9/25 12:00,0,‚±‚±‚Éƒƒ‚‚ð‘}“ü‚Å‚«‚Ü‚·
PRMV0083506,N194000,2024/9/25 12:00,0,‚±‚±‚Éƒƒ‚‚ð‘}“ü‚Å‚«‚Ü‚·
PRMV0083507,N194000,2024/9/25 12:00,0,‚±‚±‚Éƒƒ‚‚ð‘}“ü‚Å‚«‚Ü‚·
PRMV0083508,N194000,2024/9/25 12:00,0,‚±‚±‚Éƒƒ‚‚ð‘}“ü‚Å‚«‚Ü‚·
PRMV0083509,N194000,2024/9/25 12:00,0,‚±‚±‚Éƒƒ‚‚ð‘}“ü‚Å‚«‚Ü‚·
PRMV0083510,N194000,2024/9/25 12:00,0,‚±‚±‚Éƒƒ‚‚ð‘}“ü‚Å‚«‚Ü‚·
PRMV0083511,N194000,2024/9/25 12:00,0,‚±‚±‚Éƒƒ‚‚ð‘}“ü‚Å‚«‚Ü‚·
PRMV0083512,N194000,2024/9/25 12:00,0,‚±‚±‚Éƒƒ‚‚ð‘}“ü‚Å‚«‚Ü‚·
PRMV0083513,N194000,2024/9/25 12:00,0,‚±‚±‚Éƒƒ‚‚ð‘}“ü‚Å‚«‚Ü‚·
PRMV0083514,N194000,2024/9/25 12:00,0,‚±‚±‚Éƒƒ‚‚ð‘}“ü‚Å‚«‚Ü‚·
PRMV0083515,N194000,2024/9/25 12:00,0,‚±‚±‚Éƒƒ‚‚ð‘}“ü‚Å‚«‚Ü‚·
PRMV0083516,N194000,2024/9/25 12:00,0,‚±‚±‚Éƒƒ‚‚ð‘}“ü‚Å‚«‚Ü‚·
PRMV0083517,N194000,2024/9/25 12:00,0,‚±‚±‚Éƒƒ‚‚ð‘}“ü‚Å‚«‚Ü‚·
PRMV0083518,N194000,2024/9/25 12:00,0,‚±‚±‚Éƒƒ‚‚ð‘}“ü‚Å‚«‚Ü‚·
PRMV0083519,N194000,2024/9/25 12:00,0,‚±‚±‚Éƒƒ‚‚ð‘}“ü‚Å‚«‚Ü‚·
PRMV0083520,N194000,2024/9/25 12:00,0,‚±‚±‚Éƒƒ‚‚ð‘}“ü‚Å‚«‚Ü‚·
PRMV0083521,N194000,2024/9/25 12:00,0,‚±‚±‚Éƒƒ‚‚ð‘}“ü‚Å‚«‚Ü‚·
PRMV0083522,N194000,2024/9/25 12:00,0,‚±‚±‚Éƒƒ‚‚ð‘}“ü‚Å‚«‚Ü‚·
PRMV0083523,N194000,2024/9/25 12:00,0,‚±‚±‚Éƒƒ‚‚ð‘}“ü‚Å‚«‚Ü‚·
PRMV0083524,N194000,2024/9/25 12:00,0,‚±‚±‚Éƒƒ‚‚ð‘}“ü‚Å‚«‚Ü‚·
PRMV0083525,N194000,2024/9/25 12:00,0,‚±‚±‚Éƒƒ‚‚ð‘}“ü‚Å‚«‚Ü‚·
PRMV0083526,N194000,2024/9/25 12:00,0,‚±‚±‚Éƒƒ‚‚ð‘}“ü‚Å‚«‚Ü‚·
PRMV0083527,N194000,2024/9/25 12:00,0,‚±‚±‚Éƒƒ‚‚ð‘}“ü‚Å‚«‚Ü‚·
PRMV0083528,N194000,2024/9/25 12:00,0,‚±‚±‚Éƒƒ‚‚ð‘}“ü‚Å‚«‚Ü‚·
PRMV0083529,N194000,2024/9/25 12:00,0,‚±‚±‚Éƒƒ‚‚ð‘}“ü‚Å‚«‚Ü‚·
PRMV0083530,N194000,2024/9/25 12:00,0,‚±‚±‚Éƒƒ‚‚ð‘}“ü‚Å‚«‚Ü‚·
PRMV0083531,N194000,2024/9/25 12:00,0,‚±‚±‚Éƒƒ‚‚ð‘}“ü‚Å‚«‚Ü‚·
PRMV0083532,N194000,2024/9/25 12:00,0,‚±‚±‚Éƒƒ‚‚ð‘}“ü‚Å‚«‚Ü‚·
PRMV0083533,N194000,2024/9/25 12:00,0,‚±‚±‚Éƒƒ‚‚ð‘}“ü‚Å‚«‚Ü‚·
PRMV0083534,N194000,2024/9/25 12:00,0,‚±‚±‚Éƒƒ‚‚ð‘}“ü‚Å‚«‚Ü‚·
PRMV0083535,N194000,2024/9/25 12:00,0,‚±‚±‚Éƒƒ‚‚ð‘}“ü‚Å‚«‚Ü‚·
PRMV0083536,N194000,2024/9/25 12:00,0,‚±‚±‚Éƒƒ‚‚ð‘}“ü‚Å‚«‚Ü‚·
PRMV0083537,N194000,2024/9/25 12:00,0,‚±‚±‚Éƒƒ‚‚ð‘}“ü‚Å‚«‚Ü‚·
PRMV0083538,N194000,2024/9/25 12:00,0,‚±‚±‚Éƒƒ‚‚ð‘}“ü‚Å‚«‚Ü‚·
PRMV0083539,N194000,2024/9/25 12:00,0,‚±‚±‚Éƒƒ‚‚ð‘}“ü‚Å‚«‚Ü‚·
PRMV0083540,N194000,2024/9/25 12:00,0,‚±‚±‚Éƒƒ‚‚ð‘}“ü‚Å‚«‚Ü‚·
PRMV0083541,N194000,2024/9/25 12:00,0,‚±‚±‚Éƒƒ‚‚ð‘}“ü‚Å‚«‚Ü‚·
PRMV0083542,N194000,2024/9/25 12:00,0,‚±‚±‚Éƒƒ‚‚ð‘}“ü‚Å‚«‚Ü‚·
PRMV0083543,N194000,2024/9/25 12:00,0,‚±‚±‚Éƒƒ‚‚ð‘}“ü‚Å‚«‚Ü‚·
PRMV0083544,N194000,2024/9/25 12:00,0,‚±‚±‚Éƒƒ‚‚ð‘}“ü‚Å‚«‚Ü‚·
PRMV0083545,N194000,2024/9/25 12:00,0,‚±‚±‚Éƒƒ‚‚ð‘}“ü‚Å‚«‚Ü‚·
PRMV0083546,N194000,2024/9/25 12:00,0,‚±‚±‚Éƒƒ‚‚ð‘}“ü‚Å‚«‚Ü‚·
PRMV0083547,N194000,2024/9/25 12:00,0,‚±‚±‚Éƒƒ‚‚ð‘}“ü‚Å‚«‚Ü‚·
PRMV0083548,N194000,2024/9/25 12:00,0,‚±‚±‚Éƒƒ‚‚ð‘}“ü‚Å‚«‚Ü‚·
PRMV0083549,N194000,2024/9/25 12:00,0,‚±‚±‚Éƒƒ‚‚ð‘}“ü‚Å‚«‚Ü‚·
PRMV0083550,N194000,2024/9/25 12:00,0,‚±‚±‚Éƒƒ‚‚ð‘}“ü‚Å‚«‚Ü‚·
PRMV0083551,N194000,2024/9/25 12:00,0,‚±‚±‚Éƒƒ‚‚ð‘}“ü‚Å‚«‚Ü‚·
PRMV0083552,N194000,2024/9/25 12:00,0,‚±‚±‚Éƒƒ‚‚ð‘}“ü‚Å‚«‚Ü‚·
PRMV0083553,N194000,2024/9/25 12:00,0,‚±‚±‚Éƒƒ‚‚ð‘}“ü‚Å‚«‚Ü‚·
PRMV0083554,N194000,2024/9/25 12:00,0,‚±‚±‚Éƒƒ‚‚ð‘}“ü‚Å‚«‚Ü‚·
PRMV0083555,N194000,2024/9/25 12:00,0,‚±‚±‚Éƒƒ‚‚ð‘}“ü‚Å‚«‚Ü‚·
PRMV0082393,N194000,2024/9/25 12:00,0,‚±‚±‚Éƒƒ‚‚ð‘}“ü‚Å‚«‚Ü‚·
PRMV0082394,N194000,2024/9/25 12:00,0,‚±‚±‚Éƒƒ‚‚ð‘}“ü‚Å‚«‚Ü‚·
PRMV0082395,N194000,2024/9/25 12:00,0,‚±‚±‚Éƒƒ‚‚ð‘}“ü‚Å‚«‚Ü‚·
PRMV0082396,N194000,2024/9/25 12:00,0,‚±‚±‚Éƒƒ‚‚ð‘}“ü‚Å‚«‚Ü‚·
PRMV0082397,N194000,2024/9/25 12:00,0,‚±‚±‚Éƒƒ‚‚ð‘}“ü‚Å‚«‚Ü‚·
PRMV0082398,N194000,2024/9/25 12:00,0,‚±‚±‚Éƒƒ‚‚ð‘}“ü‚Å‚«‚Ü‚·
PRMV0082399,N194000,2024/9/25 12:00,0,‚±‚±‚Éƒƒ‚‚ð‘}“ü‚Å‚«‚Ü‚·
PRMV0082400,N194000,2024/9/25 12:00,0,‚±‚±‚Éƒƒ‚‚ð‘}“ü‚Å‚«‚Ü‚·
PRMV0082401,N194000,2024/9/25 12:00,0,‚±‚±‚Éƒƒ‚‚ð‘}“ü‚Å‚«‚Ü‚·
PRMV0082402,N194000,2024/9/25 12:00,0,‚±‚±‚Éƒƒ‚‚ð‘}“ü‚Å‚«‚Ü‚·
PRMV0082403,N194000,2024/9/25 12:00,0,‚±‚±‚Éƒƒ‚‚ð‘}“ü‚Å‚«‚Ü‚·
PRMV0082404,N194000,2024/9/25 12:00,0,‚±‚±‚Éƒƒ‚‚ð‘}“ü‚Å‚«‚Ü‚·
PRMV0082405,N194000,2024/9/25 12:00,0,‚±‚±‚Éƒƒ‚‚ð‘}“ü‚Å‚«‚Ü‚·
PRMV0082406,N194000,2024/9/25 12:00,0,‚±‚±‚Éƒƒ‚‚ð‘}“ü‚Å‚«‚Ü‚·
PRMV0082407,N194000,2024/9/25 12:00,0,‚±‚±‚Éƒƒ‚‚ð‘}“ü‚Å‚«‚Ü‚·
PRMV0082408,N194000,2024/9/25 12:00,0,‚±‚±‚Éƒƒ‚‚ð‘}“ü‚Å‚«‚Ü‚·
PRMV0082409,N194000,2024/9/25 12:00,0,‚±‚±‚Éƒƒ‚‚ð‘}“ü‚Å‚«‚Ü‚·
PRMV0082410,N194000,2024/9/25 12:00,0,‚±‚±‚Éƒƒ‚‚ð‘}“ü‚Å‚«‚Ü‚·
PRMV0082411,N194000,2024/9/25 12:00,0,‚±‚±‚Éƒƒ‚‚ð‘}“ü‚Å‚«‚Ü‚·
PRMV0082412,N194000,2024/9/25 12:00,0,‚±‚±‚Éƒƒ‚‚ð‘}“ü‚Å‚«‚Ü‚·
PRMV0082413,N194000,2024/9/25 12:00,0,‚±‚±‚Éƒƒ‚‚ð‘}“ü‚Å‚«‚Ü‚·
PRMV0082414,N194000,2024/9/25 12:00,0,‚±‚±‚Éƒƒ‚‚ð‘}“ü‚Å‚«‚Ü‚·
PRMV0082415,N194000,2024/9/25 12:00,0,‚±‚±‚Éƒƒ‚‚ð‘}“ü‚Å‚«‚Ü‚·
PRMV0082416,N194000,2024/9/25 12:00,0,‚±‚±‚Éƒƒ‚‚ð‘}“ü‚Å‚«‚Ü‚·
PRMV0082417,N194000,2024/9/25 12:00,0,‚±‚±‚Éƒƒ‚‚ð‘}“ü‚Å‚«‚Ü‚·
PRMV0082418,N194000,2024/9/25 12:00,0,‚±‚±‚Éƒƒ‚‚ð‘}“ü‚Å‚«‚Ü‚·
PRMV0082419,N194000,2024/9/25 12:00,0,‚±‚±‚Éƒƒ‚‚ð‘}“ü‚Å‚«‚Ü‚·
PRMV0082420,N194000,2024/9/25 12:00,0,‚±‚±‚Éƒƒ‚‚ð‘}“ü‚Å‚«‚Ü‚·
PRMV0082421,N194000,2024/9/25 12:00,0,‚±‚±‚Éƒƒ‚‚ð‘}“ü‚Å‚«‚Ü‚·
PRMV0082422,N194000,2024/9/25 12:00,0,‚±‚±‚Éƒƒ‚‚ð‘}“ü‚Å‚«‚Ü‚·
PRMV0082423,N194000,2024/9/25 12:00,0,‚±‚±‚Éƒƒ‚‚ð‘}“ü‚Å‚«‚Ü‚·
PRMV0082424,N194000,2024/9/25 12:00,0,‚±‚±‚Éƒƒ‚‚ð‘}“ü‚Å‚«‚Ü‚·
PRMV0082425,N194000,2024/9/25 12:00,0,‚±‚±‚Éƒƒ‚‚ð‘}“ü‚Å‚«‚Ü‚·
PRMV0082426,N194000,2024/9/25 12:00,0,‚±‚±‚Éƒƒ‚‚ð‘}“ü‚Å‚«‚Ü‚·
PRMV0082427,N194000,2024/9/25 12:00,0,‚±‚±‚Éƒƒ‚‚ð‘}“ü‚Å‚«‚Ü‚·
PRMV0082428,N194000,2024/9/25 12:00,0,‚±‚±‚Éƒƒ‚‚ð‘}“ü‚Å‚«‚Ü‚·
PRMV0082429,N194000,2024/9/25 12:00,0,‚±‚±‚Éƒƒ‚‚ð‘}“ü‚Å‚«‚Ü‚·
PRMV0082430,N194000,2024/9/25 12:00,0,‚±‚±‚Éƒƒ‚‚ð‘}“ü‚Å‚«‚Ü‚·
PRMV0082431,N194000,2024/9/25 12:00,0,‚±‚±‚Éƒƒ‚‚ð‘}“ü‚Å‚«‚Ü‚·
PRMV0082432,N194000,2024/9/25 12:00,0,‚±‚±‚Éƒƒ‚‚ð‘}“ü‚Å‚«‚Ü‚·
PRMV0082433,N194000,2024/9/25 12:00,0,‚±‚±‚Éƒƒ‚‚ð‘}“ü‚Å‚«‚Ü‚·
PRMV0082434,N194000,2024/9/25 12:00,0,‚±‚±‚Éƒƒ‚‚ð‘}“ü‚Å‚«‚Ü‚·
PRMV0082435,N194000,2024/9/25 12:00,0,‚±‚±‚Éƒƒ‚‚ð‘}“ü‚Å‚«‚Ü‚·
PRMV0082436,N194000,2024/9/25 12:00,0,‚±‚±‚Éƒƒ‚‚ð‘}“ü‚Å‚«‚Ü‚·
PRMV0082437,N194000,2024/9/25 12:00,0,‚±‚±‚Éƒƒ‚‚ð‘}“ü‚Å‚«‚Ü‚·
PRMV0082438,N194000,2024/9/25 12:00,0,‚±‚±‚Éƒƒ‚‚ð‘}“ü‚Å‚«‚Ü‚·
PRMV0082439,N194000,2024/9/25 12:00,0,‚±‚±‚Éƒƒ‚‚ð‘}“ü‚Å‚«‚Ü‚·
PRMV0082440,N194000,2024/9/25 12:00,0,‚±‚±‚Éƒƒ‚‚ð‘}“ü‚Å‚«‚Ü‚·
PRMV0082441,N194000,2024/9/25 12:00,0,‚±‚±‚Éƒƒ‚‚ð‘}“ü‚Å‚«‚Ü‚·
PRMV0082442,N194000,2024/9/25 12:00,0,‚±‚±‚Éƒƒ‚‚ð‘}“ü‚Å‚«‚Ü‚·
PRMV0082443,N194000,2024/9/25 12:00,0,‚±‚±‚Éƒƒ‚‚ð‘}“ü‚Å‚«‚Ü‚·
PRMV0082444,N194000,2024/9/25 12:00,0,‚±‚±‚Éƒƒ‚‚ð‘}“ü‚Å‚«‚Ü‚·
PRMV0082445,N194000,2024/9/25 12:00,0,‚±‚±‚Éƒƒ‚‚ð‘}“ü‚Å‚«‚Ü‚·
PRMV0082446,N194000,2024/9/25 12:00,0,‚±‚±‚Éƒƒ‚‚ð‘}“ü‚Å‚«‚Ü‚·
PRMV0082447,N194000,2024/9/25 12:00,0,‚±‚±‚Éƒƒ‚‚ð‘}“ü‚Å‚«‚Ü‚·
PRMV0082448,N194000,2024/9/25 12:00,0,‚±‚±‚Éƒƒ‚‚ð‘}“ü‚Å‚«‚Ü‚·
PRMV0082449,N194000,2024/9/25 12:00,0,‚±‚±‚Éƒƒ‚‚ð‘}“ü‚Å‚«‚Ü‚·
PRMV0082450,N194000,2024/9/25 12:00,0,‚±‚±‚Éƒƒ‚‚ð‘}“ü‚Å‚«‚Ü‚·
PRMV0082451,N194000,2024/9/25 12:00,0,‚±‚±‚Éƒƒ‚‚ð‘}“ü‚Å‚«‚Ü‚·
PRMV0082452,N194000,2024/9/25 12:00,0,‚±‚±‚Éƒƒ‚‚ð‘}“ü‚Å‚«‚Ü‚·
PRMV0082453,N194000,2024/9/25 12:00,0,‚±‚±‚Éƒƒ‚‚ð‘}“ü‚Å‚«‚Ü‚·
PRMV0082454,N194000,2024/9/25 12:00,0,‚±‚±‚Éƒƒ‚‚ð‘}“ü‚Å‚«‚Ü‚·
PRMV0082455,N194000,2024/9/25 12:00,0,‚±‚±‚Éƒƒ‚‚ð‘}“ü‚Å‚«‚Ü‚·
PRMV0082456,N194000,2024/9/25 12:00,0,‚±‚±‚Éƒƒ‚‚ð‘}“ü‚Å‚«‚Ü‚·
PRMV0082457,N194000,2024/9/25 12:00,0,‚±‚±‚Éƒƒ‚‚ð‘}“ü‚Å‚«‚Ü‚·
PRMV0082458,N194000,2024/9/25 12:00,0,‚±‚±‚Éƒƒ‚‚ð‘}“ü‚Å‚«‚Ü‚·
PRMV0082459,N194000,2024/9/25 12:00,0,‚±‚±‚Éƒƒ‚‚ð‘}“ü‚Å‚«‚Ü‚·
PRMV0082460,N194000,2024/9/25 12:00,0,‚±‚±‚Éƒƒ‚‚ð‘}“ü‚Å‚«‚Ü‚·
PRMV0082461,N194000,2024/9/25 12:00,0,‚±‚±‚Éƒƒ‚‚ð‘}“ü‚Å‚«‚Ü‚·
PRMV0082462,N194000,2024/9/25 12:00,0,‚±‚±‚Éƒƒ‚‚ð‘}“ü‚Å‚«‚Ü‚·
PRMV0082463,N194000,2024/9/25 12:00,0,‚±‚±‚Éƒƒ‚‚ð‘}“ü‚Å‚«‚Ü‚·
PRMV0082464,N194000,2024/9/25 12:00,0,‚±‚±‚Éƒƒ‚‚ð‘}“ü‚Å‚«‚Ü‚·
PRMV0082465,N194000,2024/9/25 12:00,0,‚±‚±‚Éƒƒ‚‚ð‘}“ü‚Å‚«‚Ü‚·
PRMV0082466,N194000,2024/9/25 12:00,0,‚±‚±‚Éƒƒ‚‚ð‘}“ü‚Å‚«‚Ü‚·
PRMV0082467,N194000,2024/9/25 12:00,0,‚±‚±‚Éƒƒ‚‚ð‘}“ü‚Å‚«‚Ü‚·
PRMV0082468,N194000,2024/9/25 12:00,0,‚±‚±‚Éƒƒ‚‚ð‘}“ü‚Å‚«‚Ü‚·
PRMV0082469,N194000,2024/9/25 12:00,0,‚±‚±‚Éƒƒ‚‚ð‘}“ü‚Å‚«‚Ü‚·
PRMV0082470,N194000,2024/9/25 12:00,0,‚±‚±‚Éƒƒ‚‚ð‘}“ü‚Å‚«‚Ü‚·
PRMV0082471,N194000,2024/9/25 12:00,0,‚±‚±‚Éƒƒ‚‚ð‘}“ü‚Å‚«‚Ü‚·
PRMV0082472,N194000,2024/9/25 12:00,0,‚±‚±‚Éƒƒ‚‚ð‘}“ü‚Å‚«‚Ü‚·
PRMV0082473,N194000,2024/9/25 12:00,0,‚±‚±‚Éƒƒ‚‚ð‘}“ü‚Å‚«‚Ü‚·
PRMV0082474,N194000,2024/9/25 12:00,0,‚±‚±‚Éƒƒ‚‚ð‘}“ü‚Å‚«‚Ü‚·
PRMV0082475,N194000,2024/9/25 12:00,0,‚±‚±‚Éƒƒ‚‚ð‘}“ü‚Å‚«‚Ü‚·
PRMV0082476,N194000,2024/9/25 12:00,0,‚±‚±‚Éƒƒ‚‚ð‘}“ü‚Å‚«‚Ü‚·
PRMV0082477,N194000,2024/9/25 12:00,0,‚±‚±‚Éƒƒ‚‚ð‘}“ü‚Å‚«‚Ü‚·
PRMV0082478,N194000,2024/9/25 12:00,0,‚±‚±‚Éƒƒ‚‚ð‘}“ü‚Å‚«‚Ü‚·
PRMV0082479,N194000,2024/9/25 12:00,0,‚±‚±‚Éƒƒ‚‚ð‘}“ü‚Å‚«‚Ü‚·
PRMV0082480,N194000,2024/9/25 12:00,0,‚±‚±‚Éƒƒ‚‚ð‘}“ü‚Å‚«‚Ü‚·
PRMV0082481,N194000,2024/9/25 12:00,0,‚±‚±‚Éƒƒ‚‚ð‘}“ü‚Å‚«‚Ü‚·
PRMV0082482,N194000,2024/9/25 12:00,0,‚±‚±‚Éƒƒ‚‚ð‘}“ü‚Å‚«‚Ü‚·
PRMV0082483,N194000,2024/9/25 12:00,0,‚±‚±‚Éƒƒ‚‚ð‘}“ü‚Å‚«‚Ü‚·
PRMV0082484,N194000,2024/9/25 12:00,0,‚±‚±‚Éƒƒ‚‚ð‘}“ü‚Å‚«‚Ü‚·
PRMV0082485,N194000,2024/9/25 12:00,0,‚±‚±‚Éƒƒ‚‚ð‘}“ü‚Å‚«‚Ü‚·
PRMV0082486,N194000,2024/9/25 12:00,0,‚±‚±‚Éƒƒ‚‚ð‘}“ü‚Å‚«‚Ü‚·
PRMV0082487,N194000,2024/9/25 12:00,0,‚±‚±‚Éƒƒ‚‚ð‘}“ü‚Å‚«‚Ü‚·
PRMV0082488,N194000,2024/9/25 12:00,0,‚±‚±‚Éƒƒ‚‚ð‘}“ü‚Å‚«‚Ü‚·
PRMV0082489,N194000,2024/9/25 12:00,0,‚±‚±‚Éƒƒ‚‚ð‘}“ü‚Å‚«‚Ü‚·
PRMV0082490,N194000,2024/9/25 12:00,0,‚±‚±‚Éƒƒ‚‚ð‘}“ü‚Å‚«‚Ü‚·
PRMV0082491,N194000,2024/9/25 12:00,0,‚±‚±‚Éƒƒ‚‚ð‘}“ü‚Å‚«‚Ü‚·
PRMV0082492,N194000,2024/9/25 12:00,0,‚±‚±‚Éƒƒ‚‚ð‘}“ü‚Å‚«‚Ü‚·
PRMV0082493,N194000,2024/9/25 12:00,0,‚±‚±‚Éƒƒ‚‚ð‘}“ü‚Å‚«‚Ü‚·
PRMV0082494,N194000,2024/9/25 12:00,0,‚±‚±‚Éƒƒ‚‚ð‘}“ü‚Å‚«‚Ü‚·
PRMV0082495,N194000,2024/9/25 12:00,0,‚±‚±‚Éƒƒ‚‚ð‘}“ü‚Å‚«‚Ü‚·
PRMV0082496,N194000,2024/9/25 12:00,0,‚±‚±‚Éƒƒ‚‚ð‘}“ü‚Å‚«‚Ü‚·
PRMV0082497,N194000,2024/9/25 12:00,0,‚±‚±‚Éƒƒ‚‚ð‘}“ü‚Å‚«‚Ü‚·
PRMV0082498,N194000,2024/9/25 12:00,0,‚±‚±‚Éƒƒ‚‚ð‘}“ü‚Å‚«‚Ü‚·
PRMV0082499,N194000,2024/9/25 12:00,0,‚±‚±‚Éƒƒ‚‚ð‘}“ü‚Å‚«‚Ü‚·
PRMV0082500,N194000,2024/9/25 12:00,0,‚±‚±‚Éƒƒ‚‚ð‘}“ü‚Å‚«‚Ü‚·
PRMV0082501,N194000,2024/9/25 12:00,0,‚±‚±‚Éƒƒ‚‚ð‘}“ü‚Å‚«‚Ü‚·
PRMV0082502,N194000,2024/9/25 12:00,0,‚±‚±‚Éƒƒ‚‚ð‘}“ü‚Å‚«‚Ü‚·
PRMV0082503,N194000,2024/9/25 12:00,0,‚±‚±‚Éƒƒ‚‚ð‘}“ü‚Å‚«‚Ü‚·
PRMV0082504,N194000,2024/9/25 12:00,0,‚±‚±‚Éƒƒ‚‚ð‘}“ü‚Å‚«‚Ü‚·
PRMV0082505,N194000,2024/9/25 12:00,0,‚±‚±‚Éƒƒ‚‚ð‘}“ü‚Å‚«‚Ü‚·
PRMV0082506,N194000,2024/9/25 12:00,0,‚±‚±‚Éƒƒ‚‚ð‘}“ü‚Å‚«‚Ü‚·
PRMV0082507,N194000,2024/9/25 12:00,0,‚±‚±‚Éƒƒ‚‚ð‘}“ü‚Å‚«‚Ü‚·
PRMV0082508,N194000,2024/9/25 12:00,0,‚±‚±‚Éƒƒ‚‚ð‘}“ü‚Å‚«‚Ü‚·
PRMV0082509,N194000,2024/9/25 12:00,0,‚±‚±‚Éƒƒ‚‚ð‘}“ü‚Å‚«‚Ü‚·
PRMV0082510,N194000,2024/9/25 12:00,0,‚±‚±‚Éƒƒ‚‚ð‘}“ü‚Å‚«‚Ü‚·
PRMV0082511,N194000,2024/9/25 12:00,0,‚±‚±‚Éƒƒ‚‚ð‘}“ü‚Å‚«‚Ü‚·
PRMV0082512,N194000,2024/9/25 12:00,0,‚±‚±‚Éƒƒ‚‚ð‘}“ü‚Å‚«‚Ü‚·
PRMV0082513,N194000,2024/9/25 12:00,0,‚±‚±‚Éƒƒ‚‚ð‘}“ü‚Å‚«‚Ü‚·
PRMV0082514,N194000,2024/9/25 12:00,0,‚±‚±‚Éƒƒ‚‚ð‘}“ü‚Å‚«‚Ü‚·
PRMV0082515,N194000,2024/9/25 12:00,0,‚±‚±‚Éƒƒ‚‚ð‘}“ü‚Å‚«‚Ü‚·
PRMV0082516,N194000,2024/9/25 12:00,0,‚±‚±‚Éƒƒ‚‚ð‘}“ü‚Å‚«‚Ü‚·
PRMV0082517,N194000,2024/9/25 12:00,0,‚±‚±‚Éƒƒ‚‚ð‘}“ü‚Å‚«‚Ü‚·
PRMV0082518,N194000,2024/9/25 12:00,0,‚±‚±‚Éƒƒ‚‚ð‘}“ü‚Å‚«‚Ü‚·
PRMV0082519,N194000,2024/9/25 12:00,0,‚±‚±‚Éƒƒ‚‚ð‘}“ü‚Å‚«‚Ü‚·
PRMV0082520,N194000,2024/9/25 12:00,0,‚±‚±‚Éƒƒ‚‚ð‘}“ü‚Å‚«‚Ü‚·
PRMV0082521,N194000,2024/9/25 12:00,0,‚±‚±‚Éƒƒ‚‚ð‘}“ü‚Å‚«‚Ü‚·
PRMV0082522,N194000,2024/9/25 12:00,0,‚±‚±‚Éƒƒ‚‚ð‘}“ü‚Å‚«‚Ü‚·
PRMV0082523,N194000,2024/9/25 12:00,0,‚±‚±‚Éƒƒ‚‚ð‘}“ü‚Å‚«‚Ü‚·
PRMV0082524,N194000,2024/9/25 12:00,0,‚±‚±‚Éƒƒ‚‚ð‘}“ü‚Å‚«‚Ü‚·
PRMV0082525,N194000,2024/9/25 12:00,0,‚±‚±‚Éƒƒ‚‚ð‘}“ü‚Å‚«‚Ü‚·
PRMV0082526,N194000,2024/9/25 12:00,0,‚±‚±‚Éƒƒ‚‚ð‘}“ü‚Å‚«‚Ü‚·
PRMV0082527,N194000,2024/9/25 12:00,0,‚±‚±‚Éƒƒ‚‚ð‘}“ü‚Å‚«‚Ü‚·
PRMV0082528,N194000,2024/9/25 12:00,0,‚±‚±‚Éƒƒ‚‚ð‘}“ü‚Å‚«‚Ü‚·
PRMV0082529,N194000,2024/9/25 12:00,0,‚±‚±‚Éƒƒ‚‚ð‘}“ü‚Å‚«‚Ü‚·
PRMV0082530,N194000,2024/9/25 12:00,0,‚±‚±‚Éƒƒ‚‚ð‘}“ü‚Å‚«‚Ü‚·
PRMV0082531,N194000,2024/9/25 12:00,0,‚±‚±‚Éƒƒ‚‚ð‘}“ü‚Å‚«‚Ü‚·
PRMV0082532,N194000,2024/9/25 12:00,0,‚±‚±‚Éƒƒ‚‚ð‘}“ü‚Å‚«‚Ü‚·
PRMV0082533,N194000,2024/9/25 12:00,0,‚±‚±‚Éƒƒ‚‚ð‘}“ü‚Å‚«‚Ü‚·
PRMV0082534,N194000,2024/9/25 12:00,0,‚±‚±‚Éƒƒ‚‚ð‘}“ü‚Å‚«‚Ü‚·
PRMV0082535,N194000,2024/9/25 12:00,0,‚±‚±‚Éƒƒ‚‚ð‘}“ü‚Å‚«‚Ü‚·
PRMV0082536,N194000,2024/9/25 12:00,0,‚±‚±‚Éƒƒ‚‚ð‘}“ü‚Å‚«‚Ü‚·
PRMV0082537,N194000,2024/9/25 12:00,0,‚±‚±‚Éƒƒ‚‚ð‘}“ü‚Å‚«‚Ü‚·
PRMV0082538,N194000,2024/9/25 12:00,0,‚±‚±‚Éƒƒ‚‚ð‘}“ü‚Å‚«‚Ü‚·
PRMV0082539,N194000,2024/9/25 12:00,0,‚±‚±‚Éƒƒ‚‚ð‘}“ü‚Å‚«‚Ü‚·
PRMV0082540,N194000,2024/9/25 12:00,0,‚±‚±‚Éƒƒ‚‚ð‘}“ü‚Å‚«‚Ü‚·
PRMV0082541,N194000,2024/9/25 12:00,0,‚±‚±‚Éƒƒ‚‚ð‘}“ü‚Å‚«‚Ü‚·
PRMV0082542,N194000,2024/9/25 12:00,0,‚±‚±‚Éƒƒ‚‚ð‘}“ü‚Å‚«‚Ü‚·
PRMV0082543,N194000,2024/9/25 12:00,0,‚±‚±‚Éƒƒ‚‚ð‘}“ü‚Å‚«‚Ü‚·
PRMV0082544,N194000,2024/9/25 12:00,0,‚±‚±‚Éƒƒ‚‚ð‘}“ü‚Å‚«‚Ü‚·
PRMV0082545,N194000,2024/9/25 12:00,0,‚±‚±‚Éƒƒ‚‚ð‘}“ü‚Å‚«‚Ü‚·
PRMV0082546,N194000,2024/9/25 12:00,0,‚±‚±‚Éƒƒ‚‚ð‘}“ü‚Å‚«‚Ü‚·
PRMV0082547,N194000,2024/9/25 12:00,0,‚±‚±‚Éƒƒ‚‚ð‘}“ü‚Å‚«‚Ü‚·
PRMV0082548,N194000,2024/9/25 12:00,0,‚±‚±‚Éƒƒ‚‚ð‘}“ü‚Å‚«‚Ü‚·
PRMV0082549,N194000,2024/9/25 12:00,0,‚±‚±‚Éƒƒ‚‚ð‘}“ü‚Å‚«‚Ü‚·
PRMV0082550,N194000,2024/9/25 12:00,0,‚±‚±‚Éƒƒ‚‚ð‘}“ü‚Å‚«‚Ü‚·
PRMV0082551,N194000,2024/9/25 12:00,0,‚±‚±‚Éƒƒ‚‚ð‘}“ü‚Å‚«‚Ü‚·
PRMV0082552,N194000,2024/9/25 12:00,0,‚±‚±‚Éƒƒ‚‚ð‘}“ü‚Å‚«‚Ü‚·
PRMV0082553,N194000,2024/9/25 12:00,0,‚±‚±‚Éƒƒ‚‚ð‘}“ü‚Å‚«‚Ü‚·
PRMV0082554,N194000,2024/9/25 12:00,0,‚±‚±‚Éƒƒ‚‚ð‘}“ü‚Å‚«‚Ü‚·
PRMV0082555,N194000,2024/9/25 12:00,0,‚±‚±‚Éƒƒ‚‚ð‘}“ü‚Å‚«‚Ü‚·
PRMV0082556,N194000,2024/9/25 12:00,0,‚±‚±‚Éƒƒ‚‚ð‘}“ü‚Å‚«‚Ü‚·
PRMV0082557,N194000,2024/9/25 12:00,0,‚±‚±‚Éƒƒ‚‚ð‘}“ü‚Å‚«‚Ü‚·
PRMV0082558,N194000,2024/9/25 12:00,0,‚±‚±‚Éƒƒ‚‚ð‘}“ü‚Å‚«‚Ü‚·
PRMV0082559,N194000,2024/9/25 12:00,0,‚±‚±‚Éƒƒ‚‚ð‘}“ü‚Å‚«‚Ü‚·
PRMV0082560,N194000,2024/9/25 12:00,0,‚±‚±‚Éƒƒ‚‚ð‘}“ü‚Å‚«‚Ü‚·
PRMV0082561,N194000,2024/9/25 12:00,0,‚±‚±‚Éƒƒ‚‚ð‘}“ü‚Å‚«‚Ü‚·
PRMV0082562,N194000,2024/9/25 12:00,0,‚±‚±‚Éƒƒ‚‚ð‘}“ü‚Å‚«‚Ü‚·
PRMV0082563,N194000,2024/9/25 12:00,0,‚±‚±‚Éƒƒ‚‚ð‘}“ü‚Å‚«‚Ü‚·
PRMV0082564,N194000,2024/9/25 12:00,0,‚±‚±‚Éƒƒ‚‚ð‘}“ü‚Å‚«‚Ü‚·
PRMV0082565,N194000,2024/9/25 12:00,0,‚±‚±‚Éƒƒ‚‚ð‘}“ü‚Å‚«‚Ü‚·
PRMV0082566,N194000,2024/9/25 12:00,0,‚±‚±‚Éƒƒ‚‚ð‘}“ü‚Å‚«‚Ü‚·
PRMV0082567,N194000,2024/9/25 12:00,0,‚±‚±‚Éƒƒ‚‚ð‘}“ü‚Å‚«‚Ü‚·
PRMV0082568,N194000,2024/9/25 12:00,0,‚±‚±‚Éƒƒ‚‚ð‘}“ü‚Å‚«‚Ü‚·
PRMV0082569,N194000,2024/9/25 12:00,0,‚±‚±‚Éƒƒ‚‚ð‘}“ü‚Å‚«‚Ü‚·
PRMV0082570,N194000,2024/9/25 12:00,0,‚±‚±‚Éƒƒ‚‚ð‘}“ü‚Å‚«‚Ü‚·
PRMV0082571,N194000,2024/9/25 12:00,0,‚±‚±‚Éƒƒ‚‚ð‘}“ü‚Å‚«‚Ü‚·
PRMV0082572,N194000,2024/9/25 12:00,0,‚±‚±‚Éƒƒ‚‚ð‘}“ü‚Å‚«‚Ü‚·
PRMV0082573,N194000,2024/9/25 12:00,0,‚±‚±‚Éƒƒ‚‚ð‘}“ü‚Å‚«‚Ü‚·
PRMV0082574,N194000,2024/9/25 12:00,0,‚±‚±‚Éƒƒ‚‚ð‘}“ü‚Å‚«‚Ü‚·
PRMV0082575,N194000,2024/9/25 12:00,0,‚±‚±‚Éƒƒ‚‚ð‘}“ü‚Å‚«‚Ü‚·
PRMV0082576,N194000,2024/9/25 12:00,0,‚±‚±‚Éƒƒ‚‚ð‘}“ü‚Å‚«‚Ü‚·
PRMV0082577,N194000,2024/9/25 12:00,0,‚±‚±‚Éƒƒ‚‚ð‘}“ü‚Å‚«‚Ü‚·
PRMV0082578,N194000,2024/9/25 12:00,0,‚±‚±‚Éƒƒ‚‚ð‘}“ü‚Å‚«‚Ü‚·
PRMV0082579,N194000,2024/9/25 12:00,0,‚±‚±‚Éƒƒ‚‚ð‘}“ü‚Å‚«‚Ü‚·
PRMV0082580,N194000,2024/9/25 12:00,0,‚±‚±‚Éƒƒ‚‚ð‘}“ü‚Å‚«‚Ü‚·
PRMV0082581,N194000,2024/9/25 12:00,0,‚±‚±‚Éƒƒ‚‚ð‘}“ü‚Å‚«‚Ü‚·
PRMV0082582,N194000,2024/9/25 12:00,0,‚±‚±‚Éƒƒ‚‚ð‘}“ü‚Å‚«‚Ü‚·
PRMV0082583,N194000,2024/9/25 12:00,0,‚±‚±‚Éƒƒ‚‚ð‘}“ü‚Å‚«‚Ü‚·
PRMV0082584,N194000,2024/9/25 12:00,0,‚±‚±‚Éƒƒ‚‚ð‘}“ü‚Å‚«‚Ü‚·
PRMV0082585,N194000,2024/9/25 12:00,0,‚±‚±‚Éƒƒ‚‚ð‘}“ü‚Å‚«‚Ü‚·
PRMV0082586,N194000,2024/9/25 12:00,0,‚±‚±‚Éƒƒ‚‚ð‘}“ü‚Å‚«‚Ü‚·
PRMV0082587,N194000,2024/9/25 12:00,0,‚±‚±‚Éƒƒ‚‚ð‘}“ü‚Å‚«‚Ü‚·
PRMV0082588,N194000,2024/9/25 12:00,0,‚±‚±‚Éƒƒ‚‚ð‘}“ü‚Å‚«‚Ü‚·
PRMV0082589,N194000,2024/9/25 12:00,0,‚±‚±‚Éƒƒ‚‚ð‘}“ü‚Å‚«‚Ü‚·
PRMV0082590,N194000,2024/9/25 12:00,0,‚±‚±‚Éƒƒ‚‚ð‘}“ü‚Å‚«‚Ü‚·
PRMV0082591,N194000,2024/9/25 12:00,0,‚±‚±‚Éƒƒ‚‚ð‘}“ü‚Å‚«‚Ü‚·
PRMV0082592,N194000,2024/9/25 12:00,0,‚±‚±‚Éƒƒ‚‚ð‘}“ü‚Å‚«‚Ü‚·
PRMV0082593,N194000,2024/9/25 12:00,0,‚±‚±‚Éƒƒ‚‚ð‘}“ü‚Å‚«‚Ü‚·
PRMV0082594,N194000,2024/9/25 12:00,0,‚±‚±‚Éƒƒ‚‚ð‘}“ü‚Å‚«‚Ü‚·
PRMV0082595,N194000,2024/9/25 12:00,0,‚±‚±‚Éƒƒ‚‚ð‘}“ü‚Å‚«‚Ü‚·
PRMV0082596,N194000,2024/9/25 12:00,0,‚±‚±‚Éƒƒ‚‚ð‘}“ü‚Å‚«‚Ü‚·
PRMV0082597,N194000,2024/9/25 12:00,0,‚±‚±‚Éƒƒ‚‚ð‘}“ü‚Å‚«‚Ü‚·
PRMV0082598,N194000,2024/9/25 12:00,0,‚±‚±‚Éƒƒ‚‚ð‘}“ü‚Å‚«‚Ü‚·
PRMV0082599,N194000,2024/9/25 12:00,0,‚±‚±‚Éƒƒ‚‚ð‘}“ü‚Å‚«‚Ü‚·
PRMV0082600,N194000,2024/9/25 12:00,0,‚±‚±‚Éƒƒ‚‚ð‘}“ü‚Å‚«‚Ü‚·
PRMV0082601,N194000,2024/9/25 12:00,0,‚±‚±‚Éƒƒ‚‚ð‘}“ü‚Å‚«‚Ü‚·
PRMV0082602,N194000,2024/9/25 12:00,0,‚±‚±‚Éƒƒ‚‚ð‘}“ü‚Å‚«‚Ü‚·
PRMV0082603,N194000,2024/9/25 12:00,0,‚±‚±‚Éƒƒ‚‚ð‘}“ü‚Å‚«‚Ü‚·
PRMV0082604,N194000,2024/9/25 12:00,0,‚±‚±‚Éƒƒ‚‚ð‘}“ü‚Å‚«‚Ü‚·
PRMV0082605,N194000,2024/9/25 12:00,0,‚±‚±‚Éƒƒ‚‚ð‘}“ü‚Å‚«‚Ü‚·
PRMV0082606,N194000,2024/9/25 12:00,0,‚±‚±‚Éƒƒ‚‚ð‘}“ü‚Å‚«‚Ü‚·
PRMV0082607,N194000,2024/9/25 12:00,0,‚±‚±‚Éƒƒ‚‚ð‘}“ü‚Å‚«‚Ü‚·
PRMV0082608,N194000,2024/9/25 12:00,0,‚±‚±‚Éƒƒ‚‚ð‘}“ü‚Å‚«‚Ü‚·
PRMV0082609,N194000,2024/9/25 12:00,0,‚±‚±‚Éƒƒ‚‚ð‘}“ü‚Å‚«‚Ü‚·
PRMV0082610,N194000,2024/9/25 12:00,0,‚±‚±‚Éƒƒ‚‚ð‘}“ü‚Å‚«‚Ü‚·
PRMV0082611,N194000,2024/9/25 12:00,0,‚±‚±‚Éƒƒ‚‚ð‘}“ü‚Å‚«‚Ü‚·
PRMV0082612,N194000,2024/9/25 12:00,0,‚±‚±‚Éƒƒ‚‚ð‘}“ü‚Å‚«‚Ü‚·
PRMV0082613,N194000,2024/9/25 12:00,0,‚±‚±‚Éƒƒ‚‚ð‘}“ü‚Å‚«‚Ü‚·
PRMV0082614,N194000,2024/9/25 12:00,0,‚±‚±‚Éƒƒ‚‚ð‘}“ü‚Å‚«‚Ü‚·
PRMV0082615,N194000,2024/9/25 12:00,0,‚±‚±‚Éƒƒ‚‚ð‘}“ü‚Å‚«‚Ü‚·
PRMV0082616,N194000,2024/9/25 12:00,0,‚±‚±‚Éƒƒ‚‚ð‘}“ü‚Å‚«‚Ü‚·
PRMV0082617,N194000,2024/9/25 12:00,0,‚±‚±‚Éƒƒ‚‚ð‘}“ü‚Å‚«‚Ü‚·
PRMV0082618,N194000,2024/9/25 12:00,0,‚±‚±‚Éƒƒ‚‚ð‘}“ü‚Å‚«‚Ü‚·
PRMV0082619,N194000,2024/9/25 12:00,0,‚±‚±‚Éƒƒ‚‚ð‘}“ü‚Å‚«‚Ü‚·
PRMV0082620,N194000,2024/9/25 12:00,0,‚±‚±‚Éƒƒ‚‚ð‘}“ü‚Å‚«‚Ü‚·
PRMV0082621,N194000,2024/9/25 12:00,0,‚±‚±‚Éƒƒ‚‚ð‘}“ü‚Å‚«‚Ü‚·
PRMV0082622,N194000,2024/9/25 12:00,0,‚±‚±‚Éƒƒ‚‚ð‘}“ü‚Å‚«‚Ü‚·
PRMV0082623,N194000,2024/9/25 12:00,0,‚±‚±‚Éƒƒ‚‚ð‘}“ü‚Å‚«‚Ü‚·
PRMV0082624,N194000,2024/9/25 12:00,0,‚±‚±‚Éƒƒ‚‚ð‘}“ü‚Å‚«‚Ü‚·
PRMV0082625,N194000,2024/9/25 12:00,0,‚±‚±‚Éƒƒ‚‚ð‘}“ü‚Å‚«‚Ü‚·
PRMV0082626,N194000,2024/9/25 12:00,0,‚±‚±‚Éƒƒ‚‚ð‘}“ü‚Å‚«‚Ü‚·
PRMV0082627,N194000,2024/9/25 12:00,0,‚±‚±‚Éƒƒ‚‚ð‘}“ü‚Å‚«‚Ü‚·
PRMV0082628,N194000,2024/9/25 12:00,0,‚±‚±‚Éƒƒ‚‚ð‘}“ü‚Å‚«‚Ü‚·
PRMV0082629,N194000,2024/9/25 12:00,0,‚±‚±‚Éƒƒ‚‚ð‘}“ü‚Å‚«‚Ü‚·
PRMV0082630,N194000,2024/9/25 12:00,0,‚±‚±‚Éƒƒ‚‚ð‘}“ü‚Å‚«‚Ü‚·
PRMV0082631,N194000,2024/9/25 12:00,0,‚±‚±‚Éƒƒ‚‚ð‘}“ü‚Å‚«‚Ü‚·
PRMV0082632,N194000,2024/9/25 12:00,0,‚±‚±‚Éƒƒ‚‚ð‘}“ü‚Å‚«‚Ü‚·
PRMV0082633,N194000,2024/9/25 12:00,0,‚±‚±‚Éƒƒ‚‚ð‘}“ü‚Å‚«‚Ü‚·
PRMV0082634,N194000,2024/9/25 12:00,0,‚±‚±‚Éƒƒ‚‚ð‘}“ü‚Å‚«‚Ü‚·
PRMV0082635,N194000,2024/9/25 12:00,0,‚±‚±‚Éƒƒ‚‚ð‘}“ü‚Å‚«‚Ü‚·
PRMV0082636,N194000,2024/9/25 12:00,0,‚±‚±‚Éƒƒ‚‚ð‘}“ü‚Å‚«‚Ü‚·
PRMV0082637,N194000,2024/9/25 12:00,0,‚±‚±‚Éƒƒ‚‚ð‘}“ü‚Å‚«‚Ü‚·
PRMV0082638,N194000,2024/9/25 12:00,0,‚±‚±‚Éƒƒ‚‚ð‘}“ü‚Å‚«‚Ü‚·
PRMV0082639,N194000,2024/9/25 12:00,0,‚±‚±‚Éƒƒ‚‚ð‘}“ü‚Å‚«‚Ü‚·
PRMV0082640,N194000,2024/9/25 12:00,0,‚±‚±‚Éƒƒ‚‚ð‘}“ü‚Å‚«‚Ü‚·
PRMV0082641,N194000,2024/9/25 12:00,0,‚±‚±‚Éƒƒ‚‚ð‘}“ü‚Å‚«‚Ü‚·
PRMV0082642,N194000,2024/9/25 12:00,0,‚±‚±‚Éƒƒ‚‚ð‘}“ü‚Å‚«‚Ü‚·
PRMV0082643,N194000,2024/9/25 12:00,0,‚±‚±‚Éƒƒ‚‚ð‘}“ü‚Å‚«‚Ü‚·
PRMV0082644,N194000,2024/9/25 12:00,0,‚±‚±‚Éƒƒ‚‚ð‘}“ü‚Å‚«‚Ü‚·
PRMV0082645,N194000,2024/9/25 12:00,0,‚±‚±‚Éƒƒ‚‚ð‘}“ü‚Å‚«‚Ü‚·
PRMV0082646,N194000,2024/9/25 12:00,0,‚±‚±‚Éƒƒ‚‚ð‘}“ü‚Å‚«‚Ü‚·
PRMV0082647,N194000,2024/9/25 12:00,0,‚±‚±‚Éƒƒ‚‚ð‘}“ü‚Å‚«‚Ü‚·
PRMV0082648,N194000,2024/9/25 12:00,0,‚±‚±‚Éƒƒ‚‚ð‘}“ü‚Å‚«‚Ü‚·
PRMV0082649,N194000,2024/9/25 12:00,0,‚±‚±‚Éƒƒ‚‚ð‘}“ü‚Å‚«‚Ü‚·
PRMV0082650,N194000,2024/9/25 12:00,0,‚±‚±‚Éƒƒ‚‚ð‘}“ü‚Å‚«‚Ü‚·
PRMV0082651,N194000,2024/9/25 12:00,0,‚±‚±‚Éƒƒ‚‚ð‘}“ü‚Å‚«‚Ü‚·
PRMV0082652,N194000,2024/9/25 12:00,0,‚±‚±‚Éƒƒ‚‚ð‘}“ü‚Å‚«‚Ü‚·
PRMV0082653,N194000,2024/9/25 12:00,0,‚±‚±‚Éƒƒ‚‚ð‘}“ü‚Å‚«‚Ü‚·
PRMV0082654,N194000,2024/9/25 12:00,0,‚±‚±‚Éƒƒ‚‚ð‘}“ü‚Å‚«‚Ü‚·
PRMV0082655,N194000,2024/9/25 12:00,0,‚±‚±‚Éƒƒ‚‚ð‘}“ü‚Å‚«‚Ü‚·
PRMV0082656,N194000,2024/9/25 12:00,0,‚±‚±‚Éƒƒ‚‚ð‘}“ü‚Å‚«‚Ü‚·
PRMV0082657,N194000,2024/9/25 12:00,0,‚±‚±‚Éƒƒ‚‚ð‘}“ü‚Å‚«‚Ü‚·
PRMV0082658,N194000,2024/9/25 12:00,0,‚±‚±‚Éƒƒ‚‚ð‘}“ü‚Å‚«‚Ü‚·
PRMV0082659,N194000,2024/9/25 12:00,0,‚±‚±‚Éƒƒ‚‚ð‘}“ü‚Å‚«‚Ü‚·
PRMV0082660,N194000,2024/9/25 12:00,0,‚±‚±‚Éƒƒ‚‚ð‘}“ü‚Å‚«‚Ü‚·
PRMV0082661,N194000,2024/9/25 12:00,0,‚±‚±‚Éƒƒ‚‚ð‘}“ü‚Å‚«‚Ü‚·
PRMV0082662,N194000,2024/9/25 12:00,0,‚±‚±‚Éƒƒ‚‚ð‘}“ü‚Å‚«‚Ü‚·
PRMV0082663,N194000,2024/9/25 12:00,0,‚±‚±‚Éƒƒ‚‚ð‘}“ü‚Å‚«‚Ü‚·
PRMV0082664,N194000,2024/9/25 12:00,0,‚±‚±‚Éƒƒ‚‚ð‘}“ü‚Å‚«‚Ü‚·
PRMV0082665,N194000,2024/9/25 12:00,0,‚±‚±‚Éƒƒ‚‚ð‘}“ü‚Å‚«‚Ü‚·
PRMV0082666,N194000,2024/9/25 12:00,0,‚±‚±‚Éƒƒ‚‚ð‘}“ü‚Å‚«‚Ü‚·
PRMV0082667,N194000,2024/9/25 12:00,0,‚±‚±‚Éƒƒ‚‚ð‘}“ü‚Å‚«‚Ü‚·
PRMV0082668,N194000,2024/9/25 12:00,0,‚±‚±‚Éƒƒ‚‚ð‘}“ü‚Å‚«‚Ü‚·
PRMV0082669,N194000,2024/9/25 12:00,0,‚±‚±‚Éƒƒ‚‚ð‘}“ü‚Å‚«‚Ü‚·
PRMV0082670,N194000,2024/9/25 12:00,0,‚±‚±‚Éƒƒ‚‚ð‘}“ü‚Å‚«‚Ü‚·
PRMV0082671,N194000,2024/9/25 12:00,0,‚±‚±‚Éƒƒ‚‚ð‘}“ü‚Å‚«‚Ü‚·
PRMV0082672,N194000,2024/9/25 12:00,0,‚±‚±‚Éƒƒ‚‚ð‘}“ü‚Å‚«‚Ü‚·
PRMV0082673,N194000,2024/9/25 12:00,0,‚±‚±‚Éƒƒ‚‚ð‘}“ü‚Å‚«‚Ü‚·
PRMV0082674,N194000,2024/9/25 12:00,0,‚±‚±‚Éƒƒ‚‚ð‘}“ü‚Å‚«‚Ü‚·
PRMV0082675,N194000,2024/9/25 12:00,0,‚±‚±‚Éƒƒ‚‚ð‘}“ü‚Å‚«‚Ü‚·
PRMV0082676,N194000,2024/9/25 12:00,0,‚±‚±‚Éƒƒ‚‚ð‘}“ü‚Å‚«‚Ü‚·
PRMV0082677,N194000,2024/9/25 12:00,0,‚±‚±‚Éƒƒ‚‚ð‘}“ü‚Å‚«‚Ü‚·
PRMV0082678,N194000,2024/9/25 12:00,0,‚±‚±‚Éƒƒ‚‚ð‘}“ü‚Å‚«‚Ü‚·
PRMV0082679,N194000,2024/9/25 12:00,0,‚±‚±‚Éƒƒ‚‚ð‘}“ü‚Å‚«‚Ü‚·
PRMV0082680,N194000,2024/9/25 12:00,0,‚±‚±‚Éƒƒ‚‚ð‘}“ü‚Å‚«‚Ü‚·
PRMV0082681,N194000,2024/9/25 12:00,0,‚±‚±‚Éƒƒ‚‚ð‘}“ü‚Å‚«‚Ü‚·
PRMV0082682,N194000,2024/9/25 12:00,0,‚±‚±‚Éƒƒ‚‚ð‘}“ü‚Å‚«‚Ü‚·
PRMV0082683,N194000,2024/9/25 12:00,0,‚±‚±‚Éƒƒ‚‚ð‘}“ü‚Å‚«‚Ü‚·
PRMV0082684,N194000,2024/9/25 12:00,0,‚±‚±‚Éƒƒ‚‚ð‘}“ü‚Å‚«‚Ü‚·
PRMV0082685,N194000,2024/9/25 12:00,0,‚±‚±‚Éƒƒ‚‚ð‘}“ü‚Å‚«‚Ü‚·
PRMV0082686,N194000,2024/9/25 12:00,0,‚±‚±‚Éƒƒ‚‚ð‘}“ü‚Å‚«‚Ü‚·
PRMV0082687,N194000,2024/9/25 12:00,0,‚±‚±‚Éƒƒ‚‚ð‘}“ü‚Å‚«‚Ü‚·
PRMV0082688,N194000,2024/9/25 12:00,0,‚±‚±‚Éƒƒ‚‚ð‘}“ü‚Å‚«‚Ü‚·
PRMV0082689,N194000,2024/9/25 12:00,0,‚±‚±‚Éƒƒ‚‚ð‘}“ü‚Å‚«‚Ü‚·
PRMV0082690,N194000,2024/9/25 12:00,0,‚±‚±‚Éƒƒ‚‚ð‘}“ü‚Å‚«‚Ü‚·
PRMV0082691,N194000,2024/9/25 12:00,0,‚±‚±‚Éƒƒ‚‚ð‘}“ü‚Å‚«‚Ü‚·
PRMV0082692,N194000,2024/9/25 12:00,0,‚±‚±‚Éƒƒ‚‚ð‘}“ü‚Å‚«‚Ü‚·
PRMV0082693,N194000,2024/9/25 12:00,0,‚±‚±‚Éƒƒ‚‚ð‘}“ü‚Å‚«‚Ü‚·
PRMV0082694,N194000,2024/9/25 12:00,0,‚±‚±‚Éƒƒ‚‚ð‘}“ü‚Å‚«‚Ü‚·
PRMV0082695,N194000,2024/9/25 12:00,0,‚±‚±‚Éƒƒ‚‚ð‘}“ü‚Å‚«‚Ü‚·
PRMV0082696,N194000,2024/9/25 12:00,0,‚±‚±‚Éƒƒ‚‚ð‘}“ü‚Å‚«‚Ü‚·
PRMV0082697,N194000,2024/9/25 12:00,0,‚±‚±‚Éƒƒ‚‚ð‘}“ü‚Å‚«‚Ü‚·
PRMV0082698,N194000,2024/9/25 12:00,0,‚±‚±‚Éƒƒ‚‚ð‘}“ü‚Å‚«‚Ü‚·
PRMV0082699,N194000,2024/9/25 12:00,0,‚±‚±‚Éƒƒ‚‚ð‘}“ü‚Å‚«‚Ü‚·
PRMV0082700,N194000,2024/9/25 12:00,0,‚±‚±‚Éƒƒ‚‚ð‘}“ü‚Å‚«‚Ü‚·
PRMV0082701,N194000,2024/9/25 12:00,0,‚±‚±‚Éƒƒ‚‚ð‘}“ü‚Å‚«‚Ü‚·
PRMV0082702,N194000,2024/9/25 12:00,0,‚±‚±‚Éƒƒ‚‚ð‘}“ü‚Å‚«‚Ü‚·
PRMV0082703,N194000,2024/9/25 12:00,0,‚±‚±‚Éƒƒ‚‚ð‘}“ü‚Å‚«‚Ü‚·
PRMV0082704,N194000,2024/9/25 12:00,0,‚±‚±‚Éƒƒ‚‚ð‘}“ü‚Å‚«‚Ü‚·
PRMV0082705,N194000,2024/9/25 12:00,0,‚±‚±‚Éƒƒ‚‚ð‘}“ü‚Å‚«‚Ü‚·
PRMV0082706,N194000,2024/9/25 12:00,0,‚±‚±‚Éƒƒ‚‚ð‘}“ü‚Å‚«‚Ü‚·
PRMV0082707,N194000,2024/9/25 12:00,0,‚±‚±‚Éƒƒ‚‚ð‘}“ü‚Å‚«‚Ü‚·
PRMV0082708,N194000,2024/9/25 12:00,0,‚±‚±‚Éƒƒ‚‚ð‘}“ü‚Å‚«‚Ü‚·
PRMV0082709,N194000,2024/9/25 12:00,0,‚±‚±‚Éƒƒ‚‚ð‘}“ü‚Å‚«‚Ü‚·
PRMV0082710,N194000,2024/9/25 12:00,0,‚±‚±‚Éƒƒ‚‚ð‘}“ü‚Å‚«‚Ü‚·
PRMV0082711,N194000,2024/9/25 12:00,0,‚±‚±‚Éƒƒ‚‚ð‘}“ü‚Å‚«‚Ü‚·
PRMV0082712,N194000,2024/9/25 12:00,0,‚±‚±‚Éƒƒ‚‚ð‘}“ü‚Å‚«‚Ü‚·
PRMV0082713,N194000,2024/9/25 12:00,0,‚±‚±‚Éƒƒ‚‚ð‘}“ü‚Å‚«‚Ü‚·
PRMV0082714,N194000,2024/9/25 12:00,0,‚±‚±‚Éƒƒ‚‚ð‘}“ü‚Å‚«‚Ü‚·
PRMV0082715,N194000,2024/9/25 12:00,0,‚±‚±‚Éƒƒ‚‚ð‘}“ü‚Å‚«‚Ü‚·
PRMV0082716,N194000,2024/9/25 12:00,0,‚±‚±‚Éƒƒ‚‚ð‘}“ü‚Å‚«‚Ü‚·
PRMV0082717,N194000,2024/9/25 12:00,0,‚±‚±‚Éƒƒ‚‚ð‘}“ü‚Å‚«‚Ü‚·
PRMV0082718,N194000,2024/9/25 12:00,0,‚±‚±‚Éƒƒ‚‚ð‘}“ü‚Å‚«‚Ü‚·
PRMV0082719,N194000,2024/9/25 12:00,0,‚±‚±‚Éƒƒ‚‚ð‘}“ü‚Å‚«‚Ü‚·
PRMV0082720,N194000,2024/9/25 12:00,0,‚±‚±‚Éƒƒ‚‚ð‘}“ü‚Å‚«‚Ü‚·
PRMV0082721,N194000,2024/9/25 12:00,0,‚±‚±‚Éƒƒ‚‚ð‘}“ü‚Å‚«‚Ü‚·
PRMV0082722,N194000,2024/9/25 12:00,0,‚±‚±‚Éƒƒ‚‚ð‘}“ü‚Å‚«‚Ü‚·
PRMV0082723,N194000,2024/9/25 12:00,0,‚±‚±‚Éƒƒ‚‚ð‘}“ü‚Å‚«‚Ü‚·
PRMV0082724,N194000,2024/9/25 12:00,0,‚±‚±‚Éƒƒ‚‚ð‘}“ü‚Å‚«‚Ü‚·
PRMV0082725,N194000,2024/9/25 12:00,0,‚±‚±‚Éƒƒ‚‚ð‘}“ü‚Å‚«‚Ü‚·
PRMV0082726,N194000,2024/9/25 12:00,0,‚±‚±‚Éƒƒ‚‚ð‘}“ü‚Å‚«‚Ü‚·
PRMV0082727,N194000,2024/9/25 12:00,0,‚±‚±‚Éƒƒ‚‚ð‘}“ü‚Å‚«‚Ü‚·
PRMV0082728,N194000,2024/9/25 12:00,0,‚±‚±‚Éƒƒ‚‚ð‘}“ü‚Å‚«‚Ü‚·
PRMV0082729,N194000,2024/9/25 12:00,0,‚±‚±‚Éƒƒ‚‚ð‘}“ü‚Å‚«‚Ü‚·
PRMV0082730,N194000,2024/9/25 12:00,0,‚±‚±‚Éƒƒ‚‚ð‘}“ü‚Å‚«‚Ü‚·
PRMV0082731,N194000,2024/9/25 12:00,0,‚±‚±‚Éƒƒ‚‚ð‘}“ü‚Å‚«‚Ü‚·
PRMV0082732,N194000,2024/9/25 12:00,0,‚±‚±‚Éƒƒ‚‚ð‘}“ü‚Å‚«‚Ü‚·
PRMV0082733,N194000,2024/9/25 12:00,0,‚±‚±‚Éƒƒ‚‚ð‘}“ü‚Å‚«‚Ü‚·
PRMV0082734,N194000,2024/9/25 12:00,0,‚±‚±‚Éƒƒ‚‚ð‘}“ü‚Å‚«‚Ü‚·
PRMV0082735,N194000,2024/9/25 12:00,0,‚±‚±‚Éƒƒ‚‚ð‘}“ü‚Å‚«‚Ü‚·
PRMV0082736,N194000,2024/9/25 12:00,0,‚±‚±‚Éƒƒ‚‚ð‘}“ü‚Å‚«‚Ü‚·
PRMV0082737,N194000,2024/9/25 12:00,0,‚±‚±‚Éƒƒ‚‚ð‘}“ü‚Å‚«‚Ü‚·
PRMV0082738,N194000,2024/9/25 12:00,0,‚±‚±‚Éƒƒ‚‚ð‘}“ü‚Å‚«‚Ü‚·
PRMV0082739,N194000,2024/9/25 12:00,0,‚±‚±‚Éƒƒ‚‚ð‘}“ü‚Å‚«‚Ü‚·
PRMV0082740,N194000,2024/9/25 12:00,0,‚±‚±‚Éƒƒ‚‚ð‘}“ü‚Å‚«‚Ü‚·
PRMV0082741,N194000,2024/9/25 12:00,0,‚±‚±‚Éƒƒ‚‚ð‘}“ü‚Å‚«‚Ü‚·
PRMV0082742,N194000,2024/9/25 12:00,0,‚±‚±‚Éƒƒ‚‚ð‘}“ü‚Å‚«‚Ü‚·
PRMV0082743,N194000,2024/9/25 12:00,0,‚±‚±‚Éƒƒ‚‚ð‘}“ü‚Å‚«‚Ü‚·
PRMV0082744,N194000,2024/9/25 12:00,0,‚±‚±‚Éƒƒ‚‚ð‘}“ü‚Å‚«‚Ü‚·
PRMV0082745,N194000,2024/9/25 12:00,0,‚±‚±‚Éƒƒ‚‚ð‘}“ü‚Å‚«‚Ü‚·
PRMV0082746,N194000,2024/9/25 12:00,0,‚±‚±‚Éƒƒ‚‚ð‘}“ü‚Å‚«‚Ü‚·
PRMV0082747,N194000,2024/9/25 12:00,0,‚±‚±‚Éƒƒ‚‚ð‘}“ü‚Å‚«‚Ü‚·
PRMV0082748,N194000,2024/9/25 12:00,0,‚±‚±‚Éƒƒ‚‚ð‘}“ü‚Å‚«‚Ü‚·
PRMV0082749,N194000,2024/9/25 12:00,0,‚±‚±‚Éƒƒ‚‚ð‘}“ü‚Å‚«‚Ü‚·
PRMV0082750,N194000,2024/9/25 12:00,0,‚±‚±‚Éƒƒ‚‚ð‘}“ü‚Å‚«‚Ü‚·
PRMV0082751,N194000,2024/9/25 12:00,0,‚±‚±‚Éƒƒ‚‚ð‘}“ü‚Å‚«‚Ü‚·
PRMV0082752,N194000,2024/9/25 12:00,0,‚±‚±‚Éƒƒ‚‚ð‘}“ü‚Å‚«‚Ü‚·
PRMV0082753,N194000,2024/9/25 12:00,0,‚±‚±‚Éƒƒ‚‚ð‘}“ü‚Å‚«‚Ü‚·
PRMV0082754,N194000,2024/9/25 12:00,0,‚±‚±‚Éƒƒ‚‚ð‘}“ü‚Å‚«‚Ü‚·
PRMV0082755,N194000,2024/9/25 12:00,0,‚±‚±‚Éƒƒ‚‚ð‘}“ü‚Å‚«‚Ü‚·
PRMV0082756,N194000,2024/9/25 12:00,0,‚±‚±‚Éƒƒ‚‚ð‘}“ü‚Å‚«‚Ü‚·
PRMV0082757,N194000,2024/9/25 12:00,0,‚±‚±‚Éƒƒ‚‚ð‘}“ü‚Å‚«‚Ü‚·
PRMV0082758,N194000,2024/9/25 12:00,0,‚±‚±‚Éƒƒ‚‚ð‘}“ü‚Å‚«‚Ü‚·
PRMV0082759,N194000,2024/9/25 12:00,0,‚±‚±‚Éƒƒ‚‚ð‘}“ü‚Å‚«‚Ü‚·
PRMV0082760,N194000,2024/9/25 12:00,0,‚±‚±‚Éƒƒ‚‚ð‘}“ü‚Å‚«‚Ü‚·
PRMV0082761,N194000,2024/9/25 12:00,0,‚±‚±‚Éƒƒ‚‚ð‘}“ü‚Å‚«‚Ü‚·
PRMV0082762,N194000,2024/9/25 12:00,0,‚±‚±‚Éƒƒ‚‚ð‘}“ü‚Å‚«‚Ü‚·
PRMV0082763,N194000,2024/9/25 12:00,0,‚±‚±‚Éƒƒ‚‚ð‘}“ü‚Å‚«‚Ü‚·
PRMV0082764,N194000,2024/9/25 12:00,0,‚±‚±‚Éƒƒ‚‚ð‘}“ü‚Å‚«‚Ü‚·
PRMV0082765,N194000,2024/9/25 12:00,0,‚±‚±‚Éƒƒ‚‚ð‘}“ü‚Å‚«‚Ü‚·
PRMV0082766,N194000,2024/9/25 12:00,0,‚±‚±‚Éƒƒ‚‚ð‘}“ü‚Å‚«‚Ü‚·
PRMV0082767,N194000,2024/9/25 12:00,0,‚±‚±‚Éƒƒ‚‚ð‘}“ü‚Å‚«‚Ü‚·
PRMV0082768,N194000,2024/9/25 12:00,0,‚±‚±‚Éƒƒ‚‚ð‘}“ü‚Å‚«‚Ü‚·
PRMV0082769,N194000,2024/9/25 12:00,0,‚±‚±‚Éƒƒ‚‚ð‘}“ü‚Å‚«‚Ü‚·
PRMV0082770,N194000,2024/9/25 12:00,0,‚±‚±‚Éƒƒ‚‚ð‘}“ü‚Å‚«‚Ü‚·
PRMV0082771,N194000,2024/9/25 12:00,0,‚±‚±‚Éƒƒ‚‚ð‘}“ü‚Å‚«‚Ü‚·
PRMV0082772,N194000,2024/9/25 12:00,0,‚±‚±‚Éƒƒ‚‚ð‘}“ü‚Å‚«‚Ü‚·
PRMV0082773,N194000,2024/9/25 12:00,0,‚±‚±‚Éƒƒ‚‚ð‘}“ü‚Å‚«‚Ü‚·
PRMV0082774,N194000,2024/9/25 12:00,0,‚±‚±‚Éƒƒ‚‚ð‘}“ü‚Å‚«‚Ü‚·
PRMV0082775,N194000,2024/9/25 12:00,0,‚±‚±‚Éƒƒ‚‚ð‘}“ü‚Å‚«‚Ü‚·
PRMV0082776,N194000,2024/9/25 12:00,0,‚±‚±‚Éƒƒ‚‚ð‘}“ü‚Å‚«‚Ü‚·
PRMV0082777,N194000,2024/9/25 12:00,0,‚±‚±‚Éƒƒ‚‚ð‘}“ü‚Å‚«‚Ü‚·
PRMV0082778,N194000,2024/9/25 12:00,0,‚±‚±‚Éƒƒ‚‚ð‘}“ü‚Å‚«‚Ü‚·
PRMV0082779,N194000,2024/9/25 12:00,0,‚±‚±‚Éƒƒ‚‚ð‘}“ü‚Å‚«‚Ü‚·
PRMV0082780,N194000,2024/9/25 12:00,0,‚±‚±‚Éƒƒ‚‚ð‘}“ü‚Å‚«‚Ü‚·
PRMV0082781,N194000,2024/9/25 12:00,0,‚±‚±‚Éƒƒ‚‚ð‘}“ü‚Å‚«‚Ü‚·
PRMV0082782,N194000,2024/9/25 12:00,0,‚±‚±‚Éƒƒ‚‚ð‘}“ü‚Å‚«‚Ü‚·
PRMV0082783,N194000,2024/9/25 12:00,0,‚±‚±‚Éƒƒ‚‚ð‘}“ü‚Å‚«‚Ü‚·
PRMV0082784,N194000,2024/9/25 12:00,0,‚±‚±‚Éƒƒ‚‚ð‘}“ü‚Å‚«‚Ü‚·
PRMV0082785,N194000,2024/9/25 12:00,0,‚±‚±‚Éƒƒ‚‚ð‘}“ü‚Å‚«‚Ü‚·
PRMV0082786,N194000,2024/9/25 12:00,0,‚±‚±‚Éƒƒ‚‚ð‘}“ü‚Å‚«‚Ü‚·
PRMV0082787,N194000,2024/9/25 12:00,0,‚±‚±‚Éƒƒ‚‚ð‘}“ü‚Å‚«‚Ü‚·
PRMV0082788,N194000,2024/9/25 12:00,0,‚±‚±‚Éƒƒ‚‚ð‘}“ü‚Å‚«‚Ü‚·
PRMV0082789,N194000,2024/9/25 12:00,0,‚±‚±‚Éƒƒ‚‚ð‘}“ü‚Å‚«‚Ü‚·
PRMV0082790,N194000,2024/9/25 12:00,0,‚±‚±‚Éƒƒ‚‚ð‘}“ü‚Å‚«‚Ü‚·
PRMV0082791,N194000,2024/9/25 12:00,0,‚±‚±‚Éƒƒ‚‚ð‘}“ü‚Å‚«‚Ü‚·
PRMV0082792,N194000,2024/9/25 12:00,0,‚±‚±‚Éƒƒ‚‚ð‘}“ü‚Å‚«‚Ü‚·
PRMV0082793,N194000,2024/9/25 12:00,0,‚±‚±‚Éƒƒ‚‚ð‘}“ü‚Å‚«‚Ü‚·
PRMV0082794,N194000,2024/9/25 12:00,0,‚±‚±‚Éƒƒ‚‚ð‘}“ü‚Å‚«‚Ü‚·
PRMV0082795,N194000,2024/9/25 12:00,0,‚±‚±‚Éƒƒ‚‚ð‘}“ü‚Å‚«‚Ü‚·
PRMV0082796,N194000,2024/9/25 12:00,0,‚±‚±‚Éƒƒ‚‚ð‘}“ü‚Å‚«‚Ü‚·
PRMV0082797,N194000,2024/9/25 12:00,0,‚±‚±‚Éƒƒ‚‚ð‘}“ü‚Å‚«‚Ü‚·
PRMV0082798,N194000,2024/9/25 12:00,0,‚±‚±‚Éƒƒ‚‚ð‘}“ü‚Å‚«‚Ü‚·
PRMV0082799,N194000,2024/9/25 12:00,0,‚±‚±‚Éƒƒ‚‚ð‘}“ü‚Å‚«‚Ü‚·
PRMV0082800,N194000,2024/9/25 12:00,0,‚±‚±‚Éƒƒ‚‚ð‘}“ü‚Å‚«‚Ü‚·
PRMV0082801,N194000,2024/9/25 12:00,0,‚±‚±‚Éƒƒ‚‚ð‘}“ü‚Å‚«‚Ü‚·
PRMV0082802,N194000,2024/9/25 12:00,0,‚±‚±‚Éƒƒ‚‚ð‘}“ü‚Å‚«‚Ü‚·
PRMV0082803,N194000,2024/9/25 12:00,0,‚±‚±‚Éƒƒ‚‚ð‘}“ü‚Å‚«‚Ü‚·
PRMV0082804,N194000,2024/9/25 12:00,0,‚±‚±‚Éƒƒ‚‚ð‘}“ü‚Å‚«‚Ü‚·
PRMV0082805,N194000,2024/9/25 12:00,0,‚±‚±‚Éƒƒ‚‚ð‘}“ü‚Å‚«‚Ü‚·
PRMV0082806,N194000,2024/9/25 12:00,0,‚±‚±‚Éƒƒ‚‚ð‘}“ü‚Å‚«‚Ü‚·
PRMV0082807,N194000,2024/9/25 12:00,0,‚±‚±‚Éƒƒ‚‚ð‘}“ü‚Å‚«‚Ü‚·
PRMV0082808,N194000,2024/9/25 12:00,0,‚±‚±‚Éƒƒ‚‚ð‘}“ü‚Å‚«‚Ü‚·
PRMV0082809,N194000,2024/9/25 12:00,0,‚±‚±‚Éƒƒ‚‚ð‘}“ü‚Å‚«‚Ü‚·
PRMV0082810,N194000,2024/9/25 12:00,0,‚±‚±‚Éƒƒ‚‚ð‘}“ü‚Å‚«‚Ü‚·
PRMV0082811,N194000,2024/9/25 12:00,0,‚±‚±‚Éƒƒ‚‚ð‘}“ü‚Å‚«‚Ü‚·
PRMV0082812,N194000,2024/9/25 12:00,0,‚±‚±‚Éƒƒ‚‚ð‘}“ü‚Å‚«‚Ü‚·
PRMV0082813,N194000,2024/9/25 12:00,0,‚±‚±‚Éƒƒ‚‚ð‘}“ü‚Å‚«‚Ü‚·
PRMV0082814,N194000,2024/9/25 12:00,0,‚±‚±‚Éƒƒ‚‚ð‘}“ü‚Å‚«‚Ü‚·
PRMV0082815,N194000,2024/9/25 12:00,0,‚±‚±‚Éƒƒ‚‚ð‘}“ü‚Å‚«‚Ü‚·
PRMV0082816,N194000,2024/9/25 12:00,0,‚±‚±‚Éƒƒ‚‚ð‘}“ü‚Å‚«‚Ü‚·
PRMV0082817,N194000,2024/9/25 12:00,0,‚±‚±‚Éƒƒ‚‚ð‘}“ü‚Å‚«‚Ü‚·
PRMV0082818,N194000,2024/9/25 12:00,0,‚±‚±‚Éƒƒ‚‚ð‘}“ü‚Å‚«‚Ü‚·
PRMV0082819,N194000,2024/9/25 12:00,0,‚±‚±‚Éƒƒ‚‚ð‘}“ü‚Å‚«‚Ü‚·
PRMV0082820,N194000,2024/9/25 12:00,0,‚±‚±‚Éƒƒ‚‚ð‘}“ü‚Å‚«‚Ü‚·
PRMV0082821,N194000,2024/9/25 12:00,0,‚±‚±‚Éƒƒ‚‚ð‘}“ü‚Å‚«‚Ü‚·
PRMV0082822,N194000,2024/9/25 12:00,0,‚±‚±‚Éƒƒ‚‚ð‘}“ü‚Å‚«‚Ü‚·
PRMV0082823,N194000,2024/9/25 12:00,0,‚±‚±‚Éƒƒ‚‚ð‘}“ü‚Å‚«‚Ü‚·
PRMV0082824,N194000,2024/9/25 12:00,0,‚±‚±‚Éƒƒ‚‚ð‘}“ü‚Å‚«‚Ü‚·
PRMV0082825,N194000,2024/9/25 12:00,0,‚±‚±‚Éƒƒ‚‚ð‘}“ü‚Å‚«‚Ü‚·
PRMV0082826,N194000,2024/9/25 12:00,0,‚±‚±‚Éƒƒ‚‚ð‘}“ü‚Å‚«‚Ü‚·
PRMV0082827,N194000,2024/9/25 12:00,0,‚±‚±‚Éƒƒ‚‚ð‘}“ü‚Å‚«‚Ü‚·
PRMV0082828,N194000,2024/9/25 12:00,0,‚±‚±‚Éƒƒ‚‚ð‘}“ü‚Å‚«‚Ü‚·
PRMV0082829,N194000,2024/9/25 12:00,0,‚±‚±‚Éƒƒ‚‚ð‘}“ü‚Å‚«‚Ü‚·
PRMV0082830,N194000,2024/9/25 12:00,0,‚±‚±‚Éƒƒ‚‚ð‘}“ü‚Å‚«‚Ü‚·
PRMV0082831,N194000,2024/9/25 12:00,0,‚±‚±‚Éƒƒ‚‚ð‘}“ü‚Å‚«‚Ü‚·
PRMV0082832,N194000,2024/9/25 12:00,0,‚±‚±‚Éƒƒ‚‚ð‘}“ü‚Å‚«‚Ü‚·
PRMV0082833,N194000,2024/9/25 12:00,0,‚±‚±‚Éƒƒ‚‚ð‘}“ü‚Å‚«‚Ü‚·
PRMV0082834,N194000,2024/9/25 12:00,0,‚±‚±‚Éƒƒ‚‚ð‘}“ü‚Å‚«‚Ü‚·
PRMV0082835,N194000,2024/9/25 12:00,0,‚±‚±‚Éƒƒ‚‚ð‘}“ü‚Å‚«‚Ü‚·
PRMV0082836,N194000,2024/9/25 12:00,0,‚±‚±‚Éƒƒ‚‚ð‘}“ü‚Å‚«‚Ü‚·
PRMV0082837,N194000,2024/9/25 12:00,0,‚±‚±‚Éƒƒ‚‚ð‘}“ü‚Å‚«‚Ü‚·
PRMV0082838,N194000,2024/9/25 12:00,0,‚±‚±‚Éƒƒ‚‚ð‘}“ü‚Å‚«‚Ü‚·
PRMV0082839,N194000,2024/9/25 12:00,0,‚±‚±‚Éƒƒ‚‚ð‘}“ü‚Å‚«‚Ü‚·
PRMV0082840,N194000,2024/9/25 12:00,0,‚±‚±‚Éƒƒ‚‚ð‘}“ü‚Å‚«‚Ü‚·
PRMV0082841,N194000,2024/9/25 12:00,0,‚±‚±‚Éƒƒ‚‚ð‘}“ü‚Å‚«‚Ü‚·
PRMV0082842,N194000,2024/9/25 12:00,0,‚±‚±‚Éƒƒ‚‚ð‘}“ü‚Å‚«‚Ü‚·
PRMV0082843,N194000,2024/9/25 12:00,0,‚±‚±‚Éƒƒ‚‚ð‘}“ü‚Å‚«‚Ü‚·
PRMV0082844,N194000,2024/9/25 12:00,0,‚±‚±‚Éƒƒ‚‚ð‘}“ü‚Å‚«‚Ü‚·
PRMV0082845,N194000,2024/9/25 12:00,0,‚±‚±‚Éƒƒ‚‚ð‘}“ü‚Å‚«‚Ü‚·
PRMV0082846,N194000,2024/9/25 12:00,0,‚±‚±‚Éƒƒ‚‚ð‘}“ü‚Å‚«‚Ü‚·
PRMV0082847,N194000,2024/9/25 12:00,0,‚±‚±‚Éƒƒ‚‚ð‘}“ü‚Å‚«‚Ü‚·
PRMV0082848,N194000,2024/9/25 12:00,0,‚±‚±‚Éƒƒ‚‚ð‘}“ü‚Å‚«‚Ü‚·
PRMV0082849,N194000,2024/9/25 12:00,0,‚±‚±‚Éƒƒ‚‚ð‘}“ü‚Å‚«‚Ü‚·
PRMV0082850,N194000,2024/9/25 12:00,0,‚±‚±‚Éƒƒ‚‚ð‘}“ü‚Å‚«‚Ü‚·
PRMV0082851,N194000,2024/9/25 12:00,0,‚±‚±‚Éƒƒ‚‚ð‘}“ü‚Å‚«‚Ü‚·
PRMV0082852,N194000,2024/9/25 12:00,0,‚±‚±‚Éƒƒ‚‚ð‘}“ü‚Å‚«‚Ü‚·
PRMV0082853,N194000,2024/9/25 12:00,0,‚±‚±‚Éƒƒ‚‚ð‘}“ü‚Å‚«‚Ü‚·
PRMV0082854,N194000,2024/9/25 12:00,0,‚±‚±‚Éƒƒ‚‚ð‘}“ü‚Å‚«‚Ü‚·
PRMV0082855,N194000,2024/9/25 12:00,0,‚±‚±‚Éƒƒ‚‚ð‘}“ü‚Å‚«‚Ü‚·
PRMV0082856,N194000,2024/9/25 12:00,0,‚±‚±‚Éƒƒ‚‚ð‘}“ü‚Å‚«‚Ü‚·
PRMV0082857,N194000,2024/9/25 12:00,0,‚±‚±‚Éƒƒ‚‚ð‘}“ü‚Å‚«‚Ü‚·
PRMV0082858,N194000,2024/9/25 12:00,0,‚±‚±‚Éƒƒ‚‚ð‘}“ü‚Å‚«‚Ü‚·
PRMV0082859,N194000,2024/9/25 12:00,0,‚±‚±‚Éƒƒ‚‚ð‘}“ü‚Å‚«‚Ü‚·
PRMV0082860,N194000,2024/9/25 12:00,0,‚±‚±‚Éƒƒ‚‚ð‘}“ü‚Å‚«‚Ü‚·
PRMV0082861,N194000,2024/9/25 12:00,0,‚±‚±‚Éƒƒ‚‚ð‘}“ü‚Å‚«‚Ü‚·
PRMV0082862,N194000,2024/9/25 12:00,0,‚±‚±‚Éƒƒ‚‚ð‘}“ü‚Å‚«‚Ü‚·
PRMV0082863,N194000,2024/9/25 12:00,0,‚±‚±‚Éƒƒ‚‚ð‘}“ü‚Å‚«‚Ü‚·
PRMV0082864,N194000,2024/9/25 12:00,0,‚±‚±‚Éƒƒ‚‚ð‘}“ü‚Å‚«‚Ü‚·
PRMV0082865,N194000,2024/9/25 12:00,0,‚±‚±‚Éƒƒ‚‚ð‘}“ü‚Å‚«‚Ü‚·
PRMV0082866,N194000,2024/9/25 12:00,0,‚±‚±‚Éƒƒ‚‚ð‘}“ü‚Å‚«‚Ü‚·
PRMV0082867,N194000,2024/9/25 12:00,0,‚±‚±‚Éƒƒ‚‚ð‘}“ü‚Å‚«‚Ü‚·
PRMV0082868,N194000,2024/9/25 12:00,0,‚±‚±‚Éƒƒ‚‚ð‘}“ü‚Å‚«‚Ü‚·
PRMV0082869,N194000,2024/9/25 12:00,0,‚±‚±‚Éƒƒ‚‚ð‘}“ü‚Å‚«‚Ü‚·
PRMV0082870,N194000,2024/9/25 12:00,0,‚±‚±‚Éƒƒ‚‚ð‘}“ü‚Å‚«‚Ü‚·
PRMV0082871,N194000,2024/9/25 12:00,0,‚±‚±‚Éƒƒ‚‚ð‘}“ü‚Å‚«‚Ü‚·
PRMV0082872,N194000,2024/9/25 12:00,0,‚±‚±‚Éƒƒ‚‚ð‘}“ü‚Å‚«‚Ü‚·
PRMV0082873,N194000,2024/9/25 12:00,0,‚±‚±‚Éƒƒ‚‚ð‘}“ü‚Å‚«‚Ü‚·
PRMV0082874,N194000,2024/9/25 12:00,0,‚±‚±‚Éƒƒ‚‚ð‘}“ü‚Å‚«‚Ü‚·
PRMV0082875,N194000,2024/9/25 12:00,0,‚±‚±‚Éƒƒ‚‚ð‘}“ü‚Å‚«‚Ü‚·
PRMV0082876,N194000,2024/9/25 12:00,0,‚±‚±‚Éƒƒ‚‚ð‘}“ü‚Å‚«‚Ü‚·
PRMV0082877,N194000,2024/9/25 12:00,0,‚±‚±‚Éƒƒ‚‚ð‘}“ü‚Å‚«‚Ü‚·
PRMV0082878,N194000,2024/9/25 12:00,0,‚±‚±‚Éƒƒ‚‚ð‘}“ü‚Å‚«‚Ü‚·
PRMV0082879,N194000,2024/9/25 12:00,0,‚±‚±‚Éƒƒ‚‚ð‘}“ü‚Å‚«‚Ü‚·
PRMV0082880,N194000,2024/9/25 12:00,0,‚±‚±‚Éƒƒ‚‚ð‘}“ü‚Å‚«‚Ü‚·
PRMV0082881,N194000,2024/9/25 12:00,0,‚±‚±‚Éƒƒ‚‚ð‘}“ü‚Å‚«‚Ü‚·
PRMV0082882,N194000,2024/9/25 12:00,0,‚±‚±‚Éƒƒ‚‚ð‘}“ü‚Å‚«‚Ü‚·
PRMV0082883,N194000,2024/9/25 12:00,0,‚±‚±‚Éƒƒ‚‚ð‘}“ü‚Å‚«‚Ü‚·
PRMV0082884,N194000,2024/9/25 12:00,0,‚±‚±‚Éƒƒ‚‚ð‘}“ü‚Å‚«‚Ü‚·
PRMV0082885,N194000,2024/9/25 12:00,0,‚±‚±‚Éƒƒ‚‚ð‘}“ü‚Å‚«‚Ü‚·
PRMV0082886,N194000,2024/9/25 12:00,0,‚±‚±‚Éƒƒ‚‚ð‘}“ü‚Å‚«‚Ü‚·
PRMV0082887,N194000,2024/9/25 12:00,0,‚±‚±‚Éƒƒ‚‚ð‘}“ü‚Å‚«‚Ü‚·
PRMV0082888,N194000,2024/9/25 12:00,0,‚±‚±‚Éƒƒ‚‚ð‘}“ü‚Å‚«‚Ü‚·
PRMV0082889,N194000,2024/9/25 12:00,0,‚±‚±‚Éƒƒ‚‚ð‘}“ü‚Å‚«‚Ü‚·
PRMV0082890,N194000,2024/9/25 12:00,0,‚±‚±‚Éƒƒ‚‚ð‘}“ü‚Å‚«‚Ü‚·
PRMV0082891,N194000,2024/9/25 12:00,0,‚±‚±‚Éƒƒ‚‚ð‘}“ü‚Å‚«‚Ü‚·
PRMV0082892,N194000,2024/9/25 12:00,0,‚±‚±‚Éƒƒ‚‚ð‘}“ü‚Å‚«‚Ü‚·
PRMV0082893,N194000,2024/9/25 12:00,0,‚±‚±‚Éƒƒ‚‚ð‘}“ü‚Å‚«‚Ü‚·
PRMV0082894,N194000,2024/9/25 12:00,0,‚±‚±‚Éƒƒ‚‚ð‘}“ü‚Å‚«‚Ü‚·
PRMV0082895,N194000,2024/9/25 12:00,0,‚±‚±‚Éƒƒ‚‚ð‘}“ü‚Å‚«‚Ü‚·
PRMV0082896,N194000,2024/9/25 12:00,0,‚±‚±‚Éƒƒ‚‚ð‘}“ü‚Å‚«‚Ü‚·
PRMV0082897,N194000,2024/9/25 12:00,0,‚±‚±‚Éƒƒ‚‚ð‘}“ü‚Å‚«‚Ü‚·
PRMV0082898,N194000,2024/9/25 12:00,0,‚±‚±‚Éƒƒ‚‚ð‘}“ü‚Å‚«‚Ü‚·
PRMV0082899,N194000,2024/9/25 12:00,0,‚±‚±‚Éƒƒ‚‚ð‘}“ü‚Å‚«‚Ü‚·
PRMV0082900,N194000,2024/9/25 12:00,0,‚±‚±‚Éƒƒ‚‚ð‘}“ü‚Å‚«‚Ü‚·
PRMV0082901,N194000,2024/9/25 12:00,0,‚±‚±‚Éƒƒ‚‚ð‘}“ü‚Å‚«‚Ü‚·
PRMV0082902,N194000,2024/9/25 12:00,0,‚±‚±‚Éƒƒ‚‚ð‘}“ü‚Å‚«‚Ü‚·
PRMV0082903,N194000,2024/9/25 12:00,0,‚±‚±‚Éƒƒ‚‚ð‘}“ü‚Å‚«‚Ü‚·
PRMV0082904,N194000,2024/9/25 12:00,0,‚±‚±‚Éƒƒ‚‚ð‘}“ü‚Å‚«‚Ü‚·
PRMV0082905,N194000,2024/9/25 12:00,0,‚±‚±‚Éƒƒ‚‚ð‘}“ü‚Å‚«‚Ü‚·
PRMV0082906,N194000,2024/9/25 12:00,0,‚±‚±‚Éƒƒ‚‚ð‘}“ü‚Å‚«‚Ü‚·
PRMV0082907,N194000,2024/9/25 12:00,0,‚±‚±‚Éƒƒ‚‚ð‘}“ü‚Å‚«‚Ü‚·
PRMV0082908,N194000,2024/9/25 12:00,0,‚±‚±‚Éƒƒ‚‚ð‘}“ü‚Å‚«‚Ü‚·
PRMV0082909,N194000,2024/9/25 12:00,0,‚±‚±‚Éƒƒ‚‚ð‘}“ü‚Å‚«‚Ü‚·
PRMV0082910,N194000,2024/9/25 12:00,0,‚±‚±‚Éƒƒ‚‚ð‘}“ü‚Å‚«‚Ü‚·
PRMV0082911,N194000,2024/9/25 12:00,0,‚±‚±‚Éƒƒ‚‚ð‘}“ü‚Å‚«‚Ü‚·
PRMV0082912,N194000,2024/9/25 12:00,0,‚±‚±‚Éƒƒ‚‚ð‘}“ü‚Å‚«‚Ü‚·
PRMV0082913,N194000,2024/9/25 12:00,0,‚±‚±‚Éƒƒ‚‚ð‘}“ü‚Å‚«‚Ü‚·
PRMV0082914,N194000,2024/9/25 12:00,0,‚±‚±‚Éƒƒ‚‚ð‘}“ü‚Å‚«‚Ü‚·
PRMV0082915,N194000,2024/9/25 12:00,0,‚±‚±‚Éƒƒ‚‚ð‘}“ü‚Å‚«‚Ü‚·
PRMV0082916,N194000,2024/9/25 12:00,0,‚±‚±‚Éƒƒ‚‚ð‘}“ü‚Å‚«‚Ü‚·
PRMV0082917,N194000,2024/9/25 12:00,0,‚±‚±‚Éƒƒ‚‚ð‘}“ü‚Å‚«‚Ü‚·
PRMV0082918,N194000,2024/9/25 12:00,0,‚±‚±‚Éƒƒ‚‚ð‘}“ü‚Å‚«‚Ü‚·
PRMV0082919,N194000,2024/9/25 12:00,0,‚±‚±‚Éƒƒ‚‚ð‘}“ü‚Å‚«‚Ü‚·
PRMV0082920,N194000,2024/9/25 12:00,0,‚±‚±‚Éƒƒ‚‚ð‘}“ü‚Å‚«‚Ü‚·
PRMV0082921,N194000,2024/9/25 12:00,0,‚±‚±‚Éƒƒ‚‚ð‘}“ü‚Å‚«‚Ü‚·
PRMV0082922,N194000,2024/9/25 12:00,0,‚±‚±‚Éƒƒ‚‚ð‘}“ü‚Å‚«‚Ü‚·
PRMV0082923,N194000,2024/9/25 12:00,0,‚±‚±‚Éƒƒ‚‚ð‘}“ü‚Å‚«‚Ü‚·
PRMV0082924,N194000,2024/9/25 12:00,0,‚±‚±‚Éƒƒ‚‚ð‘}“ü‚Å‚«‚Ü‚·
PRMV0082925,N194000,2024/9/25 12:00,0,‚±‚±‚Éƒƒ‚‚ð‘}“ü‚Å‚«‚Ü‚·
PRMV0082926,N194000,2024/9/25 12:00,0,‚±‚±‚Éƒƒ‚‚ð‘}“ü‚Å‚«‚Ü‚·
PRMV0082927,N194000,2024/9/25 12:00,0,‚±‚±‚Éƒƒ‚‚ð‘}“ü‚Å‚«‚Ü‚·
PRMV0082928,N194000,2024/9/25 12:00,0,‚±‚±‚Éƒƒ‚‚ð‘}“ü‚Å‚«‚Ü‚·
PRMV0082929,N194000,2024/9/25 12:00,0,‚±‚±‚Éƒƒ‚‚ð‘}“ü‚Å‚«‚Ü‚·
PRMV0082930,N194000,2024/9/25 12:00,0,‚±‚±‚Éƒƒ‚‚ð‘}“ü‚Å‚«‚Ü‚·
PRMV0082931,N194000,2024/9/25 12:00,0,‚±‚±‚Éƒƒ‚‚ð‘}“ü‚Å‚«‚Ü‚·
PRMV0082932,N194000,2024/9/25 12:00,0,‚±‚±‚Éƒƒ‚‚ð‘}“ü‚Å‚«‚Ü‚·
PRMV0082933,N194000,2024/9/25 12:00,0,‚±‚±‚Éƒƒ‚‚ð‘}“ü‚Å‚«‚Ü‚·
PRMV0082934,N194000,2024/9/25 12:00,0,‚±‚±‚Éƒƒ‚‚ð‘}“ü‚Å‚«‚Ü‚·
PRMV0082935,N194000,2024/9/25 12:00,0,‚±‚±‚Éƒƒ‚‚ð‘}“ü‚Å‚«‚Ü‚·
PRMV0082936,N194000,2024/9/25 12:00,0,‚±‚±‚Éƒƒ‚‚ð‘}“ü‚Å‚«‚Ü‚·
PRMV0082937,N194000,2024/9/25 12:00,0,‚±‚±‚Éƒƒ‚‚ð‘}“ü‚Å‚«‚Ü‚·
PRMV0082938,N194000,2024/9/25 12:00,0,‚±‚±‚Éƒƒ‚‚ð‘}“ü‚Å‚«‚Ü‚·
PRMV0082939,N194000,2024/9/25 12:00,0,‚±‚±‚Éƒƒ‚‚ð‘}“ü‚Å‚«‚Ü‚·
PRMV0082940,N194000,2024/9/25 12:00,0,‚±‚±‚Éƒƒ‚‚ð‘}“ü‚Å‚«‚Ü‚·
PRMV0082941,N194000,2024/9/25 12:00,0,‚±‚±‚Éƒƒ‚‚ð‘}“ü‚Å‚«‚Ü‚·
PRMV0082942,N194000,2024/9/25 12:00,0,‚±‚±‚Éƒƒ‚‚ð‘}“ü‚Å‚«‚Ü‚·
PRMV0082943,N194000,2024/9/25 12:00,0,‚±‚±‚Éƒƒ‚‚ð‘}“ü‚Å‚«‚Ü‚·
PRMV0082944,N194000,2024/9/25 12:00,0,‚±‚±‚Éƒƒ‚‚ð‘}“ü‚Å‚«‚Ü‚·
PRMV0082945,N194000,2024/9/25 12:00,0,‚±‚±‚Éƒƒ‚‚ð‘}“ü‚Å‚«‚Ü‚·
PRMV0082946,N194000,2024/9/25 12:00,0,‚±‚±‚Éƒƒ‚‚ð‘}“ü‚Å‚«‚Ü‚·
PRMV0082947,N194000,2024/9/25 12:00,0,‚±‚±‚Éƒƒ‚‚ð‘}“ü‚Å‚«‚Ü‚·
PRMV0082948,N194000,2024/9/25 12:00,0,‚±‚±‚Éƒƒ‚‚ð‘}“ü‚Å‚«‚Ü‚·
PRMV0082949,N194000,2024/9/25 12:00,0,‚±‚±‚Éƒƒ‚‚ð‘}“ü‚Å‚«‚Ü‚·
PRMV0082950,N194000,2024/9/25 12:00,0,‚±‚±‚Éƒƒ‚‚ð‘}“ü‚Å‚«‚Ü‚·
PRMV0082951,N194000,2024/9/25 12:00,0,‚±‚±‚Éƒƒ‚‚ð‘}“ü‚Å‚«‚Ü‚·
PRMV0082952,N194000,2024/9/25 12:00,0,‚±‚±‚Éƒƒ‚‚ð‘}“ü‚Å‚«‚Ü‚·
PRMV0082953,N194000,2024/9/25 12:00,0,‚±‚±‚Éƒƒ‚‚ð‘}“ü‚Å‚«‚Ü‚·
PRMV0082954,N194000,2024/9/25 12:00,0,‚±‚±‚Éƒƒ‚‚ð‘}“ü‚Å‚«‚Ü‚·
PRMV0082955,N194000,2024/9/25 12:00,0,‚±‚±‚Éƒƒ‚‚ð‘}“ü‚Å‚«‚Ü‚·
PRMV0082956,N194000,2024/9/25 12:00,0,‚±‚±‚Éƒƒ‚‚ð‘}“ü‚Å‚«‚Ü‚·
PRMV0082957,N194000,2024/9/25 12:00,0,‚±‚±‚Éƒƒ‚‚ð‘}“ü‚Å‚«‚Ü‚·
PRMV0082958,N194000,2024/9/25 12:00,0,‚±‚±‚Éƒƒ‚‚ð‘}“ü‚Å‚«‚Ü‚·
PRMV0082959,N194000,2024/9/25 12:00,0,‚±‚±‚Éƒƒ‚‚ð‘}“ü‚Å‚«‚Ü‚·
PRMV0082960,N194000,2024/9/25 12:00,0,‚±‚±‚Éƒƒ‚‚ð‘}“ü‚Å‚«‚Ü‚·
PRMV0082961,N194000,2024/9/25 12:00,0,‚±‚±‚Éƒƒ‚‚ð‘}“ü‚Å‚«‚Ü‚·
PRMV0082962,N194000,2024/9/25 12:00,0,‚±‚±‚Éƒƒ‚‚ð‘}“ü‚Å‚«‚Ü‚·
PRMV0082963,N194000,2024/9/25 12:00,0,‚±‚±‚Éƒƒ‚‚ð‘}“ü‚Å‚«‚Ü‚·
PRMV0082964,N194000,2024/9/25 12:00,0,‚±‚±‚Éƒƒ‚‚ð‘}“ü‚Å‚«‚Ü‚·
PRMV0082965,N194000,2024/9/25 12:00,0,‚±‚±‚Éƒƒ‚‚ð‘}“ü‚Å‚«‚Ü‚·
PRMV0082966,N194000,2024/9/25 12:00,0,‚±‚±‚Éƒƒ‚‚ð‘}“ü‚Å‚«‚Ü‚·
PRMV0082967,N194000,2024/9/25 12:00,0,‚±‚±‚Éƒƒ‚‚ð‘}“ü‚Å‚«‚Ü‚·
PRMV0082968,N194000,2024/9/25 12:00,0,‚±‚±‚Éƒƒ‚‚ð‘}“ü‚Å‚«‚Ü‚·
PRMV0082969,N194000,2024/9/25 12:00,0,‚±‚±‚Éƒƒ‚‚ð‘}“ü‚Å‚«‚Ü‚·
PRMV0082970,N194000,2024/9/25 12:00,0,‚±‚±‚Éƒƒ‚‚ð‘}“ü‚Å‚«‚Ü‚·
PRMV0082971,N194000,2024/9/25 12:00,0,‚±‚±‚Éƒƒ‚‚ð‘}“ü‚Å‚«‚Ü‚·
PRMV0082972,N194000,2024/9/25 12:00,0,‚±‚±‚Éƒƒ‚‚ð‘}“ü‚Å‚«‚Ü‚·
PRMV0082973,N194000,2024/9/25 12:00,0,‚±‚±‚Éƒƒ‚‚ð‘}“ü‚Å‚«‚Ü‚·
PRMV0082974,N194000,2024/9/25 12:00,0,‚±‚±‚Éƒƒ‚‚ð‘}“ü‚Å‚«‚Ü‚·
PRMV0082975,N194000,2024/9/25 12:00,0,‚±‚±‚Éƒƒ‚‚ð‘}“ü‚Å‚«‚Ü‚·
PRMV0082976,N194000,2024/9/25 12:00,0,‚±‚±‚Éƒƒ‚‚ð‘}“ü‚Å‚«‚Ü‚·
PRMV0082977,N194000,2024/9/25 12:00,0,‚±‚±‚Éƒƒ‚‚ð‘}“ü‚Å‚«‚Ü‚·
PRMV0082978,N194000,2024/9/25 12:00,0,‚±‚±‚Éƒƒ‚‚ð‘}“ü‚Å‚«‚Ü‚·
PRMV0082979,N194000,2024/9/25 12:00,0,‚±‚±‚Éƒƒ‚‚ð‘}“ü‚Å‚«‚Ü‚·
PRMV0082980,N194000,2024/9/25 12:00,0,‚±‚±‚Éƒƒ‚‚ð‘}“ü‚Å‚«‚Ü‚·
PRMV0082981,N194000,2024/9/25 12:00,0,‚±‚±‚Éƒƒ‚‚ð‘}“ü‚Å‚«‚Ü‚·
PRMV0082982,N194000,2024/9/25 12:00,0,‚±‚±‚Éƒƒ‚‚ð‘}“ü‚Å‚«‚Ü‚·
PRMV0082983,N194000,2024/9/25 12:00,0,‚±‚±‚Éƒƒ‚‚ð‘}“ü‚Å‚«‚Ü‚·
PRMV0082984,N194000,2024/9/25 12:00,0,‚±‚±‚Éƒƒ‚‚ð‘}“ü‚Å‚«‚Ü‚·
PRMV0082985,N194000,2024/9/25 12:00,0,‚±‚±‚Éƒƒ‚‚ð‘}“ü‚Å‚«‚Ü‚·
PRMV0082986,N194000,2024/9/25 12:00,0,‚±‚±‚Éƒƒ‚‚ð‘}“ü‚Å‚«‚Ü‚·
PRMV0082987,N194000,2024/9/25 12:00,0,‚±‚±‚Éƒƒ‚‚ð‘}“ü‚Å‚«‚Ü‚·
PRMV0082988,N194000,2024/9/25 12:00,0,‚±‚±‚Éƒƒ‚‚ð‘}“ü‚Å‚«‚Ü‚·
PRMV0082989,N194000,2024/9/25 12:00,0,‚±‚±‚Éƒƒ‚‚ð‘}“ü‚Å‚«‚Ü‚·
PRMV0082990,N194000,2024/9/25 12:00,0,‚±‚±‚Éƒƒ‚‚ð‘}“ü‚Å‚«‚Ü‚·
PRMV0082991,N194000,2024/9/25 12:00,0,‚±‚±‚Éƒƒ‚‚ð‘}“ü‚Å‚«‚Ü‚·
PRMV0082992,N194000,2024/9/25 12:00,0,‚±‚±‚Éƒƒ‚‚ð‘}“ü‚Å‚«‚Ü‚·
PRMV0082993,N194000,2024/9/25 12:00,0,‚±‚±‚Éƒƒ‚‚ð‘}“ü‚Å‚«‚Ü‚·
PRMV0082994,N194000,2024/9/25 12:00,0,‚±‚±‚Éƒƒ‚‚ð‘}“ü‚Å‚«‚Ü‚·
PRMV0082995,N194000,2024/9/25 12:00,0,‚±‚±‚Éƒƒ‚‚ð‘}“ü‚Å‚«‚Ü‚·
PRMV0082996,N194000,2024/9/25 12:00,0,‚±‚±‚Éƒƒ‚‚ð‘}“ü‚Å‚«‚Ü‚·
PRMV0082997,N194000,2024/9/25 12:00,0,‚±‚±‚Éƒƒ‚‚ð‘}“ü‚Å‚«‚Ü‚·
PRMV0082998,N194000,2024/9/25 12:00,0,‚±‚±‚Éƒƒ‚‚ð‘}“ü‚Å‚«‚Ü‚·
PRMV0082999,N194000,2024/9/25 12:00,0,‚±‚±‚Éƒƒ‚‚ð‘}“ü‚Å‚«‚Ü‚·
PRMV0083000,N194000,2024/9/25 12:00,0,‚±‚±‚Éƒƒ‚‚ð‘}“ü‚Å‚«‚Ü‚·
PRMV0083001,N194000,2024/9/25 12:00,0,‚±‚±‚Éƒƒ‚‚ð‘}“ü‚Å‚«‚Ü‚·
PRMV0083002,N194000,2024/9/25 12:00,0,‚±‚±‚Éƒƒ‚‚ð‘}“ü‚Å‚«‚Ü‚·
PRMV0083003,N194000,2024/9/25 12:00,0,‚±‚±‚Éƒƒ‚‚ð‘}“ü‚Å‚«‚Ü‚·
PRMV0083004,N194000,2024/9/25 12:00,0,‚±‚±‚Éƒƒ‚‚ð‘}“ü‚Å‚«‚Ü‚·
PRMV0083005,N194000,2024/9/25 12:00,0,‚±‚±‚Éƒƒ‚‚ð‘}“ü‚Å‚«‚Ü‚·
PRMV0083006,N194000,2024/9/25 12:00,0,‚±‚±‚Éƒƒ‚‚ð‘}“ü‚Å‚«‚Ü‚·
PRMV0083007,N194000,2024/9/25 12:00,0,‚±‚±‚Éƒƒ‚‚ð‘}“ü‚Å‚«‚Ü‚·
PRMV0083008,N194000,2024/9/25 12:00,0,‚±‚±‚Éƒƒ‚‚ð‘}“ü‚Å‚«‚Ü‚·
PRMV0083009,N194000,2024/9/25 12:00,0,‚±‚±‚Éƒƒ‚‚ð‘}“ü‚Å‚«‚Ü‚·
PRMV0083010,N194000,2024/9/25 12:00,0,‚±‚±‚Éƒƒ‚‚ð‘}“ü‚Å‚«‚Ü‚·
PRMV0083011,N194000,2024/9/25 12:00,0,‚±‚±‚Éƒƒ‚‚ð‘}“ü‚Å‚«‚Ü‚·
PRMV0083012,N194000,2024/9/25 12:00,0,‚±‚±‚Éƒƒ‚‚ð‘}“ü‚Å‚«‚Ü‚·
PRMV0083013,N194000,2024/9/25 12:00,0,‚±‚±‚Éƒƒ‚‚ð‘}“ü‚Å‚«‚Ü‚·
PRMV0083014,N194000,2024/9/25 12:00,0,‚±‚±‚Éƒƒ‚‚ð‘}“ü‚Å‚«‚Ü‚·
PRMV0083015,N194000,2024/9/25 12:00,0,‚±‚±‚Éƒƒ‚‚ð‘}“ü‚Å‚«‚Ü‚·
PRMV0083016,N194000,2024/9/25 12:00,0,‚±‚±‚Éƒƒ‚‚ð‘}“ü‚Å‚«‚Ü‚·
PRMV0083017,N194000,2024/9/25 12:00,0,‚±‚±‚Éƒƒ‚‚ð‘}“ü‚Å‚«‚Ü‚·
PRMV0083018,N194000,2024/9/25 12:00,0,‚±‚±‚Éƒƒ‚‚ð‘}“ü‚Å‚«‚Ü‚·
PRMV0083019,N194000,2024/9/25 12:00,0,‚±‚±‚Éƒƒ‚‚ð‘}“ü‚Å‚«‚Ü‚·
PRMV0083020,N194000,2024/9/25 12:00,0,‚±‚±‚Éƒƒ‚‚ð‘}“ü‚Å‚«‚Ü‚·
PRMV0083021,N194000,2024/9/25 12:00,0,‚±‚±‚Éƒƒ‚‚ð‘}“ü‚Å‚«‚Ü‚·
PRMV0083022,N194000,2024/9/25 12:00,0,‚±‚±‚Éƒƒ‚‚ð‘}“ü‚Å‚«‚Ü‚·
PRMV0083023,N194000,2024/9/25 12:00,0,‚±‚±‚Éƒƒ‚‚ð‘}“ü‚Å‚«‚Ü‚·
PRMV0083024,N194000,2024/9/25 12:00,0,‚±‚±‚Éƒƒ‚‚ð‘}“ü‚Å‚«‚Ü‚·
PRMV0083025,N194000,2024/9/25 12:00,0,‚±‚±‚Éƒƒ‚‚ð‘}“ü‚Å‚«‚Ü‚·
PRMV0083026,N194000,2024/9/25 12:00,0,‚±‚±‚Éƒƒ‚‚ð‘}“ü‚Å‚«‚Ü‚·
PRMV0083027,N194000,2024/9/25 12:00,0,‚±‚±‚Éƒƒ‚‚ð‘}“ü‚Å‚«‚Ü‚·
PRMV0083028,N194000,2024/9/25 12:00,0,‚±‚±‚Éƒƒ‚‚ð‘}“ü‚Å‚«‚Ü‚·
PRMV0083029,N194000,2024/9/25 12:00,0,‚±‚±‚Éƒƒ‚‚ð‘}“ü‚Å‚«‚Ü‚·
PRMV0083030,N194000,2024/9/25 12:00,0,‚±‚±‚Éƒƒ‚‚ð‘}“ü‚Å‚«‚Ü‚·
PRMV0083031,N194000,2024/9/25 12:00,0,‚±‚±‚Éƒƒ‚‚ð‘}“ü‚Å‚«‚Ü‚·
PRMV0083032,N194000,2024/9/25 12:00,0,‚±‚±‚Éƒƒ‚‚ð‘}“ü‚Å‚«‚Ü‚·
PRMV0083033,N194000,2024/9/25 12:00,0,‚±‚±‚Éƒƒ‚‚ð‘}“ü‚Å‚«‚Ü‚·
PRMV0083034,N194000,2024/9/25 12:00,0,‚±‚±‚Éƒƒ‚‚ð‘}“ü‚Å‚«‚Ü‚·
PRMV0083035,N194000,2024/9/25 12:00,0,‚±‚±‚Éƒƒ‚‚ð‘}“ü‚Å‚«‚Ü‚·
PRMV0083036,N194000,2024/9/25 12:00,0,‚±‚±‚Éƒƒ‚‚ð‘}“ü‚Å‚«‚Ü‚·
PRMV0083037,N194000,2024/9/25 12:00,0,‚±‚±‚Éƒƒ‚‚ð‘}“ü‚Å‚«‚Ü‚·
PRMV0083038,N194000,2024/9/25 12:00,0,‚±‚±‚Éƒƒ‚‚ð‘}“ü‚Å‚«‚Ü‚·
PRMV0083039,N194000,2024/9/25 12:00,0,‚±‚±‚Éƒƒ‚‚ð‘}“ü‚Å‚«‚Ü‚·
PRMV0083040,N194000,2024/9/25 12:00,0,‚±‚±‚Éƒƒ‚‚ð‘}“ü‚Å‚«‚Ü‚·
PRMV0083041,N194000,2024/9/25 12:00,0,‚±‚±‚Éƒƒ‚‚ð‘}“ü‚Å‚«‚Ü‚·
PRMV0083042,N194000,2024/9/25 12:00,0,‚±‚±‚Éƒƒ‚‚ð‘}“ü‚Å‚«‚Ü‚·
PRMV0083043,N194000,2024/9/25 12:00,0,‚±‚±‚Éƒƒ‚‚ð‘}“ü‚Å‚«‚Ü‚·
PRMV0083044,N194000,2024/9/25 12:00,0,‚±‚±‚Éƒƒ‚‚ð‘}“ü‚Å‚«‚Ü‚·
PRMV0083045,N194000,2024/9/25 12:00,0,‚±‚±‚Éƒƒ‚‚ð‘}“ü‚Å‚«‚Ü‚·
PRMV0083046,N194000,2024/9/25 12:00,0,‚±‚±‚Éƒƒ‚‚ð‘}“ü‚Å‚«‚Ü‚·
PRMV0083047,N194000,2024/9/25 12:00,0,‚±‚±‚Éƒƒ‚‚ð‘}“ü‚Å‚«‚Ü‚·
PRMV0083048,N194000,2024/9/25 12:00,0,‚±‚±‚Éƒƒ‚‚ð‘}“ü‚Å‚«‚Ü‚·
PRMV0083049,N194000,2024/9/25 12:00,0,‚±‚±‚Éƒƒ‚‚ð‘}“ü‚Å‚«‚Ü‚·
PRMV0083050,N194000,2024/9/25 12:00,0,‚±‚±‚Éƒƒ‚‚ð‘}“ü‚Å‚«‚Ü‚·
PRMV0083051,N194000,2024/9/25 12:00,0,‚±‚±‚Éƒƒ‚‚ð‘}“ü‚Å‚«‚Ü‚·
PRMV0083052,N194000,2024/9/25 12:00,0,‚±‚±‚Éƒƒ‚‚ð‘}“ü‚Å‚«‚Ü‚·
PRMV0083053,N194000,2024/9/25 12:00,0,‚±‚±‚Éƒƒ‚‚ð‘}“ü‚Å‚«‚Ü‚·
PRMV0083054,N194000,2024/9/25 12:00,0,‚±‚±‚Éƒƒ‚‚ð‘}“ü‚Å‚«‚Ü‚·
PRMV0083055,N194000,2024/9/25 12:00,0,‚±‚±‚Éƒƒ‚‚ð‘}“ü‚Å‚«‚Ü‚·
PRMV0083056,N194000,2024/9/25 12:00,0,‚±‚±‚Éƒƒ‚‚ð‘}“ü‚Å‚«‚Ü‚·
PRMV0083057,N194000,2024/9/25 12:00,0,‚±‚±‚Éƒƒ‚‚ð‘}“ü‚Å‚«‚Ü‚·
PRMV0083058,N194000,2024/9/25 12:00,0,‚±‚±‚Éƒƒ‚‚ð‘}“ü‚Å‚«‚Ü‚·
PRMV0083059,N194000,2024/9/25 12:00,0,‚±‚±‚Éƒƒ‚‚ð‘}“ü‚Å‚«‚Ü‚·
PRMV0083060,N194000,2024/9/25 12:00,0,‚±‚±‚Éƒƒ‚‚ð‘}“ü‚Å‚«‚Ü‚·
PRMV0083061,N194000,2024/9/25 12:00,0,‚±‚±‚Éƒƒ‚‚ð‘}“ü‚Å‚«‚Ü‚·
PRMV0083062,N194000,2024/9/25 12:00,0,‚±‚±‚Éƒƒ‚‚ð‘}“ü‚Å‚«‚Ü‚·
PRMV0083063,N194000,2024/9/25 12:00,0,‚±‚±‚Éƒƒ‚‚ð‘}“ü‚Å‚«‚Ü‚·
PRMV0083064,N194000,2024/9/25 12:00,0,‚±‚±‚Éƒƒ‚‚ð‘}“ü‚Å‚«‚Ü‚·
PRMV0083065,N194000,2024/9/25 12:00,0,‚±‚±‚Éƒƒ‚‚ð‘}“ü‚Å‚«‚Ü‚·
PRMV0083066,N194000,2024/9/25 12:00,0,‚±‚±‚Éƒƒ‚‚ð‘}“ü‚Å‚«‚Ü‚·
PRMV0083067,N194000,2024/9/25 12:00,0,‚±‚±‚Éƒƒ‚‚ð‘}“ü‚Å‚«‚Ü‚·
PRMV0083068,N194000,2024/9/25 12:00,0,‚±‚±‚Éƒƒ‚‚ð‘}“ü‚Å‚«‚Ü‚·
PRMV0083069,N194000,2024/9/25 12:00,0,‚±‚±‚Éƒƒ‚‚ð‘}“ü‚Å‚«‚Ü‚·
PRMV0083070,N194000,2024/9/25 12:00,0,‚±‚±‚Éƒƒ‚‚ð‘}“ü‚Å‚«‚Ü‚·
PRMV0083071,N194000,2024/9/25 12:00,0,‚±‚±‚Éƒƒ‚‚ð‘}“ü‚Å‚«‚Ü‚·
PRMV0083072,N194000,2024/9/25 12:00,0,‚±‚±‚Éƒƒ‚‚ð‘}“ü‚Å‚«‚Ü‚·
PRMV0083073,N194000,2024/9/25 12:00,0,‚±‚±‚Éƒƒ‚‚ð‘}“ü‚Å‚«‚Ü‚·
PRMV0083074,N194000,2024/9/25 12:00,0,‚±‚±‚Éƒƒ‚‚ð‘}“ü‚Å‚«‚Ü‚·
PRMV0083075,N194000,2024/9/25 12:00,0,‚±‚±‚Éƒƒ‚‚ð‘}“ü‚Å‚«‚Ü‚·
PRMV0083076,N194000,2024/9/25 12:00,0,‚±‚±‚Éƒƒ‚‚ð‘}“ü‚Å‚«‚Ü‚·
PRMV0083077,N194000,2024/9/25 12:00,0,‚±‚±‚Éƒƒ‚‚ð‘}“ü‚Å‚«‚Ü‚·
PRMV0083078,N194000,2024/9/25 12:00,0,‚±‚±‚Éƒƒ‚‚ð‘}“ü‚Å‚«‚Ü‚·
PRMV0083079,N194000,2024/9/25 12:00,0,‚±‚±‚Éƒƒ‚‚ð‘}“ü‚Å‚«‚Ü‚·
PRMV0083080,N194000,2024/9/25 12:00,0,‚±‚±‚Éƒƒ‚‚ð‘}“ü‚Å‚«‚Ü‚·
PRMV0083081,N194000,2024/9/25 12:00,0,‚±‚±‚Éƒƒ‚‚ð‘}“ü‚Å‚«‚Ü‚·
PRMV0083082,N194000,2024/9/25 12:00,0,‚±‚±‚Éƒƒ‚‚ð‘}“ü‚Å‚«‚Ü‚·
PRMV0083083,N194000,2024/9/25 12:00,0,‚±‚±‚Éƒƒ‚‚ð‘}“ü‚Å‚«‚Ü‚·
PRMV0083084,N194000,2024/9/25 12:00,0,‚±‚±‚Éƒƒ‚‚ð‘}“ü‚Å‚«‚Ü‚·
PRMV0083085,N194000,2024/9/25 12:00,0,‚±‚±‚Éƒƒ‚‚ð‘}“ü‚Å‚«‚Ü‚·
PRMV0083086,N194000,2024/9/25 12:00,0,‚±‚±‚Éƒƒ‚‚ð‘}“ü‚Å‚«‚Ü‚·
PRMV0083087,N194000,2024/9/25 12:00,0,‚±‚±‚Éƒƒ‚‚ð‘}“ü‚Å‚«‚Ü‚·
PRMV0083088,N194000,2024/9/25 12:00,0,‚±‚±‚Éƒƒ‚‚ð‘}“ü‚Å‚«‚Ü‚·
PRMV0083089,N194000,2024/9/25 12:00,0,‚±‚±‚Éƒƒ‚‚ð‘}“ü‚Å‚«‚Ü‚·
PRMV0083090,N194000,2024/9/25 12:00,0,‚±‚±‚Éƒƒ‚‚ð‘}“ü‚Å‚«‚Ü‚·
PRMV0083091,N194000,2024/9/25 12:00,0,‚±‚±‚Éƒƒ‚‚ð‘}“ü‚Å‚«‚Ü‚·
PRMV0083092,N194000,2024/9/25 12:00,0,‚±‚±‚Éƒƒ‚‚ð‘}“ü‚Å‚«‚Ü‚·
PRMV0083093,N194000,2024/9/25 12:00,0,‚±‚±‚Éƒƒ‚‚ð‘}“ü‚Å‚«‚Ü‚·
PRMV0083094,N194000,2024/9/25 12:00,0,‚±‚±‚Éƒƒ‚‚ð‘}“ü‚Å‚«‚Ü‚·
PRMV0083095,N194000,2024/9/25 12:00,0,‚±‚±‚Éƒƒ‚‚ð‘}“ü‚Å‚«‚Ü‚·
PRMV0083096,N194000,2024/9/25 12:00,0,‚±‚±‚Éƒƒ‚‚ð‘}“ü‚Å‚«‚Ü‚·
PRMV0083097,N194000,2024/9/25 12:00,0,‚±‚±‚Éƒƒ‚‚ð‘}“ü‚Å‚«‚Ü‚·
PRMV0083098,N194000,2024/9/25 12:00,0,‚±‚±‚Éƒƒ‚‚ð‘}“ü‚Å‚«‚Ü‚·
PRMV0083099,N194000,2024/9/25 12:00,0,‚±‚±‚Éƒƒ‚‚ð‘}“ü‚Å‚«‚Ü‚·
PRMV0083100,N194000,2024/9/25 12:00,0,‚±‚±‚Éƒƒ‚‚ð‘}“ü‚Å‚«‚Ü‚·
PRMV0083101,N194000,2024/9/25 12:00,0,‚±‚±‚Éƒƒ‚‚ð‘}“ü‚Å‚«‚Ü‚·
PRMV0083102,N194000,2024/9/25 12:00,0,‚±‚±‚Éƒƒ‚‚ð‘}“ü‚Å‚«‚Ü‚·
PRMV0083103,N194000,2024/9/25 12:00,0,‚±‚±‚Éƒƒ‚‚ð‘}“ü‚Å‚«‚Ü‚·
PRMV0083104,N194000,2024/9/25 12:00,0,‚±‚±‚Éƒƒ‚‚ð‘}“ü‚Å‚«‚Ü‚·
PRMV0083105,N194000,2024/9/25 12:00,0,‚±‚±‚Éƒƒ‚‚ð‘}“ü‚Å‚«‚Ü‚·
PRMV0083106,N194000,2024/9/25 12:00,0,‚±‚±‚Éƒƒ‚‚ð‘}“ü‚Å‚«‚Ü‚·
PRMV0083107,N194000,2024/9/25 12:00,0,‚±‚±‚Éƒƒ‚‚ð‘}“ü‚Å‚«‚Ü‚·
PRMV0083108,N194000,2024/9/25 12:00,0,‚±‚±‚Éƒƒ‚‚ð‘}“ü‚Å‚«‚Ü‚·
PRMV0083109,N194000,2024/9/25 12:00,0,‚±‚±‚Éƒƒ‚‚ð‘}“ü‚Å‚«‚Ü‚·
PRMV0083110,N194000,2024/9/25 12:00,0,‚±‚±‚Éƒƒ‚‚ð‘}“ü‚Å‚«‚Ü‚·
PRMV0083111,N194000,2024/9/25 12:00,0,‚±‚±‚Éƒƒ‚‚ð‘}“ü‚Å‚«‚Ü‚·
PRMV0083112,N194000,2024/9/25 12:00,0,‚±‚±‚Éƒƒ‚‚ð‘}“ü‚Å‚«‚Ü‚·
PRMV0083113,N194000,2024/9/25 12:00,0,‚±‚±‚Éƒƒ‚‚ð‘}“ü‚Å‚«‚Ü‚·
PRMV0083114,N194000,2024/9/25 12:00,0,‚±‚±‚Éƒƒ‚‚ð‘}“ü‚Å‚«‚Ü‚·
PRMV0083115,N194000,2024/9/25 12:00,0,‚±‚±‚Éƒƒ‚‚ð‘}“ü‚Å‚«‚Ü‚·
PRMV0083116,N194000,2024/9/25 12:00,0,‚±‚±‚Éƒƒ‚‚ð‘}“ü‚Å‚«‚Ü‚·
PRMV0083117,N194000,2024/9/25 12:00,0,‚±‚±‚Éƒƒ‚‚ð‘}“ü‚Å‚«‚Ü‚·
PRMV0083118,N194000,2024/9/25 12:00,0,‚±‚±‚Éƒƒ‚‚ð‘}“ü‚Å‚«‚Ü‚·
PRMV0083119,N194000,2024/9/25 12:00,0,‚±‚±‚Éƒƒ‚‚ð‘}“ü‚Å‚«‚Ü‚·
PRMV0083120,N194000,2024/9/25 12:00,0,‚±‚±‚Éƒƒ‚‚ð‘}“ü‚Å‚«‚Ü‚·
PRMV0083121,N194000,2024/9/25 12:00,0,‚±‚±‚Éƒƒ‚‚ð‘}“ü‚Å‚«‚Ü‚·
PRMV0083122,N194000,2024/9/25 12:00,0,‚±‚±‚Éƒƒ‚‚ð‘}“ü‚Å‚«‚Ü‚·
PRMV0083123,N194000,2024/9/25 12:00,0,‚±‚±‚Éƒƒ‚‚ð‘}“ü‚Å‚«‚Ü‚·
PRMV0083124,N194000,2024/9/25 12:00,0,‚±‚±‚Éƒƒ‚‚ð‘}“ü‚Å‚«‚Ü‚·
PRMV0083125,N194000,2024/9/25 12:00,0,‚±‚±‚Éƒƒ‚‚ð‘}“ü‚Å‚«‚Ü‚·
PRMV0083126,N194000,2024/9/25 12:00,0,‚±‚±‚Éƒƒ‚‚ð‘}“ü‚Å‚«‚Ü‚·
PRMV0083127,N194000,2024/9/25 12:00,0,‚±‚±‚Éƒƒ‚‚ð‘}“ü‚Å‚«‚Ü‚·
PRMV0083128,N194000,2024/9/25 12:00,0,‚±‚±‚Éƒƒ‚‚ð‘}“ü‚Å‚«‚Ü‚·
PRMV0083129,N194000,2024/9/25 12:00,0,‚±‚±‚Éƒƒ‚‚ð‘}“ü‚Å‚«‚Ü‚·
PRMV0083130,N194000,2024/9/25 12:00,0,‚±‚±‚Éƒƒ‚‚ð‘}“ü‚Å‚«‚Ü‚·
PRMV0083131,N194000,2024/9/25 12:00,0,‚±‚±‚Éƒƒ‚‚ð‘}“ü‚Å‚«‚Ü‚·
PRMV0083132,N194000,2024/9/25 12:00,0,‚±‚±‚Éƒƒ‚‚ð‘}“ü‚Å‚«‚Ü‚·
PRMV0083133,N194000,2024/9/25 12:00,0,‚±‚±‚Éƒƒ‚‚ð‘}“ü‚Å‚«‚Ü‚·
PRMV0083134,N194000,2024/9/25 12:00,0,‚±‚±‚Éƒƒ‚‚ð‘}“ü‚Å‚«‚Ü‚·
PRMV0083135,N194000,2024/9/25 12:00,0,‚±‚±‚Éƒƒ‚‚ð‘}“ü‚Å‚«‚Ü‚·
PRMV0083136,N194000,2024/9/25 12:00,0,‚±‚±‚Éƒƒ‚‚ð‘}“ü‚Å‚«‚Ü‚·
PRMV0083137,N194000,2024/9/25 12:00,0,‚±‚±‚Éƒƒ‚‚ð‘}“ü‚Å‚«‚Ü‚·
PRMV0083138,N194000,2024/9/25 12:00,0,‚±‚±‚Éƒƒ‚‚ð‘}“ü‚Å‚«‚Ü‚·
PRMV0083139,N194000,2024/9/25 12:00,0,‚±‚±‚Éƒƒ‚‚ð‘}“ü‚Å‚«‚Ü‚·
PRMV0083140,N194000,2024/9/25 12:00,0,‚±‚±‚Éƒƒ‚‚ð‘}“ü‚Å‚«‚Ü‚·
PRMV0083141,N194000,2024/9/25 12:00,0,‚±‚±‚Éƒƒ‚‚ð‘}“ü‚Å‚«‚Ü‚·
PRMV0083142,N194000,2024/9/25 12:00,0,‚±‚±‚Éƒƒ‚‚ð‘}“ü‚Å‚«‚Ü‚·
PRMV0083143,N194000,2024/9/25 12:00,0,‚±‚±‚Éƒƒ‚‚ð‘}“ü‚Å‚«‚Ü‚·
PRMV0083144,N194000,2024/9/25 12:00,0,‚±‚±‚Éƒƒ‚‚ð‘}“ü‚Å‚«‚Ü‚·
PRMV0083145,N194000,2024/9/25 12:00,0,‚±‚±‚Éƒƒ‚‚ð‘}“ü‚Å‚«‚Ü‚·
PRMV0083146,N194000,2024/9/25 12:00,0,‚±‚±‚Éƒƒ‚‚ð‘}“ü‚Å‚«‚Ü‚·
PRMV0083147,N194000,2024/9/25 12:00,0,‚±‚±‚Éƒƒ‚‚ð‘}“ü‚Å‚«‚Ü‚·
PRMV0083148,N194000,2024/9/25 12:00,0,‚±‚±‚Éƒƒ‚‚ð‘}“ü‚Å‚«‚Ü‚·
PRMV0083149,N194000,2024/9/25 12:00,0,‚±‚±‚Éƒƒ‚‚ð‘}“ü‚Å‚«‚Ü‚·
PRMV0083150,N194000,2024/9/25 12:00,0,‚±‚±‚Éƒƒ‚‚ð‘}“ü‚Å‚«‚Ü‚·
PRMV0083151,N194000,2024/9/25 12:00,0,‚±‚±‚Éƒƒ‚‚ð‘}“ü‚Å‚«‚Ü‚·
PRMV0083152,N194000,2024/9/25 12:00,0,‚±‚±‚Éƒƒ‚‚ð‘}“ü‚Å‚«‚Ü‚·
PRMV0083153,N194000,2024/9/25 12:00,0,‚±‚±‚Éƒƒ‚‚ð‘}“ü‚Å‚«‚Ü‚·
PRMV0083154,N194000,2024/9/25 12:00,0,‚±‚±‚Éƒƒ‚‚ð‘}“ü‚Å‚«‚Ü‚·
PRMV0083155,N194000,2024/9/25 12:00,0,‚±‚±‚Éƒƒ‚‚ð‘}“ü‚Å‚«‚Ü‚·
PRMV0083156,N194000,2024/9/25 12:00,0,‚±‚±‚Éƒƒ‚‚ð‘}“ü‚Å‚«‚Ü‚·
PRMV0083157,N194000,2024/9/25 12:00,0,‚±‚±‚Éƒƒ‚‚ð‘}“ü‚Å‚«‚Ü‚·
PRMV0083158,N194000,2024/9/25 12:00,0,‚±‚±‚Éƒƒ‚‚ð‘}“ü‚Å‚«‚Ü‚·
PRMV0083159,N194000,2024/9/25 12:00,0,‚±‚±‚Éƒƒ‚‚ð‘}“ü‚Å‚«‚Ü‚·
PRMV0083160,N194000,2024/9/25 12:00,0,‚±‚±‚Éƒƒ‚‚ð‘}“ü‚Å‚«‚Ü‚·
PRMV0083161,N194000,2024/9/25 12:00,0,‚±‚±‚Éƒƒ‚‚ð‘}“ü‚Å‚«‚Ü‚·
PRMV0083162,N194000,2024/9/25 12:00,0,‚±‚±‚Éƒƒ‚‚ð‘}“ü‚Å‚«‚Ü‚·
PRMV0083163,N194000,2024/9/25 12:00,0,‚±‚±‚Éƒƒ‚‚ð‘}“ü‚Å‚«‚Ü‚·
PRMV0083164,N194000,2024/9/25 12:00,0,‚±‚±‚Éƒƒ‚‚ð‘}“ü‚Å‚«‚Ü‚·
PRMV0083165,N194000,2024/9/25 12:00,0,‚±‚±‚Éƒƒ‚‚ð‘}“ü‚Å‚«‚Ü‚·
PRMV0083166,N194000,2024/9/25 12:00,0,‚±‚±‚Éƒƒ‚‚ð‘}“ü‚Å‚«‚Ü‚·
PRMV0083167,N194000,2024/9/25 12:00,0,‚±‚±‚Éƒƒ‚‚ð‘}“ü‚Å‚«‚Ü‚·
PRMV0083168,N194000,2024/9/25 12:00,0,‚±‚±‚Éƒƒ‚‚ð‘}“ü‚Å‚«‚Ü‚·
PRMV0083169,N194000,2024/9/25 12:00,0,‚±‚±‚Éƒƒ‚‚ð‘}“ü‚Å‚«‚Ü‚·
PRMV0083170,N194000,2024/9/25 12:00,0,‚±‚±‚Éƒƒ‚‚ð‘}“ü‚Å‚«‚Ü‚·
PRMV0083171,N194000,2024/9/25 12:00,0,‚±‚±‚Éƒƒ‚‚ð‘}“ü‚Å‚«‚Ü‚·
PRMV0083172,N194000,2024/9/25 12:00,0,‚±‚±‚Éƒƒ‚‚ð‘}“ü‚Å‚«‚Ü‚·
PRMV0083173,N194000,2024/9/25 12:00,0,‚±‚±‚Éƒƒ‚‚ð‘}“ü‚Å‚«‚Ü‚·
PRMV0083174,N194000,2024/9/25 12:00,0,‚±‚±‚Éƒƒ‚‚ð‘}“ü‚Å‚«‚Ü‚·
PRMV0083175,N194000,2024/9/25 12:00,0,‚±‚±‚Éƒƒ‚‚ð‘}“ü‚Å‚«‚Ü‚·
PRMV0083176,N194000,2024/9/25 12:00,0,‚±‚±‚Éƒƒ‚‚ð‘}“ü‚Å‚«‚Ü‚·
PRMV0083177,N194000,2024/9/25 12:00,0,‚±‚±‚Éƒƒ‚‚ð‘}“ü‚Å‚«‚Ü‚·
PRMV0083178,N194000,2024/9/25 12:00,0,‚±‚±‚Éƒƒ‚‚ð‘}“ü‚Å‚«‚Ü‚·
PRMV0083179,N194000,2024/9/25 12:00,0,‚±‚±‚Éƒƒ‚‚ð‘}“ü‚Å‚«‚Ü‚·
PRMV0083180,N194000,2024/9/25 12:00,0,‚±‚±‚Éƒƒ‚‚ð‘}“ü‚Å‚«‚Ü‚·
PRMV0083181,N194000,2024/9/25 12:00,0,‚±‚±‚Éƒƒ‚‚ð‘}“ü‚Å‚«‚Ü‚·
PRMV0083182,N194000,2024/9/25 12:00,0,‚±‚±‚Éƒƒ‚‚ð‘}“ü‚Å‚«‚Ü‚·
PRMV0083183,N194000,2024/9/25 12:00,0,‚±‚±‚Éƒƒ‚‚ð‘}“ü‚Å‚«‚Ü‚·
PRMV0083184,N194000,2024/9/25 12:00,0,‚±‚±‚Éƒƒ‚‚ð‘}“ü‚Å‚«‚Ü‚·
PRMV0083185,N194000,2024/9/25 12:00,0,‚±‚±‚Éƒƒ‚‚ð‘}“ü‚Å‚«‚Ü‚·
PRMV0083186,N194000,2024/9/25 12:00,0,‚±‚±‚Éƒƒ‚‚ð‘}“ü‚Å‚«‚Ü‚·
PRMV0083187,N194000,2024/9/25 12:00,0,‚±‚±‚Éƒƒ‚‚ð‘}“ü‚Å‚«‚Ü‚·
PRMV0083188,N194000,2024/9/25 12:00,0,‚±‚±‚Éƒƒ‚‚ð‘}“ü‚Å‚«‚Ü‚·
PRMV0083189,N194000,2024/9/25 12:00,0,‚±‚±‚Éƒƒ‚‚ð‘}“ü‚Å‚«‚Ü‚·
PRMV0083190,N194000,2024/9/25 12:00,0,‚±‚±‚Éƒƒ‚‚ð‘}“ü‚Å‚«‚Ü‚·
PRMV0083191,N194000,2024/9/25 12:00,0,‚±‚±‚Éƒƒ‚‚ð‘}“ü‚Å‚«‚Ü‚·
PRMV0083192,N194000,2024/9/25 12:00,0,‚±‚±‚Éƒƒ‚‚ð‘}“ü‚Å‚«‚Ü‚·
PRMV0083193,N194000,2024/9/25 12:00,0,‚±‚±‚Éƒƒ‚‚ð‘}“ü‚Å‚«‚Ü‚·
PRMV0083194,N194000,2024/9/25 12:00,0,‚±‚±‚Éƒƒ‚‚ð‘}“ü‚Å‚«‚Ü‚·
PRMV0083195,N194000,2024/9/25 12:00,0,‚±‚±‚Éƒƒ‚‚ð‘}“ü‚Å‚«‚Ü‚·
PRMV0083196,N194000,2024/9/25 12:00,0,‚±‚±‚Éƒƒ‚‚ð‘}“ü‚Å‚«‚Ü‚·
PRMV0083197,N194000,2024/9/25 12:00,0,‚±‚±‚Éƒƒ‚‚ð‘}“ü‚Å‚«‚Ü‚·
PRMV0083198,N194000,2024/9/25 12:00,0,‚±‚±‚Éƒƒ‚‚ð‘}“ü‚Å‚«‚Ü‚·
PRMV0083199,N194000,2024/9/25 12:00,0,‚±‚±‚Éƒƒ‚‚ð‘}“ü‚Å‚«‚Ü‚·
PRMV0083200,N194000,2024/9/25 12:00,0,‚±‚±‚Éƒƒ‚‚ð‘}“ü‚Å‚«‚Ü‚·
PRMV0083201,N194000,2024/9/25 12:00,0,‚±‚±‚Éƒƒ‚‚ð‘}“ü‚Å‚«‚Ü‚·
PRMV0083202,N194000,2024/9/25 12:00,0,‚±‚±‚Éƒƒ‚‚ð‘}“ü‚Å‚«‚Ü‚·
PRMV0083203,N194000,2024/9/25 12:00,0,‚±‚±‚Éƒƒ‚‚ð‘}“ü‚Å‚«‚Ü‚·
PRMV0083204,N194000,2024/9/25 12:00,0,‚±‚±‚Éƒƒ‚‚ð‘}“ü‚Å‚«‚Ü‚·
PRMV0083205,N194000,2024/9/25 12:00,0,‚±‚±‚Éƒƒ‚‚ð‘}“ü‚Å‚«‚Ü‚·
PRMV0083206,N194000,2024/9/25 12:00,0,‚±‚±‚Éƒƒ‚‚ð‘}“ü‚Å‚«‚Ü‚·
PRMV0083207,N194000,2024/9/25 12:00,0,‚±‚±‚Éƒƒ‚‚ð‘}“ü‚Å‚«‚Ü‚·
PRMV0083208,N194000,2024/9/25 12:00,0,‚±‚±‚Éƒƒ‚‚ð‘}“ü‚Å‚«‚Ü‚·
PRMV0083209,N194000,2024/9/25 12:00,0,‚±‚±‚Éƒƒ‚‚ð‘}“ü‚Å‚«‚Ü‚·
PRMV0083210,N194000,2024/9/25 12:00,0,‚±‚±‚Éƒƒ‚‚ð‘}“ü‚Å‚«‚Ü‚·
PRMV0083211,N194000,2024/9/25 12:00,0,‚±‚±‚Éƒƒ‚‚ð‘}“ü‚Å‚«‚Ü‚·
PRMV0083212,N194000,2024/9/25 12:00,0,‚±‚±‚Éƒƒ‚‚ð‘}“ü‚Å‚«‚Ü‚·
PRMV0083213,N194000,2024/9/25 12:00,0,‚±‚±‚Éƒƒ‚‚ð‘}“ü‚Å‚«‚Ü‚·
PRMV0083214,N194000,2024/9/25 12:00,0,‚±‚±‚Éƒƒ‚‚ð‘}“ü‚Å‚«‚Ü‚·
PRMV0083215,N194000,2024/9/25 12:00,0,‚±‚±‚Éƒƒ‚‚ð‘}“ü‚Å‚«‚Ü‚·
PRMV0083216,N194000,2024/9/25 12:00,0,‚±‚±‚Éƒƒ‚‚ð‘}“ü‚Å‚«‚Ü‚·
PRMV0083556,N194000,2024/9/25 12:00,0,‚±‚±‚Éƒƒ‚‚ð‘}“ü‚Å‚«‚Ü‚·
PRMV0083557,N194000,2024/9/25 12:00,0,‚±‚±‚Éƒƒ‚‚ð‘}“ü‚Å‚«‚Ü‚·
PRMV0083558,N194000,2024/9/25 12:00,0,‚±‚±‚Éƒƒ‚‚ð‘}“ü‚Å‚«‚Ü‚·
PRMV0083559,N194000,2024/9/25 12:00,0,‚±‚±‚Éƒƒ‚‚ð‘}“ü‚Å‚«‚Ü‚·
PRMV0083560,N194000,2024/9/25 12:00,0,‚±‚±‚Éƒƒ‚‚ð‘}“ü‚Å‚«‚Ü‚·
PRMV0083561,N194000,2024/9/25 12:00,0,‚±‚±‚Éƒƒ‚‚ð‘}“ü‚Å‚«‚Ü‚·
PRMV0083562,N194000,2024/9/25 12:00,0,‚±‚±‚Éƒƒ‚‚ð‘}“ü‚Å‚«‚Ü‚·
PRMV0083563,N194000,2024/9/25 12:00,0,‚±‚±‚Éƒƒ‚‚ð‘}“ü‚Å‚«‚Ü‚·
PRMV0083564,N194000,2024/9/25 12:00,0,‚±‚±‚Éƒƒ‚‚ð‘}“ü‚Å‚«‚Ü‚·
PRMV0083565,N194000,2024/9/25 12:00,0,‚±‚±‚Éƒƒ‚‚ð‘}“ü‚Å‚«‚Ü‚·
PRMV0083566,N194000,2024/9/25 12:00,0,‚±‚±‚Éƒƒ‚‚ð‘}“ü‚Å‚«‚Ü‚·
PRMV0083567,N194000,2024/9/25 12:00,0,‚±‚±‚Éƒƒ‚‚ð‘}“ü‚Å‚«‚Ü‚·
PRMV0083568,N194000,2024/9/25 12:00,0,‚±‚±‚Éƒƒ‚‚ð‘}“ü‚Å‚«‚Ü‚·
PRMV0083569,N194000,2024/9/25 12:00,0,‚±‚±‚Éƒƒ‚‚ð‘}“ü‚Å‚«‚Ü‚·
PRMV0083570,N194000,2024/9/25 12:00,0,‚±‚±‚Éƒƒ‚‚ð‘}“ü‚Å‚«‚Ü‚·
PRMV0083571,N194000,2024/9/25 12:00,0,‚±‚±‚Éƒƒ‚‚ð‘}“ü‚Å‚«‚Ü‚·
PRMV0083572,N194000,2024/9/25 12:00,0,‚±‚±‚Éƒƒ‚‚ð‘}“ü‚Å‚«‚Ü‚·
PRMV0083573,N194000,2024/9/25 12:00,0,‚±‚±‚Éƒƒ‚‚ð‘}“ü‚Å‚«‚Ü‚·
PRMV0083574,N194000,2024/9/25 12:00,0,‚±‚±‚Éƒƒ‚‚ð‘}“ü‚Å‚«‚Ü‚·
PRMV0083575,N194000,2024/9/25 12:00,0,‚±‚±‚Éƒƒ‚‚ð‘}“ü‚Å‚«‚Ü‚·
PRMV0083576,N194000,2024/9/25 12:00,0,‚±‚±‚Éƒƒ‚‚ð‘}“ü‚Å‚«‚Ü‚·
PRMV0083577,N194000,2024/9/25 12:00,0,‚±‚±‚Éƒƒ‚‚ð‘}“ü‚Å‚«‚Ü‚·
PRMV0083578,N194000,2024/9/25 12:00,0,‚±‚±‚Éƒƒ‚‚ð‘}“ü‚Å‚«‚Ü‚·
PRMV0083579,N194000,2024/9/25 12:00,0,‚±‚±‚Éƒƒ‚‚ð‘}“ü‚Å‚«‚Ü‚·
PRMV0083580,N194000,2024/9/25 12:00,0,‚±‚±‚Éƒƒ‚‚ð‘}“ü‚Å‚«‚Ü‚·
PRMV0083581,N194000,2024/9/25 12:00,0,‚±‚±‚Éƒƒ‚‚ð‘}“ü‚Å‚«‚Ü‚·
PRMV0083582,N194000,2024/9/25 12:00,0,‚±‚±‚Éƒƒ‚‚ð‘}“ü‚Å‚«‚Ü‚·
PRMV0083583,N194000,2024/9/25 12:00,0,‚±‚±‚Éƒƒ‚‚ð‘}“ü‚Å‚«‚Ü‚·
PRMV0083584,N194000,2024/9/25 12:00,0,‚±‚±‚Éƒƒ‚‚ð‘}“ü‚Å‚«‚Ü‚·
PRMV0083585,N194000,2024/9/25 12:00,0,‚±‚±‚Éƒƒ‚‚ð‘}“ü‚Å‚«‚Ü‚·
PRMV0083586,N194000,2024/9/25 12:00,0,‚±‚±‚Éƒƒ‚‚ð‘}“ü‚Å‚«‚Ü‚·
PRMV0083587,N194000,2024/9/25 12:00,0,‚±‚±‚Éƒƒ‚‚ð‘}“ü‚Å‚«‚Ü‚·
PRMV0083588,N194000,2024/9/25 12:00,0,‚±‚±‚Éƒƒ‚‚ð‘}“ü‚Å‚«‚Ü‚·
PRMV0083589,N194000,2024/9/25 12:00,0,‚±‚±‚Éƒƒ‚‚ð‘}“ü‚Å‚«‚Ü‚·
PRMV0083590,N194000,2024/9/25 12:00,0,‚±‚±‚Éƒƒ‚‚ð‘}“ü‚Å‚«‚Ü‚·
PRMV0083591,N194000,2024/9/25 12:00,0,‚±‚±‚Éƒƒ‚‚ð‘}“ü‚Å‚«‚Ü‚·
PRMV0083592,N194000,2024/9/25 12:00,0,‚±‚±‚Éƒƒ‚‚ð‘}“ü‚Å‚«‚Ü‚·
PRMV0083593,N194000,2024/9/25 12:00,0,‚±‚±‚Éƒƒ‚‚ð‘}“ü‚Å‚«‚Ü‚·
PRMV0083594,N194000,2024/9/25 12:00,0,‚±‚±‚Éƒƒ‚‚ð‘}“ü‚Å‚«‚Ü‚·
PRMV0083595,N194000,2024/9/25 12:00,0,‚±‚±‚Éƒƒ‚‚ð‘}“ü‚Å‚«‚Ü‚·
PRMV0083596,N194000,2024/9/25 12:00,0,‚±‚±‚Éƒƒ‚‚ð‘}“ü‚Å‚«‚Ü‚·
PRMV0083597,N194000,2024/9/25 12:00,0,‚±‚±‚Éƒƒ‚‚ð‘}“ü‚Å‚«‚Ü‚·
PRMV0083598,N194000,2024/9/25 12:00,0,‚±‚±‚Éƒƒ‚‚ð‘}“ü‚Å‚«‚Ü‚·
PRMV0083599,N194000,2024/9/25 12:00,0,‚±‚±‚Éƒƒ‚‚ð‘}“ü‚Å‚«‚Ü‚·
PRMV0083600,N194000,2024/9/25 12:00,0,‚±‚±‚Éƒƒ‚‚ð‘}“ü‚Å‚«‚Ü‚·
PRMV0083601,N194000,2024/9/25 12:00,0,‚±‚±‚Éƒƒ‚‚ð‘}“ü‚Å‚«‚Ü‚·
PRMV0083602,N194000,2024/9/25 12:00,0,‚±‚±‚Éƒƒ‚‚ð‘}“ü‚Å‚«‚Ü‚·
PRMV0083603,N194000,2024/9/25 12:00,0,‚±‚±‚Éƒƒ‚‚ð‘}“ü‚Å‚«‚Ü‚·
PRMV0083604,N194000,2024/9/25 12:00,0,‚±‚±‚Éƒƒ‚‚ð‘}“ü‚Å‚«‚Ü‚·
PRMV0083605,N194000,2024/9/25 12:00,0,‚±‚±‚Éƒƒ‚‚ð‘}“ü‚Å‚«‚Ü‚·
PRMV0083606,N194000,2024/9/25 12:00,0,‚±‚±‚Éƒƒ‚‚ð‘}“ü‚Å‚«‚Ü‚·
PRMV0083607,N194000,2024/9/25 12:00,0,‚±‚±‚Éƒƒ‚‚ð‘}“ü‚Å‚«‚Ü‚·
PRMV0083608,N194000,2024/9/25 12:00,0,‚±‚±‚Éƒƒ‚‚ð‘}“ü‚Å‚«‚Ü‚·
PRMV0083609,N194000,2024/9/25 12:00,0,‚±‚±‚Éƒƒ‚‚ð‘}“ü‚Å‚«‚Ü‚·
PRMV0083610,N194000,2024/9/25 12:00,0,‚±‚±‚Éƒƒ‚‚ð‘}“ü‚Å‚«‚Ü‚·
PRMV0083611,N194000,2024/9/25 12:00,0,‚±‚±‚Éƒƒ‚‚ð‘}“ü‚Å‚«‚Ü‚·
PRMV0083612,N194000,2024/9/25 12:00,0,‚±‚±‚Éƒƒ‚‚ð‘}“ü‚Å‚«‚Ü‚·
PRMV0083613,N194000,2024/9/25 12:00,0,‚±‚±‚Éƒƒ‚‚ð‘}“ü‚Å‚«‚Ü‚·
PRMV0083614,N194000,2024/9/25 12:00,0,‚±‚±‚Éƒƒ‚‚ð‘}“ü‚Å‚«‚Ü‚·
PRMV0083615,N194000,2024/9/25 12:00,0,‚±‚±‚Éƒƒ‚‚ð‘}“ü‚Å‚«‚Ü‚·
PRMV0083616,N194000,2024/9/25 12:00,0,‚±‚±‚Éƒƒ‚‚ð‘}“ü‚Å‚«‚Ü‚·
PRMV0083617,N194000,2024/9/25 12:00,0,‚±‚±‚Éƒƒ‚‚ð‘}“ü‚Å‚«‚Ü‚·
PRMV0083618,N194000,2024/9/25 12:00,0,‚±‚±‚Éƒƒ‚‚ð‘}“ü‚Å‚«‚Ü‚·
PRMV0083619,N194000,2024/9/25 12:00,0,‚±‚±‚Éƒƒ‚‚ð‘}“ü‚Å‚«‚Ü‚·
PRMV0083620,N194000,2024/9/25 12:00,0,‚±‚±‚Éƒƒ‚‚ð‘}“ü‚Å‚«‚Ü‚·
PRMV0083621,N194000,2024/9/25 12:00,0,‚±‚±‚Éƒƒ‚‚ð‘}“ü‚Å‚«‚Ü‚·
PRMV0083622,N194000,2024/9/25 12:00,0,‚±‚±‚Éƒƒ‚‚ð‘}“ü‚Å‚«‚Ü‚·
PRMV0083623,N194000,2024/9/25 12:00,0,‚±‚±‚Éƒƒ‚‚ð‘}“ü‚Å‚«‚Ü‚·
PRMV0083624,N194000,2024/9/25 12:00,0,‚±‚±‚Éƒƒ‚‚ð‘}“ü‚Å‚«‚Ü‚·
PRMV0083625,N194000,2024/9/25 12:00,0,‚±‚±‚Éƒƒ‚‚ð‘}“ü‚Å‚«‚Ü‚·
PRMV0083626,N194000,2024/9/25 12:00,0,‚±‚±‚Éƒƒ‚‚ð‘}“ü‚Å‚«‚Ü‚·
PRMV0083627,N194000,2024/9/25 12:00,0,‚±‚±‚Éƒƒ‚‚ð‘}“ü‚Å‚«‚Ü‚·
PRMV0083628,N194000,2024/9/25 12:00,0,‚±‚±‚Éƒƒ‚‚ð‘}“ü‚Å‚«‚Ü‚·
PRMV0083629,N194000,2024/9/25 12:00,0,‚±‚±‚Éƒƒ‚‚ð‘}“ü‚Å‚«‚Ü‚·
PRMV0083630,N194000,2024/9/25 12:00,0,‚±‚±‚Éƒƒ‚‚ð‘}“ü‚Å‚«‚Ü‚·
PRMV0083631,N194000,2024/9/25 12:00,0,‚±‚±‚Éƒƒ‚‚ð‘}“ü‚Å‚«‚Ü‚·
PRMV0083632,N194000,2024/9/25 12:00,0,‚±‚±‚Éƒƒ‚‚ð‘}“ü‚Å‚«‚Ü‚·
PRMV0083633,N194000,2024/9/25 12:00,0,‚±‚±‚Éƒƒ‚‚ð‘}“ü‚Å‚«‚Ü‚·
PRMV0083634,N194000,2024/9/25 12:00,0,‚±‚±‚Éƒƒ‚‚ð‘}“ü‚Å‚«‚Ü‚·
PRMV0083635,N194000,2024/9/25 12:00,0,‚±‚±‚Éƒƒ‚‚ð‘}“ü‚Å‚«‚Ü‚·
PRMV0083636,N194000,2024/9/25 12:00,0,‚±‚±‚Éƒƒ‚‚ð‘}“ü‚Å‚«‚Ü‚·
PRMV0083637,N194000,2024/9/25 12:00,0,‚±‚±‚Éƒƒ‚‚ð‘}“ü‚Å‚«‚Ü‚·
PRMV0083638,N194000,2024/9/25 12:00,0,‚±‚±‚Éƒƒ‚‚ð‘}“ü‚Å‚«‚Ü‚·
PRMV0083639,N194000,2024/9/25 12:00,0,‚±‚±‚Éƒƒ‚‚ð‘}“ü‚Å‚«‚Ü‚·
PRMV0083640,N194000,2024/9/25 12:00,0,‚±‚±‚Éƒƒ‚‚ð‘}“ü‚Å‚«‚Ü‚·
PRMV0083641,N194000,2024/9/25 12:00,0,‚±‚±‚Éƒƒ‚‚ð‘}“ü‚Å‚«‚Ü‚·
PRMV0083642,N194000,2024/9/25 12:00,0,‚±‚±‚Éƒƒ‚‚ð‘}“ü‚Å‚«‚Ü‚·
PRMV0083643,N194000,2024/9/25 12:00,0,‚±‚±‚Éƒƒ‚‚ð‘}“ü‚Å‚«‚Ü‚·
PRMV0083644,N194000,2024/9/25 12:00,0,‚±‚±‚Éƒƒ‚‚ð‘}“ü‚Å‚«‚Ü‚·
PRMV0083645,N194000,2024/9/25 12:00,0,‚±‚±‚Éƒƒ‚‚ð‘}“ü‚Å‚«‚Ü‚·
PRMV0083646,N194000,2024/9/25 12:00,0,‚±‚±‚Éƒƒ‚‚ð‘}“ü‚Å‚«‚Ü‚·
PRMV0083647,N194000,2024/9/25 12:00,0,‚±‚±‚Éƒƒ‚‚ð‘}“ü‚Å‚«‚Ü‚·
PRMV0083648,N194000,2024/9/25 12:00,0,‚±‚±‚Éƒƒ‚‚ð‘}“ü‚Å‚«‚Ü‚·
PRMV0083649,N194000,2024/9/25 12:00,0,‚±‚±‚Éƒƒ‚‚ð‘}“ü‚Å‚«‚Ü‚·
PRMV0083650,N194000,2024/9/25 12:00,0,‚±‚±‚Éƒƒ‚‚ð‘}“ü‚Å‚«‚Ü‚·
PRMV0083651,N194000,2024/9/25 12:00,0,‚±‚±‚Éƒƒ‚‚ð‘}“ü‚Å‚«‚Ü‚·
PRMV0083652,N194000,2024/9/25 12:00,0,‚±‚±‚Éƒƒ‚‚ð‘}“ü‚Å‚«‚Ü‚·
PRMV0083653,N194000,2024/9/25 12:00,0,‚±‚±‚Éƒƒ‚‚ð‘}“ü‚Å‚«‚Ü‚·
PRMV0083654,N194000,2024/9/25 12:00,0,‚±‚±‚Éƒƒ‚‚ð‘}“ü‚Å‚«‚Ü‚·
PRMV0083655,N194000,2024/9/25 12:00,0,‚±‚±‚Éƒƒ‚‚ð‘}“ü‚Å‚«‚Ü‚·
PRMV0083656,N194000,2024/9/25 12:00,0,‚±‚±‚Éƒƒ‚‚ð‘}“ü‚Å‚«‚Ü‚·
PRMV0083657,N194000,2024/9/25 12:00,0,‚±‚±‚Éƒƒ‚‚ð‘}“ü‚Å‚«‚Ü‚·
PRMV0083658,N194000,2024/9/25 12:00,0,‚±‚±‚Éƒƒ‚‚ð‘}“ü‚Å‚«‚Ü‚·
PRMV0083762,N194000,2024/9/25 12:00,0,‚±‚±‚Éƒƒ‚‚ð‘}“ü‚Å‚«‚Ü‚·
PRMV0083763,N194000,2024/9/25 12:00,0,‚±‚±‚Éƒƒ‚‚ð‘}“ü‚Å‚«‚Ü‚·
PRMV0083764,N194000,2024/9/25 12:00,0,‚±‚±‚Éƒƒ‚‚ð‘}“ü‚Å‚«‚Ü‚·
PRMV0083765,N194000,2024/9/25 12:00,0,‚±‚±‚Éƒƒ‚‚ð‘}“ü‚Å‚«‚Ü‚·
PRMV0083766,N194000,2024/9/25 12:00,0,‚±‚±‚Éƒƒ‚‚ð‘}“ü‚Å‚«‚Ü‚·
PRMV0083767,N194000,2024/9/25 12:00,0,‚±‚±‚Éƒƒ‚‚ð‘}“ü‚Å‚«‚Ü‚·
PRMV0083768,N194000,2024/9/25 12:00,0,‚±‚±‚Éƒƒ‚‚ð‘}“ü‚Å‚«‚Ü‚·
PRMV0083769,N194000,2024/9/25 12:00,0,‚±‚±‚Éƒƒ‚‚ð‘}“ü‚Å‚«‚Ü‚·
PRMV0083770,N194000,2024/9/25 12:00,0,‚±‚±‚Éƒƒ‚‚ð‘}“ü‚Å‚«‚Ü‚·
PRMV0083771,N194000,2024/9/25 12:00,0,‚±‚±‚Éƒƒ‚‚ð‘}“ü‚Å‚«‚Ü‚·
PRMV0083772,N194000,2024/9/25 12:00,0,‚±‚±‚Éƒƒ‚‚ð‘}“ü‚Å‚«‚Ü‚·
PRMV0083773,N194000,2024/9/25 12:00,0,‚±‚±‚Éƒƒ‚‚ð‘}“ü‚Å‚«‚Ü‚·
PRMV0083774,N194000,2024/9/25 12:00,0,‚±‚±‚Éƒƒ‚‚ð‘}“ü‚Å‚«‚Ü‚·
PRMV0083775,N194000,2024/9/25 12:00,0,‚±‚±‚Éƒƒ‚‚ð‘}“ü‚Å‚«‚Ü‚·
PRMV0083776,N194000,2024/9/25 12:00,0,‚±‚±‚Éƒƒ‚‚ð‘}“ü‚Å‚«‚Ü‚·
PRMV0083777,N194000,2024/9/25 12:00,0,‚±‚±‚Éƒƒ‚‚ð‘}“ü‚Å‚«‚Ü‚·
PRMV0083778,N194000,2024/9/25 12:00,0,‚±‚±‚Éƒƒ‚‚ð‘}“ü‚Å‚«‚Ü‚·
PRMV0083779,N194000,2024/9/25 12:00,0,‚±‚±‚Éƒƒ‚‚ð‘}“ü‚Å‚«‚Ü‚·
PRMV0083780,N194000,2024/9/25 12:00,0,‚±‚±‚Éƒƒ‚‚ð‘}“ü‚Å‚«‚Ü‚·
PRMV0083781,N194000,2024/9/25 12:00,0,‚±‚±‚Éƒƒ‚‚ð‘}“ü‚Å‚«‚Ü‚·
PRMV0083782,N194000,2024/9/25 12:00,0,‚±‚±‚Éƒƒ‚‚ð‘}“ü‚Å‚«‚Ü‚·
PRMV0083783,N194000,2024/9/25 12:00,0,‚±‚±‚Éƒƒ‚‚ð‘}“ü‚Å‚«‚Ü‚·
PRMV0083784,N194000,2024/9/25 12:00,0,‚±‚±‚Éƒƒ‚‚ð‘}“ü‚Å‚«‚Ü‚·
PRMV0083785,N194000,2024/9/25 12:00,0,‚±‚±‚Éƒƒ‚‚ð‘}“ü‚Å‚«‚Ü‚·
PRMV0083786,N194000,2024/9/25 12:00,0,‚±‚±‚Éƒƒ‚‚ð‘}“ü‚Å‚«‚Ü‚·
PRMV0083787,N194000,2024/9/25 12:00,0,‚±‚±‚Éƒƒ‚‚ð‘}“ü‚Å‚«‚Ü‚·
PRMV0083788,N194000,2024/9/25 12:00,0,‚±‚±‚Éƒƒ‚‚ð‘}“ü‚Å‚«‚Ü‚·
PRMV0083789,N194000,2024/9/25 12:00,0,‚±‚±‚Éƒƒ‚‚ð‘}“ü‚Å‚«‚Ü‚·
PRMV0083790,N194000,2024/9/25 12:00,0,‚±‚±‚Éƒƒ‚‚ð‘}“ü‚Å‚«‚Ü‚·
PRMV0083791,N194000,2024/9/25 12:00,0,‚±‚±‚Éƒƒ‚‚ð‘}“ü‚Å‚«‚Ü‚·
PRMV0083792,N194000,2024/9/25 12:00,0,‚±‚±‚Éƒƒ‚‚ð‘}“ü‚Å‚«‚Ü‚·
PRMV0083793,N194000,2024/9/25 12:00,0,‚±‚±‚Éƒƒ‚‚ð‘}“ü‚Å‚«‚Ü‚·
PRMV0083794,N194000,2024/9/25 12:00,0,‚±‚±‚Éƒƒ‚‚ð‘}“ü‚Å‚«‚Ü‚·
PRMV0083795,N194000,2024/9/25 12:00,0,‚±‚±‚Éƒƒ‚‚ð‘}“ü‚Å‚«‚Ü‚·
PRMV0083796,N194000,2024/9/25 12:00,0,‚±‚±‚Éƒƒ‚‚ð‘}“ü‚Å‚«‚Ü‚·
PRMV0083797,N194000,2024/9/25 12:00,0,‚±‚±‚Éƒƒ‚‚ð‘}“ü‚Å‚«‚Ü‚·
PRMV0083798,N194000,2024/9/25 12:00,0,‚±‚±‚Éƒƒ‚‚ð‘}“ü‚Å‚«‚Ü‚·
PRMV0083799,N194000,2024/9/25 12:00,0,‚±‚±‚Éƒƒ‚‚ð‘}“ü‚Å‚«‚Ü‚·
PRMV0083800,N194000,2024/9/25 12:00,0,‚±‚±‚Éƒƒ‚‚ð‘}“ü‚Å‚«‚Ü‚·
PRMV0083801,N194000,2024/9/25 12:00,0,‚±‚±‚Éƒƒ‚‚ð‘}“ü‚Å‚«‚Ü‚·
PRMV0083802,N194000,2024/9/25 12:00,0,‚±‚±‚Éƒƒ‚‚ð‘}“ü‚Å‚«‚Ü‚·
PRMV0083803,N194000,2024/9/25 12:00,0,‚±‚±‚Éƒƒ‚‚ð‘}“ü‚Å‚«‚Ü‚·
PRMV0083804,N194000,2024/9/25 12:00,0,‚±‚±‚Éƒƒ‚‚ð‘}“ü‚Å‚«‚Ü‚·
PRMV0083805,N194000,2024/9/25 12:00,0,‚±‚±‚Éƒƒ‚‚ð‘}“ü‚Å‚«‚Ü‚·
PRMV0083806,N194000,2024/9/25 12:00,0,‚±‚±‚Éƒƒ‚‚ð‘}“ü‚Å‚«‚Ü‚·
PRMV0083807,N194000,2024/9/25 12:00,0,‚±‚±‚Éƒƒ‚‚ð‘}“ü‚Å‚«‚Ü‚·
PRMV0083808,N194000,2024/9/25 12:00,0,‚±‚±‚Éƒƒ‚‚ð‘}“ü‚Å‚«‚Ü‚·
PRMV0083809,N194000,2024/9/25 12:00,0,‚±‚±‚Éƒƒ‚‚ð‘}“ü‚Å‚«‚Ü‚·
PRMV0083810,N194000,2024/9/25 12:00,0,‚±‚±‚Éƒƒ‚‚ð‘}“ü‚Å‚«‚Ü‚·
PRMV0083811,N194000,2024/9/25 12:00,0,‚±‚±‚Éƒƒ‚‚ð‘}“ü‚Å‚«‚Ü‚·
PRMV0083812,N194000,2024/9/25 12:00,0,‚±‚±‚Éƒƒ‚‚ð‘}“ü‚Å‚«‚Ü‚·
PRMV0083813,N194000,2024/9/25 12:00,0,‚±‚±‚Éƒƒ‚‚ð‘}“ü‚Å‚«‚Ü‚·
PRMV0083814,N194000,2024/9/25 12:00,0,‚±‚±‚Éƒƒ‚‚ð‘}“ü‚Å‚«‚Ü‚·
PRMV0083815,N194000,2024/9/25 12:00,0,‚±‚±‚Éƒƒ‚‚ð‘}“ü‚Å‚«‚Ü‚·
PRMV0083816,N194000,2024/9/25 12:00,0,‚±‚±‚Éƒƒ‚‚ð‘}“ü‚Å‚«‚Ü‚·
PRMV0083817,N194000,2024/9/25 12:00,0,‚±‚±‚Éƒƒ‚‚ð‘}“ü‚Å‚«‚Ü‚·
PRMV0083818,N194000,2024/9/25 12:00,0,‚±‚±‚Éƒƒ‚‚ð‘}“ü‚Å‚«‚Ü‚·
PRMV0083819,N194000,2024/9/25 12:00,0,‚±‚±‚Éƒƒ‚‚ð‘}“ü‚Å‚«‚Ü‚·
PRMV0083820,N194000,2024/9/25 12:00,0,‚±‚±‚Éƒƒ‚‚ð‘}“ü‚Å‚«‚Ü‚·
PRMV0083821,N194000,2024/9/25 12:00,0,‚±‚±‚Éƒƒ‚‚ð‘}“ü‚Å‚«‚Ü‚·
PRMV0083822,N194000,2024/9/25 12:00,0,‚±‚±‚Éƒƒ‚‚ð‘}“ü‚Å‚«‚Ü‚·
PRMV0083823,N194000,2024/9/25 12:00,0,‚±‚±‚Éƒƒ‚‚ð‘}“ü‚Å‚«‚Ü‚·
PRMV0083824,N194000,2024/9/25 12:00,0,‚±‚±‚Éƒƒ‚‚ð‘}“ü‚Å‚«‚Ü‚·
PRMV0083825,N194000,2024/9/25 12:00,0,‚±‚±‚Éƒƒ‚‚ð‘}“ü‚Å‚«‚Ü‚·
PRMV0083826,N194000,2024/9/25 12:00,0,‚±‚±‚Éƒƒ‚‚ð‘}“ü‚Å‚«‚Ü‚·
PRMV0083827,N194000,2024/9/25 12:00,0,‚±‚±‚Éƒƒ‚‚ð‘}“ü‚Å‚«‚Ü‚·
PRMV0083828,N194000,2024/9/25 12:00,0,‚±‚±‚Éƒƒ‚‚ð‘}“ü‚Å‚«‚Ü‚·
PRMV0083829,N194000,2024/9/25 12:00,0,‚±‚±‚Éƒƒ‚‚ð‘}“ü‚Å‚«‚Ü‚·
PRMV0083830,N194000,2024/9/25 12:00,0,‚±‚±‚Éƒƒ‚‚ð‘}“ü‚Å‚«‚Ü‚·
PRMV0083831,N194000,2024/9/25 12:00,0,‚±‚±‚Éƒƒ‚‚ð‘}“ü‚Å‚«‚Ü‚·
PRMV0083832,N194000,2024/9/25 12:00,0,‚±‚±‚Éƒƒ‚‚ð‘}“ü‚Å‚«‚Ü‚·
PRMV0083833,N194000,2024/9/25 12:00,0,‚±‚±‚Éƒƒ‚‚ð‘}“ü‚Å‚«‚Ü‚·
PRMV0083834,N194000,2024/9/25 12:00,0,‚±‚±‚Éƒƒ‚‚ð‘}“ü‚Å‚«‚Ü‚·
PRMV0083835,N194000,2024/9/25 12:00,0,‚±‚±‚Éƒƒ‚‚ð‘}“ü‚Å‚«‚Ü‚·
PRMV0083836,N194000,2024/9/25 12:00,0,‚±‚±‚Éƒƒ‚‚ð‘}“ü‚Å‚«‚Ü‚·
PRMV0083837,N194000,2024/9/25 12:00,0,‚±‚±‚Éƒƒ‚‚ð‘}“ü‚Å‚«‚Ü‚·
PRMV0083838,N194000,2024/9/25 12:00,0,‚±‚±‚Éƒƒ‚‚ð‘}“ü‚Å‚«‚Ü‚·
PRMV0083839,N194000,2024/9/25 12:00,0,‚±‚±‚Éƒƒ‚‚ð‘}“ü‚Å‚«‚Ü‚·
PRMV0083840,N194000,2024/9/25 12:00,0,‚±‚±‚Éƒƒ‚‚ð‘}“ü‚Å‚«‚Ü‚·
PRMV0083841,N194000,2024/9/25 12:00,0,‚±‚±‚Éƒƒ‚‚ð‘}“ü‚Å‚«‚Ü‚·
PRMV0083842,N194000,2024/9/25 12:00,0,‚±‚±‚Éƒƒ‚‚ð‘}“ü‚Å‚«‚Ü‚·
PRMV0083843,N194000,2024/9/25 12:00,0,‚±‚±‚Éƒƒ‚‚ð‘}“ü‚Å‚«‚Ü‚·
PRMV0083844,N194000,2024/9/25 12:00,0,‚±‚±‚Éƒƒ‚‚ð‘}“ü‚Å‚«‚Ü‚·
PRMV0083845,N194000,2024/9/25 12:00,0,‚±‚±‚Éƒƒ‚‚ð‘}“ü‚Å‚«‚Ü‚·
PRMV0083846,N194000,2024/9/25 12:00,0,‚±‚±‚Éƒƒ‚‚ð‘}“ü‚Å‚«‚Ü‚·
PRMV0083847,N194000,2024/9/25 12:00,0,‚±‚±‚Éƒƒ‚‚ð‘}“ü‚Å‚«‚Ü‚·
PRMV0083848,N194000,2024/9/25 12:00,0,‚±‚±‚Éƒƒ‚‚ð‘}“ü‚Å‚«‚Ü‚·
PRMV0083849,N194000,2024/9/25 12:00,0,‚±‚±‚Éƒƒ‚‚ð‘}“ü‚Å‚«‚Ü‚·
PRMV0083850,N194000,2024/9/25 12:00,0,‚±‚±‚Éƒƒ‚‚ð‘}“ü‚Å‚«‚Ü‚·
PRMV0083851,N194000,2024/9/25 12:00,0,‚±‚±‚Éƒƒ‚‚ð‘}“ü‚Å‚«‚Ü‚·
PRMV0083852,N194000,2024/9/25 12:00,0,‚±‚±‚Éƒƒ‚‚ð‘}“ü‚Å‚«‚Ü‚·
PRMV0083853,N194000,2024/9/25 12:00,0,‚±‚±‚Éƒƒ‚‚ð‘}“ü‚Å‚«‚Ü‚·
PRMV0083854,N194000,2024/9/25 12:00,0,‚±‚±‚Éƒƒ‚‚ð‘}“ü‚Å‚«‚Ü‚·
PRMV0083855,N194000,2024/9/25 12:00,0,‚±‚±‚Éƒƒ‚‚ð‘}“ü‚Å‚«‚Ü‚·
PRMV0083856,N194000,2024/9/25 12:00,0,‚±‚±‚Éƒƒ‚‚ð‘}“ü‚Å‚«‚Ü‚·
PRMV0083857,N194000,2024/9/25 12:00,0,‚±‚±‚Éƒƒ‚‚ð‘}“ü‚Å‚«‚Ü‚·
PRMV0083858,N194000,2024/9/25 12:00,0,‚±‚±‚Éƒƒ‚‚ð‘}“ü‚Å‚«‚Ü‚·
PRMV0083859,N194000,2024/9/25 12:00,0,‚±‚±‚Éƒƒ‚‚ð‘}“ü‚Å‚«‚Ü‚·
PRMV0083860,N194000,2024/9/25 12:00,0,‚±‚±‚Éƒƒ‚‚ð‘}“ü‚Å‚«‚Ü‚·
PRMV0083861,N194000,2024/9/25 12:00,0,‚±‚±‚Éƒƒ‚‚ð‘}“ü‚Å‚«‚Ü‚·
PRMV0083862,N194000,2024/9/25 12:00,0,‚±‚±‚Éƒƒ‚‚ð‘}“ü‚Å‚«‚Ü‚·
PRMV0083863,N194000,2024/9/25 12:00,0,‚±‚±‚Éƒƒ‚‚ð‘}“ü‚Å‚«‚Ü‚·
PRMV0083864,N194000,2024/9/25 12:00,0,‚±‚±‚Éƒƒ‚‚ð‘}“ü‚Å‚«‚Ü‚·
PRMV0083865,N194000,2024/9/25 12:00,0,‚±‚±‚Éƒƒ‚‚ð‘}“ü‚Å‚«‚Ü‚·
PRMV0083866,N194000,2024/9/25 12:00,0,‚±‚±‚Éƒƒ‚‚ð‘}“ü‚Å‚«‚Ü‚·
PRMV0083867,N194000,2024/9/25 12:00,0,‚±‚±‚Éƒƒ‚‚ð‘}“ü‚Å‚«‚Ü‚·
PRMV0083868,N194000,2024/9/25 12:00,0,‚±‚±‚Éƒƒ‚‚ð‘}“ü‚Å‚«‚Ü‚·
PRMV0083869,N194000,2024/9/25 12:00,0,‚±‚±‚Éƒƒ‚‚ð‘}“ü‚Å‚«‚Ü‚·
PRMV0083870,N194000,2024/9/25 12:00,0,‚±‚±‚Éƒƒ‚‚ð‘}“ü‚Å‚«‚Ü‚·
PRMV0083871,N194000,2024/9/25 12:00,0,‚±‚±‚Éƒƒ‚‚ð‘}“ü‚Å‚«‚Ü‚·
PRMV0083872,N194000,2024/9/25 12:00,0,‚±‚±‚Éƒƒ‚‚ð‘}“ü‚Å‚«‚Ü‚·
PRMV0083873,N194000,2024/9/25 12:00,0,‚±‚±‚Éƒƒ‚‚ð‘}“ü‚Å‚«‚Ü‚·
PRMV0083874,N194000,2024/9/25 12:00,0,‚±‚±‚Éƒƒ‚‚ð‘}“ü‚Å‚«‚Ü‚·
PRMV0083875,N194000,2024/9/25 12:00,0,‚±‚±‚Éƒƒ‚‚ð‘}“ü‚Å‚«‚Ü‚·
PRMV0083876,N194000,2024/9/25 12:00,0,‚±‚±‚Éƒƒ‚‚ð‘}“ü‚Å‚«‚Ü‚·
PRMV0083877,N194000,2024/9/25 12:00,0,‚±‚±‚Éƒƒ‚‚ð‘}“ü‚Å‚«‚Ü‚·
PRMV0083878,N194000,2024/9/25 12:00,0,‚±‚±‚Éƒƒ‚‚ð‘}“ü‚Å‚«‚Ü‚·
PRMV0083879,N194000,2024/9/25 12:00,0,‚±‚±‚Éƒƒ‚‚ð‘}“ü‚Å‚«‚Ü‚·
PRMV0083880,N194000,2024/9/25 12:00,0,‚±‚±‚Éƒƒ‚‚ð‘}“ü‚Å‚«‚Ü‚·
PRMV0083881,N194000,2024/9/25 12:00,0,‚±‚±‚Éƒƒ‚‚ð‘}“ü‚Å‚«‚Ü‚·
PRMV0083882,N194000,2024/9/25 12:00,0,‚±‚±‚Éƒƒ‚‚ð‘}“ü‚Å‚«‚Ü‚·
PRMV0083883,N194000,2024/9/25 12:00,0,‚±‚±‚Éƒƒ‚‚ð‘}“ü‚Å‚«‚Ü‚·
PRMV0083884,N194000,2024/9/25 12:00,0,‚±‚±‚Éƒƒ‚‚ð‘}“ü‚Å‚«‚Ü‚·
PRMV0083885,N194000,2024/9/25 12:00,0,‚±‚±‚Éƒƒ‚‚ð‘}“ü‚Å‚«‚Ü‚·
PRMV0083886,N194000,2024/9/25 12:00,0,‚±‚±‚Éƒƒ‚‚ð‘}“ü‚Å‚«‚Ü‚·
PRMV0083887,N194000,2024/9/25 12:00,0,‚±‚±‚Éƒƒ‚‚ð‘}“ü‚Å‚«‚Ü‚·
PRMV0083888,N194000,2024/9/25 12:00,0,‚±‚±‚Éƒƒ‚‚ð‘}“ü‚Å‚«‚Ü‚·
PRMV0083889,N194000,2024/9/25 12:00,0,‚±‚±‚Éƒƒ‚‚ð‘}“ü‚Å‚«‚Ü‚·
PRMV0083890,N194000,2024/9/25 12:00,0,‚±‚±‚Éƒƒ‚‚ð‘}“ü‚Å‚«‚Ü‚·
PRMV0083891,N194000,2024/9/25 12:00,0,‚±‚±‚Éƒƒ‚‚ð‘}“ü‚Å‚«‚Ü‚·
PRMV0083892,N194000,2024/9/25 12:00,0,‚±‚±‚Éƒƒ‚‚ð‘}“ü‚Å‚«‚Ü‚·
PRMV0083893,N194000,2024/9/25 12:00,0,‚±‚±‚Éƒƒ‚‚ð‘}“ü‚Å‚«‚Ü‚·
PRMV0083894,N194000,2024/9/25 12:00,0,‚±‚±‚Éƒƒ‚‚ð‘}“ü‚Å‚«‚Ü‚·
PRMV0083895,N194000,2024/9/25 12:00,0,‚±‚±‚Éƒƒ‚‚ð‘}“ü‚Å‚«‚Ü‚·
PRMV0083896,N194000,2024/9/25 12:00,0,‚±‚±‚Éƒƒ‚‚ð‘}“ü‚Å‚«‚Ü‚·
PRMV0083897,N194000,2024/9/25 12:00,0,‚±‚±‚Éƒƒ‚‚ð‘}“ü‚Å‚«‚Ü‚·
PRMV0083898,N194000,2024/9/25 12:00,0,‚±‚±‚Éƒƒ‚‚ð‘}“ü‚Å‚«‚Ü‚·
PRMV0083899,N194000,2024/9/25 12:00,0,‚±‚±‚Éƒƒ‚‚ð‘}“ü‚Å‚«‚Ü‚·
PRMV0083900,N194000,2024/9/25 12:00,0,‚±‚±‚Éƒƒ‚‚ð‘}“ü‚Å‚«‚Ü‚·
PRMV0083901,N194000,2024/9/25 12:00,0,‚±‚±‚Éƒƒ‚‚ð‘}“ü‚Å‚«‚Ü‚·
PRMV0083902,N194000,2024/9/25 12:00,0,‚±‚±‚Éƒƒ‚‚ð‘}“ü‚Å‚«‚Ü‚·
PRMV0083903,N194000,2024/9/25 12:00,0,‚±‚±‚Éƒƒ‚‚ð‘}“ü‚Å‚«‚Ü‚·
PRMV0083904,N194000,2024/9/25 12:00,0,‚±‚±‚Éƒƒ‚‚ð‘}“ü‚Å‚«‚Ü‚·
PRMV0083905,N194000,2024/9/25 12:00,0,‚±‚±‚Éƒƒ‚‚ð‘}“ü‚Å‚«‚Ü‚·
PRMV0083906,N194000,2024/9/25 12:00,0,‚±‚±‚Éƒƒ‚‚ð‘}“ü‚Å‚«‚Ü‚·
PRMV0083907,N194000,2024/9/25 12:00,0,‚±‚±‚Éƒƒ‚‚ð‘}“ü‚Å‚«‚Ü‚·
PRMV0083908,N194000,2024/9/25 12:00,0,‚±‚±‚Éƒƒ‚‚ð‘}“ü‚Å‚«‚Ü‚·
PRMV0083909,N194000,2024/9/25 12:00,0,‚±‚±‚Éƒƒ‚‚ð‘}“ü‚Å‚«‚Ü‚·
PRMV0083910,N194000,2024/9/25 12:00,0,‚±‚±‚Éƒƒ‚‚ð‘}“ü‚Å‚«‚Ü‚·
PRMV0083911,N194000,2024/9/25 12:00,0,‚±‚±‚Éƒƒ‚‚ð‘}“ü‚Å‚«‚Ü‚·
PRMV0083912,N194000,2024/9/25 12:00,0,‚±‚±‚Éƒƒ‚‚ð‘}“ü‚Å‚«‚Ü‚·
PRMV0083913,N194000,2024/9/25 12:00,0,‚±‚±‚Éƒƒ‚‚ð‘}“ü‚Å‚«‚Ü‚·
PRMV0083914,N194000,2024/9/25 12:00,0,‚±‚±‚Éƒƒ‚‚ð‘}“ü‚Å‚«‚Ü‚·
PRMV0083915,N194000,2024/9/25 12:00,0,‚±‚±‚Éƒƒ‚‚ð‘}“ü‚Å‚«‚Ü‚·
PRMV0083916,N194000,2024/9/25 12:00,0,‚±‚±‚Éƒƒ‚‚ð‘}“ü‚Å‚«‚Ü‚·
PRMV0083917,N194000,2024/9/25 12:00,0,‚±‚±‚Éƒƒ‚‚ð‘}“ü‚Å‚«‚Ü‚·
PRMV0083918,N194000,2024/9/25 12:00,0,‚±‚±‚Éƒƒ‚‚ð‘}“ü‚Å‚«‚Ü‚·
PRMV0083919,N194000,2024/9/25 12:00,0,‚±‚±‚Éƒƒ‚‚ð‘}“ü‚Å‚«‚Ü‚·
PRMV0083920,N194000,2024/9/25 12:00,0,‚±‚±‚Éƒƒ‚‚ð‘}“ü‚Å‚«‚Ü‚·
PRMV0083921,N194000,2024/9/25 12:00,0,‚±‚±‚Éƒƒ‚‚ð‘}“ü‚Å‚«‚Ü‚·
PRMV0083922,N194000,2024/9/25 12:00,0,‚±‚±‚Éƒƒ‚‚ð‘}“ü‚Å‚«‚Ü‚·
PRMV0083923,N194000,2024/9/25 12:00,0,‚±‚±‚Éƒƒ‚‚ð‘}“ü‚Å‚«‚Ü‚·
PRMV0083924,N194000,2024/9/25 12:00,0,‚±‚±‚Éƒƒ‚‚ð‘}“ü‚Å‚«‚Ü‚·
PRMV0083925,N194000,2024/9/25 12:00,0,‚±‚±‚Éƒƒ‚‚ð‘}“ü‚Å‚«‚Ü‚·
PRMV0083926,N194000,2024/9/25 12:00,0,‚±‚±‚Éƒƒ‚‚ð‘}“ü‚Å‚«‚Ü‚·
PRMV0083927,N194000,2024/9/25 12:00,0,‚±‚±‚Éƒƒ‚‚ð‘}“ü‚Å‚«‚Ü‚·
PRMV0083928,N194000,2024/9/25 12:00,0,‚±‚±‚Éƒƒ‚‚ð‘}“ü‚Å‚«‚Ü‚·
PRMV0083929,N194000,2024/9/25 12:00,0,‚±‚±‚Éƒƒ‚‚ð‘}“ü‚Å‚«‚Ü‚·
PRMV0083930,N194000,2024/9/25 12:00,0,‚±‚±‚Éƒƒ‚‚ð‘}“ü‚Å‚«‚Ü‚·
PRMV0083931,N194000,2024/9/25 12:00,0,‚±‚±‚Éƒƒ‚‚ð‘}“ü‚Å‚«‚Ü‚·
PRMV0083932,N194000,2024/9/25 12:00,0,‚±‚±‚Éƒƒ‚‚ð‘}“ü‚Å‚«‚Ü‚·
PRMV0083933,N194000,2024/9/25 12:00,0,‚±‚±‚Éƒƒ‚‚ð‘}“ü‚Å‚«‚Ü‚·
PRMV0083934,N194000,2024/9/25 12:00,0,‚±‚±‚Éƒƒ‚‚ð‘}“ü‚Å‚«‚Ü‚·
PRMV0083935,N194000,2024/9/25 12:00,0,‚±‚±‚Éƒƒ‚‚ð‘}“ü‚Å‚«‚Ü‚·
PRMV0083936,N194000,2024/9/25 12:00,0,‚±‚±‚Éƒƒ‚‚ð‘}“ü‚Å‚«‚Ü‚·
PRMV0083937,N194000,2024/9/25 12:00,0,‚±‚±‚Éƒƒ‚‚ð‘}“ü‚Å‚«‚Ü‚·
PRMV0083938,N194000,2024/9/25 12:00,0,‚±‚±‚Éƒƒ‚‚ð‘}“ü‚Å‚«‚Ü‚·
PRMV0083939,N194000,2024/9/25 12:00,0,‚±‚±‚Éƒƒ‚‚ð‘}“ü‚Å‚«‚Ü‚·
PRMV0083940,N194000,2024/9/25 12:00,0,‚±‚±‚Éƒƒ‚‚ð‘}“ü‚Å‚«‚Ü‚·
PRMV0083941,N194000,2024/9/25 12:00,0,‚±‚±‚Éƒƒ‚‚ð‘}“ü‚Å‚«‚Ü‚·
PRMV0083942,N194000,2024/9/25 12:00,0,‚±‚±‚Éƒƒ‚‚ð‘}“ü‚Å‚«‚Ü‚·
PRMV0083943,N194000,2024/9/25 12:00,0,‚±‚±‚Éƒƒ‚‚ð‘}“ü‚Å‚«‚Ü‚·
PRMV0083944,N194000,2024/9/25 12:00,0,‚±‚±‚Éƒƒ‚‚ð‘}“ü‚Å‚«‚Ü‚·
PRMV0083945,N194000,2024/9/25 12:00,0,‚±‚±‚Éƒƒ‚‚ð‘}“ü‚Å‚«‚Ü‚·
PRMV0083946,N194000,2024/9/25 12:00,0,‚±‚±‚Éƒƒ‚‚ð‘}“ü‚Å‚«‚Ü‚·
PRMV0083947,N194000,2024/9/25 12:00,0,‚±‚±‚Éƒƒ‚‚ð‘}“ü‚Å‚«‚Ü‚·
PRMV0083948,N194000,2024/9/25 12:00,0,‚±‚±‚Éƒƒ‚‚ð‘}“ü‚Å‚«‚Ü‚·
PRMV0083949,N194000,2024/9/25 12:00,0,‚±‚±‚Éƒƒ‚‚ð‘}“ü‚Å‚«‚Ü‚·
PRMV0083950,N194000,2024/9/25 12:00,0,‚±‚±‚Éƒƒ‚‚ð‘}“ü‚Å‚«‚Ü‚·
PRMV0083951,N194000,2024/9/25 12:00,0,‚±‚±‚Éƒƒ‚‚ð‘}“ü‚Å‚«‚Ü‚·
PRMV0083952,N194000,2024/9/25 12:00,0,‚±‚±‚Éƒƒ‚‚ð‘}“ü‚Å‚«‚Ü‚·
PRMV0083953,N194000,2024/9/25 12:00,0,‚±‚±‚Éƒƒ‚‚ð‘}“ü‚Å‚«‚Ü‚·
PRMV0083954,N194000,2024/9/25 12:00,0,‚±‚±‚Éƒƒ‚‚ð‘}“ü‚Å‚«‚Ü‚·
PRMV0083955,N194000,2024/9/25 12:00,0,‚±‚±‚Éƒƒ‚‚ð‘}“ü‚Å‚«‚Ü‚·
PRMV0083956,N194000,2024/9/25 12:00,0,‚±‚±‚Éƒƒ‚‚ð‘}“ü‚Å‚«‚Ü‚·
PRMV0083957,N194000,2024/9/25 12:00,0,‚±‚±‚Éƒƒ‚‚ð‘}“ü‚Å‚«‚Ü‚·
PRMV0083958,N194000,2024/9/25 12:00,0,‚±‚±‚Éƒƒ‚‚ð‘}“ü‚Å‚«‚Ü‚·
PRMV0083959,N194000,2024/9/25 12:00,0,‚±‚±‚Éƒƒ‚‚ð‘}“ü‚Å‚«‚Ü‚·
PRMV0083960,N194000,2024/9/25 12:00,0,‚±‚±‚Éƒƒ‚‚ð‘}“ü‚Å‚«‚Ü‚·
PRMV0083961,N194000,2024/9/25 12:00,0,‚±‚±‚Éƒƒ‚‚ð‘}“ü‚Å‚«‚Ü‚·
PRMV0083962,N194000,2024/9/25 12:00,0,‚±‚±‚Éƒƒ‚‚ð‘}“ü‚Å‚«‚Ü‚·
PRMV0083963,N194000,2024/9/25 12:00,0,‚±‚±‚Éƒƒ‚‚ð‘}“ü‚Å‚«‚Ü‚·
PRMV0083964,N194000,2024/9/25 12:00,0,‚±‚±‚Éƒƒ‚‚ð‘}“ü‚Å‚«‚Ü‚·
PRMV0083965,N194000,2024/9/25 12:00,0,‚±‚±‚Éƒƒ‚‚ð‘}“ü‚Å‚«‚Ü‚·
PRMV0083966,N194000,2024/9/25 12:00,0,‚±‚±‚Éƒƒ‚‚ð‘}“ü‚Å‚«‚Ü‚·
PRMV0083967,N194000,2024/9/25 12:00,0,‚±‚±‚Éƒƒ‚‚ð‘}“ü‚Å‚«‚Ü‚·
PRMV0083968,N194000,2024/9/25 12:00,0,‚±‚±‚Éƒƒ‚‚ð‘}“ü‚Å‚«‚Ü‚·
PRMV0083970,N194000,2024/9/25 12:00,0,‚±‚±‚Éƒƒ‚‚ð‘}“ü‚Å‚«‚Ü‚·
PRMV0083971,N194000,2024/9/25 12:00,0,‚±‚±‚Éƒƒ‚‚ð‘}“ü‚Å‚«‚Ü‚·
PRMV0083972,N194000,2024/9/25 12:00,0,‚±‚±‚Éƒƒ‚‚ð‘}“ü‚Å‚«‚Ü‚·
PRMV0083973,N194000,2024/9/25 12:00,0,‚±‚±‚Éƒƒ‚‚ð‘}“ü‚Å‚«‚Ü‚·
PRMV0083974,N194000,2024/9/25 12:00,0,‚±‚±‚Éƒƒ‚‚ð‘}“ü‚Å‚«‚Ü‚·
PRMV0083975,N194000,2024/9/25 12:00,0,‚±‚±‚Éƒƒ‚‚ð‘}“ü‚Å‚«‚Ü‚·
PRMV0083976,N194000,2024/9/25 12:00,0,‚±‚±‚Éƒƒ‚‚ð‘}“ü‚Å‚«‚Ü‚·
PRMV0083977,N194000,2024/9/25 12:00,0,‚±‚±‚Éƒƒ‚‚ð‘}“ü‚Å‚«‚Ü‚·
PRMV0083978,N194000,2024/9/25 12:00,0,‚±‚±‚Éƒƒ‚‚ð‘}“ü‚Å‚«‚Ü‚·
PRMV0083979,N194000,2024/9/25 12:00,0,‚±‚±‚Éƒƒ‚‚ð‘}“ü‚Å‚«‚Ü‚·
PRMV0083980,N194000,2024/9/25 12:00,0,‚±‚±‚Éƒƒ‚‚ð‘}“ü‚Å‚«‚Ü‚·
PRMV0083981,N194000,2024/9/25 12:00,0,‚±‚±‚Éƒƒ‚‚ð‘}“ü‚Å‚«‚Ü‚·
PRMV0083982,N194000,2024/9/25 12:00,0,‚±‚±‚Éƒƒ‚‚ð‘}“ü‚Å‚«‚Ü‚·
PRMV0083983,N194000,2024/9/25 12:00,0,‚±‚±‚Éƒƒ‚‚ð‘}“ü‚Å‚«‚Ü‚·
PRMV0083984,N194000,2024/9/25 12:00,0,‚±‚±‚Éƒƒ‚‚ð‘}“ü‚Å‚«‚Ü‚·
PRMV0083985,N194000,2024/9/25 12:00,0,‚±‚±‚Éƒƒ‚‚ð‘}“ü‚Å‚«‚Ü‚·
PRMV0083986,N194000,2024/9/25 12:00,0,‚±‚±‚Éƒƒ‚‚ð‘}“ü‚Å‚«‚Ü‚·
PRMV0083987,N194000,2024/9/25 12:00,0,‚±‚±‚Éƒƒ‚‚ð‘}“ü‚Å‚«‚Ü‚·
PRMV0083988,N194000,2024/9/25 12:00,0,‚±‚±‚Éƒƒ‚‚ð‘}“ü‚Å‚«‚Ü‚·
PRMV0083989,N194000,2024/9/25 12:00,0,‚±‚±‚Éƒƒ‚‚ð‘}“ü‚Å‚«‚Ü‚·
PRMV0083990,N194000,2024/9/25 12:00,0,‚±‚±‚Éƒƒ‚‚ð‘}“ü‚Å‚«‚Ü‚·
PRMV0083991,N194000,2024/9/25 12:00,0,‚±‚±‚Éƒƒ‚‚ð‘}“ü‚Å‚«‚Ü‚·
PRMV0083992,N194000,2024/9/25 12:00,0,‚±‚±‚Éƒƒ‚‚ð‘}“ü‚Å‚«‚Ü‚·
PRMV0083993,N194000,2024/9/25 12:00,0,‚±‚±‚Éƒƒ‚‚ð‘}“ü‚Å‚«‚Ü‚·
PRMV0083994,N194000,2024/9/25 12:00,0,‚±‚±‚Éƒƒ‚‚ð‘}“ü‚Å‚«‚Ü‚·
PRMV0083995,N194000,2024/9/25 12:00,0,‚±‚±‚Éƒƒ‚‚ð‘}“ü‚Å‚«‚Ü‚·
PRMV0083996,N194000,2024/9/25 12:00,0,‚±‚±‚Éƒƒ‚‚ð‘}“ü‚Å‚«‚Ü‚·
PRMV0083997,N194000,2024/9/25 12:00,0,‚±‚±‚Éƒƒ‚‚ð‘}“ü‚Å‚«‚Ü‚·
PRMV0083998,N194000,2024/9/25 12:00,0,‚±‚±‚Éƒƒ‚‚ð‘}“ü‚Å‚«‚Ü‚·
PRMV0083999,N194000,2024/9/25 12:00,0,‚±‚±‚Éƒƒ‚‚ð‘}“ü‚Å‚«‚Ü‚·
PRMV0084000,N194000,2024/9/25 12:00,0,‚±‚±‚Éƒƒ‚‚ð‘}“ü‚Å‚«‚Ü‚·
PRMV0084001,N194000,2024/9/25 12:00,0,‚±‚±‚Éƒƒ‚‚ð‘}“ü‚Å‚«‚Ü‚·
PRMV0084002,N194000,2024/9/25 12:00,0,‚±‚±‚Éƒƒ‚‚ð‘}“ü‚Å‚«‚Ü‚·
PRMV0084003,N194000,2024/9/25 12:00,0,‚±‚±‚Éƒƒ‚‚ð‘}“ü‚Å‚«‚Ü‚·
PRMV0084004,N194000,2024/9/25 12:00,0,‚±‚±‚Éƒƒ‚‚ð‘}“ü‚Å‚«‚Ü‚·
PRMV0084005,N194000,2024/9/25 12:00,0,‚±‚±‚Éƒƒ‚‚ð‘}“ü‚Å‚«‚Ü‚·
PRMV0084006,N194000,2024/9/25 12:00,0,‚±‚±‚Éƒƒ‚‚ð‘}“ü‚Å‚«‚Ü‚·
PRMV0084007,N194000,2024/9/25 12:00,0,‚±‚±‚Éƒƒ‚‚ð‘}“ü‚Å‚«‚Ü‚·
PRMV0084008,N194000,2024/9/25 12:00,0,‚±‚±‚Éƒƒ‚‚ð‘}“ü‚Å‚«‚Ü‚·
PRMV0084009,N194000,2024/9/25 12:00,0,‚±‚±‚Éƒƒ‚‚ð‘}“ü‚Å‚«‚Ü‚·
PRMV0084010,N194000,2024/9/25 12:00,0,‚±‚±‚Éƒƒ‚‚ð‘}“ü‚Å‚«‚Ü‚·
PRMV0084011,N194000,2024/9/25 12:00,0,‚±‚±‚Éƒƒ‚‚ð‘}“ü‚Å‚«‚Ü‚·
PRMV0084012,N194000,2024/9/25 12:00,0,‚±‚±‚Éƒƒ‚‚ð‘}“ü‚Å‚«‚Ü‚·
PRMV0084013,N194000,2024/9/25 12:00,0,‚±‚±‚Éƒƒ‚‚ð‘}“ü‚Å‚«‚Ü‚·
PRMV0084014,N194000,2024/9/25 12:00,0,‚±‚±‚Éƒƒ‚‚ð‘}“ü‚Å‚«‚Ü‚·
PRMV0084015,N194000,2024/9/25 12:00,0,‚±‚±‚Éƒƒ‚‚ð‘}“ü‚Å‚«‚Ü‚·
PRMV0084016,N194000,2024/9/25 12:00,0,‚±‚±‚Éƒƒ‚‚ð‘}“ü‚Å‚«‚Ü‚·
PRMV0084017,N194000,2024/9/25 12:00,0,‚±‚±‚Éƒƒ‚‚ð‘}“ü‚Å‚«‚Ü‚·
PRMV0084018,N194000,2024/9/25 12:00,0,‚±‚±‚Éƒƒ‚‚ð‘}“ü‚Å‚«‚Ü‚·
PRMV0084019,N194000,2024/9/25 12:00,0,‚±‚±‚Éƒƒ‚‚ð‘}“ü‚Å‚«‚Ü‚·
PRMV0084020,N194000,2024/9/25 12:00,0,‚±‚±‚Éƒƒ‚‚ð‘}“ü‚Å‚«‚Ü‚·
PRMV0084021,N194000,2024/9/25 12:00,0,‚±‚±‚Éƒƒ‚‚ð‘}“ü‚Å‚«‚Ü‚·
PRMV0084022,N194000,2024/9/25 12:00,0,‚±‚±‚Éƒƒ‚‚ð‘}“ü‚Å‚«‚Ü‚·
PRMV0084023,N194000,2024/9/25 12:00,0,‚±‚±‚Éƒƒ‚‚ð‘}“ü‚Å‚«‚Ü‚·
PRMV0084024,N194000,2024/9/25 12:00,0,‚±‚±‚Éƒƒ‚‚ð‘}“ü‚Å‚«‚Ü‚·
PRMV0084025,N194000,2024/9/25 12:00,0,‚±‚±‚Éƒƒ‚‚ð‘}“ü‚Å‚«‚Ü‚·
PRMV0084026,N194000,2024/9/25 12:00,0,‚±‚±‚Éƒƒ‚‚ð‘}“ü‚Å‚«‚Ü‚·
PRMV0084027,N194000,2024/9/25 12:00,0,‚±‚±‚Éƒƒ‚‚ð‘}“ü‚Å‚«‚Ü‚·
PRMV0084028,N194000,2024/9/25 12:00,0,‚±‚±‚Éƒƒ‚‚ð‘}“ü‚Å‚«‚Ü‚·
PRMV0084029,N194000,2024/9/25 12:00,0,‚±‚±‚Éƒƒ‚‚ð‘}“ü‚Å‚«‚Ü‚·
PRMV0084030,N194000,2024/9/25 12:00,0,‚±‚±‚Éƒƒ‚‚ð‘}“ü‚Å‚«‚Ü‚·
PRMV0084031,N194000,2024/9/25 12:00,0,‚±‚±‚Éƒƒ‚‚ð‘}“ü‚Å‚«‚Ü‚·
PRMV0084032,N194000,2024/9/25 12:00,0,‚±‚±‚Éƒƒ‚‚ð‘}“ü‚Å‚«‚Ü‚·
PRMV0084033,N194000,2024/9/25 12:00,0,‚±‚±‚Éƒƒ‚‚ð‘}“ü‚Å‚«‚Ü‚·
PRMV0084034,N194000,2024/9/25 12:00,0,‚±‚±‚Éƒƒ‚‚ð‘}“ü‚Å‚«‚Ü‚·
PRMV0084035,N194000,2024/9/25 12:00,0,‚±‚±‚Éƒƒ‚‚ð‘}“ü‚Å‚«‚Ü‚·
PRMV0084036,N194000,2024/9/25 12:00,0,‚±‚±‚Éƒƒ‚‚ð‘}“ü‚Å‚«‚Ü‚·
PRMV0084037,N194000,2024/9/25 12:00,0,‚±‚±‚Éƒƒ‚‚ð‘}“ü‚Å‚«‚Ü‚·
PRMV0084038,N194000,2024/9/25 12:00,0,‚±‚±‚Éƒƒ‚‚ð‘}“ü‚Å‚«‚Ü‚·
PRMV0084039,N194000,2024/9/25 12:00,0,‚±‚±‚Éƒƒ‚‚ð‘}“ü‚Å‚«‚Ü‚·
PRMV0084040,N194000,2024/9/25 12:00,0,‚±‚±‚Éƒƒ‚‚ð‘}“ü‚Å‚«‚Ü‚·
PRMV0084041,N194000,2024/9/25 12:00,0,‚±‚±‚Éƒƒ‚‚ð‘}“ü‚Å‚«‚Ü‚·
PRMV0084042,N194000,2024/9/25 12:00,0,‚±‚±‚Éƒƒ‚‚ð‘}“ü‚Å‚«‚Ü‚·
PRMV0084043,N194000,2024/9/25 12:00,0,‚±‚±‚Éƒƒ‚‚ð‘}“ü‚Å‚«‚Ü‚·
PRMV0084044,N194000,2024/9/25 12:00,0,‚±‚±‚Éƒƒ‚‚ð‘}“ü‚Å‚«‚Ü‚·
PRMV0084045,N194000,2024/9/25 12:00,0,‚±‚±‚Éƒƒ‚‚ð‘}“ü‚Å‚«‚Ü‚·
PRMV0084046,N194000,2024/9/25 12:00,0,‚±‚±‚Éƒƒ‚‚ð‘}“ü‚Å‚«‚Ü‚·
PRMV0084047,N194000,2024/9/25 12:00,0,‚±‚±‚Éƒƒ‚‚ð‘}“ü‚Å‚«‚Ü‚·
PRMV0084048,N194000,2024/9/25 12:00,0,‚±‚±‚Éƒƒ‚‚ð‘}“ü‚Å‚«‚Ü‚·
PRMV0084049,N194000,2024/9/25 12:00,0,‚±‚±‚Éƒƒ‚‚ð‘}“ü‚Å‚«‚Ü‚·
PRMV0084050,N194000,2024/9/25 12:00,0,‚±‚±‚Éƒƒ‚‚ð‘}“ü‚Å‚«‚Ü‚·
PRMV0084051,N194000,2024/9/25 12:00,0,‚±‚±‚Éƒƒ‚‚ð‘}“ü‚Å‚«‚Ü‚·
PRMV0084052,N194000,2024/9/25 12:00,0,‚±‚±‚Éƒƒ‚‚ð‘}“ü‚Å‚«‚Ü‚·
PRMV0084053,N194000,2024/9/25 12:00,0,‚±‚±‚Éƒƒ‚‚ð‘}“ü‚Å‚«‚Ü‚·
PRMV0084054,N194000,2024/9/25 12:00,0,‚±‚±‚Éƒƒ‚‚ð‘}“ü‚Å‚«‚Ü‚·
PRMV0084055,N194000,2024/9/25 12:00,0,‚±‚±‚Éƒƒ‚‚ð‘}“ü‚Å‚«‚Ü‚·
PRMV0084056,N194000,2024/9/25 12:00,0,‚±‚±‚Éƒƒ‚‚ð‘}“ü‚Å‚«‚Ü‚·
PRMV0084057,N194000,2024/9/25 12:00,0,‚±‚±‚Éƒƒ‚‚ð‘}“ü‚Å‚«‚Ü‚·
PRMV0084058,N194000,2024/9/25 12:00,0,‚±‚±‚Éƒƒ‚‚ð‘}“ü‚Å‚«‚Ü‚·
PRMV0084059,N194000,2024/9/25 12:00,0,‚±‚±‚Éƒƒ‚‚ð‘}“ü‚Å‚«‚Ü‚·
PRMV0084060,N194000,2024/9/25 12:00,0,‚±‚±‚Éƒƒ‚‚ð‘}“ü‚Å‚«‚Ü‚·
PRMV0084061,N194000,2024/9/25 12:00,0,‚±‚±‚Éƒƒ‚‚ð‘}“ü‚Å‚«‚Ü‚·
PRMV0084062,N194000,2024/9/25 12:00,0,‚±‚±‚Éƒƒ‚‚ð‘}“ü‚Å‚«‚Ü‚·
PRMV0084063,N194000,2024/9/25 12:00,0,‚±‚±‚Éƒƒ‚‚ð‘}“ü‚Å‚«‚Ü‚·
PRMV0084064,N194000,2024/9/25 12:00,0,‚±‚±‚Éƒƒ‚‚ð‘}“ü‚Å‚«‚Ü‚·
PRMV0084065,N194000,2024/9/25 12:00,0,‚±‚±‚Éƒƒ‚‚ð‘}“ü‚Å‚«‚Ü‚·
PRMV0084066,N194000,2024/9/25 12:00,0,‚±‚±‚Éƒƒ‚‚ð‘}“ü‚Å‚«‚Ü‚·
PRMV0084067,N194000,2024/9/25 12:00,0,‚±‚±‚Éƒƒ‚‚ð‘}“ü‚Å‚«‚Ü‚·
PRMV0084068,N194000,2024/9/25 12:00,0,‚±‚±‚Éƒƒ‚‚ð‘}“ü‚Å‚«‚Ü‚·
PRMV0084069,N194000,2024/9/25 12:00,0,‚±‚±‚Éƒƒ‚‚ð‘}“ü‚Å‚«‚Ü‚·
PRMV0084070,N194000,2024/9/25 12:00,0,‚±‚±‚Éƒƒ‚‚ð‘}“ü‚Å‚«‚Ü‚·
PRMV0084071,N194000,2024/9/25 12:00,0,‚±‚±‚Éƒƒ‚‚ð‘}“ü‚Å‚«‚Ü‚·
PRMV0084331,N194000,2024/9/25 12:00,0,‚±‚±‚Éƒƒ‚‚ð‘}“ü‚Å‚«‚Ü‚·
PRMV0084332,N194000,2024/9/25 12:00,0,‚±‚±‚Éƒƒ‚‚ð‘}“ü‚Å‚«‚Ü‚·
PRMV0084333,N194000,2024/9/25 12:00,0,‚±‚±‚Éƒƒ‚‚ð‘}“ü‚Å‚«‚Ü‚·
PRMV0084334,N194000,2024/9/25 12:00,0,‚±‚±‚Éƒƒ‚‚ð‘}“ü‚Å‚«‚Ü‚·
PRMV0084335,N194000,2024/9/25 12:00,0,‚±‚±‚Éƒƒ‚‚ð‘}“ü‚Å‚«‚Ü‚·
PRMV0084336,N194000,2024/9/25 12:00,0,‚±‚±‚Éƒƒ‚‚ð‘}“ü‚Å‚«‚Ü‚·
PRMV0084337,N194000,2024/9/25 12:00,0,‚±‚±‚Éƒƒ‚‚ð‘}“ü‚Å‚«‚Ü‚·
PRMV0084338,N194000,2024/9/25 12:00,0,‚±‚±‚Éƒƒ‚‚ð‘}“ü‚Å‚«‚Ü‚·
PRMV0084339,N194000,2024/9/25 12:00,0,‚±‚±‚Éƒƒ‚‚ð‘}“ü‚Å‚«‚Ü‚·
PRMV0084340,N194000,2024/9/25 12:00,0,‚±‚±‚Éƒƒ‚‚ð‘}“ü‚Å‚«‚Ü‚·
PRMV0084341,N194000,2024/9/25 12:00,0,‚±‚±‚Éƒƒ‚‚ð‘}“ü‚Å‚«‚Ü‚·
PRMV0084342,N194000,2024/9/25 12:00,0,‚±‚±‚Éƒƒ‚‚ð‘}“ü‚Å‚«‚Ü‚·
PRMV0084343,N194000,2024/9/25 12:00,0,‚±‚±‚Éƒƒ‚‚ð‘}“ü‚Å‚«‚Ü‚·
PRMV0084344,N194000,2024/9/25 12:00,0,‚±‚±‚Éƒƒ‚‚ð‘}“ü‚Å‚«‚Ü‚·
PRMV0084345,N194000,2024/9/25 12:00,0,‚±‚±‚Éƒƒ‚‚ð‘}“ü‚Å‚«‚Ü‚·
PRMV0084346,N194000,2024/9/25 12:00,0,‚±‚±‚Éƒƒ‚‚ð‘}“ü‚Å‚«‚Ü‚·
PRMV0084347,N194000,2024/9/25 12:00,0,‚±‚±‚Éƒƒ‚‚ð‘}“ü‚Å‚«‚Ü‚·
PRMV0084348,N194000,2024/9/25 12:00,0,‚±‚±‚Éƒƒ‚‚ð‘}“ü‚Å‚«‚Ü‚·
PRMV0084349,N194000,2024/9/25 12:00,0,‚±‚±‚Éƒƒ‚‚ð‘}“ü‚Å‚«‚Ü‚·
PRMV0084350,N194000,2024/9/25 12:00,0,‚±‚±‚Éƒƒ‚‚ð‘}“ü‚Å‚«‚Ü‚·
PRMV0084351,N194000,2024/9/25 12:00,0,‚±‚±‚Éƒƒ‚‚ð‘}“ü‚Å‚«‚Ü‚·
PRMV0084352,N194000,2024/9/25 12:00,0,‚±‚±‚Éƒƒ‚‚ð‘}“ü‚Å‚«‚Ü‚·
PRMV0084353,N194000,2024/9/25 12:00,0,‚±‚±‚Éƒƒ‚‚ð‘}“ü‚Å‚«‚Ü‚·
PRMV0084354,N194000,2024/9/25 12:00,0,‚±‚±‚Éƒƒ‚‚ð‘}“ü‚Å‚«‚Ü‚·
PRMV0084355,N194000,2024/9/25 12:00,0,‚±‚±‚Éƒƒ‚‚ð‘}“ü‚Å‚«‚Ü‚·
PRMV0084356,N194000,2024/9/25 12:00,0,‚±‚±‚Éƒƒ‚‚ð‘}“ü‚Å‚«‚Ü‚·
PRMV0084357,N194000,2024/9/25 12:00,0,‚±‚±‚Éƒƒ‚‚ð‘}“ü‚Å‚«‚Ü‚·
PRMV0084358,N194000,2024/9/25 12:00,0,‚±‚±‚Éƒƒ‚‚ð‘}“ü‚Å‚«‚Ü‚·
PRMV0084359,N194000,2024/9/25 12:00,0,‚±‚±‚Éƒƒ‚‚ð‘}“ü‚Å‚«‚Ü‚·
PRMV0084360,N194000,2024/9/25 12:00,0,‚±‚±‚Éƒƒ‚‚ð‘}“ü‚Å‚«‚Ü‚·
PRMV0084361,N194000,2024/9/25 12:00,0,‚±‚±‚Éƒƒ‚‚ð‘}“ü‚Å‚«‚Ü‚·
PRMV0084362,N194000,2024/9/25 12:00,0,‚±‚±‚Éƒƒ‚‚ð‘}“ü‚Å‚«‚Ü‚·
PRMV0084363,N194000,2024/9/25 12:00,0,‚±‚±‚Éƒƒ‚‚ð‘}“ü‚Å‚«‚Ü‚·
PRMV0084364,N194000,2024/9/25 12:00,0,‚±‚±‚Éƒƒ‚‚ð‘}“ü‚Å‚«‚Ü‚·
PRMV0084365,N194000,2024/9/25 12:00,0,‚±‚±‚Éƒƒ‚‚ð‘}“ü‚Å‚«‚Ü‚·
PRMV0084366,N194000,2024/9/25 12:00,0,‚±‚±‚Éƒƒ‚‚ð‘}“ü‚Å‚«‚Ü‚·
PRMV0084367,N194000,2024/9/25 12:00,0,‚±‚±‚Éƒƒ‚‚ð‘}“ü‚Å‚«‚Ü‚·
PRMV0084368,N194000,2024/9/25 12:00,0,‚±‚±‚Éƒƒ‚‚ð‘}“ü‚Å‚«‚Ü‚·
PRMV0084369,N194000,2024/9/25 12:00,0,‚±‚±‚Éƒƒ‚‚ð‘}“ü‚Å‚«‚Ü‚·
PRMV0084370,N194000,2024/9/25 12:00,0,‚±‚±‚Éƒƒ‚‚ð‘}“ü‚Å‚«‚Ü‚·
PRMV0084371,N194000,2024/9/25 12:00,0,‚±‚±‚Éƒƒ‚‚ð‘}“ü‚Å‚«‚Ü‚·
PRMV0084372,N194000,2024/9/25 12:00,0,‚±‚±‚Éƒƒ‚‚ð‘}“ü‚Å‚«‚Ü‚·
PRMV0084373,N194000,2024/9/25 12:00,0,‚±‚±‚Éƒƒ‚‚ð‘}“ü‚Å‚«‚Ü‚·
PRMV0084374,N194000,2024/9/25 12:00,0,‚±‚±‚Éƒƒ‚‚ð‘}“ü‚Å‚«‚Ü‚·
PRMV0084375,N194000,2024/9/25 12:00,0,‚±‚±‚Éƒƒ‚‚ð‘}“ü‚Å‚«‚Ü‚·
PRMV0084376,N194000,2024/9/25 12:00,0,‚±‚±‚Éƒƒ‚‚ð‘}“ü‚Å‚«‚Ü‚·
PRMV0084377,N194000,2024/9/25 12:00,0,‚±‚±‚Éƒƒ‚‚ð‘}“ü‚Å‚«‚Ü‚·
PRMV0084378,N194000,2024/9/25 12:00,0,‚±‚±‚Éƒƒ‚‚ð‘}“ü‚Å‚«‚Ü‚·
PRMV0084379,N194000,2024/9/25 12:00,0,‚±‚±‚Éƒƒ‚‚ð‘}“ü‚Å‚«‚Ü‚·
PRMV0084380,N194000,2024/9/25 12:00,0,‚±‚±‚Éƒƒ‚‚ð‘}“ü‚Å‚«‚Ü‚·
PRMV0084381,N194000,2024/9/25 12:00,0,‚±‚±‚Éƒƒ‚‚ð‘}“ü‚Å‚«‚Ü‚·
PRMV0084382,N194000,2024/9/25 12:00,0,‚±‚±‚Éƒƒ‚‚ð‘}“ü‚Å‚«‚Ü‚·
PRMV0084383,N194000,2024/9/25 12:00,0,‚±‚±‚Éƒƒ‚‚ð‘}“ü‚Å‚«‚Ü‚·
PRMV0084384,N194000,2024/9/25 12:00,0,‚±‚±‚Éƒƒ‚‚ð‘}“ü‚Å‚«‚Ü‚·
PRMV0084385,N194000,2024/9/25 12:00,0,‚±‚±‚Éƒƒ‚‚ð‘}“ü‚Å‚«‚Ü‚·
PRMV0084386,N194000,2024/9/25 12:00,0,‚±‚±‚Éƒƒ‚‚ð‘}“ü‚Å‚«‚Ü‚·
PRMV0084387,N194000,2024/9/25 12:00,0,‚±‚±‚Éƒƒ‚‚ð‘}“ü‚Å‚«‚Ü‚·
PRMV0084388,N194000,2024/9/25 12:00,0,‚±‚±‚Éƒƒ‚‚ð‘}“ü‚Å‚«‚Ü‚·
PRMV0084389,N194000,2024/9/25 12:00,0,‚±‚±‚Éƒƒ‚‚ð‘}“ü‚Å‚«‚Ü‚·
PRMV0084390,N194000,2024/9/25 12:00,0,‚±‚±‚Éƒƒ‚‚ð‘}“ü‚Å‚«‚Ü‚·
PRMV0084391,N194000,2024/9/25 12:00,0,‚±‚±‚Éƒƒ‚‚ð‘}“ü‚Å‚«‚Ü‚·
PRMV0084392,N194000,2024/9/25 12:00,0,‚±‚±‚Éƒƒ‚‚ð‘}“ü‚Å‚«‚Ü‚·
PRMV0084393,N194000,2024/9/25 12:00,0,‚±‚±‚Éƒƒ‚‚ð‘}“ü‚Å‚«‚Ü‚·
PRMV0084394,N194000,2024/9/25 12:00,0,‚±‚±‚Éƒƒ‚‚ð‘}“ü‚Å‚«‚Ü‚·
PRMV0084395,N194000,2024/9/25 12:00,0,‚±‚±‚Éƒƒ‚‚ð‘}“ü‚Å‚«‚Ü‚·
PRMV0084396,N194000,2024/9/25 12:00,0,‚±‚±‚Éƒƒ‚‚ð‘}“ü‚Å‚«‚Ü‚·
PRMV0084397,N194000,2024/9/25 12:00,0,‚±‚±‚Éƒƒ‚‚ð‘}“ü‚Å‚«‚Ü‚·
PRMV0084398,N194000,2024/9/25 12:00,0,‚±‚±‚Éƒƒ‚‚ð‘}“ü‚Å‚«‚Ü‚·
PRMV0084399,N194000,2024/9/25 12:00,0,‚±‚±‚Éƒƒ‚‚ð‘}“ü‚Å‚«‚Ü‚·
PRMV0084400,N194000,2024/9/25 12:00,0,‚±‚±‚Éƒƒ‚‚ð‘}“ü‚Å‚«‚Ü‚·
PRMV0084401,N194000,2024/9/25 12:00,0,‚±‚±‚Éƒƒ‚‚ð‘}“ü‚Å‚«‚Ü‚·
PRMV0084402,N194000,2024/9/25 12:00,0,‚±‚±‚Éƒƒ‚‚ð‘}“ü‚Å‚«‚Ü‚·
PRMV0084403,N194000,2024/9/25 12:00,0,‚±‚±‚Éƒƒ‚‚ð‘}“ü‚Å‚«‚Ü‚·
PRMV0084404,N194000,2024/9/25 12:00,0,‚±‚±‚Éƒƒ‚‚ð‘}“ü‚Å‚«‚Ü‚·
PRMV0084405,N194000,2024/9/25 12:00,0,‚±‚±‚Éƒƒ‚‚ð‘}“ü‚Å‚«‚Ü‚·
PRMV0084406,N194000,2024/9/25 12:00,0,‚±‚±‚Éƒƒ‚‚ð‘}“ü‚Å‚«‚Ü‚·
PRMV0084407,N194000,2024/9/25 12:00,0,‚±‚±‚Éƒƒ‚‚ð‘}“ü‚Å‚«‚Ü‚·
PRMV0084408,N194000,2024/9/25 12:00,0,‚±‚±‚Éƒƒ‚‚ð‘}“ü‚Å‚«‚Ü‚·
PRMV0084409,N194000,2024/9/25 12:00,0,‚±‚±‚Éƒƒ‚‚ð‘}“ü‚Å‚«‚Ü‚·
PRMV0084410,N194000,2024/9/25 12:00,0,‚±‚±‚Éƒƒ‚‚ð‘}“ü‚Å‚«‚Ü‚·
PRMV0084411,N194000,2024/9/25 12:00,0,‚±‚±‚Éƒƒ‚‚ð‘}“ü‚Å‚«‚Ü‚·
PRMV0084412,N194000,2024/9/25 12:00,0,‚±‚±‚Éƒƒ‚‚ð‘}“ü‚Å‚«‚Ü‚·
PRMV0084413,N194000,2024/9/25 12:00,0,‚±‚±‚Éƒƒ‚‚ð‘}“ü‚Å‚«‚Ü‚·
PRMV0084414,N194000,2024/9/25 12:00,0,‚±‚±‚Éƒƒ‚‚ð‘}“ü‚Å‚«‚Ü‚·
PRMV0084415,N194000,2024/9/25 12:00,0,‚±‚±‚Éƒƒ‚‚ð‘}“ü‚Å‚«‚Ü‚·
PRMV0084416,N194000,2024/9/25 12:00,0,‚±‚±‚Éƒƒ‚‚ð‘}“ü‚Å‚«‚Ü‚·
PRMV0084417,N194000,2024/9/25 12:00,0,‚±‚±‚Éƒƒ‚‚ð‘}“ü‚Å‚«‚Ü‚·
PRMV0084418,N194000,2024/9/25 12:00,0,‚±‚±‚Éƒƒ‚‚ð‘}“ü‚Å‚«‚Ü‚·
PRMV0084419,N194000,2024/9/25 12:00,0,‚±‚±‚Éƒƒ‚‚ð‘}“ü‚Å‚«‚Ü‚·
PRMV0084420,N194000,2024/9/25 12:00,0,‚±‚±‚Éƒƒ‚‚ð‘}“ü‚Å‚«‚Ü‚·
PRMV0084421,N194000,2024/9/25 12:00,0,‚±‚±‚Éƒƒ‚‚ð‘}“ü‚Å‚«‚Ü‚·
PRMV0084422,N194000,2024/9/25 12:00,0,‚±‚±‚Éƒƒ‚‚ð‘}“ü‚Å‚«‚Ü‚·
PRMV0084423,N194000,2024/9/25 12:00,0,‚±‚±‚Éƒƒ‚‚ð‘}“ü‚Å‚«‚Ü‚·
PRMV0084424,N194000,2024/9/25 12:00,0,‚±‚±‚Éƒƒ‚‚ð‘}“ü‚Å‚«‚Ü‚·
PRMV0084425,N194000,2024/9/25 12:00,0,‚±‚±‚Éƒƒ‚‚ð‘}“ü‚Å‚«‚Ü‚·
PRMV0084426,N194000,2024/9/25 12:00,0,‚±‚±‚Éƒƒ‚‚ð‘}“ü‚Å‚«‚Ü‚·
PRMV0084427,N194000,2024/9/25 12:00,0,‚±‚±‚Éƒƒ‚‚ð‘}“ü‚Å‚«‚Ü‚·
PRMV0084428,N194000,2024/9/25 12:00,0,‚±‚±‚Éƒƒ‚‚ð‘}“ü‚Å‚«‚Ü‚·
PRMV0084429,N194000,2024/9/25 12:00,0,‚±‚±‚Éƒƒ‚‚ð‘}“ü‚Å‚«‚Ü‚·
PRMV0084430,N194000,2024/9/25 12:00,0,‚±‚±‚Éƒƒ‚‚ð‘}“ü‚Å‚«‚Ü‚·
PRMV0084431,N194000,2024/9/25 12:00,0,‚±‚±‚Éƒƒ‚‚ð‘}“ü‚Å‚«‚Ü‚·
PRMV0084432,N194000,2024/9/25 12:00,0,‚±‚±‚Éƒƒ‚‚ð‘}“ü‚Å‚«‚Ü‚·
PRMV0084433,N194000,2024/9/25 12:00,0,‚±‚±‚Éƒƒ‚‚ð‘}“ü‚Å‚«‚Ü‚·
PRMV0084434,N194000,2024/9/25 12:00,0,‚±‚±‚Éƒƒ‚‚ð‘}“ü‚Å‚«‚Ü‚·
PRMV0084435,N194000,2024/9/25 12:00,0,‚±‚±‚Éƒƒ‚‚ð‘}“ü‚Å‚«‚Ü‚·
PRMV0084436,N194000,2024/9/25 12:00,0,‚±‚±‚Éƒƒ‚‚ð‘}“ü‚Å‚«‚Ü‚·
PRMV0084437,N194000,2024/9/25 12:00,0,‚±‚±‚Éƒƒ‚‚ð‘}“ü‚Å‚«‚Ü‚·
PRMV0084438,N194000,2024/9/25 12:00,0,‚±‚±‚Éƒƒ‚‚ð‘}“ü‚Å‚«‚Ü‚·
PRMV0084439,N194000,2024/9/25 12:00,0,‚±‚±‚Éƒƒ‚‚ð‘}“ü‚Å‚«‚Ü‚·
PRMV0084440,N194000,2024/9/25 12:00,0,‚±‚±‚Éƒƒ‚‚ð‘}“ü‚Å‚«‚Ü‚·
PRMV0084441,N194000,2024/9/25 12:00,0,‚±‚±‚Éƒƒ‚‚ð‘}“ü‚Å‚«‚Ü‚·
PRMV0084442,N194000,2024/9/25 12:00,0,‚±‚±‚Éƒƒ‚‚ð‘}“ü‚Å‚«‚Ü‚·
PRMV0084443,N194000,2024/9/25 12:00,0,‚±‚±‚Éƒƒ‚‚ð‘}“ü‚Å‚«‚Ü‚·
PRMV0084444,N194000,2024/9/25 12:00,0,‚±‚±‚Éƒƒ‚‚ð‘}“ü‚Å‚«‚Ü‚·
PRMV0084445,N194000,2024/9/25 12:00,0,‚±‚±‚Éƒƒ‚‚ð‘}“ü‚Å‚«‚Ü‚·
PRMV0084446,N194000,2024/9/25 12:00,0,‚±‚±‚Éƒƒ‚‚ð‘}“ü‚Å‚«‚Ü‚·
PRMV0084447,N194000,2024/9/25 12:00,0,‚±‚±‚Éƒƒ‚‚ð‘}“ü‚Å‚«‚Ü‚·
PRMV0084448,N194000,2024/9/25 12:00,0,‚±‚±‚Éƒƒ‚‚ð‘}“ü‚Å‚«‚Ü‚·
PRMV0084449,N194000,2024/9/25 12:00,0,‚±‚±‚Éƒƒ‚‚ð‘}“ü‚Å‚«‚Ü‚·
PRMV0084450,N194000,2024/9/25 12:00,0,‚±‚±‚Éƒƒ‚‚ð‘}“ü‚Å‚«‚Ü‚·
PRMV0084451,N194000,2024/9/25 12:00,0,‚±‚±‚Éƒƒ‚‚ð‘}“ü‚Å‚«‚Ü‚·
PRMV0084452,N194000,2024/9/25 12:00,0,‚±‚±‚Éƒƒ‚‚ð‘}“ü‚Å‚«‚Ü‚·
PRMV0084453,N194000,2024/9/25 12:00,0,‚±‚±‚Éƒƒ‚‚ð‘}“ü‚Å‚«‚Ü‚·
PRMV0084454,N194000,2024/9/25 12:00,0,‚±‚±‚Éƒƒ‚‚ð‘}“ü‚Å‚«‚Ü‚·
PRMV0084455,N194000,2024/9/25 12:00,0,‚±‚±‚Éƒƒ‚‚ð‘}“ü‚Å‚«‚Ü‚·
PRMV0084456,N194000,2024/9/25 12:00,0,‚±‚±‚Éƒƒ‚‚ð‘}“ü‚Å‚«‚Ü‚·
PRMV0084457,N194000,2024/9/25 12:00,0,‚±‚±‚Éƒƒ‚‚ð‘}“ü‚Å‚«‚Ü‚·
PRMV0084458,N194000,2024/9/25 12:00,0,‚±‚±‚Éƒƒ‚‚ð‘}“ü‚Å‚«‚Ü‚·
PRMV0084459,N194000,2024/9/25 12:00,0,‚±‚±‚Éƒƒ‚‚ð‘}“ü‚Å‚«‚Ü‚·
PRMV0084460,N194000,2024/9/25 12:00,0,‚±‚±‚Éƒƒ‚‚ð‘}“ü‚Å‚«‚Ü‚·
PRMV0084461,N194000,2024/9/25 12:00,0,‚±‚±‚Éƒƒ‚‚ð‘}“ü‚Å‚«‚Ü‚·
PRMV0084462,N194000,2024/9/25 12:00,0,‚±‚±‚Éƒƒ‚‚ð‘}“ü‚Å‚«‚Ü‚·
PRMV0084463,N194000,2024/9/25 12:00,0,‚±‚±‚Éƒƒ‚‚ð‘}“ü‚Å‚«‚Ü‚·
PRMV0084464,N194000,2024/9/25 12:00,0,‚±‚±‚Éƒƒ‚‚ð‘}“ü‚Å‚«‚Ü‚·
PRMV0084465,N194000,2024/9/25 12:00,0,‚±‚±‚Éƒƒ‚‚ð‘}“ü‚Å‚«‚Ü‚·
PRMV0084466,N194000,2024/9/25 12:00,0,‚±‚±‚Éƒƒ‚‚ð‘}“ü‚Å‚«‚Ü‚·
PRMV0084467,N194000,2024/9/25 12:00,0,‚±‚±‚Éƒƒ‚‚ð‘}“ü‚Å‚«‚Ü‚·
PRMV0084468,N194000,2024/9/25 12:00,0,‚±‚±‚Éƒƒ‚‚ð‘}“ü‚Å‚«‚Ü‚·
PRMV0084469,N194000,2024/9/25 12:00,0,‚±‚±‚Éƒƒ‚‚ð‘}“ü‚Å‚«‚Ü‚·
PRMV0084470,N194000,2024/9/25 12:00,0,‚±‚±‚Éƒƒ‚‚ð‘}“ü‚Å‚«‚Ü‚·
PRMV0084471,N194000,2024/9/25 12:00,0,‚±‚±‚Éƒƒ‚‚ð‘}“ü‚Å‚«‚Ü‚·
PRMV0084472,N194000,2024/9/25 12:00,0,‚±‚±‚Éƒƒ‚‚ð‘}“ü‚Å‚«‚Ü‚·
PRMV0084473,N194000,2024/9/25 12:00,0,‚±‚±‚Éƒƒ‚‚ð‘}“ü‚Å‚«‚Ü‚·
PRMV0084474,N194000,2024/9/25 12:00,0,‚±‚±‚Éƒƒ‚‚ð‘}“ü‚Å‚«‚Ü‚·
PRMV0084475,N194000,2024/9/25 12:00,0,‚±‚±‚Éƒƒ‚‚ð‘}“ü‚Å‚«‚Ü‚·
PRMV0084476,N194000,2024/9/25 12:00,0,‚±‚±‚Éƒƒ‚‚ð‘}“ü‚Å‚«‚Ü‚·
PRMV0084477,N194000,2024/9/25 12:00,0,‚±‚±‚Éƒƒ‚‚ð‘}“ü‚Å‚«‚Ü‚·
PRMV0084478,N194000,2024/9/25 12:00,0,‚±‚±‚Éƒƒ‚‚ð‘}“ü‚Å‚«‚Ü‚·
PRMV0084479,N194000,2024/9/25 12:00,0,‚±‚±‚Éƒƒ‚‚ð‘}“ü‚Å‚«‚Ü‚·
PRMV0084480,N194000,2024/9/25 12:00,0,‚±‚±‚Éƒƒ‚‚ð‘}“ü‚Å‚«‚Ü‚·
PRMV0084481,N194000,2024/9/25 12:00,0,‚±‚±‚Éƒƒ‚‚ð‘}“ü‚Å‚«‚Ü‚·
PRMV0084482,N194000,2024/9/25 12:00,0,‚±‚±‚Éƒƒ‚‚ð‘}“ü‚Å‚«‚Ü‚·
PRMV0084483,N194000,2024/9/25 12:00,0,‚±‚±‚Éƒƒ‚‚ð‘}“ü‚Å‚«‚Ü‚·
PRMV0084484,N194000,2024/9/25 12:00,0,‚±‚±‚Éƒƒ‚‚ð‘}“ü‚Å‚«‚Ü‚·
PRMV0084485,N194000,2024/9/25 12:00,0,‚±‚±‚Éƒƒ‚‚ð‘}“ü‚Å‚«‚Ü‚·
PRMV0084486,N194000,2024/9/25 12:00,0,‚±‚±‚Éƒƒ‚‚ð‘}“ü‚Å‚«‚Ü‚·
PRMV0084487,N194000,2024/9/25 12:00,0,‚±‚±‚Éƒƒ‚‚ð‘}“ü‚Å‚«‚Ü‚·
PRMV0084488,N194000,2024/9/25 12:00,0,‚±‚±‚Éƒƒ‚‚ð‘}“ü‚Å‚«‚Ü‚·
PRMV0084489,N194000,2024/9/25 12:00,0,‚±‚±‚Éƒƒ‚‚ð‘}“ü‚Å‚«‚Ü‚·
PRMV0084490,N194000,2024/9/25 12:00,0,‚±‚±‚Éƒƒ‚‚ð‘}“ü‚Å‚«‚Ü‚·
PRMV0084491,N194000,2024/9/25 12:00,0,‚±‚±‚Éƒƒ‚‚ð‘}“ü‚Å‚«‚Ü‚·
PRMV0084492,N194000,2024/9/25 12:00,0,‚±‚±‚Éƒƒ‚‚ð‘}“ü‚Å‚«‚Ü‚·
PRMV0084493,N194000,2024/9/25 12:00,0,‚±‚±‚Éƒƒ‚‚ð‘}“ü‚Å‚«‚Ü‚·
PRMV0084494,N194000,2024/9/25 12:00,0,‚±‚±‚Éƒƒ‚‚ð‘}“ü‚Å‚«‚Ü‚·
PRMV0084495,N194000,2024/9/25 12:00,0,‚±‚±‚Éƒƒ‚‚ð‘}“ü‚Å‚«‚Ü‚·
PRMV0084496,N194000,2024/9/25 12:00,0,‚±‚±‚Éƒƒ‚‚ð‘}“ü‚Å‚«‚Ü‚·
PRMV0084497,N194000,2024/9/25 12:00,0,‚±‚±‚Éƒƒ‚‚ð‘}“ü‚Å‚«‚Ü‚·
PRMV0084498,N194000,2024/9/25 12:00,0,‚±‚±‚Éƒƒ‚‚ð‘}“ü‚Å‚«‚Ü‚·
PRMV0084499,N194000,2024/9/25 12:00,0,‚±‚±‚Éƒƒ‚‚ð‘}“ü‚Å‚«‚Ü‚·
PRMV0084500,N194000,2024/9/25 12:00,0,‚±‚±‚Éƒƒ‚‚ð‘}“ü‚Å‚«‚Ü‚·
PRMV0084501,N194000,2024/9/25 12:00,0,‚±‚±‚Éƒƒ‚‚ð‘}“ü‚Å‚«‚Ü‚·
PRMV0084502,N194000,2024/9/25 12:00,0,‚±‚±‚Éƒƒ‚‚ð‘}“ü‚Å‚«‚Ü‚·
PRMV0084503,N194000,2024/9/25 12:00,0,‚±‚±‚Éƒƒ‚‚ð‘}“ü‚Å‚«‚Ü‚·
PRMV0084504,N194000,2024/9/25 12:00,0,‚±‚±‚Éƒƒ‚‚ð‘}“ü‚Å‚«‚Ü‚·
PRMV0084505,N194000,2024/9/25 12:00,0,‚±‚±‚Éƒƒ‚‚ð‘}“ü‚Å‚«‚Ü‚·
PRMV0084506,N194000,2024/9/25 12:00,0,‚±‚±‚Éƒƒ‚‚ð‘}“ü‚Å‚«‚Ü‚·
PRMV0084507,N194000,2024/9/25 12:00,0,‚±‚±‚Éƒƒ‚‚ð‘}“ü‚Å‚«‚Ü‚·
PRMV0084508,N194000,2024/9/25 12:00,0,‚±‚±‚Éƒƒ‚‚ð‘}“ü‚Å‚«‚Ü‚·
PRMV0084509,N194000,2024/9/25 12:00,0,‚±‚±‚Éƒƒ‚‚ð‘}“ü‚Å‚«‚Ü‚·
PRMV0084510,N194000,2024/9/25 12:00,0,‚±‚±‚Éƒƒ‚‚ð‘}“ü‚Å‚«‚Ü‚·
PRMV0084511,N194000,2024/9/25 12:00,0,‚±‚±‚Éƒƒ‚‚ð‘}“ü‚Å‚«‚Ü‚·
PRMV0084512,N194000,2024/9/25 12:00,0,‚±‚±‚Éƒƒ‚‚ð‘}“ü‚Å‚«‚Ü‚·
PRMV0084513,N194000,2024/9/25 12:00,0,‚±‚±‚Éƒƒ‚‚ð‘}“ü‚Å‚«‚Ü‚·
PRMV0084514,N194000,2024/9/25 12:00,0,‚±‚±‚Éƒƒ‚‚ð‘}“ü‚Å‚«‚Ü‚·
PRMV0084515,N194000,2024/9/25 12:00,0,‚±‚±‚Éƒƒ‚‚ð‘}“ü‚Å‚«‚Ü‚·
PRMV0084516,N194000,2024/9/25 12:00,0,‚±‚±‚Éƒƒ‚‚ð‘}“ü‚Å‚«‚Ü‚·
PRMV0084517,N194000,2024/9/25 12:00,0,‚±‚±‚Éƒƒ‚‚ð‘}“ü‚Å‚«‚Ü‚·
PRMV0084518,N194000,2024/9/25 12:00,0,‚±‚±‚Éƒƒ‚‚ð‘}“ü‚Å‚«‚Ü‚·
PRMV0084519,N194000,2024/9/25 12:00,0,‚±‚±‚Éƒƒ‚‚ð‘}“ü‚Å‚«‚Ü‚·
PRMV0084520,N194000,2024/9/25 12:00,0,‚±‚±‚Éƒƒ‚‚ð‘}“ü‚Å‚«‚Ü‚·
PRMV0084521,N194000,2024/9/25 12:00,0,‚±‚±‚Éƒƒ‚‚ð‘}“ü‚Å‚«‚Ü‚·
PRMV0084522,N194000,2024/9/25 12:00,0,‚±‚±‚Éƒƒ‚‚ð‘}“ü‚Å‚«‚Ü‚·
PRMV0084523,N194000,2024/9/25 12:00,0,‚±‚±‚Éƒƒ‚‚ð‘}“ü‚Å‚«‚Ü‚·
PRMV0084524,N194000,2024/9/25 12:00,0,‚±‚±‚Éƒƒ‚‚ð‘}“ü‚Å‚«‚Ü‚·
PRMV0084525,N194000,2024/9/25 12:00,0,‚±‚±‚Éƒƒ‚‚ð‘}“ü‚Å‚«‚Ü‚·
PRMV0084526,N194000,2024/9/25 12:00,0,‚±‚±‚Éƒƒ‚‚ð‘}“ü‚Å‚«‚Ü‚·
PRMV0084527,N194000,2024/9/25 12:00,0,‚±‚±‚Éƒƒ‚‚ð‘}“ü‚Å‚«‚Ü‚·
PRMV0084528,N194000,2024/9/25 12:00,0,‚±‚±‚Éƒƒ‚‚ð‘}“ü‚Å‚«‚Ü‚·
PRMV0084529,N194000,2024/9/25 12:00,0,‚±‚±‚Éƒƒ‚‚ð‘}“ü‚Å‚«‚Ü‚·
PRMV0084530,N194000,2024/9/25 12:00,0,‚±‚±‚Éƒƒ‚‚ð‘}“ü‚Å‚«‚Ü‚·
PRMV0084531,N194000,2024/9/25 12:00,0,‚±‚±‚Éƒƒ‚‚ð‘}“ü‚Å‚«‚Ü‚·
PRMV0084532,N194000,2024/9/25 12:00,0,‚±‚±‚Éƒƒ‚‚ð‘}“ü‚Å‚«‚Ü‚·
PRMV0084533,N194000,2024/9/25 12:00,0,‚±‚±‚Éƒƒ‚‚ð‘}“ü‚Å‚«‚Ü‚·
PRMV0084534,N194000,2024/9/25 12:00,0,‚±‚±‚Éƒƒ‚‚ð‘}“ü‚Å‚«‚Ü‚·
PRMV0084535,N194000,2024/9/25 12:00,0,‚±‚±‚Éƒƒ‚‚ð‘}“ü‚Å‚«‚Ü‚·
PRMV0084536,N194000,2024/9/25 12:00,0,‚±‚±‚Éƒƒ‚‚ð‘}“ü‚Å‚«‚Ü‚·
PRMV0084537,N194000,2024/9/25 12:00,0,‚±‚±‚Éƒƒ‚‚ð‘}“ü‚Å‚«‚Ü‚·
PRMV0084538,N194000,2024/9/25 12:00,0,‚±‚±‚Éƒƒ‚‚ð‘}“ü‚Å‚«‚Ü‚·
PRMV0084539,N194000,2024/9/25 12:00,0,‚±‚±‚Éƒƒ‚‚ð‘}“ü‚Å‚«‚Ü‚·
PRMV0084540,N194000,2024/9/25 12:00,0,‚±‚±‚Éƒƒ‚‚ð‘}“ü‚Å‚«‚Ü‚·
PRMV0084541,N194000,2024/9/25 12:00,0,‚±‚±‚Éƒƒ‚‚ð‘}“ü‚Å‚«‚Ü‚·
PRMV0084542,N194000,2024/9/25 12:00,0,‚±‚±‚Éƒƒ‚‚ð‘}“ü‚Å‚«‚Ü‚·
PRMV0084543,N194000,2024/9/25 12:00,0,‚±‚±‚Éƒƒ‚‚ð‘}“ü‚Å‚«‚Ü‚·
PRMV0084544,N194000,2024/9/25 12:00,0,‚±‚±‚Éƒƒ‚‚ð‘}“ü‚Å‚«‚Ü‚·
PRMV0084545,N194000,2024/9/25 12:00,0,‚±‚±‚Éƒƒ‚‚ð‘}“ü‚Å‚«‚Ü‚·
PRMV0084546,N194000,2024/9/25 12:00,0,‚±‚±‚Éƒƒ‚‚ð‘}“ü‚Å‚«‚Ü‚·
PRMV0084547,N194000,2024/9/25 12:00,0,‚±‚±‚Éƒƒ‚‚ð‘}“ü‚Å‚«‚Ü‚·
PRMV0084548,N194000,2024/9/25 12:00,0,‚±‚±‚Éƒƒ‚‚ð‘}“ü‚Å‚«‚Ü‚·
PRMV0084549,N194000,2024/9/25 12:00,0,‚±‚±‚Éƒƒ‚‚ð‘}“ü‚Å‚«‚Ü‚·
PRMV0084550,N194000,2024/9/25 12:00,0,‚±‚±‚Éƒƒ‚‚ð‘}“ü‚Å‚«‚Ü‚·
PRMV0084551,N194000,2024/9/25 12:00,0,‚±‚±‚Éƒƒ‚‚ð‘}“ü‚Å‚«‚Ü‚·
PRMV0084552,N194000,2024/9/25 12:00,0,‚±‚±‚Éƒƒ‚‚ð‘}“ü‚Å‚«‚Ü‚·
PRMV0084553,N194000,2024/9/25 12:00,0,‚±‚±‚Éƒƒ‚‚ð‘}“ü‚Å‚«‚Ü‚·
PRMV0084554,N194000,2024/9/25 12:00,0,‚±‚±‚Éƒƒ‚‚ð‘}“ü‚Å‚«‚Ü‚·
PRMV0084555,N194000,2024/9/25 12:00,0,‚±‚±‚Éƒƒ‚‚ð‘}“ü‚Å‚«‚Ü‚·
PRMV0084556,N194000,2024/9/25 12:00,0,‚±‚±‚Éƒƒ‚‚ð‘}“ü‚Å‚«‚Ü‚·
PRMV0084557,N194000,2024/9/25 12:00,0,‚±‚±‚Éƒƒ‚‚ð‘}“ü‚Å‚«‚Ü‚·
PRMV0084558,N194000,2024/9/25 12:00,0,‚±‚±‚Éƒƒ‚‚ð‘}“ü‚Å‚«‚Ü‚·
PRMV0084559,N194000,2024/9/25 12:00,0,‚±‚±‚Éƒƒ‚‚ð‘}“ü‚Å‚«‚Ü‚·
PRMV0084560,N194000,2024/9/25 12:00,0,‚±‚±‚Éƒƒ‚‚ð‘}“ü‚Å‚«‚Ü‚·
PRMV0084561,N194000,2024/9/25 12:00,0,‚±‚±‚Éƒƒ‚‚ð‘}“ü‚Å‚«‚Ü‚·
PRMV0084562,N194000,2024/9/25 12:00,0,‚±‚±‚Éƒƒ‚‚ð‘}“ü‚Å‚«‚Ü‚·
PRMV0084563,N194000,2024/9/25 12:00,0,‚±‚±‚Éƒƒ‚‚ð‘}“ü‚Å‚«‚Ü‚·
PRMV0084564,N194000,2024/9/25 12:00,0,‚±‚±‚Éƒƒ‚‚ð‘}“ü‚Å‚«‚Ü‚·
PRMV0084565,N194000,2024/9/25 12:00,0,‚±‚±‚Éƒƒ‚‚ð‘}“ü‚Å‚«‚Ü‚·
PRMV0084566,N194000,2024/9/25 12:00,0,‚±‚±‚Éƒƒ‚‚ð‘}“ü‚Å‚«‚Ü‚·
PRMV0084567,N194000,2024/9/25 12:00,0,‚±‚±‚Éƒƒ‚‚ð‘}“ü‚Å‚«‚Ü‚·
PRMV0084568,N194000,2024/9/25 12:00,0,‚±‚±‚Éƒƒ‚‚ð‘}“ü‚Å‚«‚Ü‚·
PRMV0084569,N194000,2024/9/25 12:00,0,‚±‚±‚Éƒƒ‚‚ð‘}“ü‚Å‚«‚Ü‚·
PRMV0084570,N194000,2024/9/25 12:00,0,‚±‚±‚Éƒƒ‚‚ð‘}“ü‚Å‚«‚Ü‚·
PRMV0084571,N194000,2024/9/25 12:00,0,‚±‚±‚Éƒƒ‚‚ð‘}“ü‚Å‚«‚Ü‚·
PRMV0084572,N194000,2024/9/25 12:00,0,‚±‚±‚Éƒƒ‚‚ð‘}“ü‚Å‚«‚Ü‚·
PRMV0084573,N194000,2024/9/25 12:00,0,‚±‚±‚Éƒƒ‚‚ð‘}“ü‚Å‚«‚Ü‚·
PRMV0084574,N194000,2024/9/25 12:00,0,‚±‚±‚Éƒƒ‚‚ð‘}“ü‚Å‚«‚Ü‚·
PRMV0084575,N194000,2024/9/25 12:00,0,‚±‚±‚Éƒƒ‚‚ð‘}“ü‚Å‚«‚Ü‚·
PRMV0084576,N194000,2024/9/25 12:00,0,‚±‚±‚Éƒƒ‚‚ð‘}“ü‚Å‚«‚Ü‚·
PRMV0084577,N194000,2024/9/25 12:00,0,‚±‚±‚Éƒƒ‚‚ð‘}“ü‚Å‚«‚Ü‚·
PRMV0084578,N194000,2024/9/25 12:00,0,‚±‚±‚Éƒƒ‚‚ð‘}“ü‚Å‚«‚Ü‚·
PRMV0084579,N194000,2024/9/25 12:00,0,‚±‚±‚Éƒƒ‚‚ð‘}“ü‚Å‚«‚Ü‚·
PRMV0084580,N194000,2024/9/25 12:00,0,‚±‚±‚Éƒƒ‚‚ð‘}“ü‚Å‚«‚Ü‚·
PRMV0084581,N194000,2024/9/25 12:00,0,‚±‚±‚Éƒƒ‚‚ð‘}“ü‚Å‚«‚Ü‚·
PRMV0084582,N194000,2024/9/25 12:00,0,‚±‚±‚Éƒƒ‚‚ð‘}“ü‚Å‚«‚Ü‚·
PRMV0084583,N194000,2024/9/25 12:00,0,‚±‚±‚Éƒƒ‚‚ð‘}“ü‚Å‚«‚Ü‚·
PRMV0084584,N194000,2024/9/25 12:00,0,‚±‚±‚Éƒƒ‚‚ð‘}“ü‚Å‚«‚Ü‚·
PRMV0084585,N194000,2024/9/25 12:00,0,‚±‚±‚Éƒƒ‚‚ð‘}“ü‚Å‚«‚Ü‚·
PRMV0084586,N194000,2024/9/25 12:00,0,‚±‚±‚Éƒƒ‚‚ð‘}“ü‚Å‚«‚Ü‚·
PRMV0084587,N194000,2024/9/25 12:00,0,‚±‚±‚Éƒƒ‚‚ð‘}“ü‚Å‚«‚Ü‚·
PRMV0084588,N194000,2024/9/25 12:00,0,‚±‚±‚Éƒƒ‚‚ð‘}“ü‚Å‚«‚Ü‚·
PRMV0084589,N194000,2024/9/25 12:00,0,‚±‚±‚Éƒƒ‚‚ð‘}“ü‚Å‚«‚Ü‚·
PRMV0084590,N194000,2024/9/25 12:00,0,‚±‚±‚Éƒƒ‚‚ð‘}“ü‚Å‚«‚Ü‚·
PRMV0084591,N194000,2024/9/25 12:00,0,‚±‚±‚Éƒƒ‚‚ð‘}“ü‚Å‚«‚Ü‚·
PRMV0084592,N194000,2024/9/25 12:00,0,‚±‚±‚Éƒƒ‚‚ð‘}“ü‚Å‚«‚Ü‚·
PRMV0084593,N194000,2024/9/25 12:00,0,‚±‚±‚Éƒƒ‚‚ð‘}“ü‚Å‚«‚Ü‚·
PRMV0084594,N194000,2024/9/25 12:00,0,‚±‚±‚Éƒƒ‚‚ð‘}“ü‚Å‚«‚Ü‚·
PRMV0084595,N194000,2024/9/25 12:00,0,‚±‚±‚Éƒƒ‚‚ð‘}“ü‚Å‚«‚Ü‚·
PRMV0084596,N194000,2024/9/25 12:00,0,‚±‚±‚Éƒƒ‚‚ð‘}“ü‚Å‚«‚Ü‚·
PRMV0084597,N194000,2024/9/25 12:00,0,‚±‚±‚Éƒƒ‚‚ð‘}“ü‚Å‚«‚Ü‚·
PRMV0084598,N194000,2024/9/25 12:00,0,‚±‚±‚Éƒƒ‚‚ð‘}“ü‚Å‚«‚Ü‚·
PRMV0084599,N194000,2024/9/25 12:00,0,‚±‚±‚Éƒƒ‚‚ð‘}“ü‚Å‚«‚Ü‚·
PRMV0084600,N194000,2024/9/25 12:00,0,‚±‚±‚Éƒƒ‚‚ð‘}“ü‚Å‚«‚Ü‚·
PRMV0084601,N194000,2024/9/25 12:00,0,‚±‚±‚Éƒƒ‚‚ð‘}“ü‚Å‚«‚Ü‚·
PRMV0084602,N194000,2024/9/25 12:00,0,‚±‚±‚Éƒƒ‚‚ð‘}“ü‚Å‚«‚Ü‚·
PRMV0084603,N194000,2024/9/25 12:00,0,‚±‚±‚Éƒƒ‚‚ð‘}“ü‚Å‚«‚Ü‚·
PRMV0084604,N194000,2024/9/25 12:00,0,‚±‚±‚Éƒƒ‚‚ð‘}“ü‚Å‚«‚Ü‚·
PRMV0084605,N194000,2024/9/25 12:00,0,‚±‚±‚Éƒƒ‚‚ð‘}“ü‚Å‚«‚Ü‚·
PRMV0084606,N194000,2024/9/25 12:00,0,‚±‚±‚Éƒƒ‚‚ð‘}“ü‚Å‚«‚Ü‚·
PRMV0084607,N194000,2024/9/25 12:00,0,‚±‚±‚Éƒƒ‚‚ð‘}“ü‚Å‚«‚Ü‚·
PRMV0084608,N194000,2024/9/25 12:00,0,‚±‚±‚Éƒƒ‚‚ð‘}“ü‚Å‚«‚Ü‚·
PRMV0084609,N194000,2024/9/25 12:00,0,‚±‚±‚Éƒƒ‚‚ð‘}“ü‚Å‚«‚Ü‚·
PRMV0084610,N194000,2024/9/25 12:00,0,‚±‚±‚Éƒƒ‚‚ð‘}“ü‚Å‚«‚Ü‚·
PRMV0084611,N194000,2024/9/25 12:00,0,‚±‚±‚Éƒƒ‚‚ð‘}“ü‚Å‚«‚Ü‚·
PRMV0084612,N194000,2024/9/25 12:00,0,‚±‚±‚Éƒƒ‚‚ð‘}“ü‚Å‚«‚Ü‚·
PRMV0084613,N194000,2024/9/25 12:00,0,‚±‚±‚Éƒƒ‚‚ð‘}“ü‚Å‚«‚Ü‚·
PRMV0084614,N194000,2024/9/25 12:00,0,‚±‚±‚Éƒƒ‚‚ð‘}“ü‚Å‚«‚Ü‚·
PRMV0084615,N194000,2024/9/25 12:00,0,‚±‚±‚Éƒƒ‚‚ð‘}“ü‚Å‚«‚Ü‚·
PRMV0084616,N194000,2024/9/25 12:00,0,‚±‚±‚Éƒƒ‚‚ð‘}“ü‚Å‚«‚Ü‚·
PRMV0084617,N194000,2024/9/25 12:00,0,‚±‚±‚Éƒƒ‚‚ð‘}“ü‚Å‚«‚Ü‚·
PRMV0084618,N194000,2024/9/25 12:00,0,‚±‚±‚Éƒƒ‚‚ð‘}“ü‚Å‚«‚Ü‚·
PRMV0084619,N194000,2024/9/25 12:00,0,‚±‚±‚Éƒƒ‚‚ð‘}“ü‚Å‚«‚Ü‚·
PRMV0084620,N194000,2024/9/25 12:00,0,‚±‚±‚Éƒƒ‚‚ð‘}“ü‚Å‚«‚Ü‚·
PRMV0084621,N194000,2024/9/25 12:00,0,‚±‚±‚Éƒƒ‚‚ð‘}“ü‚Å‚«‚Ü‚·
PRMV0084622,N194000,2024/9/25 12:00,0,‚±‚±‚Éƒƒ‚‚ð‘}“ü‚Å‚«‚Ü‚·
PRMV0084623,N194000,2024/9/25 12:00,0,‚±‚±‚Éƒƒ‚‚ð‘}“ü‚Å‚«‚Ü‚·
PRMV0084624,N194000,2024/9/25 12:00,0,‚±‚±‚Éƒƒ‚‚ð‘}“ü‚Å‚«‚Ü‚·
PRMV0084625,N194000,2024/9/25 12:00,0,‚±‚±‚Éƒƒ‚‚ð‘}“ü‚Å‚«‚Ü‚·
PRMV0084626,N194000,2024/9/25 12:00,0,‚±‚±‚Éƒƒ‚‚ð‘}“ü‚Å‚«‚Ü‚·
PRMV0084627,N194000,2024/9/25 12:00,0,‚±‚±‚Éƒƒ‚‚ð‘}“ü‚Å‚«‚Ü‚·
PRMV0084628,N194000,2024/9/25 12:00,0,‚±‚±‚Éƒƒ‚‚ð‘}“ü‚Å‚«‚Ü‚·
PRMV0084629,N194000,2024/9/25 12:00,0,‚±‚±‚Éƒƒ‚‚ð‘}“ü‚Å‚«‚Ü‚·
PRMV0084630,N194000,2024/9/25 12:00,0,‚±‚±‚Éƒƒ‚‚ð‘}“ü‚Å‚«‚Ü‚·
PRMV0084631,N194000,2024/9/25 12:00,0,‚±‚±‚Éƒƒ‚‚ð‘}“ü‚Å‚«‚Ü‚·
PRMV0084632,N194000,2024/9/25 12:00,0,‚±‚±‚Éƒƒ‚‚ð‘}“ü‚Å‚«‚Ü‚·
PRMV0084633,N194000,2024/9/25 12:00,0,‚±‚±‚Éƒƒ‚‚ð‘}“ü‚Å‚«‚Ü‚·
PRMV0084634,N194000,2024/9/25 12:00,0,‚±‚±‚Éƒƒ‚‚ð‘}“ü‚Å‚«‚Ü‚·
PRMV0084635,N194000,2024/9/25 12:00,0,‚±‚±‚Éƒƒ‚‚ð‘}“ü‚Å‚«‚Ü‚·
PRMV0084636,N194000,2024/9/25 12:00,0,‚±‚±‚Éƒƒ‚‚ð‘}“ü‚Å‚«‚Ü‚·
PRMV0084637,N194000,2024/9/25 12:00,0,‚±‚±‚Éƒƒ‚‚ð‘}“ü‚Å‚«‚Ü‚·
PRMV0084638,N194000,2024/9/25 12:00,0,‚±‚±‚Éƒƒ‚‚ð‘}“ü‚Å‚«‚Ü‚·
PRMV0084639,N194000,2024/9/25 12:00,0,‚±‚±‚Éƒƒ‚‚ð‘}“ü‚Å‚«‚Ü‚·
PRMV0084640,N194000,2024/9/25 12:00,0,‚±‚±‚Éƒƒ‚‚ð‘}“ü‚Å‚«‚Ü‚·
PRMV0084641,N194000,2024/9/25 12:00,0,‚±‚±‚Éƒƒ‚‚ð‘}“ü‚Å‚«‚Ü‚·
PRMV0084642,N194000,2024/9/25 12:00,0,‚±‚±‚Éƒƒ‚‚ð‘}“ü‚Å‚«‚Ü‚·
PRMV0084643,N194000,2024/9/25 12:00,0,‚±‚±‚Éƒƒ‚‚ð‘}“ü‚Å‚«‚Ü‚·
PRMV0084644,N194000,2024/9/25 12:00,0,‚±‚±‚Éƒƒ‚‚ð‘}“ü‚Å‚«‚Ü‚·
PRMV0084645,N194000,2024/9/25 12:00,0,‚±‚±‚Éƒƒ‚‚ð‘}“ü‚Å‚«‚Ü‚·
PRMV0084646,N194000,2024/9/25 12:00,0,‚±‚±‚Éƒƒ‚‚ð‘}“ü‚Å‚«‚Ü‚·
PRMV0084647,N194000,2024/9/25 12:00,0,‚±‚±‚Éƒƒ‚‚ð‘}“ü‚Å‚«‚Ü‚·
PRMV0084648,N194000,2024/9/25 12:00,0,‚±‚±‚Éƒƒ‚‚ð‘}“ü‚Å‚«‚Ü‚·
PRMV0084649,N194000,2024/9/25 12:00,0,‚±‚±‚Éƒƒ‚‚ð‘}“ü‚Å‚«‚Ü‚·
PRMV0084650,N194000,2024/9/25 12:00,0,‚±‚±‚Éƒƒ‚‚ð‘}“ü‚Å‚«‚Ü‚·
PRMV0084651,N194000,2024/9/25 12:00,0,‚±‚±‚Éƒƒ‚‚ð‘}“ü‚Å‚«‚Ü‚·
PRMV0084652,N194000,2024/9/25 12:00,0,‚±‚±‚Éƒƒ‚‚ð‘}“ü‚Å‚«‚Ü‚·
PRMV0084653,N194000,2024/9/25 12:00,0,‚±‚±‚Éƒƒ‚‚ð‘}“ü‚Å‚«‚Ü‚·
PRMV0084654,N194000,2024/9/25 12:00,0,‚±‚±‚Éƒƒ‚‚ð‘}“ü‚Å‚«‚Ü‚·
PRMV0084655,N194000,2024/9/25 12:00,0,‚±‚±‚Éƒƒ‚‚ð‘}“ü‚Å‚«‚Ü‚·
PRMV0084656,N194000,2024/9/25 12:00,0,‚±‚±‚Éƒƒ‚‚ð‘}“ü‚Å‚«‚Ü‚·
PRMV0084657,N194000,2024/9/25 12:00,0,‚±‚±‚Éƒƒ‚‚ð‘}“ü‚Å‚«‚Ü‚·
PRMV0084658,N194000,2024/9/25 12:00,0,‚±‚±‚Éƒƒ‚‚ð‘}“ü‚Å‚«‚Ü‚·
PRMV0084659,N194000,2024/9/25 12:00,0,‚±‚±‚Éƒƒ‚‚ð‘}“ü‚Å‚«‚Ü‚·
PRMV0084660,N194000,2024/9/25 12:00,0,‚±‚±‚Éƒƒ‚‚ð‘}“ü‚Å‚«‚Ü‚·
PRMV0084661,N194000,2024/9/25 12:00,0,‚±‚±‚Éƒƒ‚‚ð‘}“ü‚Å‚«‚Ü‚·
PRMV0084662,N194000,2024/9/25 12:00,0,‚±‚±‚Éƒƒ‚‚ð‘}“ü‚Å‚«‚Ü‚·
PRMV0084663,N194000,2024/9/25 12:00,0,‚±‚±‚Éƒƒ‚‚ð‘}“ü‚Å‚«‚Ü‚·
PRMV0084664,N194000,2024/9/25 12:00,0,‚±‚±‚Éƒƒ‚‚ð‘}“ü‚Å‚«‚Ü‚·
PRMV0084665,N194000,2024/9/25 12:00,0,‚±‚±‚Éƒƒ‚‚ð‘}“ü‚Å‚«‚Ü‚·
PRMV0084666,N194000,2024/9/25 12:00,0,‚±‚±‚Éƒƒ‚‚ð‘}“ü‚Å‚«‚Ü‚·
PRMV0084667,N194000,2024/9/25 12:00,0,‚±‚±‚Éƒƒ‚‚ð‘}“ü‚Å‚«‚Ü‚·
PRMV0084668,N194000,2024/9/25 12:00,0,‚±‚±‚Éƒƒ‚‚ð‘}“ü‚Å‚«‚Ü‚·
PRMV0084669,N194000,2024/9/25 12:00,0,‚±‚±‚Éƒƒ‚‚ð‘}“ü‚Å‚«‚Ü‚·
PRMV0084670,N194000,2024/9/25 12:00,0,‚±‚±‚Éƒƒ‚‚ð‘}“ü‚Å‚«‚Ü‚·
PRMV0084671,N194000,2024/9/25 12:00,0,‚±‚±‚Éƒƒ‚‚ð‘}“ü‚Å‚«‚Ü‚·
PRMV0084672,N194000,2024/9/25 12:00,0,‚±‚±‚Éƒƒ‚‚ð‘}“ü‚Å‚«‚Ü‚·
PRMV0084673,N194000,2024/9/25 12:00,0,‚±‚±‚Éƒƒ‚‚ð‘}“ü‚Å‚«‚Ü‚·
PRMV0084674,N194000,2024/9/25 12:00,0,‚±‚±‚Éƒƒ‚‚ð‘}“ü‚Å‚«‚Ü‚·
PRMV0084675,N194000,2024/9/25 12:00,0,‚±‚±‚Éƒƒ‚‚ð‘}“ü‚Å‚«‚Ü‚·
PRMV0084676,N194000,2024/9/25 12:00,0,‚±‚±‚Éƒƒ‚‚ð‘}“ü‚Å‚«‚Ü‚·
PRMV0084677,N194000,2024/9/25 12:00,0,‚±‚±‚Éƒƒ‚‚ð‘}“ü‚Å‚«‚Ü‚·
PRMV0084678,N194000,2024/9/25 12:00,0,‚±‚±‚Éƒƒ‚‚ð‘}“ü‚Å‚«‚Ü‚·
PRMV0084679,N194000,2024/9/25 12:00,0,‚±‚±‚Éƒƒ‚‚ð‘}“ü‚Å‚«‚Ü‚·
PRMV0084680,N194000,2024/9/25 12:00,0,‚±‚±‚Éƒƒ‚‚ð‘}“ü‚Å‚«‚Ü‚·
PRMV0084681,N194000,2024/9/25 12:00,0,‚±‚±‚Éƒƒ‚‚ð‘}“ü‚Å‚«‚Ü‚·
PRMV0084682,N194000,2024/9/25 12:00,0,‚±‚±‚Éƒƒ‚‚ð‘}“ü‚Å‚«‚Ü‚·
PRMV0084683,N194000,2024/9/25 12:00,0,‚±‚±‚Éƒƒ‚‚ð‘}“ü‚Å‚«‚Ü‚·
PRMV0084684,N194000,2024/9/25 12:00,0,‚±‚±‚Éƒƒ‚‚ð‘}“ü‚Å‚«‚Ü‚·
PRMV0084685,N194000,2024/9/25 12:00,0,‚±‚±‚Éƒƒ‚‚ð‘}“ü‚Å‚«‚Ü‚·
PRMV0084686,N194000,2024/9/25 12:00,0,‚±‚±‚Éƒƒ‚‚ð‘}“ü‚Å‚«‚Ü‚·
PRMV0084687,N194000,2024/9/25 12:00,0,‚±‚±‚Éƒƒ‚‚ð‘}“ü‚Å‚«‚Ü‚·
PRMV0084688,N194000,2024/9/25 12:00,0,‚±‚±‚Éƒƒ‚‚ð‘}“ü‚Å‚«‚Ü‚·
PRMV0084689,N194000,2024/9/25 12:00,0,‚±‚±‚Éƒƒ‚‚ð‘}“ü‚Å‚«‚Ü‚·
PRMV0084690,N194000,2024/9/25 12:00,0,‚±‚±‚Éƒƒ‚‚ð‘}“ü‚Å‚«‚Ü‚·
PRMV0084691,N194000,2024/9/25 12:00,0,‚±‚±‚Éƒƒ‚‚ð‘}“ü‚Å‚«‚Ü‚·
PRMV0084692,N194000,2024/9/25 12:00,0,‚±‚±‚Éƒƒ‚‚ð‘}“ü‚Å‚«‚Ü‚·
PRMV0084693,N194000,2024/9/25 12:00,0,‚±‚±‚Éƒƒ‚‚ð‘}“ü‚Å‚«‚Ü‚·
PRMV0084694,N194000,2024/9/25 12:00,0,‚±‚±‚Éƒƒ‚‚ð‘}“ü‚Å‚«‚Ü‚·
PRMV0084695,N194000,2024/9/25 12:00,0,‚±‚±‚Éƒƒ‚‚ð‘}“ü‚Å‚«‚Ü‚·
PRMV0084696,N194000,2024/9/25 12:00,0,‚±‚±‚Éƒƒ‚‚ð‘}“ü‚Å‚«‚Ü‚·
PRMV0084697,N194000,2024/9/25 12:00,0,‚±‚±‚Éƒƒ‚‚ð‘}“ü‚Å‚«‚Ü‚·
PRMV0084698,N194000,2024/9/25 12:00,0,‚±‚±‚Éƒƒ‚‚ð‘}“ü‚Å‚«‚Ü‚·
PRMV0084699,N194000,2024/9/25 12:00,0,‚±‚±‚Éƒƒ‚‚ð‘}“ü‚Å‚«‚Ü‚·
PRMV0084700,N194000,2024/9/25 12:00,0,‚±‚±‚Éƒƒ‚‚ð‘}“ü‚Å‚«‚Ü‚·
PRMV0084701,N194000,2024/9/25 12:00,0,‚±‚±‚Éƒƒ‚‚ð‘}“ü‚Å‚«‚Ü‚·
PRMV0084702,N194000,2024/9/25 12:00,0,‚±‚±‚Éƒƒ‚‚ð‘}“ü‚Å‚«‚Ü‚·
PRMV0084703,N194000,2024/9/25 12:00,0,‚±‚±‚Éƒƒ‚‚ð‘}“ü‚Å‚«‚Ü‚·
PRMV0084704,N194000,2024/9/25 12:00,0,‚±‚±‚Éƒƒ‚‚ð‘}“ü‚Å‚«‚Ü‚·
PRMV0084705,N194000,2024/9/25 12:00,0,‚±‚±‚Éƒƒ‚‚ð‘}“ü‚Å‚«‚Ü‚·
PRMV0084706,N194000,2024/9/25 12:00,0,‚±‚±‚Éƒƒ‚‚ð‘}“ü‚Å‚«‚Ü‚·
PRMV0084707,N194000,2024/9/25 12:00,0,‚±‚±‚Éƒƒ‚‚ð‘}“ü‚Å‚«‚Ü‚·
PRMV0084708,N194000,2024/9/25 12:00,0,‚±‚±‚Éƒƒ‚‚ð‘}“ü‚Å‚«‚Ü‚·
PRMV0084709,N194000,2024/9/25 12:00,0,‚±‚±‚Éƒƒ‚‚ð‘}“ü‚Å‚«‚Ü‚·
PRMV0084710,N194000,2024/9/25 12:00,0,‚±‚±‚Éƒƒ‚‚ð‘}“ü‚Å‚«‚Ü‚·
PRMV0084711,N194000,2024/9/25 12:00,0,‚±‚±‚Éƒƒ‚‚ð‘}“ü‚Å‚«‚Ü‚·
PRMV0084712,N194000,2024/9/25 12:00,0,‚±‚±‚Éƒƒ‚‚ð‘}“ü‚Å‚«‚Ü‚·
PRMV0084713,N194000,2024/9/25 12:00,0,‚±‚±‚Éƒƒ‚‚ð‘}“ü‚Å‚«‚Ü‚·
PRMV0084714,N194000,2024/9/25 12:00,0,‚±‚±‚Éƒƒ‚‚ð‘}“ü‚Å‚«‚Ü‚·
PRMV0084715,N194000,2024/9/25 12:00,0,‚±‚±‚Éƒƒ‚‚ð‘}“ü‚Å‚«‚Ü‚·
PRMV0084716,N194000,2024/9/25 12:00,0,‚±‚±‚Éƒƒ‚‚ð‘}“ü‚Å‚«‚Ü‚·
PRMV0084717,N194000,2024/9/25 12:00,0,‚±‚±‚Éƒƒ‚‚ð‘}“ü‚Å‚«‚Ü‚·
PRMV0084718,N194000,2024/9/25 12:00,0,‚±‚±‚Éƒƒ‚‚ð‘}“ü‚Å‚«‚Ü‚·
PRMV0084719,N194000,2024/9/25 12:00,0,‚±‚±‚Éƒƒ‚‚ð‘}“ü‚Å‚«‚Ü‚·
PRMV0084720,N194000,2024/9/25 12:00,0,‚±‚±‚Éƒƒ‚‚ð‘}“ü‚Å‚«‚Ü‚·
PRMV0084721,N194000,2024/9/25 12:00,0,‚±‚±‚Éƒƒ‚‚ð‘}“ü‚Å‚«‚Ü‚·
PRMV0084722,N194000,2024/9/25 12:00,0,‚±‚±‚Éƒƒ‚‚ð‘}“ü‚Å‚«‚Ü‚·
PRMV0084723,N194000,2024/9/25 12:00,0,‚±‚±‚Éƒƒ‚‚ð‘}“ü‚Å‚«‚Ü‚·
PRMV0084724,N194000,2024/9/25 12:00,0,‚±‚±‚Éƒƒ‚‚ð‘}“ü‚Å‚«‚Ü‚·
PRMV0084725,N194000,2024/9/25 12:00,0,‚±‚±‚Éƒƒ‚‚ð‘}“ü‚Å‚«‚Ü‚·
PRMV0084726,N194000,2024/9/25 12:00,0,‚±‚±‚Éƒƒ‚‚ð‘}“ü‚Å‚«‚Ü‚·
PRMV0084727,N194000,2024/9/25 12:00,0,‚±‚±‚Éƒƒ‚‚ð‘}“ü‚Å‚«‚Ü‚·
PRMV0084728,N194000,2024/9/25 12:00,0,‚±‚±‚Éƒƒ‚‚ð‘}“ü‚Å‚«‚Ü‚·
PRMV0084729,N194000,2024/9/25 12:00,0,‚±‚±‚Éƒƒ‚‚ð‘}“ü‚Å‚«‚Ü‚·
PRMV0084730,N194000,2024/9/25 12:00,0,‚±‚±‚Éƒƒ‚‚ð‘}“ü‚Å‚«‚Ü‚·
PRMV0084731,N194000,2024/9/25 12:00,0,‚±‚±‚Éƒƒ‚‚ð‘}“ü‚Å‚«‚Ü‚·
PRMV0084732,N194000,2024/9/25 12:00,0,‚±‚±‚Éƒƒ‚‚ð‘}“ü‚Å‚«‚Ü‚·
PRMV0084733,N194000,2024/9/25 12:00,0,‚±‚±‚Éƒƒ‚‚ð‘}“ü‚Å‚«‚Ü‚·
PRMV0084734,N194000,2024/9/25 12:00,0,‚±‚±‚Éƒƒ‚‚ð‘}“ü‚Å‚«‚Ü‚·
PRMV0084735,N194000,2024/9/25 12:00,0,‚±‚±‚Éƒƒ‚‚ð‘}“ü‚Å‚«‚Ü‚·
PRMV0084736,N194000,2024/9/25 12:00,0,‚±‚±‚Éƒƒ‚‚ð‘}“ü‚Å‚«‚Ü‚·
PRMV0084737,N194000,2024/9/25 12:00,0,‚±‚±‚Éƒƒ‚‚ð‘}“ü‚Å‚«‚Ü‚·
PRMV0084738,N194000,2024/9/25 12:00,0,‚±‚±‚Éƒƒ‚‚ð‘}“ü‚Å‚«‚Ü‚·
PRMV0084739,N194000,2024/9/25 12:00,0,‚±‚±‚Éƒƒ‚‚ð‘}“ü‚Å‚«‚Ü‚·
PRMV0084740,N194000,2024/9/25 12:00,0,‚±‚±‚Éƒƒ‚‚ð‘}“ü‚Å‚«‚Ü‚·
PRMV0084741,N194000,2024/9/25 12:00,0,‚±‚±‚Éƒƒ‚‚ð‘}“ü‚Å‚«‚Ü‚·
PRMV0084742,N194000,2024/9/25 12:00,0,‚±‚±‚Éƒƒ‚‚ð‘}“ü‚Å‚«‚Ü‚·
PRMV0084743,N194000,2024/9/25 12:00,0,‚±‚±‚Éƒƒ‚‚ð‘}“ü‚Å‚«‚Ü‚·
PRMV0084744,N194000,2024/9/25 12:00,0,‚±‚±‚Éƒƒ‚‚ð‘}“ü‚Å‚«‚Ü‚·
PRMV0084745,N194000,2024/9/25 12:00,0,‚±‚±‚Éƒƒ‚‚ð‘}“ü‚Å‚«‚Ü‚·
PRMV0084746,N194000,2024/9/25 12:00,0,‚±‚±‚Éƒƒ‚‚ð‘}“ü‚Å‚«‚Ü‚·
PRMV0084747,N194000,2024/9/25 12:00,0,‚±‚±‚Éƒƒ‚‚ð‘}“ü‚Å‚«‚Ü‚·
PRMV0084748,N194000,2024/9/25 12:00,0,‚±‚±‚Éƒƒ‚‚ð‘}“ü‚Å‚«‚Ü‚·
PRMV0084749,N194000,2024/9/25 12:00,0,‚±‚±‚Éƒƒ‚‚ð‘}“ü‚Å‚«‚Ü‚·
PRMV0084750,N194000,2024/9/25 12:00,0,‚±‚±‚Éƒƒ‚‚ð‘}“ü‚Å‚«‚Ü‚·
PRMV0084751,N194000,2024/9/25 12:00,0,‚±‚±‚Éƒƒ‚‚ð‘}“ü‚Å‚«‚Ü‚·
PRMV0084752,N194000,2024/9/25 12:00,0,‚±‚±‚Éƒƒ‚‚ð‘}“ü‚Å‚«‚Ü‚·
PRMV0084753,N194000,2024/9/25 12:00,0,‚±‚±‚Éƒƒ‚‚ð‘}“ü‚Å‚«‚Ü‚·
PRMV0084754,N194000,2024/9/25 12:00,0,‚±‚±‚Éƒƒ‚‚ð‘}“ü‚Å‚«‚Ü‚·
PRMV0084755,N194000,2024/9/25 12:00,0,‚±‚±‚Éƒƒ‚‚ð‘}“ü‚Å‚«‚Ü‚·
PRMV0084756,N194000,2024/9/25 12:00,0,‚±‚±‚Éƒƒ‚‚ð‘}“ü‚Å‚«‚Ü‚·
PRMV0084757,N194000,2024/9/25 12:00,0,‚±‚±‚Éƒƒ‚‚ð‘}“ü‚Å‚«‚Ü‚·
PRMV0084758,N194000,2024/9/25 12:00,0,‚±‚±‚Éƒƒ‚‚ð‘}“ü‚Å‚«‚Ü‚·
PRMV0084759,N194000,2024/9/25 12:00,0,‚±‚±‚Éƒƒ‚‚ð‘}“ü‚Å‚«‚Ü‚·
PRMV0084760,N194000,2024/9/25 12:00,0,‚±‚±‚Éƒƒ‚‚ð‘}“ü‚Å‚«‚Ü‚·
PRMV0084761,N194000,2024/9/25 12:00,0,‚±‚±‚Éƒƒ‚‚ð‘}“ü‚Å‚«‚Ü‚·
PRMV0084762,N194000,2024/9/25 12:00,0,‚±‚±‚Éƒƒ‚‚ð‘}“ü‚Å‚«‚Ü‚·
PRMV0084763,N194000,2024/9/25 12:00,0,‚±‚±‚Éƒƒ‚‚ð‘}“ü‚Å‚«‚Ü‚·
PRMV0084764,N194000,2024/9/25 12:00,0,‚±‚±‚Éƒƒ‚‚ð‘}“ü‚Å‚«‚Ü‚·
PRMV0084765,N194000,2024/9/25 12:00,0,‚±‚±‚Éƒƒ‚‚ð‘}“ü‚Å‚«‚Ü‚·
PRMV0084766,N194000,2024/9/25 12:00,0,‚±‚±‚Éƒƒ‚‚ð‘}“ü‚Å‚«‚Ü‚·
PRMV0084767,N194000,2024/9/25 12:00,0,‚±‚±‚Éƒƒ‚‚ð‘}“ü‚Å‚«‚Ü‚·
PRMV0084768,N194000,2024/9/25 12:00,0,‚±‚±‚Éƒƒ‚‚ð‘}“ü‚Å‚«‚Ü‚·
PRMV0084769,N194000,2024/9/25 12:00,0,‚±‚±‚Éƒƒ‚‚ð‘}“ü‚Å‚«‚Ü‚·
PRMV0084770,N194000,2024/9/25 12:00,0,‚±‚±‚Éƒƒ‚‚ð‘}“ü‚Å‚«‚Ü‚·
PRMV0084771,N194000,2024/9/25 12:00,0,‚±‚±‚Éƒƒ‚‚ð‘}“ü‚Å‚«‚Ü‚·
PRMV0084772,N194000,2024/9/25 12:00,0,‚±‚±‚Éƒƒ‚‚ð‘}“ü‚Å‚«‚Ü‚·
PRMV0084773,N194000,2024/9/25 12:00,0,‚±‚±‚Éƒƒ‚‚ð‘}“ü‚Å‚«‚Ü‚·
PRMV0084774,N194000,2024/9/25 12:00,0,‚±‚±‚Éƒƒ‚‚ð‘}“ü‚Å‚«‚Ü‚·
PRMV0084775,N194000,2024/9/25 12:00,0,‚±‚±‚Éƒƒ‚‚ð‘}“ü‚Å‚«‚Ü‚·
PRMV0084776,N194000,2024/9/25 12:00,0,‚±‚±‚Éƒƒ‚‚ð‘}“ü‚Å‚«‚Ü‚·
PRMV0084777,N194000,2024/9/25 12:00,0,‚±‚±‚Éƒƒ‚‚ð‘}“ü‚Å‚«‚Ü‚·
PRMV0084778,N194000,2024/9/25 12:00,0,‚±‚±‚Éƒƒ‚‚ð‘}“ü‚Å‚«‚Ü‚·
PRMV0084779,N194000,2024/9/25 12:00,0,‚±‚±‚Éƒƒ‚‚ð‘}“ü‚Å‚«‚Ü‚·
PRMV0084780,N194000,2024/9/25 12:00,0,‚±‚±‚Éƒƒ‚‚ð‘}“ü‚Å‚«‚Ü‚·
PRMV0084781,N194000,2024/9/25 12:00,0,‚±‚±‚Éƒƒ‚‚ð‘}“ü‚Å‚«‚Ü‚·
PRMV0084782,N194000,2024/9/25 12:00,0,‚±‚±‚Éƒƒ‚‚ð‘}“ü‚Å‚«‚Ü‚·
PRMV0084783,N194000,2024/9/25 12:00,0,‚±‚±‚Éƒƒ‚‚ð‘}“ü‚Å‚«‚Ü‚·
PRMV0084784,N194000,2024/9/25 12:00,0,‚±‚±‚Éƒƒ‚‚ð‘}“ü‚Å‚«‚Ü‚·
PRMV0084785,N194000,2024/9/25 12:00,0,‚±‚±‚Éƒƒ‚‚ð‘}“ü‚Å‚«‚Ü‚·
PRMV0084786,N194000,2024/9/25 12:00,0,‚±‚±‚Éƒƒ‚‚ð‘}“ü‚Å‚«‚Ü‚·
PRMV0084787,N194000,2024/9/25 12:00,0,‚±‚±‚Éƒƒ‚‚ð‘}“ü‚Å‚«‚Ü‚·
PRMV0084788,N194000,2024/9/25 12:00,0,‚±‚±‚Éƒƒ‚‚ð‘}“ü‚Å‚«‚Ü‚·
PRMV0084789,N194000,2024/9/25 12:00,0,‚±‚±‚Éƒƒ‚‚ð‘}“ü‚Å‚«‚Ü‚·
PRMV0084790,N194000,2024/9/25 12:00,0,‚±‚±‚Éƒƒ‚‚ð‘}“ü‚Å‚«‚Ü‚·
PRMV0084791,N194000,2024/9/25 12:00,0,‚±‚±‚Éƒƒ‚‚ð‘}“ü‚Å‚«‚Ü‚·
PRMV0084792,N194000,2024/9/25 12:00,0,‚±‚±‚Éƒƒ‚‚ð‘}“ü‚Å‚«‚Ü‚·
PRMV0084793,N194000,2024/9/25 12:00,0,‚±‚±‚Éƒƒ‚‚ð‘}“ü‚Å‚«‚Ü‚·
PRMV0084794,N194000,2024/9/25 12:00,0,‚±‚±‚Éƒƒ‚‚ð‘}“ü‚Å‚«‚Ü‚·
PRMV0084795,N194000,2024/9/25 12:00,0,‚±‚±‚Éƒƒ‚‚ð‘}“ü‚Å‚«‚Ü‚·
PRMV0084796,N194000,2024/9/25 12:00,0,‚±‚±‚Éƒƒ‚‚ð‘}“ü‚Å‚«‚Ü‚·
PRMV0084797,N194000,2024/9/25 12:00,0,‚±‚±‚Éƒƒ‚‚ð‘}“ü‚Å‚«‚Ü‚·
PRMV0084798,N194000,2024/9/25 12:00,0,‚±‚±‚Éƒƒ‚‚ð‘}“ü‚Å‚«‚Ü‚·
PRMV0084799,N194000,2024/9/25 12:00,0,‚±‚±‚Éƒƒ‚‚ð‘}“ü‚Å‚«‚Ü‚·
PRMV0084800,N194000,2024/9/25 12:00,0,‚±‚±‚Éƒƒ‚‚ð‘}“ü‚Å‚«‚Ü‚·
PRMV0084801,N194000,2024/9/25 12:00,0,‚±‚±‚Éƒƒ‚‚ð‘}“ü‚Å‚«‚Ü‚·
PRMV0084802,N194000,2024/9/25 12:00,0,‚±‚±‚Éƒƒ‚‚ð‘}“ü‚Å‚«‚Ü‚·
PRMV0084803,N194000,2024/9/25 12:00,0,‚±‚±‚Éƒƒ‚‚ð‘}“ü‚Å‚«‚Ü‚·
PRMV0084804,N194000,2024/9/25 12:00,0,‚±‚±‚Éƒƒ‚‚ð‘}“ü‚Å‚«‚Ü‚·
PRMV0084805,N194000,2024/9/25 12:00,0,‚±‚±‚Éƒƒ‚‚ð‘}“ü‚Å‚«‚Ü‚·
PRMV0084806,N194000,2024/9/25 12:00,0,‚±‚±‚Éƒƒ‚‚ð‘}“ü‚Å‚«‚Ü‚·
PRMV0084807,N194000,2024/9/25 12:00,0,‚±‚±‚Éƒƒ‚‚ð‘}“ü‚Å‚«‚Ü‚·
PRMV0084808,N194000,2024/9/25 12:00,0,‚±‚±‚Éƒƒ‚‚ð‘}“ü‚Å‚«‚Ü‚·
PRMV0084809,N194000,2024/9/25 12:00,0,‚±‚±‚Éƒƒ‚‚ð‘}“ü‚Å‚«‚Ü‚·
PRMV0084810,N194000,2024/9/25 12:00,0,‚±‚±‚Éƒƒ‚‚ð‘}“ü‚Å‚«‚Ü‚·
PRMV0084811,N194000,2024/9/25 12:00,0,‚±‚±‚Éƒƒ‚‚ð‘}“ü‚Å‚«‚Ü‚·
PRMV0084812,N194000,2024/9/25 12:00,0,‚±‚±‚Éƒƒ‚‚ð‘}“ü‚Å‚«‚Ü‚·
PRMV0084813,N194000,2024/9/25 12:00,0,‚±‚±‚Éƒƒ‚‚ð‘}“ü‚Å‚«‚Ü‚·
PRMV0084814,N194000,2024/9/25 12:00,0,‚±‚±‚Éƒƒ‚‚ð‘}“ü‚Å‚«‚Ü‚·
PRMV0084815,N194000,2024/9/25 12:00,0,‚±‚±‚Éƒƒ‚‚ð‘}“ü‚Å‚«‚Ü‚·
PRMV0084816,N194000,2024/9/25 12:00,0,‚±‚±‚Éƒƒ‚‚ð‘}“ü‚Å‚«‚Ü‚·
PRMV0084817,N194000,2024/9/25 12:00,0,‚±‚±‚Éƒƒ‚‚ð‘}“ü‚Å‚«‚Ü‚·
PRMV0084818,N194000,2024/9/25 12:00,0,‚±‚±‚Éƒƒ‚‚ð‘}“ü‚Å‚«‚Ü‚·
PRMV0084819,N194000,2024/9/25 12:00,0,‚±‚±‚Éƒƒ‚‚ð‘}“ü‚Å‚«‚Ü‚·
PRMV0084820,N194000,2024/9/25 12:00,0,‚±‚±‚Éƒƒ‚‚ð‘}“ü‚Å‚«‚Ü‚·
PRMV0084821,N194000,2024/9/25 12:00,0,‚±‚±‚Éƒƒ‚‚ð‘}“ü‚Å‚«‚Ü‚·
PRMV0084822,N194000,2024/9/25 12:00,0,‚±‚±‚Éƒƒ‚‚ð‘}“ü‚Å‚«‚Ü‚·
PRMV0084823,N194000,2024/9/25 12:00,0,‚±‚±‚Éƒƒ‚‚ð‘}“ü‚Å‚«‚Ü‚·
PRMV0084824,N194000,2024/9/25 12:00,0,‚±‚±‚Éƒƒ‚‚ð‘}“ü‚Å‚«‚Ü‚·
PRMV0084825,N194000,2024/9/25 12:00,0,‚±‚±‚Éƒƒ‚‚ð‘}“ü‚Å‚«‚Ü‚·
PRMV0084826,N194000,2024/9/25 12:00,0,‚±‚±‚Éƒƒ‚‚ð‘}“ü‚Å‚«‚Ü‚·
PRMV0084827,N194000,2024/9/25 12:00,0,‚±‚±‚Éƒƒ‚‚ð‘}“ü‚Å‚«‚Ü‚·
PRMV0084828,N194000,2024/9/25 12:00,0,‚±‚±‚Éƒƒ‚‚ð‘}“ü‚Å‚«‚Ü‚·
PRMV0084829,N194000,2024/9/25 12:00,0,‚±‚±‚Éƒƒ‚‚ð‘}“ü‚Å‚«‚Ü‚·
PRMV0084830,N194000,2024/9/25 12:00,0,‚±‚±‚Éƒƒ‚‚ð‘}“ü‚Å‚«‚Ü‚·
PRMV0084831,N194000,2024/9/25 12:00,0,‚±‚±‚Éƒƒ‚‚ð‘}“ü‚Å‚«‚Ü‚·
PRMV0084832,N194000,2024/9/25 12:00,0,‚±‚±‚Éƒƒ‚‚ð‘}“ü‚Å‚«‚Ü‚·
PRMV0084833,N194000,2024/9/25 12:00,0,‚±‚±‚Éƒƒ‚‚ð‘}“ü‚Å‚«‚Ü‚·
PRMV0084834,N194000,2024/9/25 12:00,0,‚±‚±‚Éƒƒ‚‚ð‘}“ü‚Å‚«‚Ü‚·
PRMV0084835,N194000,2024/9/25 12:00,0,‚±‚±‚Éƒƒ‚‚ð‘}“ü‚Å‚«‚Ü‚·
PRMV0084836,N194000,2024/9/25 12:00,0,‚±‚±‚Éƒƒ‚‚ð‘}“ü‚Å‚«‚Ü‚·
PRMV0084837,N194000,2024/9/25 12:00,0,‚±‚±‚Éƒƒ‚‚ð‘}“ü‚Å‚«‚Ü‚·
PRMV0084838,N194000,2024/9/25 12:00,0,‚±‚±‚Éƒƒ‚‚ð‘}“ü‚Å‚«‚Ü‚·
PRMV0084839,N194000,2024/9/25 12:00,0,‚±‚±‚Éƒƒ‚‚ð‘}“ü‚Å‚«‚Ü‚·
PRMV0084840,N194000,2024/9/25 12:00,0,‚±‚±‚Éƒƒ‚‚ð‘}“ü‚Å‚«‚Ü‚·
PRMV0084841,N194000,2024/9/25 12:00,0,‚±‚±‚Éƒƒ‚‚ð‘}“ü‚Å‚«‚Ü‚·
PRMV0084842,N194000,2024/9/25 12:00,0,‚±‚±‚Éƒƒ‚‚ð‘}“ü‚Å‚«‚Ü‚·
PRMV0084843,N194000,2024/9/25 12:00,0,‚±‚±‚Éƒƒ‚‚ð‘}“ü‚Å‚«‚Ü‚·
PRMV0084844,N194000,2024/9/25 12:00,0,‚±‚±‚Éƒƒ‚‚ð‘}“ü‚Å‚«‚Ü‚·
PRMV0084845,N194000,2024/9/25 12:00,0,‚±‚±‚Éƒƒ‚‚ð‘}“ü‚Å‚«‚Ü‚·
PRMV0084846,N194000,2024/9/25 12:00,0,‚±‚±‚Éƒƒ‚‚ð‘}“ü‚Å‚«‚Ü‚·
PRMV0084847,N194000,2024/9/25 12:00,0,‚±‚±‚Éƒƒ‚‚ð‘}“ü‚Å‚«‚Ü‚·
PRMV0084848,N194000,2024/9/25 12:00,0,‚±‚±‚Éƒƒ‚‚ð‘}“ü‚Å‚«‚Ü‚·
PRMV0084849,N194000,2024/9/25 12:00,0,‚±‚±‚Éƒƒ‚‚ð‘}“ü‚Å‚«‚Ü‚·
PRMV0084850,N194000,2024/9/25 12:00,0,‚±‚±‚Éƒƒ‚‚ð‘}“ü‚Å‚«‚Ü‚·
PRMV0084851,N194000,2024/9/25 12:00,0,‚±‚±‚Éƒƒ‚‚ð‘}“ü‚Å‚«‚Ü‚·
PRMV0084852,N194000,2024/9/25 12:00,0,‚±‚±‚Éƒƒ‚‚ð‘}“ü‚Å‚«‚Ü‚·
PRMV0084853,N194000,2024/9/25 12:00,0,‚±‚±‚Éƒƒ‚‚ð‘}“ü‚Å‚«‚Ü‚·
PRMV0084854,N194000,2024/9/25 12:00,0,‚±‚±‚Éƒƒ‚‚ð‘}“ü‚Å‚«‚Ü‚·
PRMV0084855,N194000,2024/9/25 12:00,0,‚±‚±‚Éƒƒ‚‚ð‘}“ü‚Å‚«‚Ü‚·
PRMV0084856,N194000,2024/9/25 12:00,0,‚±‚±‚Éƒƒ‚‚ð‘}“ü‚Å‚«‚Ü‚·
PRMV0084857,N194000,2024/9/25 12:00,0,‚±‚±‚Éƒƒ‚‚ð‘}“ü‚Å‚«‚Ü‚·
PRMV0084858,N194000,2024/9/25 12:00,0,‚±‚±‚Éƒƒ‚‚ð‘}“ü‚Å‚«‚Ü‚·
PRMV0084859,N194000,2024/9/25 12:00,0,‚±‚±‚Éƒƒ‚‚ð‘}“ü‚Å‚«‚Ü‚·
PRMV0084860,N194000,2024/9/25 12:00,0,‚±‚±‚Éƒƒ‚‚ð‘}“ü‚Å‚«‚Ü‚·
PRMV0084861,N194000,2024/9/25 12:00,0,‚±‚±‚Éƒƒ‚‚ð‘}“ü‚Å‚«‚Ü‚·
PRMV0084862,N194000,2024/9/25 12:00,0,‚±‚±‚Éƒƒ‚‚ð‘}“ü‚Å‚«‚Ü‚·
PRMV0084863,N194000,2024/9/25 12:00,0,‚±‚±‚Éƒƒ‚‚ð‘}“ü‚Å‚«‚Ü‚·
PRMV0084864,N194000,2024/9/25 12:00,0,‚±‚±‚Éƒƒ‚‚ð‘}“ü‚Å‚«‚Ü‚·
PRMV0084865,N194000,2024/9/25 12:00,0,‚±‚±‚Éƒƒ‚‚ð‘}“ü‚Å‚«‚Ü‚·
PRMV0084866,N194000,2024/9/25 12:00,0,‚±‚±‚Éƒƒ‚‚ð‘}“ü‚Å‚«‚Ü‚·
PRMV0084867,N194000,2024/9/25 12:00,0,‚±‚±‚Éƒƒ‚‚ð‘}“ü‚Å‚«‚Ü‚·
PRMV0084868,N194000,2024/9/25 12:00,0,‚±‚±‚Éƒƒ‚‚ð‘}“ü‚Å‚«‚Ü‚·
PRMV0084869,N194000,2024/9/25 12:00,0,‚±‚±‚Éƒƒ‚‚ð‘}“ü‚Å‚«‚Ü‚·
PRMV0084870,N194000,2024/9/25 12:00,0,‚±‚±‚Éƒƒ‚‚ð‘}“ü‚Å‚«‚Ü‚·
PRMV0084871,N194000,2024/9/25 12:00,0,‚±‚±‚Éƒƒ‚‚ð‘}“ü‚Å‚«‚Ü‚·
PRMV0084872,N194000,2024/9/25 12:00,0,‚±‚±‚Éƒƒ‚‚ð‘}“ü‚Å‚«‚Ü‚·
PRMV0084873,N194000,2024/9/25 12:00,0,‚±‚±‚Éƒƒ‚‚ð‘}“ü‚Å‚«‚Ü‚·
PRMV0084874,N194000,2024/9/25 12:00,0,‚±‚±‚Éƒƒ‚‚ð‘}“ü‚Å‚«‚Ü‚·
PRMV0084875,N194000,2024/9/25 12:00,0,‚±‚±‚Éƒƒ‚‚ð‘}“ü‚Å‚«‚Ü‚·
PRMV0084876,N194000,2024/9/25 12:00,0,‚±‚±‚Éƒƒ‚‚ð‘}“ü‚Å‚«‚Ü‚·
PRMV0084877,N194000,2024/9/25 12:00,0,‚±‚±‚Éƒƒ‚‚ð‘}“ü‚Å‚«‚Ü‚·
PRMV0084878,N194000,2024/9/25 12:00,0,‚±‚±‚Éƒƒ‚‚ð‘}“ü‚Å‚«‚Ü‚·
PRMV0084879,N194000,2024/9/25 12:00,0,‚±‚±‚Éƒƒ‚‚ð‘}“ü‚Å‚«‚Ü‚·
PRMV0084880,N194000,2024/9/25 12:00,0,‚±‚±‚Éƒƒ‚‚ð‘}“ü‚Å‚«‚Ü‚·
PRMV0084881,N194000,2024/9/25 12:00,0,‚±‚±‚Éƒƒ‚‚ð‘}“ü‚Å‚«‚Ü‚·
PRMV0084882,N194000,2024/9/25 12:00,0,‚±‚±‚Éƒƒ‚‚ð‘}“ü‚Å‚«‚Ü‚·
PRMV0084883,N194000,2024/9/25 12:00,0,‚±‚±‚Éƒƒ‚‚ð‘}“ü‚Å‚«‚Ü‚·
PRMV0084884,N194000,2024/9/25 12:00,0,‚±‚±‚Éƒƒ‚‚ð‘}“ü‚Å‚«‚Ü‚·
PRMV0084885,N194000,2024/9/25 12:00,0,‚±‚±‚Éƒƒ‚‚ð‘}“ü‚Å‚«‚Ü‚·
PRMV0084886,N194000,2024/9/25 12:00,0,‚±‚±‚Éƒƒ‚‚ð‘}“ü‚Å‚«‚Ü‚·
PRMV0084887,N194000,2024/9/25 12:00,0,‚±‚±‚Éƒƒ‚‚ð‘}“ü‚Å‚«‚Ü‚·
PRMV0084888,N194000,2024/9/25 12:00,0,‚±‚±‚Éƒƒ‚‚ð‘}“ü‚Å‚«‚Ü‚·
PRMV0084889,N194000,2024/9/25 12:00,0,‚±‚±‚Éƒƒ‚‚ð‘}“ü‚Å‚«‚Ü‚·
PRMV0084890,N194000,2024/9/25 12:00,0,‚±‚±‚Éƒƒ‚‚ð‘}“ü‚Å‚«‚Ü‚·
PRMV0084891,N194000,2024/9/25 12:00,0,‚±‚±‚Éƒƒ‚‚ð‘}“ü‚Å‚«‚Ü‚·
PRMV0084892,N194000,2024/9/25 12:00,0,‚±‚±‚Éƒƒ‚‚ð‘}“ü‚Å‚«‚Ü‚·
PRMV0084893,N194000,2024/9/25 12:00,0,‚±‚±‚Éƒƒ‚‚ð‘}“ü‚Å‚«‚Ü‚·
PRMV0084894,N194000,2024/9/25 12:00,0,‚±‚±‚Éƒƒ‚‚ð‘}“ü‚Å‚«‚Ü‚·
PRMV0084895,N194000,2024/9/25 12:00,0,‚±‚±‚Éƒƒ‚‚ð‘}“ü‚Å‚«‚Ü‚·
PRMV0084896,N194000,2024/9/25 12:00,0,‚±‚±‚Éƒƒ‚‚ð‘}“ü‚Å‚«‚Ü‚·
PRMV0084897,N194000,2024/9/25 12:00,0,‚±‚±‚Éƒƒ‚‚ð‘}“ü‚Å‚«‚Ü‚·
PRMV0084898,N194000,2024/9/25 12:00,0,‚±‚±‚Éƒƒ‚‚ð‘}“ü‚Å‚«‚Ü‚·
PRMV0084899,N194000,2024/9/25 12:00,0,‚±‚±‚Éƒƒ‚‚ð‘}“ü‚Å‚«‚Ü‚·
PRMV0084900,N194000,2024/9/25 12:00,0,‚±‚±‚Éƒƒ‚‚ð‘}“ü‚Å‚«‚Ü‚·
PRMV0084901,N194000,2024/9/25 12:00,0,‚±‚±‚Éƒƒ‚‚ð‘}“ü‚Å‚«‚Ü‚·
PRMV0084902,N194000,2024/9/25 12:00,0,‚±‚±‚Éƒƒ‚‚ð‘}“ü‚Å‚«‚Ü‚·
PRMV0084903,N194000,2024/9/25 12:00,0,‚±‚±‚Éƒƒ‚‚ð‘}“ü‚Å‚«‚Ü‚·
PRMV0084904,N194000,2024/9/25 12:00,0,‚±‚±‚Éƒƒ‚‚ð‘}“ü‚Å‚«‚Ü‚·
PRMV0084905,N194000,2024/9/25 12:00,0,‚±‚±‚Éƒƒ‚‚ð‘}“ü‚Å‚«‚Ü‚·
PRMV0084906,N194000,2024/9/25 12:00,0,‚±‚±‚Éƒƒ‚‚ð‘}“ü‚Å‚«‚Ü‚·
PRMV0084907,N194000,2024/9/25 12:00,0,‚±‚±‚Éƒƒ‚‚ð‘}“ü‚Å‚«‚Ü‚·
PRMV0084908,N194000,2024/9/25 12:00,0,‚±‚±‚Éƒƒ‚‚ð‘}“ü‚Å‚«‚Ü‚·
PRMV0084909,N194000,2024/9/25 12:00,0,‚±‚±‚Éƒƒ‚‚ð‘}“ü‚Å‚«‚Ü‚·
PRMV0084910,N194000,2024/9/25 12:00,0,‚±‚±‚Éƒƒ‚‚ð‘}“ü‚Å‚«‚Ü‚·
PRMV0084911,N194000,2024/9/25 12:00,0,‚±‚±‚Éƒƒ‚‚ð‘}“ü‚Å‚«‚Ü‚·
PRMV0084912,N194000,2024/9/25 12:00,0,‚±‚±‚Éƒƒ‚‚ð‘}“ü‚Å‚«‚Ü‚·
PRMV0084913,N194000,2024/9/25 12:00,0,‚±‚±‚Éƒƒ‚‚ð‘}“ü‚Å‚«‚Ü‚·
PRMV0084914,N194000,2024/9/25 12:00,0,‚±‚±‚Éƒƒ‚‚ð‘}“ü‚Å‚«‚Ü‚·
PRMV0084915,N194000,2024/9/25 12:00,0,‚±‚±‚Éƒƒ‚‚ð‘}“ü‚Å‚«‚Ü‚·
PRMV0084916,N194000,2024/9/25 12:00,0,‚±‚±‚Éƒƒ‚‚ð‘}“ü‚Å‚«‚Ü‚·
PRMV0084917,N194000,2024/9/25 12:00,0,‚±‚±‚Éƒƒ‚‚ð‘}“ü‚Å‚«‚Ü‚·
PRMV0084918,N194000,2024/9/25 12:00,0,‚±‚±‚Éƒƒ‚‚ð‘}“ü‚Å‚«‚Ü‚·
PRMV0084919,N194000,2024/9/25 12:00,0,‚±‚±‚Éƒƒ‚‚ð‘}“ü‚Å‚«‚Ü‚·
PRMV0084920,N194000,2024/9/25 12:00,0,‚±‚±‚Éƒƒ‚‚ð‘}“ü‚Å‚«‚Ü‚·
PRMV0084921,N194000,2024/9/25 12:00,0,‚±‚±‚Éƒƒ‚‚ð‘}“ü‚Å‚«‚Ü‚·
PRMV0084922,N194000,2024/9/25 12:00,0,‚±‚±‚Éƒƒ‚‚ð‘}“ü‚Å‚«‚Ü‚·
PRMV0084923,N194000,2024/9/25 12:00,0,‚±‚±‚Éƒƒ‚‚ð‘}“ü‚Å‚«‚Ü‚·
PRMV0084924,N194000,2024/9/25 12:00,0,‚±‚±‚Éƒƒ‚‚ð‘}“ü‚Å‚«‚Ü‚·
PRMV0084925,N194000,2024/9/25 12:00,0,‚±‚±‚Éƒƒ‚‚ð‘}“ü‚Å‚«‚Ü‚·
PRMV0084926,N194000,2024/9/25 12:00,0,‚±‚±‚Éƒƒ‚‚ð‘}“ü‚Å‚«‚Ü‚·
PRMV0084927,N194000,2024/9/25 12:00,0,‚±‚±‚Éƒƒ‚‚ð‘}“ü‚Å‚«‚Ü‚·
PRMV0084928,N194000,2024/9/25 12:00,0,‚±‚±‚Éƒƒ‚‚ð‘}“ü‚Å‚«‚Ü‚·
PRMV0084929,N194000,2024/9/25 12:00,0,‚±‚±‚Éƒƒ‚‚ð‘}“ü‚Å‚«‚Ü‚·
PRMV0084930,N194000,2024/9/25 12:00,0,‚±‚±‚Éƒƒ‚‚ð‘}“ü‚Å‚«‚Ü‚·
PRMV0084931,N194000,2024/9/25 12:00,0,‚±‚±‚Éƒƒ‚‚ð‘}“ü‚Å‚«‚Ü‚·
PRMV0084932,N194000,2024/9/25 12:00,0,‚±‚±‚Éƒƒ‚‚ð‘}“ü‚Å‚«‚Ü‚·
PRMV0084933,N194000,2024/9/25 12:00,0,‚±‚±‚Éƒƒ‚‚ð‘}“ü‚Å‚«‚Ü‚·
PRMV0084934,N194000,2024/9/25 12:00,0,‚±‚±‚Éƒƒ‚‚ð‘}“ü‚Å‚«‚Ü‚·
PRMV0084935,N194000,2024/9/25 12:00,0,‚±‚±‚Éƒƒ‚‚ð‘}“ü‚Å‚«‚Ü‚·
PRMV0084936,N194000,2024/9/25 12:00,0,‚±‚±‚Éƒƒ‚‚ð‘}“ü‚Å‚«‚Ü‚·
PRMV0084937,N194000,2024/9/25 12:00,0,‚±‚±‚Éƒƒ‚‚ð‘}“ü‚Å‚«‚Ü‚·
PRMV0084938,N194000,2024/9/25 12:00,0,‚±‚±‚Éƒƒ‚‚ð‘}“ü‚Å‚«‚Ü‚·
PRMV0084939,N194000,2024/9/25 12:00,0,‚±‚±‚Éƒƒ‚‚ð‘}“ü‚Å‚«‚Ü‚·
PRMV0084940,N194000,2024/9/25 12:00,0,‚±‚±‚Éƒƒ‚‚ð‘}“ü‚Å‚«‚Ü‚·
PRMV0084941,N194000,2024/9/25 12:00,0,‚±‚±‚Éƒƒ‚‚ð‘}“ü‚Å‚«‚Ü‚·
PRMV0084942,N194000,2024/9/25 12:00,0,‚±‚±‚Éƒƒ‚‚ð‘}“ü‚Å‚«‚Ü‚·
PRMV0084943,N194000,2024/9/25 12:00,0,‚±‚±‚Éƒƒ‚‚ð‘}“ü‚Å‚«‚Ü‚·
PRMV0084944,N194000,2024/9/25 12:00,0,‚±‚±‚Éƒƒ‚‚ð‘}“ü‚Å‚«‚Ü‚·
PRMV0084945,N194000,2024/9/25 12:00,0,‚±‚±‚Éƒƒ‚‚ð‘}“ü‚Å‚«‚Ü‚·
PRMV0084946,N194000,2024/9/25 12:00,0,‚±‚±‚Éƒƒ‚‚ð‘}“ü‚Å‚«‚Ü‚·
PRMV0084947,N194000,2024/9/25 12:00,0,‚±‚±‚Éƒƒ‚‚ð‘}“ü‚Å‚«‚Ü‚·
PRMV0084948,N194000,2024/9/25 12:00,0,‚±‚±‚Éƒƒ‚‚ð‘}“ü‚Å‚«‚Ü‚·
PRMV0084949,N194000,2024/9/25 12:00,0,‚±‚±‚Éƒƒ‚‚ð‘}“ü‚Å‚«‚Ü‚·
PRMV0084950,N194000,2024/9/25 12:00,0,‚±‚±‚Éƒƒ‚‚ð‘}“ü‚Å‚«‚Ü‚·
PRMV0084951,N194000,2024/9/25 12:00,0,‚±‚±‚Éƒƒ‚‚ð‘}“ü‚Å‚«‚Ü‚·
PRMV0084952,N194000,2024/9/25 12:00,0,‚±‚±‚Éƒƒ‚‚ð‘}“ü‚Å‚«‚Ü‚·
PRMV0084953,N194000,2024/9/25 12:00,0,‚±‚±‚Éƒƒ‚‚ð‘}“ü‚Å‚«‚Ü‚·
PRMV0084954,N194000,2024/9/25 12:00,0,‚±‚±‚Éƒƒ‚‚ð‘}“ü‚Å‚«‚Ü‚·
PRMV0084955,N194000,2024/9/25 12:00,0,‚±‚±‚Éƒƒ‚‚ð‘}“ü‚Å‚«‚Ü‚·
PRMV0084956,N194000,2024/9/25 12:00,0,‚±‚±‚Éƒƒ‚‚ð‘}“ü‚Å‚«‚Ü‚·
PRMV0084957,N194000,2024/9/25 12:00,0,‚±‚±‚Éƒƒ‚‚ð‘}“ü‚Å‚«‚Ü‚·
PRMV0084958,N194000,2024/9/25 12:00,0,‚±‚±‚Éƒƒ‚‚ð‘}“ü‚Å‚«‚Ü‚·
PRMV0084959,N194000,2024/9/25 12:00,0,‚±‚±‚Éƒƒ‚‚ð‘}“ü‚Å‚«‚Ü‚·
PRMV0084960,N194000,2024/9/25 12:00,0,‚±‚±‚Éƒƒ‚‚ð‘}“ü‚Å‚«‚Ü‚·
PRMV0084961,N194000,2024/9/25 12:00,0,‚±‚±‚Éƒƒ‚‚ð‘}“ü‚Å‚«‚Ü‚·
PRMV0084962,N194000,2024/9/25 12:00,0,‚±‚±‚Éƒƒ‚‚ð‘}“ü‚Å‚«‚Ü‚·
PRMV0084963,N194000,2024/9/25 12:00,0,‚±‚±‚Éƒƒ‚‚ð‘}“ü‚Å‚«‚Ü‚·
PRMV0084964,N194000,2024/9/25 12:00,0,‚±‚±‚Éƒƒ‚‚ð‘}“ü‚Å‚«‚Ü‚·
PRMV0084965,N194000,2024/9/25 12:00,0,‚±‚±‚Éƒƒ‚‚ð‘}“ü‚Å‚«‚Ü‚·
PRMV0084966,N194000,2024/9/25 12:00,0,‚±‚±‚Éƒƒ‚‚ð‘}“ü‚Å‚«‚Ü‚·
PRMV0084967,N194000,2024/9/25 12:00,0,‚±‚±‚Éƒƒ‚‚ð‘}“ü‚Å‚«‚Ü‚·
PRMV0084968,N194000,2024/9/25 12:00,0,‚±‚±‚Éƒƒ‚‚ð‘}“ü‚Å‚«‚Ü‚·
PRMV0084969,N194000,2024/9/25 12:00,0,‚±‚±‚Éƒƒ‚‚ð‘}“ü‚Å‚«‚Ü‚·
PRMV0084970,N194000,2024/9/25 12:00,0,‚±‚±‚Éƒƒ‚‚ð‘}“ü‚Å‚«‚Ü‚·
PRMV0084971,N194000,2024/9/25 12:00,0,‚±‚±‚Éƒƒ‚‚ð‘}“ü‚Å‚«‚Ü‚·
PRMV0084972,N194000,2024/9/25 12:00,0,‚±‚±‚Éƒƒ‚‚ð‘}“ü‚Å‚«‚Ü‚·
PRMV0084973,N194000,2024/9/25 12:00,0,‚±‚±‚Éƒƒ‚‚ð‘}“ü‚Å‚«‚Ü‚·
PRMV0084974,N194000,2024/9/25 12:00,0,‚±‚±‚Éƒƒ‚‚ð‘}“ü‚Å‚«‚Ü‚·
PRMV0084975,N194000,2024/9/25 12:00,0,‚±‚±‚Éƒƒ‚‚ð‘}“ü‚Å‚«‚Ü‚·
PRMV0084976,N194000,2024/9/25 12:00,0,‚±‚±‚Éƒƒ‚‚ð‘}“ü‚Å‚«‚Ü‚·
PRMV0084977,N194000,2024/9/25 12:00,0,‚±‚±‚Éƒƒ‚‚ð‘}“ü‚Å‚«‚Ü‚·
PRMV0084978,N194000,2024/9/25 12:00,0,‚±‚±‚Éƒƒ‚‚ð‘}“ü‚Å‚«‚Ü‚·
PRMV0084979,N194000,2024/9/25 12:00,0,‚±‚±‚Éƒƒ‚‚ð‘}“ü‚Å‚«‚Ü‚·
PRMV0084980,N194000,2024/9/25 12:00,0,‚±‚±‚Éƒƒ‚‚ð‘}“ü‚Å‚«‚Ü‚·
PRMV0084981,N194000,2024/9/25 12:00,0,‚±‚±‚Éƒƒ‚‚ð‘}“ü‚Å‚«‚Ü‚·
PRMV0084982,N194000,2024/9/25 12:00,0,‚±‚±‚Éƒƒ‚‚ð‘}“ü‚Å‚«‚Ü‚·
PRMV0084983,N194000,2024/9/25 12:00,0,‚±‚±‚Éƒƒ‚‚ð‘}“ü‚Å‚«‚Ü‚·
PRMV0084984,N194000,2024/9/25 12:00,0,‚±‚±‚Éƒƒ‚‚ð‘}“ü‚Å‚«‚Ü‚·
PRMV0084985,N194000,2024/9/25 12:00,0,‚±‚±‚Éƒƒ‚‚ð‘}“ü‚Å‚«‚Ü‚·
PRMV0084986,N194000,2024/9/25 12:00,0,‚±‚±‚Éƒƒ‚‚ð‘}“ü‚Å‚«‚Ü‚·
PRMV0084987,N194000,2024/9/25 12:00,0,‚±‚±‚Éƒƒ‚‚ð‘}“ü‚Å‚«‚Ü‚·
PRMV0084988,N194000,2024/9/25 12:00,0,‚±‚±‚Éƒƒ‚‚ð‘}“ü‚Å‚«‚Ü‚·
PRMV0084989,N194000,2024/9/25 12:00,0,‚±‚±‚Éƒƒ‚‚ð‘}“ü‚Å‚«‚Ü‚·
PRMV0084990,N194000,2024/9/25 12:00,0,‚±‚±‚Éƒƒ‚‚ð‘}“ü‚Å‚«‚Ü‚·
PRMV0084991,N194000,2024/9/25 12:00,0,‚±‚±‚Éƒƒ‚‚ð‘}“ü‚Å‚«‚Ü‚·
PRMV0084992,N194000,2024/9/25 12:00,0,‚±‚±‚Éƒƒ‚‚ð‘}“ü‚Å‚«‚Ü‚·
PRMV0084993,N194000,2024/9/25 12:00,0,‚±‚±‚Éƒƒ‚‚ð‘}“ü‚Å‚«‚Ü‚·
PRMV0084994,N194000,2024/9/25 12:00,0,‚±‚±‚Éƒƒ‚‚ð‘}“ü‚Å‚«‚Ü‚·
PRMV0084995,N194000,2024/9/25 12:00,0,‚±‚±‚Éƒƒ‚‚ð‘}“ü‚Å‚«‚Ü‚·
PRMV0084996,N194000,2024/9/25 12:00,0,‚±‚±‚Éƒƒ‚‚ð‘}“ü‚Å‚«‚Ü‚·
PRMV0084997,N194000,2024/9/25 12:00,0,‚±‚±‚Éƒƒ‚‚ð‘}“ü‚Å‚«‚Ü‚·
PRMV0084998,N194000,2024/9/25 12:00,0,‚±‚±‚Éƒƒ‚‚ð‘}“ü‚Å‚«‚Ü‚·
PRMV0084999,N194000,2024/9/25 12:00,0,‚±‚±‚Éƒƒ‚‚ð‘}“ü‚Å‚«‚Ü‚·
PRMV0085000,N194000,2024/9/25 12:00,0,‚±‚±‚Éƒƒ‚‚ð‘}“ü‚Å‚«‚Ü‚·
PRMV0085001,N194000,2024/9/25 12:00,0,‚±‚±‚Éƒƒ‚‚ð‘}“ü‚Å‚«‚Ü‚·
PRMV0085002,N194000,2024/9/25 12:00,0,‚±‚±‚Éƒƒ‚‚ð‘}“ü‚Å‚«‚Ü‚·
PRMV0085003,N194000,2024/9/25 12:00,0,‚±‚±‚Éƒƒ‚‚ð‘}“ü‚Å‚«‚Ü‚·
PRMV0085004,N194000,2024/9/25 12:00,0,‚±‚±‚Éƒƒ‚‚ð‘}“ü‚Å‚«‚Ü‚·
PRMV0085005,N194000,2024/9/25 12:00,0,‚±‚±‚Éƒƒ‚‚ð‘}“ü‚Å‚«‚Ü‚·
PRMV0085006,N194000,2024/9/25 12:00,0,‚±‚±‚Éƒƒ‚‚ð‘}“ü‚Å‚«‚Ü‚·
PRMV0085007,N194000,2024/9/25 12:00,0,‚±‚±‚Éƒƒ‚‚ð‘}“ü‚Å‚«‚Ü‚·
PRMV0085008,N194000,2024/9/25 12:00,0,‚±‚±‚Éƒƒ‚‚ð‘}“ü‚Å‚«‚Ü‚·
PRMV0085009,N194000,2024/9/25 12:00,0,‚±‚±‚Éƒƒ‚‚ð‘}“ü‚Å‚«‚Ü‚·
PRMV0085010,N194000,2024/9/25 12:00,0,‚±‚±‚Éƒƒ‚‚ð‘}“ü‚Å‚«‚Ü‚·
PRMV0085011,N194000,2024/9/25 12:00,0,‚±‚±‚Éƒƒ‚‚ð‘}“ü‚Å‚«‚Ü‚·
PRMV0085012,N194000,2024/9/25 12:00,0,‚±‚±‚Éƒƒ‚‚ð‘}“ü‚Å‚«‚Ü‚·
PRMV0085013,N194000,2024/9/25 12:00,0,‚±‚±‚Éƒƒ‚‚ð‘}“ü‚Å‚«‚Ü‚·
PRMV0085014,N194000,2024/9/25 12:00,0,‚±‚±‚Éƒƒ‚‚ð‘}“ü‚Å‚«‚Ü‚·
PRMV0085015,N194000,2024/9/25 12:00,0,‚±‚±‚Éƒƒ‚‚ð‘}“ü‚Å‚«‚Ü‚·
PRMV0085016,N194000,2024/9/25 12:00,0,‚±‚±‚Éƒƒ‚‚ð‘}“ü‚Å‚«‚Ü‚·
PRMV0085017,N194000,2024/9/25 12:00,0,‚±‚±‚Éƒƒ‚‚ð‘}“ü‚Å‚«‚Ü‚·
PRMV0085018,N194000,2024/9/25 12:00,0,‚±‚±‚Éƒƒ‚‚ð‘}“ü‚Å‚«‚Ü‚·
PRMV0085019,N194000,2024/9/25 12:00,0,‚±‚±‚Éƒƒ‚‚ð‘}“ü‚Å‚«‚Ü‚·
PRMV0085020,N194000,2024/9/25 12:00,0,‚±‚±‚Éƒƒ‚‚ð‘}“ü‚Å‚«‚Ü‚·
PRMV0085021,N194000,2024/9/25 12:00,0,‚±‚±‚Éƒƒ‚‚ð‘}“ü‚Å‚«‚Ü‚·
PRMV0085022,N194000,2024/9/25 12:00,0,‚±‚±‚Éƒƒ‚‚ð‘}“ü‚Å‚«‚Ü‚·
PRMV0085023,N194000,2024/9/25 12:00,0,‚±‚±‚Éƒƒ‚‚ð‘}“ü‚Å‚«‚Ü‚·
PRMV0085024,N194000,2024/9/25 12:00,0,‚±‚±‚Éƒƒ‚‚ð‘}“ü‚Å‚«‚Ü‚·
PRMV0085025,N194000,2024/9/25 12:00,0,‚±‚±‚Éƒƒ‚‚ð‘}“ü‚Å‚«‚Ü‚·
PRMV0085026,N194000,2024/9/25 12:00,0,‚±‚±‚Éƒƒ‚‚ð‘}“ü‚Å‚«‚Ü‚·
PRMV0085027,N194000,2024/9/25 12:00,0,‚±‚±‚Éƒƒ‚‚ð‘}“ü‚Å‚«‚Ü‚·
PRMV0085028,N194000,2024/9/25 12:00,0,‚±‚±‚Éƒƒ‚‚ð‘}“ü‚Å‚«‚Ü‚·
PRMV0085029,N194000,2024/9/25 12:00,0,‚±‚±‚Éƒƒ‚‚ð‘}“ü‚Å‚«‚Ü‚·
PRMV0085030,N194000,2024/9/25 12:00,0,‚±‚±‚Éƒƒ‚‚ð‘}“ü‚Å‚«‚Ü‚·
PRMV0085031,N194000,2024/9/25 12:00,0,‚±‚±‚Éƒƒ‚‚ð‘}“ü‚Å‚«‚Ü‚·
PRMV0085032,N194000,2024/9/25 12:00,0,‚±‚±‚Éƒƒ‚‚ð‘}“ü‚Å‚«‚Ü‚·
PRMV0085033,N194000,2024/9/25 12:00,0,‚±‚±‚Éƒƒ‚‚ð‘}“ü‚Å‚«‚Ü‚·
PRMV0085034,N194000,2024/9/25 12:00,0,‚±‚±‚Éƒƒ‚‚ð‘}“ü‚Å‚«‚Ü‚·
PRMV0085035,N194000,2024/9/25 12:00,0,‚±‚±‚Éƒƒ‚‚ð‘}“ü‚Å‚«‚Ü‚·
PRMV0085036,N194000,2024/9/25 12:00,0,‚±‚±‚Éƒƒ‚‚ð‘}“ü‚Å‚«‚Ü‚·
PRMV0085037,N194000,2024/9/25 12:00,0,‚±‚±‚Éƒƒ‚‚ð‘}“ü‚Å‚«‚Ü‚·
PRMV0085038,N194000,2024/9/25 12:00,0,‚±‚±‚Éƒƒ‚‚ð‘}“ü‚Å‚«‚Ü‚·
PRMV0085039,N194000,2024/9/25 12:00,0,‚±‚±‚Éƒƒ‚‚ð‘}“ü‚Å‚«‚Ü‚·
PRMV0085040,N194000,2024/9/25 12:00,0,‚±‚±‚Éƒƒ‚‚ð‘}“ü‚Å‚«‚Ü‚·
PRMV0085041,N194000,2024/9/25 12:00,0,‚±‚±‚Éƒƒ‚‚ð‘}“ü‚Å‚«‚Ü‚·
PRMV0085042,N194000,2024/9/25 12:00,0,‚±‚±‚Éƒƒ‚‚ð‘}“ü‚Å‚«‚Ü‚·
PRMV0085043,N194000,2024/9/25 12:00,0,‚±‚±‚Éƒƒ‚‚ð‘}“ü‚Å‚«‚Ü‚·
PRMV0085044,N194000,2024/9/25 12:00,0,‚±‚±‚Éƒƒ‚‚ð‘}“ü‚Å‚«‚Ü‚·
PRMV0085045,N194000,2024/9/25 12:00,0,‚±‚±‚Éƒƒ‚‚ð‘}“ü‚Å‚«‚Ü‚·
PRMV0085046,N194000,2024/9/25 12:00,0,‚±‚±‚Éƒƒ‚‚ð‘}“ü‚Å‚«‚Ü‚·
PRMV0085047,N194000,2024/9/25 12:00,0,‚±‚±‚Éƒƒ‚‚ð‘}“ü‚Å‚«‚Ü‚·
PRMV0085048,N194000,2024/9/25 12:00,0,‚±‚±‚Éƒƒ‚‚ð‘}“ü‚Å‚«‚Ü‚·
PRMV0085049,N194000,2024/9/25 12:00,0,‚±‚±‚Éƒƒ‚‚ð‘}“ü‚Å‚«‚Ü‚·
PRMV0085050,N194000,2024/9/25 12:00,0,‚±‚±‚Éƒƒ‚‚ð‘}“ü‚Å‚«‚Ü‚·
PRMV0085051,N194000,2024/9/25 12:00,0,‚±‚±‚Éƒƒ‚‚ð‘}“ü‚Å‚«‚Ü‚·
PRMV0085052,N194000,2024/9/25 12:00,0,‚±‚±‚Éƒƒ‚‚ð‘}“ü‚Å‚«‚Ü‚·
PRMV0085053,N194000,2024/9/25 12:00,0,‚±‚±‚Éƒƒ‚‚ð‘}“ü‚Å‚«‚Ü‚·
PRMV0085054,N194000,2024/9/25 12:00,0,‚±‚±‚Éƒƒ‚‚ð‘}“ü‚Å‚«‚Ü‚·
PRMV0085055,N194000,2024/9/25 12:00,0,‚±‚±‚Éƒƒ‚‚ð‘}“ü‚Å‚«‚Ü‚·
PRMV0085056,N194000,2024/9/25 12:00,0,‚±‚±‚Éƒƒ‚‚ð‘}“ü‚Å‚«‚Ü‚·
PRMV0085057,N194000,2024/9/25 12:00,0,‚±‚±‚Éƒƒ‚‚ð‘}“ü‚Å‚«‚Ü‚·
PRMV0085058,N194000,2024/9/25 12:00,0,‚±‚±‚Éƒƒ‚‚ð‘}“ü‚Å‚«‚Ü‚·
PRMV0085059,N194000,2024/9/25 12:00,0,‚±‚±‚Éƒƒ‚‚ð‘}“ü‚Å‚«‚Ü‚·
PRMV0085060,N194000,2024/9/25 12:00,0,‚±‚±‚Éƒƒ‚‚ð‘}“ü‚Å‚«‚Ü‚·
PRMV0085061,N194000,2024/9/25 12:00,0,‚±‚±‚Éƒƒ‚‚ð‘}“ü‚Å‚«‚Ü‚·
PRMV0085062,N194000,2024/9/25 12:00,0,‚±‚±‚Éƒƒ‚‚ð‘}“ü‚Å‚«‚Ü‚·
PRMV0085063,N194000,2024/9/25 12:00,0,‚±‚±‚Éƒƒ‚‚ð‘}“ü‚Å‚«‚Ü‚·
PRMV0085064,N194000,2024/9/25 12:00,0,‚±‚±‚Éƒƒ‚‚ð‘}“ü‚Å‚«‚Ü‚·
PRMV0085065,N194000,2024/9/25 12:00,0,‚±‚±‚Éƒƒ‚‚ð‘}“ü‚Å‚«‚Ü‚·
PRMV0085066,N194000,2024/9/25 12:00,0,‚±‚±‚Éƒƒ‚‚ð‘}“ü‚Å‚«‚Ü‚·
PRMV0085067,N194000,2024/9/25 12:00,0,‚±‚±‚Éƒƒ‚‚ð‘}“ü‚Å‚«‚Ü‚·
PRMV0085068,N194000,2024/9/25 12:00,0,‚±‚±‚Éƒƒ‚‚ð‘}“ü‚Å‚«‚Ü‚·
PRMV0085069,N194000,2024/9/25 12:00,0,‚±‚±‚Éƒƒ‚‚ð‘}“ü‚Å‚«‚Ü‚·
PRMV0085070,N194000,2024/9/25 12:00,0,‚±‚±‚Éƒƒ‚‚ð‘}“ü‚Å‚«‚Ü‚·
PRMV0085071,N194000,2024/9/25 12:00,0,‚±‚±‚Éƒƒ‚‚ð‘}“ü‚Å‚«‚Ü‚·
PRMV0085072,N194000,2024/9/25 12:00,0,‚±‚±‚Éƒƒ‚‚ð‘}“ü‚Å‚«‚Ü‚·
PRMV0085073,N194000,2024/9/25 12:00,0,‚±‚±‚Éƒƒ‚‚ð‘}“ü‚Å‚«‚Ü‚·
PRMV0085074,N194000,2024/9/25 12:00,0,‚±‚±‚Éƒƒ‚‚ð‘}“ü‚Å‚«‚Ü‚·
PRMV0085075,N194000,2024/9/25 12:00,0,‚±‚±‚Éƒƒ‚‚ð‘}“ü‚Å‚«‚Ü‚·
PRMV0085076,N194000,2024/9/25 12:00,0,‚±‚±‚Éƒƒ‚‚ð‘}“ü‚Å‚«‚Ü‚·
PRMV0085077,N194000,2024/9/25 12:00,0,‚±‚±‚Éƒƒ‚‚ð‘}“ü‚Å‚«‚Ü‚·
PRMV0085078,N194000,2024/9/25 12:00,0,‚±‚±‚Éƒƒ‚‚ð‘}“ü‚Å‚«‚Ü‚·
PRMV0085079,N194000,2024/9/25 12:00,0,‚±‚±‚Éƒƒ‚‚ð‘}“ü‚Å‚«‚Ü‚·
PRMV0085080,N194000,2024/9/25 12:00,0,‚±‚±‚Éƒƒ‚‚ð‘}“ü‚Å‚«‚Ü‚·
PRMV0085081,N194000,2024/9/25 12:00,0,‚±‚±‚Éƒƒ‚‚ð‘}“ü‚Å‚«‚Ü‚·
PRMV0085082,N194000,2024/9/25 12:00,0,‚±‚±‚Éƒƒ‚‚ð‘}“ü‚Å‚«‚Ü‚·
PRMV0085083,N194000,2024/9/25 12:00,0,‚±‚±‚Éƒƒ‚‚ð‘}“ü‚Å‚«‚Ü‚·
PRMV0085084,N194000,2024/9/25 12:00,0,‚±‚±‚Éƒƒ‚‚ð‘}“ü‚Å‚«‚Ü‚·
PRMV0085085,N194000,2024/9/25 12:00,0,‚±‚±‚Éƒƒ‚‚ð‘}“ü‚Å‚«‚Ü‚·
PRMV0085086,N194000,2024/9/25 12:00,0,‚±‚±‚Éƒƒ‚‚ð‘}“ü‚Å‚«‚Ü‚·
PRMV0085087,N194000,2024/9/25 12:00,0,‚±‚±‚Éƒƒ‚‚ð‘}“ü‚Å‚«‚Ü‚·
PRMV0085088,N194000,2024/9/25 12:00,0,‚±‚±‚Éƒƒ‚‚ð‘}“ü‚Å‚«‚Ü‚·
PRMV0085089,N194000,2024/9/25 12:00,0,‚±‚±‚Éƒƒ‚‚ð‘}“ü‚Å‚«‚Ü‚·
PRMV0085090,N194000,2024/9/25 12:00,0,‚±‚±‚Éƒƒ‚‚ð‘}“ü‚Å‚«‚Ü‚·
PRMV0085091,N194000,2024/9/25 12:00,0,‚±‚±‚Éƒƒ‚‚ð‘}“ü‚Å‚«‚Ü‚·
PRMV0085092,N194000,2024/9/25 12:00,0,‚±‚±‚Éƒƒ‚‚ð‘}“ü‚Å‚«‚Ü‚·
PRMV0085093,N194000,2024/9/25 12:00,0,‚±‚±‚Éƒƒ‚‚ð‘}“ü‚Å‚«‚Ü‚·
PRMV0085094,N194000,2024/9/25 12:00,0,‚±‚±‚Éƒƒ‚‚ð‘}“ü‚Å‚«‚Ü‚·
PRMV0085095,N194000,2024/9/25 12:00,0,‚±‚±‚Éƒƒ‚‚ð‘}“ü‚Å‚«‚Ü‚·
PRMV0085096,N194000,2024/9/25 12:00,0,‚±‚±‚Éƒƒ‚‚ð‘}“ü‚Å‚«‚Ü‚·
PRMV0085097,N194000,2024/9/25 12:00,0,‚±‚±‚Éƒƒ‚‚ð‘}“ü‚Å‚«‚Ü‚·
PRMV0085098,N194000,2024/9/25 12:00,0,‚±‚±‚Éƒƒ‚‚ð‘}“ü‚Å‚«‚Ü‚·
PRMV0085099,N194000,2024/9/25 12:00,0,‚±‚±‚Éƒƒ‚‚ð‘}“ü‚Å‚«‚Ü‚·
PRMV0085100,N194000,2024/9/25 12:00,0,‚±‚±‚Éƒƒ‚‚ð‘}“ü‚Å‚«‚Ü‚·
PRMV0085101,N194000,2024/9/25 12:00,0,‚±‚±‚Éƒƒ‚‚ð‘}“ü‚Å‚«‚Ü‚·
PRMV0085102,N194000,2024/9/25 12:00,0,‚±‚±‚Éƒƒ‚‚ð‘}“ü‚Å‚«‚Ü‚·
PRMV0085103,N194000,2024/9/25 12:00,0,‚±‚±‚Éƒƒ‚‚ð‘}“ü‚Å‚«‚Ü‚·
PRMV0085104,N194000,2024/9/25 12:00,0,‚±‚±‚Éƒƒ‚‚ð‘}“ü‚Å‚«‚Ü‚·
PRMV0085105,N194000,2024/9/25 12:00,0,‚±‚±‚Éƒƒ‚‚ð‘}“ü‚Å‚«‚Ü‚·
PRMV0085106,N194000,2024/9/25 12:00,0,‚±‚±‚Éƒƒ‚‚ð‘}“ü‚Å‚«‚Ü‚·
PRMV0085107,N194000,2024/9/25 12:00,0,‚±‚±‚Éƒƒ‚‚ð‘}“ü‚Å‚«‚Ü‚·
PRMV0085108,N194000,2024/9/25 12:00,0,‚±‚±‚Éƒƒ‚‚ð‘}“ü‚Å‚«‚Ü‚·
PRMV0085109,N194000,2024/9/25 12:00,0,‚±‚±‚Éƒƒ‚‚ð‘}“ü‚Å‚«‚Ü‚·
PRMV0085110,N194000,2024/9/25 12:00,0,‚±‚±‚Éƒƒ‚‚ð‘}“ü‚Å‚«‚Ü‚·
PRMV0085111,N194000,2024/9/25 12:00,0,‚±‚±‚Éƒƒ‚‚ð‘}“ü‚Å‚«‚Ü‚·
PRMV0085112,N194000,2024/9/25 12:00,0,‚±‚±‚Éƒƒ‚‚ð‘}“ü‚Å‚«‚Ü‚·
PRMV0085113,N194000,2024/9/25 12:00,0,‚±‚±‚Éƒƒ‚‚ð‘}“ü‚Å‚«‚Ü‚·
PRMV0085114,N194000,2024/9/25 12:00,0,‚±‚±‚Éƒƒ‚‚ð‘}“ü‚Å‚«‚Ü‚·
PRMV0085115,N194000,2024/9/25 12:00,0,‚±‚±‚Éƒƒ‚‚ð‘}“ü‚Å‚«‚Ü‚·
PRMV0085116,N194000,2024/9/25 12:00,0,‚±‚±‚Éƒƒ‚‚ð‘}“ü‚Å‚«‚Ü‚·
PRMV0085117,N194000,2024/9/25 12:00,0,‚±‚±‚Éƒƒ‚‚ð‘}“ü‚Å‚«‚Ü‚·
PRMV0085118,N194000,2024/9/25 12:00,0,‚±‚±‚Éƒƒ‚‚ð‘}“ü‚Å‚«‚Ü‚·
PRMV0085119,N194000,2024/9/25 12:00,0,‚±‚±‚Éƒƒ‚‚ð‘}“ü‚Å‚«‚Ü‚·
PRMV0085120,N194000,2024/9/25 12:00,0,‚±‚±‚Éƒƒ‚‚ð‘}“ü‚Å‚«‚Ü‚·
PRMV0085121,N194000,2024/9/25 12:00,0,‚±‚±‚Éƒƒ‚‚ð‘}“ü‚Å‚«‚Ü‚·
PRMV0085122,N194000,2024/9/25 12:00,0,‚±‚±‚Éƒƒ‚‚ð‘}“ü‚Å‚«‚Ü‚·
PRMV0085123,N194000,2024/9/25 12:00,0,‚±‚±‚Éƒƒ‚‚ð‘}“ü‚Å‚«‚Ü‚·
PRMV0085124,N194000,2024/9/25 12:00,0,‚±‚±‚Éƒƒ‚‚ð‘}“ü‚Å‚«‚Ü‚·
PRMV0085125,N194000,2024/9/25 12:00,0,‚±‚±‚Éƒƒ‚‚ð‘}“ü‚Å‚«‚Ü‚·
PRMV0085126,N194000,2024/9/25 12:00,0,‚±‚±‚Éƒƒ‚‚ð‘}“ü‚Å‚«‚Ü‚·
PRMV0085127,N194000,2024/9/25 12:00,0,‚±‚±‚Éƒƒ‚‚ð‘}“ü‚Å‚«‚Ü‚·
PRMV0085128,N194000,2024/9/25 12:00,0,‚±‚±‚Éƒƒ‚‚ð‘}“ü‚Å‚«‚Ü‚·
PRMV0085129,N194000,2024/9/25 12:00,0,‚±‚±‚Éƒƒ‚‚ð‘}“ü‚Å‚«‚Ü‚·
PRMV0085130,N194000,2024/9/25 12:00,0,‚±‚±‚Éƒƒ‚‚ð‘}“ü‚Å‚«‚Ü‚·
PRMV0085131,N194000,2024/9/25 12:00,0,‚±‚±‚Éƒƒ‚‚ð‘}“ü‚Å‚«‚Ü‚·
PRMV0085132,N194000,2024/9/25 12:00,0,‚±‚±‚Éƒƒ‚‚ð‘}“ü‚Å‚«‚Ü‚·
PRMV0085133,N194000,2024/9/25 12:00,0,‚±‚±‚Éƒƒ‚‚ð‘}“ü‚Å‚«‚Ü‚·
PRMV0085134,N194000,2024/9/25 12:00,0,‚±‚±‚Éƒƒ‚‚ð‘}“ü‚Å‚«‚Ü‚·
PRMV0085135,N194000,2024/9/25 12:00,0,‚±‚±‚Éƒƒ‚‚ð‘}“ü‚Å‚«‚Ü‚·
PRMV0085136,N194000,2024/9/25 12:00,0,‚±‚±‚Éƒƒ‚‚ð‘}“ü‚Å‚«‚Ü‚·
PRMV0085137,N194000,2024/9/25 12:00,0,‚±‚±‚Éƒƒ‚‚ð‘}“ü‚Å‚«‚Ü‚·
PRMV0085138,N194000,2024/9/25 12:00,0,‚±‚±‚Éƒƒ‚‚ð‘}“ü‚Å‚«‚Ü‚·
PRMV0085139,N194000,2024/9/25 12:00,0,‚±‚±‚Éƒƒ‚‚ð‘}“ü‚Å‚«‚Ü‚·
PRMV0085140,N194000,2024/9/25 12:00,0,‚±‚±‚Éƒƒ‚‚ð‘}“ü‚Å‚«‚Ü‚·
PRMV0085141,N194000,2024/9/25 12:00,0,‚±‚±‚Éƒƒ‚‚ð‘}“ü‚Å‚«‚Ü‚·
PRMV0085142,N194000,2024/9/25 12:00,0,‚±‚±‚Éƒƒ‚‚ð‘}“ü‚Å‚«‚Ü‚·
PRMV0085143,N194000,2024/9/25 12:00,0,‚±‚±‚Éƒƒ‚‚ð‘}“ü‚Å‚«‚Ü‚·
PRMV0085144,N194000,2024/9/25 12:00,0,‚±‚±‚Éƒƒ‚‚ð‘}“ü‚Å‚«‚Ü‚·
PRMV0085145,N194000,2024/9/25 12:00,0,‚±‚±‚Éƒƒ‚‚ð‘}“ü‚Å‚«‚Ü‚·
PRMV0085146,N194000,2024/9/25 12:00,0,‚±‚±‚Éƒƒ‚‚ð‘}“ü‚Å‚«‚Ü‚·
PRMV0085147,N194000,2024/9/25 12:00,0,‚±‚±‚Éƒƒ‚‚ð‘}“ü‚Å‚«‚Ü‚·
PRMV0085148,N194000,2024/9/25 12:00,0,‚±‚±‚Éƒƒ‚‚ð‘}“ü‚Å‚«‚Ü‚·
PRMV0085149,N194000,2024/9/25 12:00,0,‚±‚±‚Éƒƒ‚‚ð‘}“ü‚Å‚«‚Ü‚·
PRMV0085150,N194000,2024/9/25 12:00,0,‚±‚±‚Éƒƒ‚‚ð‘}“ü‚Å‚«‚Ü‚·
PRMV0085151,N194000,2024/9/25 12:00,0,‚±‚±‚Éƒƒ‚‚ð‘}“ü‚Å‚«‚Ü‚·
PRMV0085152,N194000,2024/9/25 12:00,0,‚±‚±‚Éƒƒ‚‚ð‘}“ü‚Å‚«‚Ü‚·
PRMV0085153,N194000,2024/9/25 12:00,0,‚±‚±‚Éƒƒ‚‚ð‘}“ü‚Å‚«‚Ü‚·
PRMV0085154,N194000,2024/9/25 12:00,0,‚±‚±‚Éƒƒ‚‚ð‘}“ü‚Å‚«‚Ü‚·
PRMV0085155,N194000,2024/9/25 12:00,0,‚±‚±‚Éƒƒ‚‚ð‘}“ü‚Å‚«‚Ü‚·
PRMV0085156,N194000,2024/9/25 12:00,0,‚±‚±‚Éƒƒ‚‚ð‘}“ü‚Å‚«‚Ü‚·
PRMV0085157,N194000,2024/9/25 12:00,0,‚±‚±‚Éƒƒ‚‚ð‘}“ü‚Å‚«‚Ü‚·
PRMV0085158,N194000,2024/9/25 12:00,0,‚±‚±‚Éƒƒ‚‚ð‘}“ü‚Å‚«‚Ü‚·
PRMV0085159,N194000,2024/9/25 12:00,0,‚±‚±‚Éƒƒ‚‚ð‘}“ü‚Å‚«‚Ü‚·
PRMV0085160,N194000,2024/9/25 12:00,0,‚±‚±‚Éƒƒ‚‚ð‘}“ü‚Å‚«‚Ü‚·
PRMV0085161,N194000,2024/9/25 12:00,0,‚±‚±‚Éƒƒ‚‚ð‘}“ü‚Å‚«‚Ü‚·
PRMV0085162,N194000,2024/9/25 12:00,0,‚±‚±‚Éƒƒ‚‚ð‘}“ü‚Å‚«‚Ü‚·
PRMV0085163,N194000,2024/9/25 12:00,0,‚±‚±‚Éƒƒ‚‚ð‘}“ü‚Å‚«‚Ü‚·
PRMV0085164,N194000,2024/9/25 12:00,0,‚±‚±‚Éƒƒ‚‚ð‘}“ü‚Å‚«‚Ü‚·
PRMV0085165,N194000,2024/9/25 12:00,0,‚±‚±‚Éƒƒ‚‚ð‘}“ü‚Å‚«‚Ü‚·
PRMV0085166,N194000,2024/9/25 12:00,0,‚±‚±‚Éƒƒ‚‚ð‘}“ü‚Å‚«‚Ü‚·
PRMV0085167,N194000,2024/9/25 12:00,0,‚±‚±‚Éƒƒ‚‚ð‘}“ü‚Å‚«‚Ü‚·
PRMV0085168,N194000,2024/9/25 12:00,0,‚±‚±‚Éƒƒ‚‚ð‘}“ü‚Å‚«‚Ü‚·
PRMV0085169,N194000,2024/9/25 12:00,0,‚±‚±‚Éƒƒ‚‚ð‘}“ü‚Å‚«‚Ü‚·
PRMV0085170,N194000,2024/9/25 12:00,0,‚±‚±‚Éƒƒ‚‚ð‘}“ü‚Å‚«‚Ü‚·
PRMV0085171,N194000,2024/9/25 12:00,0,‚±‚±‚Éƒƒ‚‚ð‘}“ü‚Å‚«‚Ü‚·
PRMV0085172,N194000,2024/9/25 12:00,0,‚±‚±‚Éƒƒ‚‚ð‘}“ü‚Å‚«‚Ü‚·
PRMV0085173,N194000,2024/9/25 12:00,0,‚±‚±‚Éƒƒ‚‚ð‘}“ü‚Å‚«‚Ü‚·
PRMV0085174,N194000,2024/9/25 12:00,0,‚±‚±‚Éƒƒ‚‚ð‘}“ü‚Å‚«‚Ü‚·
PRMV0085175,N194000,2024/9/25 12:00,0,‚±‚±‚Éƒƒ‚‚ð‘}“ü‚Å‚«‚Ü‚·
PRMV0085176,N194000,2024/9/25 12:00,0,‚±‚±‚Éƒƒ‚‚ð‘}“ü‚Å‚«‚Ü‚·
PRMV0085177,N194000,2024/9/25 12:00,0,‚±‚±‚Éƒƒ‚‚ð‘}“ü‚Å‚«‚Ü‚·
PRMV0085178,N194000,2024/9/25 12:00,0,‚±‚±‚Éƒƒ‚‚ð‘}“ü‚Å‚«‚Ü‚·
PRMV0085179,N194000,2024/9/25 12:00,0,‚±‚±‚Éƒƒ‚‚ð‘}“ü‚Å‚«‚Ü‚·
PRMV0085180,N194000,2024/9/25 12:00,0,‚±‚±‚Éƒƒ‚‚ð‘}“ü‚Å‚«‚Ü‚·
PRMV0085181,N194000,2024/9/25 12:00,0,‚±‚±‚Éƒƒ‚‚ð‘}“ü‚Å‚«‚Ü‚·
PRMV0085182,N194000,2024/9/25 12:00,0,‚±‚±‚Éƒƒ‚‚ð‘}“ü‚Å‚«‚Ü‚·
PRMV0085183,N194000,2024/9/25 12:00,0,‚±‚±‚Éƒƒ‚‚ð‘}“ü‚Å‚«‚Ü‚·
PRMV0085184,N194000,2024/9/25 12:00,0,‚±‚±‚Éƒƒ‚‚ð‘}“ü‚Å‚«‚Ü‚·
PRMV0085185,N194000,2024/9/25 12:00,0,‚±‚±‚Éƒƒ‚‚ð‘}“ü‚Å‚«‚Ü‚·
PRMV0085186,N194000,2024/9/25 12:00,0,‚±‚±‚Éƒƒ‚‚ð‘}“ü‚Å‚«‚Ü‚·
PRMV0085187,N194000,2024/9/25 12:00,0,‚±‚±‚Éƒƒ‚‚ð‘}“ü‚Å‚«‚Ü‚·
PRMV0085188,N194000,2024/9/25 12:00,0,‚±‚±‚Éƒƒ‚‚ð‘}“ü‚Å‚«‚Ü‚·
PRMV0085189,N194000,2024/9/25 12:00,0,‚±‚±‚Éƒƒ‚‚ð‘}“ü‚Å‚«‚Ü‚·
PRMV0085190,N194000,2024/9/25 12:00,0,‚±‚±‚Éƒƒ‚‚ð‘}“ü‚Å‚«‚Ü‚·
PRMV0085191,N194000,2024/9/25 12:00,0,‚±‚±‚Éƒƒ‚‚ð‘}“ü‚Å‚«‚Ü‚·
PRMV0085192,N194000,2024/9/25 12:00,0,‚±‚±‚Éƒƒ‚‚ð‘}“ü‚Å‚«‚Ü‚·
PRMV0085193,N194000,2024/9/25 12:00,0,‚±‚±‚Éƒƒ‚‚ð‘}“ü‚Å‚«‚Ü‚·
PRMV0085194,N194000,2024/9/25 12:00,0,‚±‚±‚Éƒƒ‚‚ð‘}“ü‚Å‚«‚Ü‚·
PRMV0085195,N194000,2024/9/25 12:00,0,‚±‚±‚Éƒƒ‚‚ð‘}“ü‚Å‚«‚Ü‚·
PRMV0085196,N194000,2024/9/25 12:00,0,‚±‚±‚Éƒƒ‚‚ð‘}“ü‚Å‚«‚Ü‚·
PRMV0085197,N194000,2024/9/25 12:00,0,‚±‚±‚Éƒƒ‚‚ð‘}“ü‚Å‚«‚Ü‚·
PRMV0085198,N194000,2024/9/25 12:00,0,‚±‚±‚Éƒƒ‚‚ð‘}“ü‚Å‚«‚Ü‚·
PRMV0085199,N194000,2024/9/25 12:00,0,‚±‚±‚Éƒƒ‚‚ð‘}“ü‚Å‚«‚Ü‚·
PRMV0085200,N194000,2024/9/25 12:00,0,‚±‚±‚Éƒƒ‚‚ð‘}“ü‚Å‚«‚Ü‚·
PRMV0085201,N194000,2024/9/25 12:00,0,‚±‚±‚Éƒƒ‚‚ð‘}“ü‚Å‚«‚Ü‚·
PRMV0085202,N194000,2024/9/25 12:00,0,‚±‚±‚Éƒƒ‚‚ð‘}“ü‚Å‚«‚Ü‚·
PRMV0085203,N194000,2024/9/25 12:00,0,‚±‚±‚Éƒƒ‚‚ð‘}“ü‚Å‚«‚Ü‚·
PRMV0085204,N194000,2024/9/25 12:00,0,‚±‚±‚Éƒƒ‚‚ð‘}“ü‚Å‚«‚Ü‚·
PRMV0085205,N194000,2024/9/25 12:00,0,‚±‚±‚Éƒƒ‚‚ð‘}“ü‚Å‚«‚Ü‚·
PRMV0085206,N194000,2024/9/25 12:00,0,‚±‚±‚Éƒƒ‚‚ð‘}“ü‚Å‚«‚Ü‚·
PRMV0085207,N194000,2024/9/25 12:00,0,‚±‚±‚Éƒƒ‚‚ð‘}“ü‚Å‚«‚Ü‚·
PRMV0085208,N194000,2024/9/25 12:00,0,‚±‚±‚Éƒƒ‚‚ð‘}“ü‚Å‚«‚Ü‚·
PRMV0085209,N194000,2024/9/25 12:00,0,‚±‚±‚Éƒƒ‚‚ð‘}“ü‚Å‚«‚Ü‚·
PRMV0085210,N194000,2024/9/25 12:00,0,‚±‚±‚Éƒƒ‚‚ð‘}“ü‚Å‚«‚Ü‚·
PRMV0085211,N194000,2024/9/25 12:00,0,‚±‚±‚Éƒƒ‚‚ð‘}“ü‚Å‚«‚Ü‚·
PRMV0085212,N194000,2024/9/25 12:00,0,‚±‚±‚Éƒƒ‚‚ð‘}“ü‚Å‚«‚Ü‚·
PRMV0085213,N194000,2024/9/25 12:00,0,‚±‚±‚Éƒƒ‚‚ð‘}“ü‚Å‚«‚Ü‚·
PRMV0085214,N194000,2024/9/25 12:00,0,‚±‚±‚Éƒƒ‚‚ð‘}“ü‚Å‚«‚Ü‚·
PRMV0085215,N194000,2024/9/25 12:00,0,‚±‚±‚Éƒƒ‚‚ð‘}“ü‚Å‚«‚Ü‚·
PRMV0085216,N194000,2024/9/25 12:00,0,‚±‚±‚Éƒƒ‚‚ð‘}“ü‚Å‚«‚Ü‚·
PRMV0085217,N194000,2024/9/25 12:00,0,‚±‚±‚Éƒƒ‚‚ð‘}“ü‚Å‚«‚Ü‚·
PRMV0085218,N194000,2024/9/25 12:00,0,‚±‚±‚Éƒƒ‚‚ð‘}“ü‚Å‚«‚Ü‚·
PRMV0085219,N194000,2024/9/25 12:00,0,‚±‚±‚Éƒƒ‚‚ð‘}“ü‚Å‚«‚Ü‚·
PRMV0085220,N194000,2024/9/25 12:00,0,‚±‚±‚Éƒƒ‚‚ð‘}“ü‚Å‚«‚Ü‚·
PRMV0085221,N194000,2024/9/25 12:00,0,‚±‚±‚Éƒƒ‚‚ð‘}“ü‚Å‚«‚Ü‚·
PRMV0085222,N194000,2024/9/25 12:00,0,‚±‚±‚Éƒƒ‚‚ð‘}“ü‚Å‚«‚Ü‚·
PRMV0085223,N194000,2024/9/25 12:00,0,‚±‚±‚Éƒƒ‚‚ð‘}“ü‚Å‚«‚Ü‚·
PRMV0085224,N194000,2024/9/25 12:00,0,‚±‚±‚Éƒƒ‚‚ð‘}“ü‚Å‚«‚Ü‚·
PRMV0085225,N194000,2024/9/25 12:00,0,‚±‚±‚Éƒƒ‚‚ð‘}“ü‚Å‚«‚Ü‚·
PRMV0085226,N194000,2024/9/25 12:00,0,‚±‚±‚Éƒƒ‚‚ð‘}“ü‚Å‚«‚Ü‚·
PRMV0085227,N194000,2024/9/25 12:00,0,‚±‚±‚Éƒƒ‚‚ð‘}“ü‚Å‚«‚Ü‚·
PRMV0085228,N194000,2024/9/25 12:00,0,‚±‚±‚Éƒƒ‚‚ð‘}“ü‚Å‚«‚Ü‚·
PRMV0085229,N194000,2024/9/25 12:00,0,‚±‚±‚Éƒƒ‚‚ð‘}“ü‚Å‚«‚Ü‚·
PRMV0085230,N194000,2024/9/25 12:00,0,‚±‚±‚Éƒƒ‚‚ð‘}“ü‚Å‚«‚Ü‚·
PRMV0085231,N194000,2024/9/25 12:00,0,‚±‚±‚Éƒƒ‚‚ð‘}“ü‚Å‚«‚Ü‚·
PRMV0085232,N194000,2024/9/25 12:00,0,‚±‚±‚Éƒƒ‚‚ð‘}“ü‚Å‚«‚Ü‚·
PRMV0085233,N194000,2024/9/25 12:00,0,‚±‚±‚Éƒƒ‚‚ð‘}“ü‚Å‚«‚Ü‚·
PRMV0085234,N194000,2024/9/25 12:00,0,‚±‚±‚Éƒƒ‚‚ð‘}“ü‚Å‚«‚Ü‚·
PRMV0085235,N194000,2024/9/25 12:00,0,‚±‚±‚Éƒƒ‚‚ð‘}“ü‚Å‚«‚Ü‚·
PRMV0085236,N194000,2024/9/25 12:00,0,‚±‚±‚Éƒƒ‚‚ð‘}“ü‚Å‚«‚Ü‚·
PRMV0085237,N194000,2024/9/25 12:00,0,‚±‚±‚Éƒƒ‚‚ð‘}“ü‚Å‚«‚Ü‚·
PRMV0085238,N194000,2024/9/25 12:00,0,‚±‚±‚Éƒƒ‚‚ð‘}“ü‚Å‚«‚Ü‚·
PRMV0085239,N194000,2024/9/25 12:00,0,‚±‚±‚Éƒƒ‚‚ð‘}“ü‚Å‚«‚Ü‚·
PRMV0085240,N194000,2024/9/25 12:00,0,‚±‚±‚Éƒƒ‚‚ð‘}“ü‚Å‚«‚Ü‚·
PRMV0085241,N194000,2024/9/25 12:00,0,‚±‚±‚Éƒƒ‚‚ð‘}“ü‚Å‚«‚Ü‚·
PRMV0085242,N194000,2024/9/25 12:00,0,‚±‚±‚Éƒƒ‚‚ð‘}“ü‚Å‚«‚Ü‚·
PRMV0085243,N194000,2024/9/25 12:00,0,‚±‚±‚Éƒƒ‚‚ð‘}“ü‚Å‚«‚Ü‚·
PRMV0085244,N194000,2024/9/25 12:00,0,‚±‚±‚Éƒƒ‚‚ð‘}“ü‚Å‚«‚Ü‚·
PRMV0085245,N194000,2024/9/25 12:00,0,‚±‚±‚Éƒƒ‚‚ð‘}“ü‚Å‚«‚Ü‚·
PRMV0085246,N194000,2024/9/25 12:00,0,‚±‚±‚Éƒƒ‚‚ð‘}“ü‚Å‚«‚Ü‚·
PRMV0085247,N194000,2024/9/25 12:00,0,‚±‚±‚Éƒƒ‚‚ð‘}“ü‚Å‚«‚Ü‚·
PRMV0085248,N194000,2024/9/25 12:00,0,‚±‚±‚Éƒƒ‚‚ð‘}“ü‚Å‚«‚Ü‚·
PRMV0085249,N194000,2024/9/25 12:00,0,‚±‚±‚Éƒƒ‚‚ð‘}“ü‚Å‚«‚Ü‚·
PRMV0085250,N194000,2024/9/25 12:00,0,‚±‚±‚Éƒƒ‚‚ð‘}“ü‚Å‚«‚Ü‚·
PRMV0085251,N194000,2024/9/25 12:00,0,‚±‚±‚Éƒƒ‚‚ð‘}“ü‚Å‚«‚Ü‚·
PRMV0085252,N194000,2024/9/25 12:00,0,‚±‚±‚Éƒƒ‚‚ð‘}“ü‚Å‚«‚Ü‚·
PRMV0085253,N194000,2024/9/25 12:00,0,‚±‚±‚Éƒƒ‚‚ð‘}“ü‚Å‚«‚Ü‚·
PRMV0085254,N194000,2024/9/25 12:00,0,‚±‚±‚Éƒƒ‚‚ð‘}“ü‚Å‚«‚Ü‚·
PRMV0085255,N194000,2024/9/25 12:00,0,‚±‚±‚Éƒƒ‚‚ð‘}“ü‚Å‚«‚Ü‚·
PRMV0085256,N194000,2024/9/25 12:00,0,‚±‚±‚Éƒƒ‚‚ð‘}“ü‚Å‚«‚Ü‚·
PRMV0085257,N194000,2024/9/25 12:00,0,‚±‚±‚Éƒƒ‚‚ð‘}“ü‚Å‚«‚Ü‚·
PRMV0085258,N194000,2024/9/25 12:00,0,‚±‚±‚Éƒƒ‚‚ð‘}“ü‚Å‚«‚Ü‚·
PRMV0085259,N194000,2024/9/25 12:00,0,‚±‚±‚Éƒƒ‚‚ð‘}“ü‚Å‚«‚Ü‚·
PRMV0085260,N194000,2024/9/25 12:00,0,‚±‚±‚Éƒƒ‚‚ð‘}“ü‚Å‚«‚Ü‚·
PRMV0085261,N194000,2024/9/25 12:00,0,‚±‚±‚Éƒƒ‚‚ð‘}“ü‚Å‚«‚Ü‚·
PRMV0085262,N194000,2024/9/25 12:00,0,‚±‚±‚Éƒƒ‚‚ð‘}“ü‚Å‚«‚Ü‚·
PRMV0085263,N194000,2024/9/25 12:00,0,‚±‚±‚Éƒƒ‚‚ð‘}“ü‚Å‚«‚Ü‚·
PRMV0085264,N194000,2024/9/25 12:00,0,‚±‚±‚Éƒƒ‚‚ð‘}“ü‚Å‚«‚Ü‚·
PRMV0085265,N194000,2024/9/25 12:00,0,‚±‚±‚Éƒƒ‚‚ð‘}“ü‚Å‚«‚Ü‚·
PRMV0085266,N194000,2024/9/25 12:00,0,‚±‚±‚Éƒƒ‚‚ð‘}“ü‚Å‚«‚Ü‚·
PRMV0085267,N194000,2024/9/25 12:00,0,‚±‚±‚Éƒƒ‚‚ð‘}“ü‚Å‚«‚Ü‚·
PRMV0085268,N194000,2024/9/25 12:00,0,‚±‚±‚Éƒƒ‚‚ð‘}“ü‚Å‚«‚Ü‚·
PRMV0085269,N194000,2024/9/25 12:00,0,‚±‚±‚Éƒƒ‚‚ð‘}“ü‚Å‚«‚Ü‚·
PRMV0085270,N194000,2024/9/25 12:00,0,‚±‚±‚Éƒƒ‚‚ð‘}“ü‚Å‚«‚Ü‚·
PRMV0085271,N194000,2024/9/25 12:00,0,‚±‚±‚Éƒƒ‚‚ð‘}“ü‚Å‚«‚Ü‚·
PRMV0085272,N194000,2024/9/25 12:00,0,‚±‚±‚Éƒƒ‚‚ð‘}“ü‚Å‚«‚Ü‚·
PRMV0085273,N194000,2024/9/25 12:00,0,‚±‚±‚Éƒƒ‚‚ð‘}“ü‚Å‚«‚Ü‚·
PRMV0085274,N194000,2024/9/25 12:00,0,‚±‚±‚Éƒƒ‚‚ð‘}“ü‚Å‚«‚Ü‚·
PRMV0085275,N194000,2024/9/25 12:00,0,‚±‚±‚Éƒƒ‚‚ð‘}“ü‚Å‚«‚Ü‚·
PRMV0085276,N194000,2024/9/25 12:00,0,‚±‚±‚Éƒƒ‚‚ð‘}“ü‚Å‚«‚Ü‚·
PRMV0085277,N194000,2024/9/25 12:00,0,‚±‚±‚Éƒƒ‚‚ð‘}“ü‚Å‚«‚Ü‚·
PRMV0085278,N194000,2024/9/25 12:00,0,‚±‚±‚Éƒƒ‚‚ð‘}“ü‚Å‚«‚Ü‚·
PRMV0085279,N194000,2024/9/25 12:00,0,‚±‚±‚Éƒƒ‚‚ð‘}“ü‚Å‚«‚Ü‚·
PRMV0085280,N194000,2024/9/25 12:00,0,‚±‚±‚Éƒƒ‚‚ð‘}“ü‚Å‚«‚Ü‚·
PRMV0085281,N194000,2024/9/25 12:00,0,‚±‚±‚Éƒƒ‚‚ð‘}“ü‚Å‚«‚Ü‚·
PRMV0085282,N194000,2024/9/25 12:00,0,‚±‚±‚Éƒƒ‚‚ð‘}“ü‚Å‚«‚Ü‚·
PRMV0085283,N194000,2024/9/25 12:00,0,‚±‚±‚Éƒƒ‚‚ð‘}“ü‚Å‚«‚Ü‚·
PRMV0085284,N194000,2024/9/25 12:00,0,‚±‚±‚Éƒƒ‚‚ð‘}“ü‚Å‚«‚Ü‚·
PRMV0085285,N194000,2024/9/25 12:00,0,‚±‚±‚Éƒƒ‚‚ð‘}“ü‚Å‚«‚Ü‚·
PRMV0085286,N194000,2024/9/25 12:00,0,‚±‚±‚Éƒƒ‚‚ð‘}“ü‚Å‚«‚Ü‚·
PRMV0085287,N194000,2024/9/25 12:00,0,‚±‚±‚Éƒƒ‚‚ð‘}“ü‚Å‚«‚Ü‚·
PRMV0085288,N194000,2024/9/25 12:00,0,‚±‚±‚Éƒƒ‚‚ð‘}“ü‚Å‚«‚Ü‚·
PRMV0085289,N194000,2024/9/25 12:00,0,‚±‚±‚Éƒƒ‚‚ð‘}“ü‚Å‚«‚Ü‚·
PRMV0085290,N194000,2024/9/25 12:00,0,‚±‚±‚Éƒƒ‚‚ð‘}“ü‚Å‚«‚Ü‚·
PRMV0085291,N194000,2024/9/25 12:00,0,‚±‚±‚Éƒƒ‚‚ð‘}“ü‚Å‚«‚Ü‚·
PRMV0085292,N194000,2024/9/25 12:00,0,‚±‚±‚Éƒƒ‚‚ð‘}“ü‚Å‚«‚Ü‚·
PRMV0085293,N194000,2024/9/25 12:00,0,‚±‚±‚Éƒƒ‚‚ð‘}“ü‚Å‚«‚Ü‚·
PRMV0085294,N194000,2024/9/25 12:00,0,‚±‚±‚Éƒƒ‚‚ð‘}“ü‚Å‚«‚Ü‚·
PRMV0085295,N194000,2024/9/25 12:00,0,‚±‚±‚Éƒƒ‚‚ð‘}“ü‚Å‚«‚Ü‚·
PRMV0085296,N194000,2024/9/25 12:00,0,‚±‚±‚Éƒƒ‚‚ð‘}“ü‚Å‚«‚Ü‚·
PRMV0085297,N194000,2024/9/25 12:00,0,‚±‚±‚Éƒƒ‚‚ð‘}“ü‚Å‚«‚Ü‚·
PRMV0085298,N194000,2024/9/25 12:00,0,‚±‚±‚Éƒƒ‚‚ð‘}“ü‚Å‚«‚Ü‚·
PRMV0085299,N194000,2024/9/25 12:00,0,‚±‚±‚Éƒƒ‚‚ð‘}“ü‚Å‚«‚Ü‚·
PRMV0085300,N194000,2024/9/25 12:00,0,‚±‚±‚Éƒƒ‚‚ð‘}“ü‚Å‚«‚Ü‚·
PRMV0085301,N194000,2024/9/25 12:00,0,‚±‚±‚Éƒƒ‚‚ð‘}“ü‚Å‚«‚Ü‚·
PRMV0085302,N194000,2024/9/25 12:00,0,‚±‚±‚Éƒƒ‚‚ð‘}“ü‚Å‚«‚Ü‚·
PRMV0084072,N194000,2024/9/25 12:00,0,‚±‚±‚Éƒƒ‚‚ð‘}“ü‚Å‚«‚Ü‚·
PRMV0084073,N194000,2024/9/25 12:00,0,‚±‚±‚Éƒƒ‚‚ð‘}“ü‚Å‚«‚Ü‚·
PRMV0084074,N194000,2024/9/25 12:00,0,‚±‚±‚Éƒƒ‚‚ð‘}“ü‚Å‚«‚Ü‚·
PRMV0084075,N194000,2024/9/25 12:00,0,‚±‚±‚Éƒƒ‚‚ð‘}“ü‚Å‚«‚Ü‚·
PRMV0084076,N194000,2024/9/25 12:00,0,‚±‚±‚Éƒƒ‚‚ð‘}“ü‚Å‚«‚Ü‚·
PRMV0084077,N194000,2024/9/25 12:00,0,‚±‚±‚Éƒƒ‚‚ð‘}“ü‚Å‚«‚Ü‚·
PRMV0084078,N194000,2024/9/25 12:00,0,‚±‚±‚Éƒƒ‚‚ð‘}“ü‚Å‚«‚Ü‚·
PRMV0084079,N194000,2024/9/25 12:00,0,‚±‚±‚Éƒƒ‚‚ð‘}“ü‚Å‚«‚Ü‚·
PRMV0084080,N194000,2024/9/25 12:00,0,‚±‚±‚Éƒƒ‚‚ð‘}“ü‚Å‚«‚Ü‚·
PRMV0084081,N194000,2024/9/25 12:00,0,‚±‚±‚Éƒƒ‚‚ð‘}“ü‚Å‚«‚Ü‚·
PRMV0084082,N194000,2024/9/25 12:00,0,‚±‚±‚Éƒƒ‚‚ð‘}“ü‚Å‚«‚Ü‚·
PRMV0084083,N194000,2024/9/25 12:00,0,‚±‚±‚Éƒƒ‚‚ð‘}“ü‚Å‚«‚Ü‚·
PRMV0084084,N194000,2024/9/25 12:00,0,‚±‚±‚Éƒƒ‚‚ð‘}“ü‚Å‚«‚Ü‚·
PRMV0084085,N194000,2024/9/25 12:00,0,‚±‚±‚Éƒƒ‚‚ð‘}“ü‚Å‚«‚Ü‚·
PRMV0084086,N194000,2024/9/25 12:00,0,‚±‚±‚Éƒƒ‚‚ð‘}“ü‚Å‚«‚Ü‚·
PRMV0084087,N194000,2024/9/25 12:00,0,‚±‚±‚Éƒƒ‚‚ð‘}“ü‚Å‚«‚Ü‚·
PRMV0084088,N194000,2024/9/25 12:00,0,‚±‚±‚Éƒƒ‚‚ð‘}“ü‚Å‚«‚Ü‚·
PRMV0084089,N194000,2024/9/25 12:00,0,‚±‚±‚Éƒƒ‚‚ð‘}“ü‚Å‚«‚Ü‚·
PRMV0084090,N194000,2024/9/25 12:00,0,‚±‚±‚Éƒƒ‚‚ð‘}“ü‚Å‚«‚Ü‚·
PRMV0084091,N194000,2024/9/25 12:00,0,‚±‚±‚Éƒƒ‚‚ð‘}“ü‚Å‚«‚Ü‚·
PRMV0084092,N194000,2024/9/25 12:00,0,‚±‚±‚Éƒƒ‚‚ð‘}“ü‚Å‚«‚Ü‚·
PRMV0084093,N194000,2024/9/25 12:00,0,‚±‚±‚Éƒƒ‚‚ð‘}“ü‚Å‚«‚Ü‚·
PRMV0084094,N194000,2024/9/25 12:00,0,‚±‚±‚Éƒƒ‚‚ð‘}“ü‚Å‚«‚Ü‚·
PRMV0084095,N194000,2024/9/25 12:00,0,‚±‚±‚Éƒƒ‚‚ð‘}“ü‚Å‚«‚Ü‚·
PRMV0084096,N194000,2024/9/25 12:00,0,‚±‚±‚Éƒƒ‚‚ð‘}“ü‚Å‚«‚Ü‚·
PRMV0084097,N194000,2024/9/25 12:00,0,‚±‚±‚Éƒƒ‚‚ð‘}“ü‚Å‚«‚Ü‚·
PRMV0084098,N194000,2024/9/25 12:00,0,‚±‚±‚Éƒƒ‚‚ð‘}“ü‚Å‚«‚Ü‚·
PRMV0084099,N194000,2024/9/25 12:00,0,‚±‚±‚Éƒƒ‚‚ð‘}“ü‚Å‚«‚Ü‚·
PRMV0084100,N194000,2024/9/25 12:00,0,‚±‚±‚Éƒƒ‚‚ð‘}“ü‚Å‚«‚Ü‚·
PRMV0084101,N194000,2024/9/25 12:00,0,‚±‚±‚Éƒƒ‚‚ð‘}“ü‚Å‚«‚Ü‚·
PRMV0084102,N194000,2024/9/25 12:00,0,‚±‚±‚Éƒƒ‚‚ð‘}“ü‚Å‚«‚Ü‚·
PRMV0084103,N194000,2024/9/25 12:00,0,‚±‚±‚Éƒƒ‚‚ð‘}“ü‚Å‚«‚Ü‚·
PRMV0084104,N194000,2024/9/25 12:00,0,‚±‚±‚Éƒƒ‚‚ð‘}“ü‚Å‚«‚Ü‚·
PRMV0084105,N194000,2024/9/25 12:00,0,‚±‚±‚Éƒƒ‚‚ð‘}“ü‚Å‚«‚Ü‚·
PRMV0084106,N194000,2024/9/25 12:00,0,‚±‚±‚Éƒƒ‚‚ð‘}“ü‚Å‚«‚Ü‚·
PRMV0084107,N194000,2024/9/25 12:00,0,‚±‚±‚Éƒƒ‚‚ð‘}“ü‚Å‚«‚Ü‚·
PRMV0084108,N194000,2024/9/25 12:00,0,‚±‚±‚Éƒƒ‚‚ð‘}“ü‚Å‚«‚Ü‚·
PRMV0084109,N194000,2024/9/25 12:00,0,‚±‚±‚Éƒƒ‚‚ð‘}“ü‚Å‚«‚Ü‚·
PRMV0084110,N194000,2024/9/25 12:00,0,‚±‚±‚Éƒƒ‚‚ð‘}“ü‚Å‚«‚Ü‚·
PRMV0084111,N194000,2024/9/25 12:00,0,‚±‚±‚Éƒƒ‚‚ð‘}“ü‚Å‚«‚Ü‚·
PRMV0084112,N194000,2024/9/25 12:00,0,‚±‚±‚Éƒƒ‚‚ð‘}“ü‚Å‚«‚Ü‚·
PRMV0084113,N194000,2024/9/25 12:00,0,‚±‚±‚Éƒƒ‚‚ð‘}“ü‚Å‚«‚Ü‚·
PRMV0084114,N194000,2024/9/25 12:00,0,‚±‚±‚Éƒƒ‚‚ð‘}“ü‚Å‚«‚Ü‚·
PRMV0084115,N194000,2024/9/25 12:00,0,‚±‚±‚Éƒƒ‚‚ð‘}“ü‚Å‚«‚Ü‚·
PRMV0084116,N194000,2024/9/25 12:00,0,‚±‚±‚Éƒƒ‚‚ð‘}“ü‚Å‚«‚Ü‚·
PRMV0084117,N194000,2024/9/25 12:00,0,‚±‚±‚Éƒƒ‚‚ð‘}“ü‚Å‚«‚Ü‚·
PRMV0084118,N194000,2024/9/25 12:00,0,‚±‚±‚Éƒƒ‚‚ð‘}“ü‚Å‚«‚Ü‚·
PRMV0084119,N194000,2024/9/25 12:00,0,‚±‚±‚Éƒƒ‚‚ð‘}“ü‚Å‚«‚Ü‚·
PRMV0084120,N194000,2024/9/25 12:00,0,‚±‚±‚Éƒƒ‚‚ð‘}“ü‚Å‚«‚Ü‚·
PRMV0084121,N194000,2024/9/25 12:00,0,‚±‚±‚Éƒƒ‚‚ð‘}“ü‚Å‚«‚Ü‚·
PRMV0084122,N194000,2024/9/25 12:00,0,‚±‚±‚Éƒƒ‚‚ð‘}“ü‚Å‚«‚Ü‚·
PRMV0084123,N194000,2024/9/25 12:00,0,‚±‚±‚Éƒƒ‚‚ð‘}“ü‚Å‚«‚Ü‚·
PRMV0084124,N194000,2024/9/25 12:00,0,‚±‚±‚Éƒƒ‚‚ð‘}“ü‚Å‚«‚Ü‚·
PRMV0084125,N194000,2024/9/25 12:00,0,‚±‚±‚Éƒƒ‚‚ð‘}“ü‚Å‚«‚Ü‚·
PRMV0084126,N194000,2024/9/25 12:00,0,‚±‚±‚Éƒƒ‚‚ð‘}“ü‚Å‚«‚Ü‚·
PRMV0084127,N194000,2024/9/25 12:00,0,‚±‚±‚Éƒƒ‚‚ð‘}“ü‚Å‚«‚Ü‚·
PRMV0084128,N194000,2024/9/25 12:00,0,‚±‚±‚Éƒƒ‚‚ð‘}“ü‚Å‚«‚Ü‚·
PRMV0084129,N194000,2024/9/25 12:00,0,‚±‚±‚Éƒƒ‚‚ð‘}“ü‚Å‚«‚Ü‚·
PRMV0084130,N194000,2024/9/25 12:00,0,‚±‚±‚Éƒƒ‚‚ð‘}“ü‚Å‚«‚Ü‚·
PRMV0084131,N194000,2024/9/25 12:00,0,‚±‚±‚Éƒƒ‚‚ð‘}“ü‚Å‚«‚Ü‚·
PRMV0084132,N194000,2024/9/25 12:00,0,‚±‚±‚Éƒƒ‚‚ð‘}“ü‚Å‚«‚Ü‚·
PRMV0084133,N194000,2024/9/25 12:00,0,‚±‚±‚Éƒƒ‚‚ð‘}“ü‚Å‚«‚Ü‚·
PRMV0084134,N194000,2024/9/25 12:00,0,‚±‚±‚Éƒƒ‚‚ð‘}“ü‚Å‚«‚Ü‚·
PRMV0084135,N194000,2024/9/25 12:00,0,‚±‚±‚Éƒƒ‚‚ð‘}“ü‚Å‚«‚Ü‚·
PRMV0084136,N194000,2024/9/25 12:00,0,‚±‚±‚Éƒƒ‚‚ð‘}“ü‚Å‚«‚Ü‚·
PRMV0084137,N194000,2024/9/25 12:00,0,‚±‚±‚Éƒƒ‚‚ð‘}“ü‚Å‚«‚Ü‚·
PRMV0084138,N194000,2024/9/25 12:00,0,‚±‚±‚Éƒƒ‚‚ð‘}“ü‚Å‚«‚Ü‚·
PRMV0084139,N194000,2024/9/25 12:00,0,‚±‚±‚Éƒƒ‚‚ð‘}“ü‚Å‚«‚Ü‚·
PRMV0084140,N194000,2024/9/25 12:00,0,‚±‚±‚Éƒƒ‚‚ð‘}“ü‚Å‚«‚Ü‚·
PRMV0084141,N194000,2024/9/25 12:00,0,‚±‚±‚Éƒƒ‚‚ð‘}“ü‚Å‚«‚Ü‚·
PRMV0084142,N194000,2024/9/25 12:00,0,‚±‚±‚Éƒƒ‚‚ð‘}“ü‚Å‚«‚Ü‚·
PRMV0084143,N194000,2024/9/25 12:00,0,‚±‚±‚Éƒƒ‚‚ð‘}“ü‚Å‚«‚Ü‚·
PRMV0084144,N194000,2024/9/25 12:00,0,‚±‚±‚Éƒƒ‚‚ð‘}“ü‚Å‚«‚Ü‚·
PRMV0084145,N194000,2024/9/25 12:00,0,‚±‚±‚Éƒƒ‚‚ð‘}“ü‚Å‚«‚Ü‚·
PRMV0084146,N194000,2024/9/25 12:00,0,‚±‚±‚Éƒƒ‚‚ð‘}“ü‚Å‚«‚Ü‚·
PRMV0084147,N194000,2024/9/25 12:00,0,‚±‚±‚Éƒƒ‚‚ð‘}“ü‚Å‚«‚Ü‚·
PRMV0084148,N194000,2024/9/25 12:00,0,‚±‚±‚Éƒƒ‚‚ð‘}“ü‚Å‚«‚Ü‚·
PRMV0084149,N194000,2024/9/25 12:00,0,‚±‚±‚Éƒƒ‚‚ð‘}“ü‚Å‚«‚Ü‚·
PRMV0084150,N194000,2024/9/25 12:00,0,‚±‚±‚Éƒƒ‚‚ð‘}“ü‚Å‚«‚Ü‚·
PRMV0084151,N194000,2024/9/25 12:00,0,‚±‚±‚Éƒƒ‚‚ð‘}“ü‚Å‚«‚Ü‚·
PRMV0084152,N194000,2024/9/25 12:00,0,‚±‚±‚Éƒƒ‚‚ð‘}“ü‚Å‚«‚Ü‚·
PRMV0084153,N194000,2024/9/25 12:00,0,‚±‚±‚Éƒƒ‚‚ð‘}“ü‚Å‚«‚Ü‚·
PRMV0084154,N194000,2024/9/25 12:00,0,‚±‚±‚Éƒƒ‚‚ð‘}“ü‚Å‚«‚Ü‚·
PRMV0084155,N194000,2024/9/25 12:00,0,‚±‚±‚Éƒƒ‚‚ð‘}“ü‚Å‚«‚Ü‚·
PRMV0084156,N194000,2024/9/25 12:00,0,‚±‚±‚Éƒƒ‚‚ð‘}“ü‚Å‚«‚Ü‚·
PRMV0084157,N194000,2024/9/25 12:00,0,‚±‚±‚Éƒƒ‚‚ð‘}“ü‚Å‚«‚Ü‚·
PRMV0084158,N194000,2024/9/25 12:00,0,‚±‚±‚Éƒƒ‚‚ð‘}“ü‚Å‚«‚Ü‚·
PRMV0084159,N194000,2024/9/25 12:00,0,‚±‚±‚Éƒƒ‚‚ð‘}“ü‚Å‚«‚Ü‚·
PRMV0084160,N194000,2024/9/25 12:00,0,‚±‚±‚Éƒƒ‚‚ð‘}“ü‚Å‚«‚Ü‚·
PRMV0084161,N194000,2024/9/25 12:00,0,‚±‚±‚Éƒƒ‚‚ð‘}“ü‚Å‚«‚Ü‚·
PRMV0084162,N194000,2024/9/25 12:00,0,‚±‚±‚Éƒƒ‚‚ð‘}“ü‚Å‚«‚Ü‚·
PRMV0084163,N194000,2024/9/25 12:00,0,‚±‚±‚Éƒƒ‚‚ð‘}“ü‚Å‚«‚Ü‚·
PRMV0084164,N194000,2024/9/25 12:00,0,‚±‚±‚Éƒƒ‚‚ð‘}“ü‚Å‚«‚Ü‚·
PRMV0084165,N194000,2024/9/25 12:00,0,‚±‚±‚Éƒƒ‚‚ð‘}“ü‚Å‚«‚Ü‚·
PRMV0084166,N194000,2024/9/25 12:00,0,‚±‚±‚Éƒƒ‚‚ð‘}“ü‚Å‚«‚Ü‚·
PRMV0084167,N194000,2024/9/25 12:00,0,‚±‚±‚Éƒƒ‚‚ð‘}“ü‚Å‚«‚Ü‚·
PRMV0084168,N194000,2024/9/25 12:00,0,‚±‚±‚Éƒƒ‚‚ð‘}“ü‚Å‚«‚Ü‚·
PRMV0084169,N194000,2024/9/25 12:00,0,‚±‚±‚Éƒƒ‚‚ð‘}“ü‚Å‚«‚Ü‚·
PRMV0084170,N194000,2024/9/25 12:00,0,‚±‚±‚Éƒƒ‚‚ð‘}“ü‚Å‚«‚Ü‚·
PRMV0084171,N194000,2024/9/25 12:00,0,‚±‚±‚Éƒƒ‚‚ð‘}“ü‚Å‚«‚Ü‚·
PRMV0084172,N194000,2024/9/25 12:00,0,‚±‚±‚Éƒƒ‚‚ð‘}“ü‚Å‚«‚Ü‚·
PRMV0084173,N194000,2024/9/25 12:00,0,‚±‚±‚Éƒƒ‚‚ð‘}“ü‚Å‚«‚Ü‚·
PRMV0084174,N194000,2024/9/25 12:00,0,‚±‚±‚Éƒƒ‚‚ð‘}“ü‚Å‚«‚Ü‚·
PRMV0084175,N194000,2024/9/25 12:00,0,‚±‚±‚Éƒƒ‚‚ð‘}“ü‚Å‚«‚Ü‚·
PRMV0084176,N194000,2024/9/25 12:00,0,‚±‚±‚Éƒƒ‚‚ð‘}“ü‚Å‚«‚Ü‚·
PRMV0084177,N194000,2024/9/25 12:00,0,‚±‚±‚Éƒƒ‚‚ð‘}“ü‚Å‚«‚Ü‚·
PRMV0084178,N194000,2024/9/25 12:00,0,‚±‚±‚Éƒƒ‚‚ð‘}“ü‚Å‚«‚Ü‚·
PRMV0084179,N194000,2024/9/25 12:00,0,‚±‚±‚Éƒƒ‚‚ð‘}“ü‚Å‚«‚Ü‚·
PRMV0084180,N194000,2024/9/25 12:00,0,‚±‚±‚Éƒƒ‚‚ð‘}“ü‚Å‚«‚Ü‚·
PRMV0084181,N194000,2024/9/25 12:00,0,‚±‚±‚Éƒƒ‚‚ð‘}“ü‚Å‚«‚Ü‚·
PRMV0084182,N194000,2024/9/25 12:00,0,‚±‚±‚Éƒƒ‚‚ð‘}“ü‚Å‚«‚Ü‚·
PRMV0084183,N194000,2024/9/25 12:00,0,‚±‚±‚Éƒƒ‚‚ð‘}“ü‚Å‚«‚Ü‚·
PRMV0084184,N194000,2024/9/25 12:00,0,‚±‚±‚Éƒƒ‚‚ð‘}“ü‚Å‚«‚Ü‚·
PRMV0084185,N194000,2024/9/25 12:00,0,‚±‚±‚Éƒƒ‚‚ð‘}“ü‚Å‚«‚Ü‚·
PRMV0084186,N194000,2024/9/25 12:00,0,‚±‚±‚Éƒƒ‚‚ð‘}“ü‚Å‚«‚Ü‚·
PRMV0084187,N194000,2024/9/25 12:00,0,‚±‚±‚Éƒƒ‚‚ð‘}“ü‚Å‚«‚Ü‚·
PRMV0084188,N194000,2024/9/25 12:00,0,‚±‚±‚Éƒƒ‚‚ð‘}“ü‚Å‚«‚Ü‚·
PRMV0084189,N194000,2024/9/25 12:00,0,‚±‚±‚Éƒƒ‚‚ð‘}“ü‚Å‚«‚Ü‚·
PRMV0084190,N194000,2024/9/25 12:00,0,‚±‚±‚Éƒƒ‚‚ð‘}“ü‚Å‚«‚Ü‚·
PRMV0084191,N194000,2024/9/25 12:00,0,‚±‚±‚Éƒƒ‚‚ð‘}“ü‚Å‚«‚Ü‚·
PRMV0084192,N194000,2024/9/25 12:00,0,‚±‚±‚Éƒƒ‚‚ð‘}“ü‚Å‚«‚Ü‚·
PRMV0084193,N194000,2024/9/25 12:00,0,‚±‚±‚Éƒƒ‚‚ð‘}“ü‚Å‚«‚Ü‚·
PRMV0084194,N194000,2024/9/25 12:00,0,‚±‚±‚Éƒƒ‚‚ð‘}“ü‚Å‚«‚Ü‚·
PRMV0084195,N194000,2024/9/25 12:00,0,‚±‚±‚Éƒƒ‚‚ð‘}“ü‚Å‚«‚Ü‚·
PRMV0084196,N194000,2024/9/25 12:00,0,‚±‚±‚Éƒƒ‚‚ð‘}“ü‚Å‚«‚Ü‚·
PRMV0084197,N194000,2024/9/25 12:00,0,‚±‚±‚Éƒƒ‚‚ð‘}“ü‚Å‚«‚Ü‚·
PRMV0084198,N194000,2024/9/25 12:00,0,‚±‚±‚Éƒƒ‚‚ð‘}“ü‚Å‚«‚Ü‚·
PRMV0084199,N194000,2024/9/25 12:00,0,‚±‚±‚Éƒƒ‚‚ð‘}“ü‚Å‚«‚Ü‚·
PRMV0084200,N194000,2024/9/25 12:00,0,‚±‚±‚Éƒƒ‚‚ð‘}“ü‚Å‚«‚Ü‚·
PRMV0084201,N194000,2024/9/25 12:00,0,‚±‚±‚Éƒƒ‚‚ð‘}“ü‚Å‚«‚Ü‚·
PRMV0084202,N194000,2024/9/25 12:00,0,‚±‚±‚Éƒƒ‚‚ð‘}“ü‚Å‚«‚Ü‚·
PRMV0084203,N194000,2024/9/25 12:00,0,‚±‚±‚Éƒƒ‚‚ð‘}“ü‚Å‚«‚Ü‚·
PRMV0084204,N194000,2024/9/25 12:00,0,‚±‚±‚Éƒƒ‚‚ð‘}“ü‚Å‚«‚Ü‚·
PRMV0084205,N194000,2024/9/25 12:00,0,‚±‚±‚Éƒƒ‚‚ð‘}“ü‚Å‚«‚Ü‚·
PRMV0084206,N194000,2024/9/25 12:00,0,‚±‚±‚Éƒƒ‚‚ð‘}“ü‚Å‚«‚Ü‚·
PRMV0084207,N194000,2024/9/25 12:00,0,‚±‚±‚Éƒƒ‚‚ð‘}“ü‚Å‚«‚Ü‚·
PRMV0084208,N194000,2024/9/25 12:00,0,‚±‚±‚Éƒƒ‚‚ð‘}“ü‚Å‚«‚Ü‚·
PRMV0084209,N194000,2024/9/25 12:00,0,‚±‚±‚Éƒƒ‚‚ð‘}“ü‚Å‚«‚Ü‚·
PRMV0084210,N194000,2024/9/25 12:00,0,‚±‚±‚Éƒƒ‚‚ð‘}“ü‚Å‚«‚Ü‚·
PRMV0084211,N194000,2024/9/25 12:00,0,‚±‚±‚Éƒƒ‚‚ð‘}“ü‚Å‚«‚Ü‚·
PRMV0084212,N194000,2024/9/25 12:00,0,‚±‚±‚Éƒƒ‚‚ð‘}“ü‚Å‚«‚Ü‚·
PRMV0084213,N194000,2024/9/25 12:00,0,‚±‚±‚Éƒƒ‚‚ð‘}“ü‚Å‚«‚Ü‚·
PRMV0084214,N194000,2024/9/25 12:00,0,‚±‚±‚Éƒƒ‚‚ð‘}“ü‚Å‚«‚Ü‚·
PRMV0084215,N194000,2024/9/25 12:00,0,‚±‚±‚Éƒƒ‚‚ð‘}“ü‚Å‚«‚Ü‚·
PRMV0084216,N194000,2024/9/25 12:00,0,‚±‚±‚Éƒƒ‚‚ð‘}“ü‚Å‚«‚Ü‚·
PRMV0084217,N194000,2024/9/25 12:00,0,‚±‚±‚Éƒƒ‚‚ð‘}“ü‚Å‚«‚Ü‚·
PRMV0084218,N194000,2024/9/25 12:00,0,‚±‚±‚Éƒƒ‚‚ð‘}“ü‚Å‚«‚Ü‚·
PRMV0084219,N194000,2024/9/25 12:00,0,‚±‚±‚Éƒƒ‚‚ð‘}“ü‚Å‚«‚Ü‚·
PRMV0084220,N194000,2024/9/25 12:00,0,‚±‚±‚Éƒƒ‚‚ð‘}“ü‚Å‚«‚Ü‚·
PRMV0084221,N194000,2024/9/25 12:00,0,‚±‚±‚Éƒƒ‚‚ð‘}“ü‚Å‚«‚Ü‚·
PRMV0084222,N194000,2024/9/25 12:00,0,‚±‚±‚Éƒƒ‚‚ð‘}“ü‚Å‚«‚Ü‚·
PRMV0084223,N194000,2024/9/25 12:00,0,‚±‚±‚Éƒƒ‚‚ð‘}“ü‚Å‚«‚Ü‚·
PRMV0084224,N194000,2024/9/25 12:00,0,‚±‚±‚Éƒƒ‚‚ð‘}“ü‚Å‚«‚Ü‚·
PRMV0084225,N194000,2024/9/25 12:00,0,‚±‚±‚Éƒƒ‚‚ð‘}“ü‚Å‚«‚Ü‚·
PRMV0084226,N194000,2024/9/25 12:00,0,‚±‚±‚Éƒƒ‚‚ð‘}“ü‚Å‚«‚Ü‚·
PRMV0084227,N194000,2024/9/25 12:00,0,‚±‚±‚Éƒƒ‚‚ð‘}“ü‚Å‚«‚Ü‚·
PRMV0084228,N194000,2024/9/25 12:00,0,‚±‚±‚Éƒƒ‚‚ð‘}“ü‚Å‚«‚Ü‚·
PRMV0084229,N194000,2024/9/25 12:00,0,‚±‚±‚Éƒƒ‚‚ð‘}“ü‚Å‚«‚Ü‚·
PRMV0084230,N194000,2024/9/25 12:00,0,‚±‚±‚Éƒƒ‚‚ð‘}“ü‚Å‚«‚Ü‚·
PRMV0084231,N194000,2024/9/25 12:00,0,‚±‚±‚Éƒƒ‚‚ð‘}“ü‚Å‚«‚Ü‚·
PRMV0084232,N194000,2024/9/25 12:00,0,‚±‚±‚Éƒƒ‚‚ð‘}“ü‚Å‚«‚Ü‚·
PRMV0084233,N194000,2024/9/25 12:00,0,‚±‚±‚Éƒƒ‚‚ð‘}“ü‚Å‚«‚Ü‚·
PRMV0084234,N194000,2024/9/25 12:00,0,‚±‚±‚Éƒƒ‚‚ð‘}“ü‚Å‚«‚Ü‚·
PRMV0084235,N194000,2024/9/25 12:00,0,‚±‚±‚Éƒƒ‚‚ð‘}“ü‚Å‚«‚Ü‚·
PRMV0084236,N194000,2024/9/25 12:00,0,‚±‚±‚Éƒƒ‚‚ð‘}“ü‚Å‚«‚Ü‚·
PRMV0084237,N194000,2024/9/25 12:00,0,‚±‚±‚Éƒƒ‚‚ð‘}“ü‚Å‚«‚Ü‚·
PRMV0084238,N194000,2024/9/25 12:00,0,‚±‚±‚Éƒƒ‚‚ð‘}“ü‚Å‚«‚Ü‚·
PRMV0084239,N194000,2024/9/25 12:00,0,‚±‚±‚Éƒƒ‚‚ð‘}“ü‚Å‚«‚Ü‚·
PRMV0084240,N194000,2024/9/25 12:00,0,‚±‚±‚Éƒƒ‚‚ð‘}“ü‚Å‚«‚Ü‚·
PRMV0084241,N194000,2024/9/25 12:00,0,‚±‚±‚Éƒƒ‚‚ð‘}“ü‚Å‚«‚Ü‚·
PRMV0084242,N194000,2024/9/25 12:00,0,‚±‚±‚Éƒƒ‚‚ð‘}“ü‚Å‚«‚Ü‚·
PRMV0084243,N194000,2024/9/25 12:00,0,‚±‚±‚Éƒƒ‚‚ð‘}“ü‚Å‚«‚Ü‚·
PRMV0084244,N194000,2024/9/25 12:00,0,‚±‚±‚Éƒƒ‚‚ð‘}“ü‚Å‚«‚Ü‚·
PRMV0084245,N194000,2024/9/25 12:00,0,‚±‚±‚Éƒƒ‚‚ð‘}“ü‚Å‚«‚Ü‚·
PRMV0084246,N194000,2024/9/25 12:00,0,‚±‚±‚Éƒƒ‚‚ð‘}“ü‚Å‚«‚Ü‚·
PRMV0084247,N194000,2024/9/25 12:00,0,‚±‚±‚Éƒƒ‚‚ð‘}“ü‚Å‚«‚Ü‚·
PRMV0084248,N194000,2024/9/25 12:00,0,‚±‚±‚Éƒƒ‚‚ð‘}“ü‚Å‚«‚Ü‚·
PRMV0084249,N194000,2024/9/25 12:00,0,‚±‚±‚Éƒƒ‚‚ð‘}“ü‚Å‚«‚Ü‚·
PRMV0084250,N194000,2024/9/25 12:00,0,‚±‚±‚Éƒƒ‚‚ð‘}“ü‚Å‚«‚Ü‚·
PRMV0084251,N194000,2024/9/25 12:00,0,‚±‚±‚Éƒƒ‚‚ð‘}“ü‚Å‚«‚Ü‚·
PRMV0084252,N194000,2024/9/25 12:00,0,‚±‚±‚Éƒƒ‚‚ð‘}“ü‚Å‚«‚Ü‚·
PRMV0084253,N194000,2024/9/25 12:00,0,‚±‚±‚Éƒƒ‚‚ð‘}“ü‚Å‚«‚Ü‚·
PRMV0084254,N194000,2024/9/25 12:00,0,‚±‚±‚Éƒƒ‚‚ð‘}“ü‚Å‚«‚Ü‚·
PRMV0084255,N194000,2024/9/25 12:00,0,‚±‚±‚Éƒƒ‚‚ð‘}“ü‚Å‚«‚Ü‚·
PRMV0084256,N194000,2024/9/25 12:00,0,‚±‚±‚Éƒƒ‚‚ð‘}“ü‚Å‚«‚Ü‚·
PRMV0084257,N194000,2024/9/25 12:00,0,‚±‚±‚Éƒƒ‚‚ð‘}“ü‚Å‚«‚Ü‚·
PRMV0084258,N194000,2024/9/25 12:00,0,‚±‚±‚Éƒƒ‚‚ð‘}“ü‚Å‚«‚Ü‚·
PRMV0084259,N194000,2024/9/25 12:00,0,‚±‚±‚Éƒƒ‚‚ð‘}“ü‚Å‚«‚Ü‚·
PRMV0084260,N194000,2024/9/25 12:00,0,‚±‚±‚Éƒƒ‚‚ð‘}“ü‚Å‚«‚Ü‚·
PRMV0084261,N194000,2024/9/25 12:00,0,‚±‚±‚Éƒƒ‚‚ð‘}“ü‚Å‚«‚Ü‚·
PRMV0084262,N194000,2024/9/25 12:00,0,‚±‚±‚Éƒƒ‚‚ð‘}“ü‚Å‚«‚Ü‚·
PRMV0084263,N194000,2024/9/25 12:00,0,‚±‚±‚Éƒƒ‚‚ð‘}“ü‚Å‚«‚Ü‚·
PRMV0084264,N194000,2024/9/25 12:00,0,‚±‚±‚Éƒƒ‚‚ð‘}“ü‚Å‚«‚Ü‚·
PRMV0084265,N194000,2024/9/25 12:00,0,‚±‚±‚Éƒƒ‚‚ð‘}“ü‚Å‚«‚Ü‚·
PRMV0084266,N194000,2024/9/25 12:00,0,‚±‚±‚Éƒƒ‚‚ð‘}“ü‚Å‚«‚Ü‚·
PRMV0084267,N194000,2024/9/25 12:00,0,‚±‚±‚Éƒƒ‚‚ð‘}“ü‚Å‚«‚Ü‚·
PRMV0084268,N194000,2024/9/25 12:00,0,‚±‚±‚Éƒƒ‚‚ð‘}“ü‚Å‚«‚Ü‚·
PRMV0084269,N194000,2024/9/25 12:00,0,‚±‚±‚Éƒƒ‚‚ð‘}“ü‚Å‚«‚Ü‚·
PRMV0084270,N194000,2024/9/25 12:00,0,‚±‚±‚Éƒƒ‚‚ð‘}“ü‚Å‚«‚Ü‚·
PRMV0084271,N194000,2024/9/25 12:00,0,‚±‚±‚Éƒƒ‚‚ð‘}“ü‚Å‚«‚Ü‚·
PRMV0084272,N194000,2024/9/25 12:00,0,‚±‚±‚Éƒƒ‚‚ð‘}“ü‚Å‚«‚Ü‚·
PRMV0084273,N194000,2024/9/25 12:00,0,‚±‚±‚Éƒƒ‚‚ð‘}“ü‚Å‚«‚Ü‚·
PRMV0084274,N194000,2024/9/25 12:00,0,‚±‚±‚Éƒƒ‚‚ð‘}“ü‚Å‚«‚Ü‚·
PRMV0084275,N194000,2024/9/25 12:00,0,‚±‚±‚Éƒƒ‚‚ð‘}“ü‚Å‚«‚Ü‚·
PRMV0084276,N194000,2024/9/25 12:00,0,‚±‚±‚Éƒƒ‚‚ð‘}“ü‚Å‚«‚Ü‚·
PRMV0084277,N194000,2024/9/25 12:00,0,‚±‚±‚Éƒƒ‚‚ð‘}“ü‚Å‚«‚Ü‚·
PRMV0084278,N194000,2024/9/25 12:00,0,‚±‚±‚Éƒƒ‚‚ð‘}“ü‚Å‚«‚Ü‚·
PRMV0084279,N194000,2024/9/25 12:00,0,‚±‚±‚Éƒƒ‚‚ð‘}“ü‚Å‚«‚Ü‚·
PRMV0084280,N194000,2024/9/25 12:00,0,‚±‚±‚Éƒƒ‚‚ð‘}“ü‚Å‚«‚Ü‚·
PRMV0084281,N194000,2024/9/25 12:00,0,‚±‚±‚Éƒƒ‚‚ð‘}“ü‚Å‚«‚Ü‚·
PRMV0084282,N194000,2024/9/25 12:00,0,‚±‚±‚Éƒƒ‚‚ð‘}“ü‚Å‚«‚Ü‚·
PRMV0084283,N194000,2024/9/25 12:00,0,‚±‚±‚Éƒƒ‚‚ð‘}“ü‚Å‚«‚Ü‚·
PRMV0084284,N194000,2024/9/25 12:00,0,‚±‚±‚Éƒƒ‚‚ð‘}“ü‚Å‚«‚Ü‚·
PRMV0084285,N194000,2024/9/25 12:00,0,‚±‚±‚Éƒƒ‚‚ð‘}“ü‚Å‚«‚Ü‚·
PRMV0084286,N194000,2024/9/25 12:00,0,‚±‚±‚Éƒƒ‚‚ð‘}“ü‚Å‚«‚Ü‚·
PRMV0084287,N194000,2024/9/25 12:00,0,‚±‚±‚Éƒƒ‚‚ð‘}“ü‚Å‚«‚Ü‚·
PRMV0084288,N194000,2024/9/25 12:00,0,‚±‚±‚Éƒƒ‚‚ð‘}“ü‚Å‚«‚Ü‚·
PRMV0084289,N194000,2024/9/25 12:00,0,‚±‚±‚Éƒƒ‚‚ð‘}“ü‚Å‚«‚Ü‚·
PRMV0084290,N194000,2024/9/25 12:00,0,‚±‚±‚Éƒƒ‚‚ð‘}“ü‚Å‚«‚Ü‚·
PRMV0084291,N194000,2024/9/25 12:00,0,‚±‚±‚Éƒƒ‚‚ð‘}“ü‚Å‚«‚Ü‚·
PRMV0084292,N194000,2024/9/25 12:00,0,‚±‚±‚Éƒƒ‚‚ð‘}“ü‚Å‚«‚Ü‚·
PRMV0084293,N194000,2024/9/25 12:00,0,‚±‚±‚Éƒƒ‚‚ð‘}“ü‚Å‚«‚Ü‚·
PRMV0084295,N194000,2024/9/25 12:00,0,‚±‚±‚Éƒƒ‚‚ð‘}“ü‚Å‚«‚Ü‚·
PRMV0084296,N194000,2024/9/25 12:00,0,‚±‚±‚Éƒƒ‚‚ð‘}“ü‚Å‚«‚Ü‚·
PRMV0084297,N194000,2024/9/25 12:00,0,‚±‚±‚Éƒƒ‚‚ð‘}“ü‚Å‚«‚Ü‚·
PRMV0084298,N194000,2024/9/25 12:00,0,‚±‚±‚Éƒƒ‚‚ð‘}“ü‚Å‚«‚Ü‚·
PRMV0084299,N194000,2024/9/25 12:00,0,‚±‚±‚Éƒƒ‚‚ð‘}“ü‚Å‚«‚Ü‚·
PRMV0084300,N194000,2024/9/25 12:00,0,‚±‚±‚Éƒƒ‚‚ð‘}“ü‚Å‚«‚Ü‚·
PRMV0084301,N194000,2024/9/25 12:00,0,‚±‚±‚Éƒƒ‚‚ð‘}“ü‚Å‚«‚Ü‚·
PRMV0084302,N194000,2024/9/25 12:00,0,‚±‚±‚Éƒƒ‚‚ð‘}“ü‚Å‚«‚Ü‚·
PRMV0084303,N194000,2024/9/25 12:00,0,‚±‚±‚Éƒƒ‚‚ð‘}“ü‚Å‚«‚Ü‚·
PRMV0084304,N194000,2024/9/25 12:00,0,‚±‚±‚Éƒƒ‚‚ð‘}“ü‚Å‚«‚Ü‚·
PRMV0084305,N194000,2024/9/25 12:00,0,‚±‚±‚Éƒƒ‚‚ð‘}“ü‚Å‚«‚Ü‚·
PRMV0084306,N194000,2024/9/25 12:00,0,‚±‚±‚Éƒƒ‚‚ð‘}“ü‚Å‚«‚Ü‚·
PRMV0084307,N194000,2024/9/25 12:00,0,‚±‚±‚Éƒƒ‚‚ð‘}“ü‚Å‚«‚Ü‚·
PRMV0084308,N194000,2024/9/25 12:00,0,‚±‚±‚Éƒƒ‚‚ð‘}“ü‚Å‚«‚Ü‚·
PRMV0084309,N194000,2024/9/25 12:00,0,‚±‚±‚Éƒƒ‚‚ð‘}“ü‚Å‚«‚Ü‚·
PRMV0084310,N194000,2024/9/25 12:00,0,‚±‚±‚Éƒƒ‚‚ð‘}“ü‚Å‚«‚Ü‚·
PRMV0084311,N194000,2024/9/25 12:00,0,‚±‚±‚Éƒƒ‚‚ð‘}“ü‚Å‚«‚Ü‚·
PRMV0084312,N194000,2024/9/25 12:00,0,‚±‚±‚Éƒƒ‚‚ð‘}“ü‚Å‚«‚Ü‚·
PRMV0084313,N194000,2024/9/25 12:00,0,‚±‚±‚Éƒƒ‚‚ð‘}“ü‚Å‚«‚Ü‚·
PRMV0084314,N194000,2024/9/25 12:00,0,‚±‚±‚Éƒƒ‚‚ð‘}“ü‚Å‚«‚Ü‚·
PRMV0084315,N194000,2024/9/25 12:00,0,‚±‚±‚Éƒƒ‚‚ð‘}“ü‚Å‚«‚Ü‚·
PRMV0084316,N194000,2024/9/25 12:00,0,‚±‚±‚Éƒƒ‚‚ð‘}“ü‚Å‚«‚Ü‚·
PRMV0084317,N194000,2024/9/25 12:00,0,‚±‚±‚Éƒƒ‚‚ð‘}“ü‚Å‚«‚Ü‚·
PRMV0084318,N194000,2024/9/25 12:00,0,‚±‚±‚Éƒƒ‚‚ð‘}“ü‚Å‚«‚Ü‚·
PRMV0084319,N194000,2024/9/25 12:00,0,‚±‚±‚Éƒƒ‚‚ð‘}“ü‚Å‚«‚Ü‚·
PRMV0084320,N194000,2024/9/25 12:00,0,‚±‚±‚Éƒƒ‚‚ð‘}“ü‚Å‚«‚Ü‚·
PRMV0084321,N194000,2024/9/25 12:00,0,‚±‚±‚Éƒƒ‚‚ð‘}“ü‚Å‚«‚Ü‚·
PRMV0084322,N194000,2024/9/25 12:00,0,‚±‚±‚Éƒƒ‚‚ð‘}“ü‚Å‚«‚Ü‚·
PRMV0084323,N194000,2024/9/25 12:00,0,‚±‚±‚Éƒƒ‚‚ð‘}“ü‚Å‚«‚Ü‚·
PRMV0084324,N194000,2024/9/25 12:00,0,‚±‚±‚Éƒƒ‚‚ð‘}“ü‚Å‚«‚Ü‚·
PRMV0084325,N194000,2024/9/25 12:00,0,‚±‚±‚Éƒƒ‚‚ð‘}“ü‚Å‚«‚Ü‚·
PRMV0084326,N194000,2024/9/25 12:00,0,‚±‚±‚Éƒƒ‚‚ð‘}“ü‚Å‚«‚Ü‚·
PRMV0084327,N194000,2024/9/25 12:00,0,‚±‚±‚Éƒƒ‚‚ð‘}“ü‚Å‚«‚Ü‚·
PRMV0084328,N194000,2024/9/25 12:00,0,‚±‚±‚Éƒƒ‚‚ð‘}“ü‚Å‚«‚Ü‚·
PRMV0084329,N194000,2024/9/25 12:00,0,‚±‚±‚Éƒƒ‚‚ð‘}“ü‚Å‚«‚Ü‚·
PRMV0084330,N194000,2024/9/25 12:00,0,‚±‚±‚Éƒƒ‚‚ð‘}“ü‚Å‚«‚Ü‚·
