6,DA30DFBFE7984B3AB7D64C8E00601144,1,0,PRMV0081971 Vehicle Weight Min.C.W. －,A,45540.14462,0,0,EntryCondition,MBSE検討1回目,MBSE検討1回目,,JPN,2WD,,2,UU3:MIZOKOSHI KANATA,2,SElist_[Kei]_JPN_2WD,,1102,,kg,Variation#1,Variation#1,PRMV0081971,Vehicle Weight,Min.C.W.,－,C7A0743743214D49AE5FFB6973444FCE,PT構想審査,
4,E31254FAFE004618961108384C89EEA2,1,0,PRMV0081972 Vehicle Weight Max.C.W. －,A,45540.14463,0,0,EntryCondition,MBSE検討1回目,MBSE検討1回目,,JPN,2WD,,2,UU3:MIZOKOSHI KANATA,2,SElist_[Kei]_JPN_2WD,,1116,,kg,Variation#1,Variation#1,PRMV0081972,Vehicle Weight,Max.C.W.,－,C7A0743743214D49AE5FFB6973444FCE,PT構想審査,
4,6F2E90BEFBD042E3810CF274783D2487,1,0,PRMV0081973 Vehicle Weight スペアタイヤ&工具  －,A,45540.14463,0,0,EntryCondition,MBSE検討1回目,MBSE検討1回目,,JPN,2WD,,2,UU3:MIZOKOSHI KANATA,2,SElist_[Kei]_JPN_2WD,,1.6,,kg,Variation#1,Variation#1,PRMV0081973,Vehicle Weight,スペアタイヤ&工具 ,－,C7A0743743214D49AE5FFB6973444FCE,PT構想審査,
4,6F5CD19E6BEE47EBA7995123A05A4E9D,1,0,PRMV0081974 Vehicle Weight EPA届出重量 －,A,45540.14464,0,0,EntryCondition,MBSE検討1回目,MBSE検討1回目,,JPN,2WD,,2,UU3:MIZOKOSHI KANATA,2,SElist_[Kei]_JPN_2WD,,no App,,kg,Variation#1,Variation#1,PRMV0081974,Vehicle Weight,EPA届出重量,－,C7A0743743214D49AE5FFB6973444FCE,PT構想審査,
2,D36B477ACC3E40F08AA34209DAD96BA6,1,0,PRMV0081975 Vehicle Severe Weight PTW or GVWR －,A,45540.14465,0,0,EntryCondition,MBSE検討1回目,MBSE検討1回目,,JPN,2WD,,2,UU3:MIZOKOSHI KANATA,2,SElist_[Kei]_JPN_2WD,,1358,,kg,Variation#1,Variation#1,PRMV0081975,Vehicle Severe Weight,PTW or GVWR,－,C7A0743743214D49AE5FFB6973444FCE,PT構想審査,
2,7E02C6E67B154F92A4F0BF78C1B3F555,1,0,PRMV0081976 Vehicle Severe Weight GAWR FR －,A,45540.14465,0,0,EntryCondition,MBSE検討1回目,MBSE検討1回目,,JPN,2WD,,2,UU3:MIZOKOSHI KANATA,2,SElist_[Kei]_JPN_2WD,,n,,kg,Variation#1,Variation#1,PRMV0081976,Vehicle Severe Weight,GAWR FR,－,C7A0743743214D49AE5FFB6973444FCE,PT構想審査,
2,7397AA082BE544A9A04A06CDB8FE3004,1,0,PRMV0081977 Vehicle Severe Weight GAWR RR －,A,45540.14466,0,0,EntryCondition,MBSE検討1回目,MBSE検討1回目,,JPN,2WD,,2,UU3:MIZOKOSHI KANATA,2,SElist_[Kei]_JPN_2WD,,n,,kg,Variation#1,Variation#1,PRMV0081977,Vehicle Severe Weight,GAWR RR,－,C7A0743743214D49AE5FFB6973444FCE,PT構想審査,
2,9AC61F22BC7A42ED95CBB3AE43591579,1,0,PRMV0081978 Vehicle Severe Weight Towing －,A,45540.14468,0,0,EntryCondition,MBSE検討1回目,MBSE検討1回目,,JPN,2WD,,2,UU3:MIZOKOSHI KANATA,2,SElist_[Kei]_JPN_2WD,,no App,,kg,Variation#1,Variation#1,PRMV0081978,Vehicle Severe Weight,Towing,－,C7A0743743214D49AE5FFB6973444FCE,PT構想審査,
2,A182764EDDB94938A0A28B2798381103,1,0,PRMV0081979 空力 Cd  －,A,45540.14469,0,0,EntryCondition,MBSE検討1回目,MBSE検討1回目,,JPN,2WD,,2,UU3:MIZOKOSHI KANATA,2,SElist_[Kei]_JPN_2WD,,"0.389(NML)
0.392(MMC)",,－,Variation#1,Variation#1,PRMV0081979,空力,Cd ,－,C7A0743743214D49AE5FFB6973444FCE,PT構想審査,
2,1629E606059548199A5D5B86DEFD2B56,1,0,PRMV0081980 空力 A －,A,45540.1447,0,0,EntryCondition,MBSE検討1回目,MBSE検討1回目,,JPN,2WD,,2,UU3:MIZOKOSHI KANATA,2,SElist_[Kei]_JPN_2WD,,2.21,,m#00B2,Variation#1,Variation#1,PRMV0081980,空力,A,－,C7A0743743214D49AE5FFB6973444FCE,PT構想審査,
2,96C79065D9A344E98B96A1016F6651FA,1,0,PRMV0081981 空力 ΔCd (AGS閉→全開) －,A,45540.1447,0,0,EntryCondition,MBSE検討1回目,MBSE検討1回目,,JPN,2WD,,2,UU3:MIZOKOSHI KANATA,2,SElist_[Kei]_JPN_2WD,,n,,－,Variation#1,Variation#1,PRMV0081981,空力,ΔCd (AGS閉→全開),－,C7A0743743214D49AE5FFB6973444FCE,PT構想審査,
2,12CE1BFACA4A4A709E4F415516F2BBF0,1,0,PRMV0081982 空力 Grill shutter車速閾値 高速側 (閉→開)/(開→閉) －,A,45540.14471,0,0,EntryCondition,MBSE検討1回目,MBSE検討1回目,,JPN,2WD,,2,UU3:MIZOKOSHI KANATA,2,SElist_[Kei]_JPN_2WD,,n,,kph,Variation#1,Variation#1,PRMV0081982,空力,Grill shutter車速閾値 高速側 (閉→開)/(開→閉),－,C7A0743743214D49AE5FFB6973444FCE,PT構想審査,
2,639CBBB9082249F3B732EB1CCE7824EA,1,0,PRMV0081983 空力 Grill shutter車速閾値 低速側 (閉→開)/(開→閉) －,A,45540.14472,0,0,EntryCondition,MBSE検討1回目,MBSE検討1回目,,JPN,2WD,,2,UU3:MIZOKOSHI KANATA,2,SElist_[Kei]_JPN_2WD,,n,,kph,Variation#1,Variation#1,PRMV0081983,空力,Grill shutter車速閾値 低速側 (閉→開)/(開→閉),－,C7A0743743214D49AE5FFB6973444FCE,PT構想審査,
2,7439DCDB1B09493F8281868AE044962A,1,0,PRMV0081984 タイヤ FRサイズ －,A,45540.14473,0,0,EntryCondition,MBSE検討1回目,MBSE検討1回目,,JPN,2WD,,2,UU3:MIZOKOSHI KANATA,2,SElist_[Kei]_JPN_2WD,,165/55R15,,－,Variation#1,Variation#1,PRMV0081984,タイヤ,FRサイズ,－,C7A0743743214D49AE5FFB6973444FCE,PT構想審査,
2,1C2563B656D14FBCA06E91B7560C2466,1,0,PRMV0081985 タイヤ FR動半径 －,A,45540.14473,0,0,EntryCondition,MBSE検討1回目,MBSE検討1回目,,JPN,2WD,,2,UU3:MIZOKOSHI KANATA,2,SElist_[Kei]_JPN_2WD,,0.271,,m,Variation#1,Variation#1,PRMV0081985,タイヤ,FR動半径,－,C7A0743743214D49AE5FFB6973444FCE,PT構想審査,
2,98D3D4E964E84E5A9B4AAA3A39B0C852,1,0,"PRMV0081986 タイヤ FR RRC (ISO 28560 80kmh,210kPa) －",A,45540.14475,0,0,EntryCondition,MBSE検討1回目,MBSE検討1回目,,JPN,2WD,,2,UU3:MIZOKOSHI KANATA,2,SElist_[Kei]_JPN_2WD,,7.2,,－,Variation#1,Variation#1,PRMV0081986,タイヤ,"FR RRC (ISO 28560 80kmh,210kPa)",－,C7A0743743214D49AE5FFB6973444FCE,PT構想審査,
2,649A821DE5E74AC29AACE1106038D2E6,1,0,PRMV0081987 タイヤ FR RRC (車両状態) －,A,45540.14476,0,0,EntryCondition,MBSE検討1回目,MBSE検討1回目,,JPN,2WD,,2,UU3:MIZOKOSHI KANATA,2,SElist_[Kei]_JPN_2WD,,68,,－,Variation#1,Variation#1,PRMV0081987,タイヤ,FR RRC (車両状態),－,C7A0743743214D49AE5FFB6973444FCE,PT構想審査,
2,54E0D74C1CA746D78419BA0D8182BD69,1,0,PRMV0081988 タイヤ FR RRC (車両状態)空気圧 －,A,45540.14476,0,0,EntryCondition,MBSE検討1回目,MBSE検討1回目,,JPN,2WD,,2,UU3:MIZOKOSHI KANATA,2,SElist_[Kei]_JPN_2WD,,240,,kPa,Variation#1,Variation#1,PRMV0081988,タイヤ,FR RRC (車両状態)空気圧,－,C7A0743743214D49AE5FFB6973444FCE,PT構想審査,
2,055366E06684480FA9B42211F83383B6,1,0,PRMV0081989 タイヤ FR イナーシャ(1本)  －,A,45540.14477,0,0,EntryCondition,MBSE検討1回目,MBSE検討1回目,,JPN,2WD,,2,UU3:MIZOKOSHI KANATA,2,SElist_[Kei]_JPN_2WD,,0.49,,kgm#00B2,Variation#1,Variation#1,PRMV0081989,タイヤ,FR イナーシャ(1本) ,－,C7A0743743214D49AE5FFB6973444FCE,PT構想審査,
2,A7CE4B0F5901444DB0673575E8064937,1,0,PRMV0081990 タイヤ RRサイズ －,A,45540.14478,0,0,EntryCondition,MBSE検討1回目,MBSE検討1回目,,JPN,2WD,,2,UU3:MIZOKOSHI KANATA,2,SElist_[Kei]_JPN_2WD,,165/55R15,,－,Variation#1,Variation#1,PRMV0081990,タイヤ,RRサイズ,－,C7A0743743214D49AE5FFB6973444FCE,PT構想審査,
2,A0E457FCD36C4DFF93EE5374B18BCF1A,1,0,PRMV0081991 タイヤ RR動半径 －,A,45540.14478,0,0,EntryCondition,MBSE検討1回目,MBSE検討1回目,,JPN,2WD,,2,UU3:MIZOKOSHI KANATA,2,SElist_[Kei]_JPN_2WD,,0.271,,m,Variation#1,Variation#1,PRMV0081991,タイヤ,RR動半径,－,C7A0743743214D49AE5FFB6973444FCE,PT構想審査,
2,AFA98495527041B797AE53806D1DA4B1,1,0,"PRMV0081992 タイヤ RR RRC (ISO 28560 80kmh,210kPa) －",A,45540.14479,0,0,EntryCondition,MBSE検討1回目,MBSE検討1回目,,JPN,2WD,,2,UU3:MIZOKOSHI KANATA,2,SElist_[Kei]_JPN_2WD,,n,,－,Variation#1,Variation#1,PRMV0081992,タイヤ,"RR RRC (ISO 28560 80kmh,210kPa)",－,C7A0743743214D49AE5FFB6973444FCE,PT構想審査,
2,A68C79ADC7C649FF8B1128AB7CBC4C67,1,0,PRMV0081993 タイヤ RR RRC (車両状態) －,A,45540.14479,0,0,EntryCondition,MBSE検討1回目,MBSE検討1回目,,JPN,2WD,,2,UU3:MIZOKOSHI KANATA,2,SElist_[Kei]_JPN_2WD,,68,,－,Variation#1,Variation#1,PRMV0081993,タイヤ,RR RRC (車両状態),－,C7A0743743214D49AE5FFB6973444FCE,PT構想審査,
2,80EFAF747E58405FBBFEB415D8A784F7,1,0,PRMV0081994 タイヤ RR RRC (車両状態)空気圧 －,A,45540.1448,0,0,EntryCondition,MBSE検討1回目,MBSE検討1回目,,JPN,2WD,,2,UU3:MIZOKOSHI KANATA,2,SElist_[Kei]_JPN_2WD,,240,,kPa,Variation#1,Variation#1,PRMV0081994,タイヤ,RR RRC (車両状態)空気圧,－,C7A0743743214D49AE5FFB6973444FCE,PT構想審査,
2,5D128958A3C8490DADAEA4726984A605,1,0,PRMV0081995 タイヤ RR イナーシャ(1本)  －,A,45540.14481,0,0,EntryCondition,MBSE検討1回目,MBSE検討1回目,,JPN,2WD,,2,UU3:MIZOKOSHI KANATA,2,SElist_[Kei]_JPN_2WD,,0.49,,kgm#00B2,Variation#1,Variation#1,PRMV0081995,タイヤ,RR イナーシャ(1本) ,－,C7A0743743214D49AE5FFB6973444FCE,PT構想審査,
2,3D4E6CEFB9964A178C10B68CFEA62060,1,0,PRMV0081996 ホイール 仕様 －,A,45540.14481,0,0,EntryCondition,MBSE検討1回目,MBSE検討1回目,,JPN,2WD,,2,UU3:MIZOKOSHI KANATA,2,SElist_[Kei]_JPN_2WD,,n,,－,Variation#1,Variation#1,PRMV0081996,ホイール,仕様,－,C7A0743743214D49AE5FFB6973444FCE,PT構想審査,
2,550B6C02C8ED4F799EE757B2440E80DF,1,0,PRMV0081997 ホイール イナーシャ(1本) －,A,45540.14483,0,0,EntryCondition,MBSE検討1回目,MBSE検討1回目,,JPN,2WD,,2,UU3:MIZOKOSHI KANATA,2,SElist_[Kei]_JPN_2WD,,no App,,kgm#00B2,Variation#1,Variation#1,PRMV0081997,ホイール,イナーシャ(1本),－,C7A0743743214D49AE5FFB6973444FCE,PT構想審査,
2,7CA870C2635942B3BEBDE9B5A8C91570,1,0,PRMV0081998 HUB Total引き摺りトルク (@80km/h) －,A,45540.14484,0,0,EntryCondition,MBSE検討1回目,MBSE検討1回目,,JPN,2WD,,2,UU3:MIZOKOSHI KANATA,2,SElist_[Kei]_JPN_2WD,,1.75,,Nm/veh,Variation#1,Variation#1,PRMV0081998,HUB,Total引き摺りトルク (@80km/h),－,C7A0743743214D49AE5FFB6973444FCE,PT構想審査,
2,3EEAA60850EC436B800031588DF650D6,1,0,PRMV0081999 HUB FR 引き摺りトルク (@80km/h) －,A,45540.14484,0,0,EntryCondition,MBSE検討1回目,MBSE検討1回目,,JPN,2WD,,2,UU3:MIZOKOSHI KANATA,2,SElist_[Kei]_JPN_2WD,,Totalに含む,,Nm/veh,Variation#1,Variation#1,PRMV0081999,HUB,FR 引き摺りトルク (@80km/h),－,C7A0743743214D49AE5FFB6973444FCE,PT構想審査,
2,2610C839659944A78A2F8A6D6E0AB161,1,0,PRMV0082000 HUB RR 引き摺りトルク (@80km/h) －,A,45540.14485,0,0,EntryCondition,MBSE検討1回目,MBSE検討1回目,,JPN,2WD,,2,UU3:MIZOKOSHI KANATA,2,SElist_[Kei]_JPN_2WD,,Totalに含む,,Nm/veh,Variation#1,Variation#1,PRMV0082000,HUB,RR 引き摺りトルク (@80km/h),－,C7A0743743214D49AE5FFB6973444FCE,PT構想審査,
2,9D60214B107542C5AC38E6425BAF9E21,1,0,PRMV0082001 HUB FR イナーシャ －,A,45540.14486,0,0,EntryCondition,MBSE検討1回目,MBSE検討1回目,,JPN,2WD,,2,UU3:MIZOKOSHI KANATA,2,SElist_[Kei]_JPN_2WD,,n,,kgm#00B2,Variation#1,Variation#1,PRMV0082001,HUB,FR イナーシャ,－,C7A0743743214D49AE5FFB6973444FCE,PT構想審査,
2,3177B95CCE7F488596DDE7746F54AC90,1,0,PRMV0082002 HUB RR イナーシャ －,A,45540.14486,0,0,EntryCondition,MBSE検討1回目,MBSE検討1回目,,JPN,2WD,,2,UU3:MIZOKOSHI KANATA,2,SElist_[Kei]_JPN_2WD,,n,,kgm#00B2,Variation#1,Variation#1,PRMV0082002,HUB,RR イナーシャ,－,C7A0743743214D49AE5FFB6973444FCE,PT構想審査,
2,D62DE64D52004DCB8C1F6900E4E6ECCA,1,0,PRMV0082003 ブレーキ 引き摺りトルク (＠経験圧3Mpa)  －,A,45540.14487,0,0,EntryCondition,MBSE検討1回目,MBSE検討1回目,,JPN,2WD,,2,UU3:MIZOKOSHI KANATA,2,SElist_[Kei]_JPN_2WD,,2,,Nm/veh,Variation#1,Variation#1,PRMV0082003,ブレーキ,引き摺りトルク (＠経験圧3Mpa) ,－,C7A0743743214D49AE5FFB6973444FCE,PT構想審査,
2,C1A719B245BB4A1CBBCC6CE5834AB4E7,1,0,PRMV0082004 ブレーキ FR引き摺りトルク (経験圧3Mpa＠60kph) －,A,45540.14488,0,0,EntryCondition,MBSE検討1回目,MBSE検討1回目,,JPN,2WD,,2,UU3:MIZOKOSHI KANATA,2,SElist_[Kei]_JPN_2WD,,n,,Nm/veh,Variation#1,Variation#1,PRMV0082004,ブレーキ,FR引き摺りトルク (経験圧3Mpa＠60kph),－,C7A0743743214D49AE5FFB6973444FCE,PT構想審査,
2,83774A1CDA9747F18C7E611A4B2E0D46,1,0,PRMV0082005 ブレーキ RR引き摺りトルク(経験圧3Mpa＠60kph) －,A,45540.14488,0,0,EntryCondition,MBSE検討1回目,MBSE検討1回目,,JPN,2WD,,2,UU3:MIZOKOSHI KANATA,2,SElist_[Kei]_JPN_2WD,,n,,Nm/veh,Variation#1,Variation#1,PRMV0082005,ブレーキ,RR引き摺りトルク(経験圧3Mpa＠60kph),－,C7A0743743214D49AE5FFB6973444FCE,PT構想審査,
2,9BA66B4C22954894A7B62AAFD48245D0,1,0,PRMV0082006 ブレーキ FRイナーシャ －,A,45540.1449,0,0,EntryCondition,MBSE検討1回目,MBSE検討1回目,,JPN,2WD,,2,UU3:MIZOKOSHI KANATA,2,SElist_[Kei]_JPN_2WD,,0,,kgm#00B2,Variation#1,Variation#1,PRMV0082006,ブレーキ,FRイナーシャ,－,C7A0743743214D49AE5FFB6973444FCE,PT構想審査,
2,A3662D0EFBAF49E79322CA58B2B5B3CA,1,0,PRMV0082007 ブレーキ RRイナーシャ －,A,45540.1449,0,0,EntryCondition,MBSE検討1回目,MBSE検討1回目,,JPN,2WD,,2,UU3:MIZOKOSHI KANATA,2,SElist_[Kei]_JPN_2WD,,0,,kgm#00B2,Variation#1,Variation#1,PRMV0082007,ブレーキ,RRイナーシャ,－,C7A0743743214D49AE5FFB6973444FCE,PT構想審査,
2,6E98B179E3C847E19467E51F679074D3,1,0,PRMV0082008 車両姿勢 グランドクリアランスMin －,A,45540.14491,0,0,EntryCondition,MBSE検討1回目,MBSE検討1回目,,JPN,2WD,,2,UU3:MIZOKOSHI KANATA,2,SElist_[Kei]_JPN_2WD,,n,,mm,Variation#1,Variation#1,PRMV0082008,車両姿勢,グランドクリアランスMin,－,C7A0743743214D49AE5FFB6973444FCE,PT構想審査,
2,817CD89CC00A4244934D3BA54CB0C94C,1,0,PRMV0082009 Test Weight 航続距離試験(ETW)Total －,A,45540.14492,0,0,EntryCondition,MBSE検討1回目,MBSE検討1回目,,JPN,2WD,,2,UU3:MIZOKOSHI KANATA,2,SElist_[Kei]_JPN_2WD,,1237,,kg,Variation#1,Variation#1,PRMV0082009,Test Weight,航続距離試験(ETW)Total,－,C7A0743743214D49AE5FFB6973444FCE,PT構想審査,
2,D604A7817B1F4B27A9F6884D27751A31,1,0,PRMV0082010 Test Weight 航続距離試験(ETW)FR －,A,45540.14492,0,0,EntryCondition,MBSE検討1回目,MBSE検討1回目,,JPN,2WD,,2,UU3:MIZOKOSHI KANATA,2,SElist_[Kei]_JPN_2WD,,TBD,,kg,Variation#1,Variation#1,PRMV0082010,Test Weight,航続距離試験(ETW)FR,－,C7A0743743214D49AE5FFB6973444FCE,PT構想審査,
2,E97523E91D5548EEA99C6BE9D7641DF9,1,0,PRMV0082011 Test Weight 航続距離試験(ETW)RR －,A,45540.14493,0,0,EntryCondition,MBSE検討1回目,MBSE検討1回目,,JPN,2WD,,2,UU3:MIZOKOSHI KANATA,2,SElist_[Kei]_JPN_2WD,,TBD,,kg,Variation#1,Variation#1,PRMV0082011,Test Weight,航続距離試験(ETW)RR,－,C7A0743743214D49AE5FFB6973444FCE,PT構想審査,
2,147E3D795BD048419DC7160E7F502869,1,0,PRMV0082012 Test Weight 動力当り前性能  －,A,45540.14493,0,0,EntryCondition,MBSE検討1回目,MBSE検討1回目,,JPN,2WD,,2,UU3:MIZOKOSHI KANATA,2,SElist_[Kei]_JPN_2WD,,1322,,kg,Variation#1,Variation#1,PRMV0082012,Test Weight,動力当り前性能 ,－,C7A0743743214D49AE5FFB6973444FCE,PT構想審査,
2,8C12D0715F5E445F960475D0F00CD623,1,0,PRMV0082013 Test Weight 動力Accerelation －,A,45540.14494,0,0,EntryCondition,MBSE検討1回目,MBSE検討1回目,,JPN,2WD,,2,UU3:MIZOKOSHI KANATA,2,SElist_[Kei]_JPN_2WD,,1247,,kg,Variation#1,Variation#1,PRMV0082013,Test Weight,動力Accerelation,－,C7A0743743214D49AE5FFB6973444FCE,PT構想審査,
2,1F114F0EAAB14D3CBF0DEC060AB60ACE,1,0,PRMV0082014 Test Weight 動力Vmax －,A,45540.14494,0,0,EntryCondition,MBSE検討1回目,MBSE検討1回目,,JPN,2WD,,2,UU3:MIZOKOSHI KANATA,2,SElist_[Kei]_JPN_2WD,,1247,,kg,Variation#1,Variation#1,PRMV0082014,Test Weight,動力Vmax,－,C7A0743743214D49AE5FFB6973444FCE,PT構想審査,
2,D7F681865F744FA28DBD1743D76300E4,1,0,PRMV0082015 Test Weight 熱NEMシビアシーン －,A,45540.14495,0,0,EntryCondition,MBSE検討1回目,MBSE検討1回目,,JPN,2WD,,2,UU3:MIZOKOSHI KANATA,2,SElist_[Kei]_JPN_2WD,,1380,,kg,Variation#1,Variation#1,PRMV0082015,Test Weight,熱NEMシビアシーン,－,C7A0743743214D49AE5FFB6973444FCE,PT構想審査,
2,00A4C0CFDB204B909EAA5397AC47CA82,1,0,PRMV0082016 Test Weight 熱加減速繰り返し走行 －,A,45540.14497,0,0,EntryCondition,MBSE検討1回目,MBSE検討1回目,,JPN,2WD,,2,UU3:MIZOKOSHI KANATA,2,SElist_[Kei]_JPN_2WD,,1380,,kg,Variation#1,Variation#1,PRMV0082016,Test Weight,熱加減速繰り返し走行,－,C7A0743743214D49AE5FFB6973444FCE,PT構想審査,
2,973CACB336804E86A604AFBF45323CAD,1,0,PRMV0082017 Test Weight 熱Towing －,A,45540.14497,0,0,EntryCondition,MBSE検討1回目,MBSE検討1回目,,JPN,2WD,,2,UU3:MIZOKOSHI KANATA,2,SElist_[Kei]_JPN_2WD,,W/O,,kg,Variation#1,Variation#1,PRMV0082017,Test Weight,熱Towing,－,C7A0743743214D49AE5FFB6973444FCE,PT構想審査,
2,79B4E5DE6C77414389DDDA3456BA217F,1,0,PRMV0082018 Test Weight 熱低温性能 －,A,45540.14498,0,0,EntryCondition,MBSE検討1回目,MBSE検討1回目,,JPN,2WD,,2,UU3:MIZOKOSHI KANATA,2,SElist_[Kei]_JPN_2WD,,1380,,kg,Variation#1,Variation#1,PRMV0082018,Test Weight,熱低温性能,－,C7A0743743214D49AE5FFB6973444FCE,PT構想審査,
2,F512D98E0FE845F6AFE7C391B7E470BD,1,0,PRMV0082019 走行抵抗 届出(Target Lset式) A0 －,A,45540.14498,0,0,EntryCondition,MBSE検討1回目,MBSE検討1回目,,JPN,2WD,,2,UU3:MIZOKOSHI KANATA,2,SElist_[Kei]_JPN_2WD,,83.536,,N,Variation#1,Variation#1,PRMV0082019,走行抵抗,届出(Target Lset式) A0,－,C7A0743743214D49AE5FFB6973444FCE,PT構想審査,
2,D837F145AEC347D0BFDE2EFAD1A537C2,1,0,PRMV0082020 走行抵抗 届出(Target Lset式) A1 －,A,45540.14499,0,0,EntryCondition,MBSE検討1回目,MBSE検討1回目,,JPN,2WD,,2,UU3:MIZOKOSHI KANATA,2,SElist_[Kei]_JPN_2WD,,-0.1307,,N/kph,Variation#1,Variation#1,PRMV0082020,走行抵抗,届出(Target Lset式) A1,－,C7A0743743214D49AE5FFB6973444FCE,PT構想審査,
2,963B776FADC141A780285FEF44DC86DA,1,0,PRMV0082021 走行抵抗 届出(Target Lset式) A2 －,A,45540.145,0,0,EntryCondition,MBSE検討1回目,MBSE検討1回目,,JPN,2WD,,2,UU3:MIZOKOSHI KANATA,2,SElist_[Kei]_JPN_2WD,,0.04365,,N/kph#00B2,Variation#1,Variation#1,PRMV0082021,走行抵抗,届出(Target Lset式) A2,－,C7A0743743214D49AE5FFB6973444FCE,PT構想審査,
3,367CF64156C14C73B4F819DA366328F5,1,0,PRMV0082022 走行抵抗 届出(Target Lset式) IP －,A,45553.00174,0,0,EntryCondition,MBSE検討1回目,MBSE検討1回目,,JPN,2WD,,2,UU3:MIZOKOSHI KANATA,2,SElist_[Kei]_JPN_2WD,,1237,,kg,Variation#1,Variation#1,PRMV0082022,走行抵抗,届出(Target Lset式) IP,－,C7A0743743214D49AE5FFB6973444FCE,PT構想審査,
2,B062B5A949C845FE8D92B66B3E86E9D1,1,0,PRMV0082023 性能検討用走行抵抗式(ePT連れ回り排除) 航続距離(C/D車載状態)A0 －,A,45540.14501,0,0,EntryCondition,MBSE検討1回目,MBSE検討1回目,,JPN,2WD,,2,UU3:MIZOKOSHI KANATA,2,SElist_[Kei]_JPN_2WD,,83.536,,N,Variation#1,Variation#1,PRMV0082023,性能検討用走行抵抗式(ePT連れ回り排除),航続距離(C/D車載状態)A0,－,C7A0743743214D49AE5FFB6973444FCE,PT構想審査,
2,19596108C6C547C6AAE356363569FECE,1,0,PRMV0082024 性能検討用走行抵抗式(ePT連れ回り排除) 航続距離(C/D車載状態)A1 －,A,45540.14501,0,0,EntryCondition,MBSE検討1回目,MBSE検討1回目,,JPN,2WD,,2,UU3:MIZOKOSHI KANATA,2,SElist_[Kei]_JPN_2WD,,-0.1307,,N/kph,Variation#1,Variation#1,PRMV0082024,性能検討用走行抵抗式(ePT連れ回り排除),航続距離(C/D車載状態)A1,－,C7A0743743214D49AE5FFB6973444FCE,PT構想審査,
2,0EAF06F46DB046F8838D671076971D26,1,0,PRMV0082025 性能検討用走行抵抗式(ePT連れ回り排除) 航続距離(C/D車載状態)A2 －,A,45540.14502,0,0,EntryCondition,MBSE検討1回目,MBSE検討1回目,,JPN,2WD,,2,UU3:MIZOKOSHI KANATA,2,SElist_[Kei]_JPN_2WD,,0.04365,,N/kph#00B2,Variation#1,Variation#1,PRMV0082025,性能検討用走行抵抗式(ePT連れ回り排除),航続距離(C/D車載状態)A2,－,C7A0743743214D49AE5FFB6973444FCE,PT構想審査,
3,2BC93217FF6944ADA0C8BCC3735EC954,1,0,PRMV0082026 性能検討用走行抵抗式(ePT連れ回り排除) 航続距離(C/D車載状態)IP －,A,45553.00175,0,0,EntryCondition,MBSE検討1回目,MBSE検討1回目,,JPN,2WD,,2,UU3:MIZOKOSHI KANATA,2,SElist_[Kei]_JPN_2WD,,1237,,kg,Variation#1,Variation#1,PRMV0082026,性能検討用走行抵抗式(ePT連れ回り排除),航続距離(C/D車載状態)IP,－,C7A0743743214D49AE5FFB6973444FCE,PT構想審査,
2,61E0FB398123407FAC2E8BB82683BC3A,1,0,PRMV0082027 性能検討用走行抵抗式(ePT連れ回り排除) 動力当り前性能A0 －,A,45540.14503,0,0,EntryCondition,MBSE検討1回目,MBSE検討1回目,,JPN,2WD,,2,UU3:MIZOKOSHI KANATA,2,SElist_[Kei]_JPN_2WD,,95.657,,N,Variation#1,Variation#1,PRMV0082027,性能検討用走行抵抗式(ePT連れ回り排除),動力当り前性能A0,－,C7A0743743214D49AE5FFB6973444FCE,PT構想審査,
2,C8ABEDB5239C4B89B657623123CF13BD,1,0,PRMV0082028 性能検討用走行抵抗式(ePT連れ回り排除) 動力当り前性能A1 －,A,45540.14505,0,0,EntryCondition,MBSE検討1回目,MBSE検討1回目,,JPN,2WD,,2,UU3:MIZOKOSHI KANATA,2,SElist_[Kei]_JPN_2WD,,－,,N/kph,Variation#1,Variation#1,PRMV0082028,性能検討用走行抵抗式(ePT連れ回り排除),動力当り前性能A1,－,C7A0743743214D49AE5FFB6973444FCE,PT構想審査,
2,35E891A1293C477FBB056A196332867F,1,0,PRMV0082029 性能検討用走行抵抗式(ePT連れ回り排除) 動力当り前性能A2 －,A,45540.14505,0,0,EntryCondition,MBSE検討1回目,MBSE検討1回目,,JPN,2WD,,2,UU3:MIZOKOSHI KANATA,2,SElist_[Kei]_JPN_2WD,,0.0415,,N/kph#00B2,Variation#1,Variation#1,PRMV0082029,性能検討用走行抵抗式(ePT連れ回り排除),動力当り前性能A2,－,C7A0743743214D49AE5FFB6973444FCE,PT構想審査,
2,E76F51FE39E24DF7A993A60EA179EAE1,1,0,PRMV0082030 性能検討用走行抵抗式(ePT連れ回り排除) 動力当り前性能IP －,A,45540.14506,0,0,EntryCondition,MBSE検討1回目,MBSE検討1回目,,JPN,2WD,,2,UU3:MIZOKOSHI KANATA,2,SElist_[Kei]_JPN_2WD,,1322,,kg,Variation#1,Variation#1,PRMV0082030,性能検討用走行抵抗式(ePT連れ回り排除),動力当り前性能IP,－,C7A0743743214D49AE5FFB6973444FCE,PT構想審査,
2,4C27BE351F43497BAAFB63D4FE8D0DD9,1,0,PRMV0082031 性能検討用走行抵抗式(ePT連れ回り排除) 動力AccerelationA0 －,A,45540.14507,0,0,EntryCondition,MBSE検討1回目,MBSE検討1回目,,JPN,2WD,,2,UU3:MIZOKOSHI KANATA,2,SElist_[Kei]_JPN_2WD,,92.17,,N,Variation#1,Variation#1,PRMV0082031,性能検討用走行抵抗式(ePT連れ回り排除),動力AccerelationA0,－,C7A0743743214D49AE5FFB6973444FCE,PT構想審査,
2,F999E783354749848609C0A58B28EC00,1,0,PRMV0082032 性能検討用走行抵抗式(ePT連れ回り排除) 動力AccerelationA1 －,A,45540.14507,0,0,EntryCondition,MBSE検討1回目,MBSE検討1回目,,JPN,2WD,,2,UU3:MIZOKOSHI KANATA,2,SElist_[Kei]_JPN_2WD,,－,,N/kph,Variation#1,Variation#1,PRMV0082032,性能検討用走行抵抗式(ePT連れ回り排除),動力AccerelationA1,－,C7A0743743214D49AE5FFB6973444FCE,PT構想審査,
2,81395B00C2734A3A9640FC0D442F0893,1,0,PRMV0082033 性能検討用走行抵抗式(ePT連れ回り排除) 動力AccerelationA2 －,A,45540.14508,0,0,EntryCondition,MBSE検討1回目,MBSE検討1回目,,JPN,2WD,,2,UU3:MIZOKOSHI KANATA,2,SElist_[Kei]_JPN_2WD,,0.04365,,N/kph#00B2,Variation#1,Variation#1,PRMV0082033,性能検討用走行抵抗式(ePT連れ回り排除),動力AccerelationA2,－,C7A0743743214D49AE5FFB6973444FCE,PT構想審査,
2,EFFE7B049F7F41FEA0E57E2716E4D3C2,1,0,PRMV0082034 性能検討用走行抵抗式(ePT連れ回り排除) 動力AccerelationIP －,A,45540.14508,0,0,EntryCondition,MBSE検討1回目,MBSE検討1回目,,JPN,2WD,,2,UU3:MIZOKOSHI KANATA,2,SElist_[Kei]_JPN_2WD,,1261,,kg,Variation#1,Variation#1,PRMV0082034,性能検討用走行抵抗式(ePT連れ回り排除),動力AccerelationIP,－,C7A0743743214D49AE5FFB6973444FCE,PT構想審査,
2,A82C06623C854B9BB9C7EB1DF7494847,1,0,PRMV0082035 性能検討用走行抵抗式(ePT連れ回り排除) 動力VmaxA0 －,A,45540.14509,0,0,EntryCondition,MBSE検討1回目,MBSE検討1回目,,JPN,2WD,,2,UU3:MIZOKOSHI KANATA,2,SElist_[Kei]_JPN_2WD,,92.17,,N,Variation#1,Variation#1,PRMV0082035,性能検討用走行抵抗式(ePT連れ回り排除),動力VmaxA0,－,C7A0743743214D49AE5FFB6973444FCE,PT構想審査,
2,65BDE7BA193649798EBA7F3F4B723810,1,0,PRMV0082036 性能検討用走行抵抗式(ePT連れ回り排除) 動力VmaxA1 －,A,45540.1451,0,0,EntryCondition,MBSE検討1回目,MBSE検討1回目,,JPN,2WD,,2,UU3:MIZOKOSHI KANATA,2,SElist_[Kei]_JPN_2WD,,－,,N/kph,Variation#1,Variation#1,PRMV0082036,性能検討用走行抵抗式(ePT連れ回り排除),動力VmaxA1,－,C7A0743743214D49AE5FFB6973444FCE,PT構想審査,
2,11828573B1CB4A2092460FDB5DBA3F43,1,0,PRMV0082037 性能検討用走行抵抗式(ePT連れ回り排除) 動力VmaxA2 －,A,45540.1451,0,0,EntryCondition,MBSE検討1回目,MBSE検討1回目,,JPN,2WD,,2,UU3:MIZOKOSHI KANATA,2,SElist_[Kei]_JPN_2WD,,0.04365,,N/kph#00B2,Variation#1,Variation#1,PRMV0082037,性能検討用走行抵抗式(ePT連れ回り排除),動力VmaxA2,－,C7A0743743214D49AE5FFB6973444FCE,PT構想審査,
2,60A2A9E235114E85BF9F33DF1D8A1F2C,1,0,PRMV0082038 性能検討用走行抵抗式(ePT連れ回り排除) 動力VmaxIP －,A,45540.14512,0,0,EntryCondition,MBSE検討1回目,MBSE検討1回目,,JPN,2WD,,2,UU3:MIZOKOSHI KANATA,2,SElist_[Kei]_JPN_2WD,,1261,,kg,Variation#1,Variation#1,PRMV0082038,性能検討用走行抵抗式(ePT連れ回り排除),動力VmaxIP,－,C7A0743743214D49AE5FFB6973444FCE,PT構想審査,
2,A6AD3A6E929843DE8FF2130E3FEC8484,1,0,PRMV0082039 性能検討用走行抵抗式(ePT連れ回り排除) 熱NEMシビアシーンA0 －,A,45540.14512,0,0,EntryCondition,MBSE検討1回目,MBSE検討1回目,,JPN,2WD,,2,UU3:MIZOKOSHI KANATA,2,SElist_[Kei]_JPN_2WD,,CDxA 0.381x2.19,,別紙,Variation#1,Variation#1,PRMV0082039,性能検討用走行抵抗式(ePT連れ回り排除),熱NEMシビアシーンA0,－,C7A0743743214D49AE5FFB6973444FCE,PT構想審査,
2,04274D05AAB8483690D0DE6571C7F8FE,1,0,PRMV0082040 性能検討用走行抵抗式(ePT連れ回り排除) 熱加減速繰り返し走行A0 －,A,45540.14513,0,0,EntryCondition,MBSE検討1回目,MBSE検討1回目,,JPN,2WD,,2,UU3:MIZOKOSHI KANATA,2,SElist_[Kei]_JPN_2WD,,90.9,,N,Variation#1,Variation#1,PRMV0082040,性能検討用走行抵抗式(ePT連れ回り排除),熱加減速繰り返し走行A0,－,C7A0743743214D49AE5FFB6973444FCE,PT構想審査,
2,939C38074886456BA51F7298C128A396,1,0,PRMV0082041 性能検討用走行抵抗式(ePT連れ回り排除) 熱加減速繰り返し走行A1 －,A,45540.14513,0,0,EntryCondition,MBSE検討1回目,MBSE検討1回目,,JPN,2WD,,2,UU3:MIZOKOSHI KANATA,2,SElist_[Kei]_JPN_2WD,,-0.0951,,N/kph,Variation#1,Variation#1,PRMV0082041,性能検討用走行抵抗式(ePT連れ回り排除),熱加減速繰り返し走行A1,－,C7A0743743214D49AE5FFB6973444FCE,PT構想審査,
2,9C540C30CD5D44EFA8A68F53B49E9162,1,0,PRMV0082042 性能検討用走行抵抗式(ePT連れ回り排除) 熱加減速繰り返し走行A2 －,A,45540.14514,0,0,EntryCondition,MBSE検討1回目,MBSE検討1回目,,JPN,2WD,,2,UU3:MIZOKOSHI KANATA,2,SElist_[Kei]_JPN_2WD,,0.04326,,N/kph#00B2,Variation#1,Variation#1,PRMV0082042,性能検討用走行抵抗式(ePT連れ回り排除),熱加減速繰り返し走行A2,－,C7A0743743214D49AE5FFB6973444FCE,PT構想審査,
2,4D58A04CB53D4D23A05C3BAEAC67F707,1,0,PRMV0082043 性能検討用走行抵抗式(ePT連れ回り排除) 熱加減速繰り返し走行IP －,A,45540.14515,0,0,EntryCondition,MBSE検討1回目,MBSE検討1回目,,JPN,2WD,,2,UU3:MIZOKOSHI KANATA,2,SElist_[Kei]_JPN_2WD,,1380,,kg,Variation#1,Variation#1,PRMV0082043,性能検討用走行抵抗式(ePT連れ回り排除),熱加減速繰り返し走行IP,－,C7A0743743214D49AE5FFB6973444FCE,PT構想審査,
2,5143C8225DFC42CD8991A5FDE0E208C7,1,0,PRMV0082044 性能検討用走行抵抗式(ePT連れ回り排除) 熱TowingA0 －,A,45540.14515,0,0,EntryCondition,MBSE検討1回目,MBSE検討1回目,,JPN,2WD,,2,UU3:MIZOKOSHI KANATA,2,SElist_[Kei]_JPN_2WD,,W/O,,N,Variation#1,Variation#1,PRMV0082044,性能検討用走行抵抗式(ePT連れ回り排除),熱TowingA0,－,C7A0743743214D49AE5FFB6973444FCE,PT構想審査,
2,A5CA64F5205F4AEA8E1466484D7989C0,1,0,PRMV0082045 性能検討用走行抵抗式(ePT連れ回り排除) 熱TowingA1 －,A,45540.14516,0,0,EntryCondition,MBSE検討1回目,MBSE検討1回目,,JPN,2WD,,2,UU3:MIZOKOSHI KANATA,2,SElist_[Kei]_JPN_2WD,,W/O,,N/kph,Variation#1,Variation#1,PRMV0082045,性能検討用走行抵抗式(ePT連れ回り排除),熱TowingA1,－,C7A0743743214D49AE5FFB6973444FCE,PT構想審査,
2,032D82A5953140369E60A3368FA64DF7,1,0,PRMV0082046 性能検討用走行抵抗式(ePT連れ回り排除) 熱TowingA2 －,A,45540.14516,0,0,EntryCondition,MBSE検討1回目,MBSE検討1回目,,JPN,2WD,,2,UU3:MIZOKOSHI KANATA,2,SElist_[Kei]_JPN_2WD,,W/O,,N/kph#00B2,Variation#1,Variation#1,PRMV0082046,性能検討用走行抵抗式(ePT連れ回り排除),熱TowingA2,－,C7A0743743214D49AE5FFB6973444FCE,PT構想審査,
2,2E81EB7A746047F88DCB6A699604A7A1,1,0,PRMV0082047 性能検討用走行抵抗式(ePT連れ回り排除) 熱TowingIP －,A,45540.14517,0,0,EntryCondition,MBSE検討1回目,MBSE検討1回目,,JPN,2WD,,2,UU3:MIZOKOSHI KANATA,2,SElist_[Kei]_JPN_2WD,,W/O,,kg,Variation#1,Variation#1,PRMV0082047,性能検討用走行抵抗式(ePT連れ回り排除),熱TowingIP,－,C7A0743743214D49AE5FFB6973444FCE,PT構想審査,
2,4A70495F66394A968F295C0AFCD542B2,1,0,PRMV0082048 性能検討用走行抵抗式(ePT連れ回り排除) 熱低温性能A0 －,A,45540.14519,0,0,EntryCondition,MBSE検討1回目,MBSE検討1回目,,JPN,2WD,,2,UU3:MIZOKOSHI KANATA,2,SElist_[Kei]_JPN_2WD,,n,,N,Variation#1,Variation#1,PRMV0082048,性能検討用走行抵抗式(ePT連れ回り排除),熱低温性能A0,－,C7A0743743214D49AE5FFB6973444FCE,PT構想審査,
2,90B783298E924E479BFB5F787BC1923C,1,0,PRMV0082049 性能検討用走行抵抗式(ePT連れ回り排除) 熱低温性能A1 －,A,45540.14519,0,0,EntryCondition,MBSE検討1回目,MBSE検討1回目,,JPN,2WD,,2,UU3:MIZOKOSHI KANATA,2,SElist_[Kei]_JPN_2WD,,n,,N/kph,Variation#1,Variation#1,PRMV0082049,性能検討用走行抵抗式(ePT連れ回り排除),熱低温性能A1,－,C7A0743743214D49AE5FFB6973444FCE,PT構想審査,
2,ADF28C4D6EB54AEABD33E1689EE1B9A2,1,0,PRMV0082050 性能検討用走行抵抗式(ePT連れ回り排除) 熱低温性能A2 －,A,45540.1452,0,0,EntryCondition,MBSE検討1回目,MBSE検討1回目,,JPN,2WD,,2,UU3:MIZOKOSHI KANATA,2,SElist_[Kei]_JPN_2WD,,n,,N/kph#00B2,Variation#1,Variation#1,PRMV0082050,性能検討用走行抵抗式(ePT連れ回り排除),熱低温性能A2,－,C7A0743743214D49AE5FFB6973444FCE,PT構想審査,
2,219C1348256B4B9188FB3346DEC2B845,1,0,PRMV0082051 性能検討用走行抵抗式(ePT連れ回り排除) 熱低温性能IP －,A,45540.1452,0,0,EntryCondition,MBSE検討1回目,MBSE検討1回目,,JPN,2WD,,2,UU3:MIZOKOSHI KANATA,2,SElist_[Kei]_JPN_2WD,,n,,kg,Variation#1,Variation#1,PRMV0082051,性能検討用走行抵抗式(ePT連れ回り排除),熱低温性能IP,－,C7A0743743214D49AE5FFB6973444FCE,PT構想審査,
2,066ED88056304EA0B5267CD935884FEF,1,0,PRMV0082052 ePT 最高システム総合出力(公称） －,A,45540.14521,0,0,EntryCondition,MBSE検討1回目,MBSE検討1回目,,JPN,2WD,,2,UU3:MIZOKOSHI KANATA,2,SElist_[Kei]_JPN_2WD,,47,,kW,Variation#1,Variation#1,PRMV0082052,ePT,最高システム総合出力(公称）,－,C7A0743743214D49AE5FFB6973444FCE,PT構想審査,
2,ABD31597DCA545FD8C67F882CFD79EFC,1,0,PRMV0082053 ePT FR MOTイナーシャ －,A,45540.14521,0,0,EntryCondition,MBSE検討1回目,MBSE検討1回目,,JPN,2WD,,2,UU3:MIZOKOSHI KANATA,2,SElist_[Kei]_JPN_2WD,,0.011045,,kgm#00B2,Variation#1,Variation#1,PRMV0082053,ePT,FR MOTイナーシャ,－,C7A0743743214D49AE5FFB6973444FCE,PT構想審査,
2,1562E4442C1B4D03AB169043161CF474,1,0,PRMV0082054 ePT FR GBイナーシャ －,A,45540.14522,0,0,EntryCondition,MBSE検討1回目,MBSE検討1回目,,JPN,2WD,,2,UU3:MIZOKOSHI KANATA,2,SElist_[Kei]_JPN_2WD,,0.134(DIFF軸上),,kgm#00B2,Variation#1,Variation#1,PRMV0082054,ePT,FR GBイナーシャ,－,C7A0743743214D49AE5FFB6973444FCE,PT構想審査,
2,B66E51B229CC49F48F1C996EDA02B355,1,0,PRMV0082055 ePT RR MOTイナーシャ －,A,45540.14522,0,0,EntryCondition,MBSE検討1回目,MBSE検討1回目,,JPN,2WD,,2,UU3:MIZOKOSHI KANATA,2,SElist_[Kei]_JPN_2WD,,n,,kgm#00B2,Variation#1,Variation#1,PRMV0082055,ePT,RR MOTイナーシャ,－,C7A0743743214D49AE5FFB6973444FCE,PT構想審査,
2,F70B85DAE2814A938452A7347C7068E4,1,0,PRMV0082056 ePT RR GBイナーシャ －,A,45540.14523,0,0,EntryCondition,MBSE検討1回目,MBSE検討1回目,,JPN,2WD,,2,UU3:MIZOKOSHI KANATA,2,SElist_[Kei]_JPN_2WD,,no App,,kgm#00B2,Variation#1,Variation#1,PRMV0082056,ePT,RR GBイナーシャ,－,C7A0743743214D49AE5FFB6973444FCE,PT構想審査,
2,36AC8C5DBE014B229697D315B00AA658,1,0,PRMV0082057 ePT FR MOT制限設定トルク上限(第一象限) －,A,45540.14524,0,0,EntryCondition,MBSE検討1回目,MBSE検討1回目,,JPN,2WD,,2,UU3:MIZOKOSHI KANATA,2,SElist_[Kei]_JPN_2WD,,135,,Nm,Variation#1,Variation#1,PRMV0082057,ePT,FR MOT制限設定トルク上限(第一象限),－,C7A0743743214D49AE5FFB6973444FCE,PT構想審査,
2,16A94DF31635445AB93524F9AA91CE62,1,0,PRMV0082058 ePT FR MOT制限設定トルク下限(第四象限) －,A,45540.14524,0,0,EntryCondition,MBSE検討1回目,MBSE検討1回目,,JPN,2WD,,2,UU3:MIZOKOSHI KANATA,2,SElist_[Kei]_JPN_2WD,,-135,,Nm,Variation#1,Variation#1,PRMV0082058,ePT,FR MOT制限設定トルク下限(第四象限),－,C7A0743743214D49AE5FFB6973444FCE,PT構想審査,
2,13D3772415CD4BE6B654E467E3A4AC0B,1,0,PRMV0082059 ePT FR GB減速比 －,A,45540.14525,0,0,EntryCondition,MBSE検討1回目,MBSE検討1回目,,JPN,2WD,,2,UU3:MIZOKOSHI KANATA,2,SElist_[Kei]_JPN_2WD,,12.728,,－,Variation#1,Variation#1,PRMV0082059,ePT,FR GB減速比,－,C7A0743743214D49AE5FFB6973444FCE,PT構想審査,
2,E004CD8291B74036AD884DBA709ED6E8,1,0,PRMV0082060 ePT RR MOT制限設定トルク上限(第一象限) －,A,45540.14525,0,0,EntryCondition,MBSE検討1回目,MBSE検討1回目,,JPN,2WD,,2,UU3:MIZOKOSHI KANATA,2,SElist_[Kei]_JPN_2WD,,no App,,Nm,Variation#1,Variation#1,PRMV0082060,ePT,RR MOT制限設定トルク上限(第一象限),－,C7A0743743214D49AE5FFB6973444FCE,PT構想審査,
2,6CDC2F0A1CB841B199C6547A5A3DB194,1,0,PRMV0082061 ePT RR MOT制限設定トルク下限(第四象限) －,A,45540.14527,0,0,EntryCondition,MBSE検討1回目,MBSE検討1回目,,JPN,2WD,,2,UU3:MIZOKOSHI KANATA,2,SElist_[Kei]_JPN_2WD,,no App,,Nm,Variation#1,Variation#1,PRMV0082061,ePT,RR MOT制限設定トルク下限(第四象限),－,C7A0743743214D49AE5FFB6973444FCE,PT構想審査,
2,706D4FF534E548478D96CD7ED9AD2038,1,0,PRMV0082062 ePT RR GB減速比 －,A,45540.14527,0,0,EntryCondition,MBSE検討1回目,MBSE検討1回目,,JPN,2WD,,2,UU3:MIZOKOSHI KANATA,2,SElist_[Kei]_JPN_2WD,,no App,,－,Variation#1,Variation#1,PRMV0082062,ePT,RR GB減速比,－,C7A0743743214D49AE5FFB6973444FCE,PT構想審査,
2,59BE5346F6784C4C86C93F98DA1CA56B,1,0,PRMV0082063 ドライブシャフト FR右ドライブシャフトイナーシャ －,A,45540.14528,0,0,EntryCondition,MBSE検討1回目,MBSE検討1回目,,JPN,2WD,,2,UU3:MIZOKOSHI KANATA,2,SElist_[Kei]_JPN_2WD,,2.007×10^-3,,kgm#00B2,Variation#1,Variation#1,PRMV0082063,ドライブシャフト,FR右ドライブシャフトイナーシャ,－,C7A0743743214D49AE5FFB6973444FCE,PT構想審査,
2,0A1B036B6968471994A5691B51B8C418,1,0,PRMV0082064 ドライブシャフト FR左ドライブシャフトイナーシャ －,A,45540.14529,0,0,EntryCondition,MBSE検討1回目,MBSE検討1回目,,JPN,2WD,,2,UU3:MIZOKOSHI KANATA,2,SElist_[Kei]_JPN_2WD,,1.951×10^-3,,kgm#00B2,Variation#1,Variation#1,PRMV0082064,ドライブシャフト,FR左ドライブシャフトイナーシャ,－,C7A0743743214D49AE5FFB6973444FCE,PT構想審査,
2,C7B82C1103B945A38BFD4ECFE87330F3,1,0,PRMV0082065 ドライブシャフト RR右ドライブシャフトイナーシャ －,A,45540.14529,0,0,EntryCondition,MBSE検討1回目,MBSE検討1回目,,JPN,2WD,,2,UU3:MIZOKOSHI KANATA,2,SElist_[Kei]_JPN_2WD,,no App,,kgm#00B2,Variation#1,Variation#1,PRMV0082065,ドライブシャフト,RR右ドライブシャフトイナーシャ,－,C7A0743743214D49AE5FFB6973444FCE,PT構想審査,
2,53CB44590B43464FBE8466BF0936998E,1,0,PRMV0082066 ドライブシャフト RR左ドライブシャフトイナーシャ －,A,45540.1453,0,0,EntryCondition,MBSE検討1回目,MBSE検討1回目,,JPN,2WD,,2,UU3:MIZOKOSHI KANATA,2,SElist_[Kei]_JPN_2WD,,no App,,kgm#00B2,Variation#1,Variation#1,PRMV0082066,ドライブシャフト,RR左ドライブシャフトイナーシャ,－,C7A0743743214D49AE5FFB6973444FCE,PT構想審査,
2,4261DA4A0882422B94E32294D432DC6E,1,0,"PRMV0082067 DCDC DCDC効率(走行時弱電220W,355V入力(SOC20%),13V出力) －",A,45540.1453,0,0,EntryCondition,MBSE検討1回目,MBSE検討1回目,,JPN,2WD,,2,UU3:MIZOKOSHI KANATA,2,SElist_[Kei]_JPN_2WD,,75,,%,Variation#1,Variation#1,PRMV0082067,DCDC,"DCDC効率(走行時弱電220W,355V入力(SOC20%),13V出力)",－,C7A0743743214D49AE5FFB6973444FCE,PT構想審査,
2,7D570B135E244DE78FDBCFA1BC4A3B14,1,0,PRMV0082068 LV BATT 消費電力(電費試験時WLTCモード) －,A,45540.14531,0,0,EntryCondition,MBSE検討1回目,MBSE検討1回目,,JPN,2WD,,2,UU3:MIZOKOSHI KANATA,2,SElist_[Kei]_JPN_2WD,,227,,kW,Variation#1,Variation#1,PRMV0082068,LV BATT,消費電力(電費試験時WLTCモード),－,C7A0743743214D49AE5FFB6973444FCE,PT構想審査,
2,AEF5F35C583147AE844DAEC5D4C9D8D1,1,0,PRMV0082069 HV BATT 直列セル数 －,A,45540.14532,0,0,EntryCondition,MBSE検討1回目,MBSE検討1回目,,JPN,2WD,,2,UU3:MIZOKOSHI KANATA,2,SElist_[Kei]_JPN_2WD,,100,,cell,Variation#1,Variation#1,PRMV0082069,HV BATT,直列セル数,－,C7A0743743214D49AE5FFB6973444FCE,PT構想審査,
2,9F2E81C103A547E7BE00C567E704EF66,1,0,PRMV0082070 HV BATT 並列セル数 －,A,45540.14532,0,0,EntryCondition,MBSE検討1回目,MBSE検討1回目,,JPN,2WD,,2,UU3:MIZOKOSHI KANATA,2,SElist_[Kei]_JPN_2WD,,1,,para,Variation#1,Variation#1,PRMV0082070,HV BATT,並列セル数,－,C7A0743743214D49AE5FFB6973444FCE,PT構想審査,
2,D4215BADF5514F96AC25AF443FD6B978,1,0,PRMV0082071 HV BATT セル容量 －,A,45540.14534,0,0,EntryCondition,MBSE検討1回目,MBSE検討1回目,,JPN,2WD,,2,UU3:MIZOKOSHI KANATA,2,SElist_[Kei]_JPN_2WD,,72,,Ah,Variation#1,Variation#1,PRMV0082071,HV BATT,セル容量,－,C7A0743743214D49AE5FFB6973444FCE,PT構想審査,
2,5938B319467241ADB5602D642C6E2A7D,1,0,PRMV0082072 HV BATT パック繋ぎ抵抗 －,A,45540.14534,0,0,EntryCondition,MBSE検討1回目,MBSE検討1回目,,JPN,2WD,,2,UU3:MIZOKOSHI KANATA,2,SElist_[Kei]_JPN_2WD,,0.01(TBD),,Ω,Variation#1,Variation#1,PRMV0082072,HV BATT,パック繋ぎ抵抗,－,C7A0743743214D49AE5FFB6973444FCE,PT構想審査,
2,4861631E5C5D4F4B9DC2374406B7E4A0,1,0,PRMV0082073 HV BATT DCハーネスの抵抗 －,A,45540.14535,0,0,EntryCondition,MBSE検討1回目,MBSE検討1回目,,JPN,2WD,,2,UU3:MIZOKOSHI KANATA,2,SElist_[Kei]_JPN_2WD,,TBD,,Ω,Variation#1,Variation#1,PRMV0082073,HV BATT,DCハーネスの抵抗,－,C7A0743743214D49AE5FFB6973444FCE,PT構想審査,
2,D70B319F3C6F4204987BB5F1949A2A3E,1,0,PRMV0082074 Vehicle Weight Min.C.W. －,A,45540.14536,0,0,EntryCondition,MBSE検討1回目,MBSE検討1回目,,JPN,2WD,,2,UU3:MIZOKOSHI KANATA,2,SElist_[Kei]_JPN_2WD,,1102,,kg,Variation#2,Variation#2,PRMV0082074,Vehicle Weight,Min.C.W.,－,C7A0743743214D49AE5FFB6973444FCE,PT構想審査,
2,06C5384639DD4946896383EABF308798,1,0,PRMV0082075 Vehicle Weight Max.C.W. －,A,45540.14536,0,0,EntryCondition,MBSE検討1回目,MBSE検討1回目,,JPN,2WD,,2,UU3:MIZOKOSHI KANATA,2,SElist_[Kei]_JPN_2WD,,1116,,kg,Variation#2,Variation#2,PRMV0082075,Vehicle Weight,Max.C.W.,－,C7A0743743214D49AE5FFB6973444FCE,PT構想審査,
2,9E8761B5E3E84F6997262C6C943A586A,1,0,PRMV0082076 Vehicle Weight スペアタイヤ&工具  －,A,45540.14537,0,0,EntryCondition,MBSE検討1回目,MBSE検討1回目,,JPN,2WD,,2,UU3:MIZOKOSHI KANATA,2,SElist_[Kei]_JPN_2WD,,1.6,,kg,Variation#2,Variation#2,PRMV0082076,Vehicle Weight,スペアタイヤ&工具 ,－,C7A0743743214D49AE5FFB6973444FCE,PT構想審査,
2,9C437C2835124D7E963BD901D171D55D,1,0,PRMV0082077 Vehicle Weight EPA届出重量 －,A,45540.14537,0,0,EntryCondition,MBSE検討1回目,MBSE検討1回目,,JPN,2WD,,2,UU3:MIZOKOSHI KANATA,2,SElist_[Kei]_JPN_2WD,,no App,,kg,Variation#2,Variation#2,PRMV0082077,Vehicle Weight,EPA届出重量,－,C7A0743743214D49AE5FFB6973444FCE,PT構想審査,
2,6A9B3EF1EF5843A181F037B010469903,1,0,PRMV0082078 Vehicle Severe Weight PTW or GVWR －,A,45540.14538,0,0,EntryCondition,MBSE検討1回目,MBSE検討1回目,,JPN,2WD,,2,UU3:MIZOKOSHI KANATA,2,SElist_[Kei]_JPN_2WD,,1358,,kg,Variation#2,Variation#2,PRMV0082078,Vehicle Severe Weight,PTW or GVWR,－,C7A0743743214D49AE5FFB6973444FCE,PT構想審査,
2,F3A29C57879A49039AB954D3F896D490,1,0,PRMV0082079 Vehicle Severe Weight GAWR FR －,A,45540.14539,0,0,EntryCondition,MBSE検討1回目,MBSE検討1回目,,JPN,2WD,,2,UU3:MIZOKOSHI KANATA,2,SElist_[Kei]_JPN_2WD,,n,,kg,Variation#2,Variation#2,PRMV0082079,Vehicle Severe Weight,GAWR FR,－,C7A0743743214D49AE5FFB6973444FCE,PT構想審査,
2,3761FE2D58BD40FBB82914643669DCDC,1,0,PRMV0082080 Vehicle Severe Weight GAWR RR －,A,45540.14539,0,0,EntryCondition,MBSE検討1回目,MBSE検討1回目,,JPN,2WD,,2,UU3:MIZOKOSHI KANATA,2,SElist_[Kei]_JPN_2WD,,n,,kg,Variation#2,Variation#2,PRMV0082080,Vehicle Severe Weight,GAWR RR,－,C7A0743743214D49AE5FFB6973444FCE,PT構想審査,
2,B50479B0E9144CCD8BAC153A619812C5,1,0,PRMV0082081 Vehicle Severe Weight Towing －,A,45540.14541,0,0,EntryCondition,MBSE検討1回目,MBSE検討1回目,,JPN,2WD,,2,UU3:MIZOKOSHI KANATA,2,SElist_[Kei]_JPN_2WD,,no App,,kg,Variation#2,Variation#2,PRMV0082081,Vehicle Severe Weight,Towing,－,C7A0743743214D49AE5FFB6973444FCE,PT構想審査,
2,45D30C340C3441D49F1B3E68992F8A64,1,0,PRMV0082082 空力 Cd  －,A,45540.14542,0,0,EntryCondition,MBSE検討1回目,MBSE検討1回目,,JPN,2WD,,2,UU3:MIZOKOSHI KANATA,2,SElist_[Kei]_JPN_2WD,,"0.389(NML)
0.392(MMC)",,－,Variation#2,Variation#2,PRMV0082082,空力,Cd ,－,C7A0743743214D49AE5FFB6973444FCE,PT構想審査,
2,0EFC99946331432DA7F8F7D752B88C43,1,0,PRMV0082083 空力 A －,A,45540.14542,0,0,EntryCondition,MBSE検討1回目,MBSE検討1回目,,JPN,2WD,,2,UU3:MIZOKOSHI KANATA,2,SElist_[Kei]_JPN_2WD,,2.21,,m#00B2,Variation#2,Variation#2,PRMV0082083,空力,A,－,C7A0743743214D49AE5FFB6973444FCE,PT構想審査,
2,02E966EDF6444167B8D99F065F1A51E3,1,0,PRMV0082084 空力 ΔCd (AGS閉→全開) －,A,45540.14543,0,0,EntryCondition,MBSE検討1回目,MBSE検討1回目,,JPN,2WD,,2,UU3:MIZOKOSHI KANATA,2,SElist_[Kei]_JPN_2WD,,n,,－,Variation#2,Variation#2,PRMV0082084,空力,ΔCd (AGS閉→全開),－,C7A0743743214D49AE5FFB6973444FCE,PT構想審査,
2,994F8BFCABEE4798A4D4657C90AC2823,1,0,PRMV0082085 空力 Grill shutter車速閾値 高速側 (閉→開)/(開→閉) －,A,45540.14544,0,0,EntryCondition,MBSE検討1回目,MBSE検討1回目,,JPN,2WD,,2,UU3:MIZOKOSHI KANATA,2,SElist_[Kei]_JPN_2WD,,n,,kph,Variation#2,Variation#2,PRMV0082085,空力,Grill shutter車速閾値 高速側 (閉→開)/(開→閉),－,C7A0743743214D49AE5FFB6973444FCE,PT構想審査,
2,5BC10CF643DC46A6829FDF6150C3B83E,1,0,PRMV0082086 空力 Grill shutter車速閾値 低速側 (閉→開)/(開→閉) －,A,45540.14544,0,0,EntryCondition,MBSE検討1回目,MBSE検討1回目,,JPN,2WD,,2,UU3:MIZOKOSHI KANATA,2,SElist_[Kei]_JPN_2WD,,n,,kph,Variation#2,Variation#2,PRMV0082086,空力,Grill shutter車速閾値 低速側 (閉→開)/(開→閉),－,C7A0743743214D49AE5FFB6973444FCE,PT構想審査,
2,7A3E1FE3311E4A2B8A4BCC1089C26CC4,1,0,PRMV0082087 タイヤ FRサイズ －,A,45540.14545,0,0,EntryCondition,MBSE検討1回目,MBSE検討1回目,,JPN,2WD,,2,UU3:MIZOKOSHI KANATA,2,SElist_[Kei]_JPN_2WD,,165/55R15,,－,Variation#2,Variation#2,PRMV0082087,タイヤ,FRサイズ,－,C7A0743743214D49AE5FFB6973444FCE,PT構想審査,
2,935A8ACD4D654C1C99C9632E6D19D497,1,0,PRMV0082088 タイヤ FR動半径 －,A,45540.14545,0,0,EntryCondition,MBSE検討1回目,MBSE検討1回目,,JPN,2WD,,2,UU3:MIZOKOSHI KANATA,2,SElist_[Kei]_JPN_2WD,,0.271,,m,Variation#2,Variation#2,PRMV0082088,タイヤ,FR動半径,－,C7A0743743214D49AE5FFB6973444FCE,PT構想審査,
2,81ACD10267E24BA1B64C60E3A1E23FDF,1,0,"PRMV0082089 タイヤ FR RRC (ISO 28560 80kmh,210kPa) －",A,45540.14546,0,0,EntryCondition,MBSE検討1回目,MBSE検討1回目,,JPN,2WD,,2,UU3:MIZOKOSHI KANATA,2,SElist_[Kei]_JPN_2WD,,7.2,,－,Variation#2,Variation#2,PRMV0082089,タイヤ,"FR RRC (ISO 28560 80kmh,210kPa)",－,C7A0743743214D49AE5FFB6973444FCE,PT構想審査,
2,2CDC808F87A641428BC6E682702A9BDE,1,0,PRMV0082090 タイヤ FR RRC (車両状態) －,A,45540.14546,0,0,EntryCondition,MBSE検討1回目,MBSE検討1回目,,JPN,2WD,,2,UU3:MIZOKOSHI KANATA,2,SElist_[Kei]_JPN_2WD,,68,,－,Variation#2,Variation#2,PRMV0082090,タイヤ,FR RRC (車両状態),－,C7A0743743214D49AE5FFB6973444FCE,PT構想審査,
2,D8F75A95D9E94C3E9ACC049AA8C858B7,1,0,PRMV0082091 タイヤ FR RRC (車両状態)空気圧 －,A,45540.14547,0,0,EntryCondition,MBSE検討1回目,MBSE検討1回目,,JPN,2WD,,2,UU3:MIZOKOSHI KANATA,2,SElist_[Kei]_JPN_2WD,,240,,kPa,Variation#2,Variation#2,PRMV0082091,タイヤ,FR RRC (車両状態)空気圧,－,C7A0743743214D49AE5FFB6973444FCE,PT構想審査,
2,2D0C2544E4394BB1B6D498E471089883,1,0,PRMV0082092 タイヤ FR イナーシャ(1本)  －,A,45540.14549,0,0,EntryCondition,MBSE検討1回目,MBSE検討1回目,,JPN,2WD,,2,UU3:MIZOKOSHI KANATA,2,SElist_[Kei]_JPN_2WD,,0.49,,kgm#00B2,Variation#2,Variation#2,PRMV0082092,タイヤ,FR イナーシャ(1本) ,－,C7A0743743214D49AE5FFB6973444FCE,PT構想審査,
2,81BD53A2C2304F20A96A5583ED148079,1,0,PRMV0082093 タイヤ RRサイズ －,A,45540.14549,0,0,EntryCondition,MBSE検討1回目,MBSE検討1回目,,JPN,2WD,,2,UU3:MIZOKOSHI KANATA,2,SElist_[Kei]_JPN_2WD,,165/55R15,,－,Variation#2,Variation#2,PRMV0082093,タイヤ,RRサイズ,－,C7A0743743214D49AE5FFB6973444FCE,PT構想審査,
2,F2FB51720DD74853B55E28B87035394F,1,0,PRMV0082094 タイヤ RR動半径 －,A,45540.1455,0,0,EntryCondition,MBSE検討1回目,MBSE検討1回目,,JPN,2WD,,2,UU3:MIZOKOSHI KANATA,2,SElist_[Kei]_JPN_2WD,,0.271,,m,Variation#2,Variation#2,PRMV0082094,タイヤ,RR動半径,－,C7A0743743214D49AE5FFB6973444FCE,PT構想審査,
2,E626439B5E674977972CE19F1668A2CA,1,0,"PRMV0082095 タイヤ RR RRC (ISO 28560 80kmh,210kPa) －",A,45540.1455,0,0,EntryCondition,MBSE検討1回目,MBSE検討1回目,,JPN,2WD,,2,UU3:MIZOKOSHI KANATA,2,SElist_[Kei]_JPN_2WD,,n,,－,Variation#2,Variation#2,PRMV0082095,タイヤ,"RR RRC (ISO 28560 80kmh,210kPa)",－,C7A0743743214D49AE5FFB6973444FCE,PT構想審査,
2,EA001811D57747FC8FB1B809570C9F04,1,0,PRMV0082096 タイヤ RR RRC (車両状態) －,A,45540.14551,0,0,EntryCondition,MBSE検討1回目,MBSE検討1回目,,JPN,2WD,,2,UU3:MIZOKOSHI KANATA,2,SElist_[Kei]_JPN_2WD,,68,,－,Variation#2,Variation#2,PRMV0082096,タイヤ,RR RRC (車両状態),－,C7A0743743214D49AE5FFB6973444FCE,PT構想審査,
2,D4CF7CBB593B47B6AA3BE100A7CC12E0,1,0,PRMV0082097 タイヤ RR RRC (車両状態)空気圧 －,A,45540.14551,0,0,EntryCondition,MBSE検討1回目,MBSE検討1回目,,JPN,2WD,,2,UU3:MIZOKOSHI KANATA,2,SElist_[Kei]_JPN_2WD,,240,,kPa,Variation#2,Variation#2,PRMV0082097,タイヤ,RR RRC (車両状態)空気圧,－,C7A0743743214D49AE5FFB6973444FCE,PT構想審査,
2,98792B381CA048E79536AFC66F476853,1,0,PRMV0082098 タイヤ RR イナーシャ(1本)  －,A,45540.14552,0,0,EntryCondition,MBSE検討1回目,MBSE検討1回目,,JPN,2WD,,2,UU3:MIZOKOSHI KANATA,2,SElist_[Kei]_JPN_2WD,,0.49,,kgm#00B2,Variation#2,Variation#2,PRMV0082098,タイヤ,RR イナーシャ(1本) ,－,C7A0743743214D49AE5FFB6973444FCE,PT構想審査,
2,FA0EF7679E0642658F4EABD7545807A3,1,0,PRMV0082099 ホイール 仕様 －,A,45540.14553,0,0,EntryCondition,MBSE検討1回目,MBSE検討1回目,,JPN,2WD,,2,UU3:MIZOKOSHI KANATA,2,SElist_[Kei]_JPN_2WD,,n,,－,Variation#2,Variation#2,PRMV0082099,ホイール,仕様,－,C7A0743743214D49AE5FFB6973444FCE,PT構想審査,
2,7B2DB088AF9D4DB0A52609588289CD2F,1,0,PRMV0082100 ホイール イナーシャ(1本) －,A,45540.14553,0,0,EntryCondition,MBSE検討1回目,MBSE検討1回目,,JPN,2WD,,2,UU3:MIZOKOSHI KANATA,2,SElist_[Kei]_JPN_2WD,,no App,,kgm#00B2,Variation#2,Variation#2,PRMV0082100,ホイール,イナーシャ(1本),－,C7A0743743214D49AE5FFB6973444FCE,PT構想審査,
2,10B6753ECB524CABA7420B78AEF1A1E6,1,0,PRMV0082101 HUB Total引き摺りトルク (@80km/h) －,A,45540.14554,0,0,EntryCondition,MBSE検討1回目,MBSE検討1回目,,JPN,2WD,,2,UU3:MIZOKOSHI KANATA,2,SElist_[Kei]_JPN_2WD,,1.75,,Nm/veh,Variation#2,Variation#2,PRMV0082101,HUB,Total引き摺りトルク (@80km/h),－,C7A0743743214D49AE5FFB6973444FCE,PT構想審査,
2,73FD4D35CBCA4ACEBBFBAF241CD9DACD,1,0,PRMV0082102 HUB FR 引き摺りトルク (@80km/h) －,A,45540.14554,0,0,EntryCondition,MBSE検討1回目,MBSE検討1回目,,JPN,2WD,,2,UU3:MIZOKOSHI KANATA,2,SElist_[Kei]_JPN_2WD,,Totalに含む,,Nm/veh,Variation#2,Variation#2,PRMV0082102,HUB,FR 引き摺りトルク (@80km/h),－,C7A0743743214D49AE5FFB6973444FCE,PT構想審査,
2,2034A382770E4CA0852F4FB192A15D72,1,0,PRMV0082103 HUB RR 引き摺りトルク (@80km/h) －,A,45540.14556,0,0,EntryCondition,MBSE検討1回目,MBSE検討1回目,,JPN,2WD,,2,UU3:MIZOKOSHI KANATA,2,SElist_[Kei]_JPN_2WD,,Totalに含む,,Nm/veh,Variation#2,Variation#2,PRMV0082103,HUB,RR 引き摺りトルク (@80km/h),－,C7A0743743214D49AE5FFB6973444FCE,PT構想審査,
2,E4B9782F50DA4AFA838E8D1BB1D88A85,1,0,PRMV0082104 HUB FR イナーシャ －,A,45540.14557,0,0,EntryCondition,MBSE検討1回目,MBSE検討1回目,,JPN,2WD,,2,UU3:MIZOKOSHI KANATA,2,SElist_[Kei]_JPN_2WD,,n,,kgm#00B2,Variation#2,Variation#2,PRMV0082104,HUB,FR イナーシャ,－,C7A0743743214D49AE5FFB6973444FCE,PT構想審査,
2,C669C87148DA4D75B3F1516664FA4295,1,0,PRMV0082105 HUB RR イナーシャ －,A,45540.14557,0,0,EntryCondition,MBSE検討1回目,MBSE検討1回目,,JPN,2WD,,2,UU3:MIZOKOSHI KANATA,2,SElist_[Kei]_JPN_2WD,,n,,kgm#00B2,Variation#2,Variation#2,PRMV0082105,HUB,RR イナーシャ,－,C7A0743743214D49AE5FFB6973444FCE,PT構想審査,
2,36E694F0C1D04EF9AFEA31A7843AC05E,1,0,PRMV0082106 ブレーキ 引き摺りトルク (＠経験圧3Mpa)  －,A,45540.14558,0,0,EntryCondition,MBSE検討1回目,MBSE検討1回目,,JPN,2WD,,2,UU3:MIZOKOSHI KANATA,2,SElist_[Kei]_JPN_2WD,,2,,Nm/veh,Variation#2,Variation#2,PRMV0082106,ブレーキ,引き摺りトルク (＠経験圧3Mpa) ,－,C7A0743743214D49AE5FFB6973444FCE,PT構想審査,
2,C98D9A3EB98344BB8C34E7576E9D83FB,1,0,PRMV0082107 ブレーキ FR引き摺りトルク (経験圧3Mpa＠60kph) －,A,45540.14558,0,0,EntryCondition,MBSE検討1回目,MBSE検討1回目,,JPN,2WD,,2,UU3:MIZOKOSHI KANATA,2,SElist_[Kei]_JPN_2WD,,n,,Nm/veh,Variation#2,Variation#2,PRMV0082107,ブレーキ,FR引き摺りトルク (経験圧3Mpa＠60kph),－,C7A0743743214D49AE5FFB6973444FCE,PT構想審査,
2,73A5D175D11C40898EE67442E23FA61D,1,0,PRMV0082108 ブレーキ RR引き摺りトルク(経験圧3Mpa＠60kph) －,A,45540.14559,0,0,EntryCondition,MBSE検討1回目,MBSE検討1回目,,JPN,2WD,,2,UU3:MIZOKOSHI KANATA,2,SElist_[Kei]_JPN_2WD,,n,,Nm/veh,Variation#2,Variation#2,PRMV0082108,ブレーキ,RR引き摺りトルク(経験圧3Mpa＠60kph),－,C7A0743743214D49AE5FFB6973444FCE,PT構想審査,
2,5F710BCB97B84B8EAB7C4E1EC50D85B2,1,0,PRMV0082109 ブレーキ FRイナーシャ －,A,45540.1456,0,0,EntryCondition,MBSE検討1回目,MBSE検討1回目,,JPN,2WD,,2,UU3:MIZOKOSHI KANATA,2,SElist_[Kei]_JPN_2WD,,0,,kgm#00B2,Variation#2,Variation#2,PRMV0082109,ブレーキ,FRイナーシャ,－,C7A0743743214D49AE5FFB6973444FCE,PT構想審査,
2,CF44695D51144C9EA336FF254ADAF467,1,0,PRMV0082110 ブレーキ RRイナーシャ －,A,45540.1456,0,0,EntryCondition,MBSE検討1回目,MBSE検討1回目,,JPN,2WD,,2,UU3:MIZOKOSHI KANATA,2,SElist_[Kei]_JPN_2WD,,0,,kgm#00B2,Variation#2,Variation#2,PRMV0082110,ブレーキ,RRイナーシャ,－,C7A0743743214D49AE5FFB6973444FCE,PT構想審査,
2,7CDAD996F46B4C62BC38ECCFBD0CD587,1,0,PRMV0082111 車両姿勢 グランドクリアランスMin －,A,45540.14561,0,0,EntryCondition,MBSE検討1回目,MBSE検討1回目,,JPN,2WD,,2,UU3:MIZOKOSHI KANATA,2,SElist_[Kei]_JPN_2WD,,n,,mm,Variation#2,Variation#2,PRMV0082111,車両姿勢,グランドクリアランスMin,－,C7A0743743214D49AE5FFB6973444FCE,PT構想審査,
2,52FEBC84288C402DB72D43ACCA4A3430,1,0,PRMV0082112 Test Weight 航続距離試験(ETW)Total －,A,45540.14561,0,0,EntryCondition,MBSE検討1回目,MBSE検討1回目,,JPN,2WD,,2,UU3:MIZOKOSHI KANATA,2,SElist_[Kei]_JPN_2WD,,1237,,kg,Variation#2,Variation#2,PRMV0082112,Test Weight,航続距離試験(ETW)Total,－,C7A0743743214D49AE5FFB6973444FCE,PT構想審査,
2,2B2C70492F7A4C9581E4206CF1187118,1,0,PRMV0082113 Test Weight 航続距離試験(ETW)FR －,A,45540.14563,0,0,EntryCondition,MBSE検討1回目,MBSE検討1回目,,JPN,2WD,,2,UU3:MIZOKOSHI KANATA,2,SElist_[Kei]_JPN_2WD,,TBD,,kg,Variation#2,Variation#2,PRMV0082113,Test Weight,航続距離試験(ETW)FR,－,C7A0743743214D49AE5FFB6973444FCE,PT構想審査,
2,897621E3921E43F8B11E914764AC5B3F,1,0,PRMV0082114 Test Weight 航続距離試験(ETW)RR －,A,45540.14563,0,0,EntryCondition,MBSE検討1回目,MBSE検討1回目,,JPN,2WD,,2,UU3:MIZOKOSHI KANATA,2,SElist_[Kei]_JPN_2WD,,TBD,,kg,Variation#2,Variation#2,PRMV0082114,Test Weight,航続距離試験(ETW)RR,－,C7A0743743214D49AE5FFB6973444FCE,PT構想審査,
2,E2EDE90526D242C0A83D4B5BECD6AC63,1,0,PRMV0082115 Test Weight 動力当り前性能  －,A,45540.14564,0,0,EntryCondition,MBSE検討1回目,MBSE検討1回目,,JPN,2WD,,2,UU3:MIZOKOSHI KANATA,2,SElist_[Kei]_JPN_2WD,,1322,,kg,Variation#2,Variation#2,PRMV0082115,Test Weight,動力当り前性能 ,－,C7A0743743214D49AE5FFB6973444FCE,PT構想審査,
2,D9CC34100AEB479EB80B0BA12A7804D8,1,0,PRMV0082116 Test Weight 動力Accerelation －,A,45540.14565,0,0,EntryCondition,MBSE検討1回目,MBSE検討1回目,,JPN,2WD,,2,UU3:MIZOKOSHI KANATA,2,SElist_[Kei]_JPN_2WD,,1247,,kg,Variation#2,Variation#2,PRMV0082116,Test Weight,動力Accerelation,－,C7A0743743214D49AE5FFB6973444FCE,PT構想審査,
2,D19014DD085C406F87FD17312E13E6A9,1,0,PRMV0082117 Test Weight 動力Vmax －,A,45540.14565,0,0,EntryCondition,MBSE検討1回目,MBSE検討1回目,,JPN,2WD,,2,UU3:MIZOKOSHI KANATA,2,SElist_[Kei]_JPN_2WD,,1247,,kg,Variation#2,Variation#2,PRMV0082117,Test Weight,動力Vmax,－,C7A0743743214D49AE5FFB6973444FCE,PT構想審査,
2,21A96F360A114D938921A1F7DFB329FD,1,0,PRMV0082118 Test Weight 熱NEMシビアシーン －,A,45540.14566,0,0,EntryCondition,MBSE検討1回目,MBSE検討1回目,,JPN,2WD,,2,UU3:MIZOKOSHI KANATA,2,SElist_[Kei]_JPN_2WD,,1380,,kg,Variation#2,Variation#2,PRMV0082118,Test Weight,熱NEMシビアシーン,－,C7A0743743214D49AE5FFB6973444FCE,PT構想審査,
2,A5100D66D23D4E40B332A73786F5BE3B,1,0,PRMV0082119 Test Weight 熱加減速繰り返し走行 －,A,45540.14566,0,0,EntryCondition,MBSE検討1回目,MBSE検討1回目,,JPN,2WD,,2,UU3:MIZOKOSHI KANATA,2,SElist_[Kei]_JPN_2WD,,1380,,kg,Variation#2,Variation#2,PRMV0082119,Test Weight,熱加減速繰り返し走行,－,C7A0743743214D49AE5FFB6973444FCE,PT構想審査,
2,E25BEBA5DFD34A518E860E1FC2EA3F24,1,0,PRMV0082120 Test Weight 熱Towing －,A,45540.14567,0,0,EntryCondition,MBSE検討1回目,MBSE検討1回目,,JPN,2WD,,2,UU3:MIZOKOSHI KANATA,2,SElist_[Kei]_JPN_2WD,,W/O,,kg,Variation#2,Variation#2,PRMV0082120,Test Weight,熱Towing,－,C7A0743743214D49AE5FFB6973444FCE,PT構想審査,
2,ECECEA8A9C674FF795963C1D644D4E12,1,0,PRMV0082121 Test Weight 熱低温性能 －,A,45540.14567,0,0,EntryCondition,MBSE検討1回目,MBSE検討1回目,,JPN,2WD,,2,UU3:MIZOKOSHI KANATA,2,SElist_[Kei]_JPN_2WD,,1380,,kg,Variation#2,Variation#2,PRMV0082121,Test Weight,熱低温性能,－,C7A0743743214D49AE5FFB6973444FCE,PT構想審査,
2,DD84DF8012234366BFECF5BA0320632A,1,0,PRMV0082122 走行抵抗 届出(Target Lset式) A0 －,A,45540.14568,0,0,EntryCondition,MBSE検討1回目,MBSE検討1回目,,JPN,2WD,,2,UU3:MIZOKOSHI KANATA,2,SElist_[Kei]_JPN_2WD,,83.536,,N,Variation#2,Variation#2,PRMV0082122,走行抵抗,届出(Target Lset式) A0,－,C7A0743743214D49AE5FFB6973444FCE,PT構想審査,
2,44589027FD4841EF8DB99A3503904F16,1,0,PRMV0082123 走行抵抗 届出(Target Lset式) A1 －,A,45540.14568,0,0,EntryCondition,MBSE検討1回目,MBSE検討1回目,,JPN,2WD,,2,UU3:MIZOKOSHI KANATA,2,SElist_[Kei]_JPN_2WD,,-0.1307,,N/kph,Variation#2,Variation#2,PRMV0082123,走行抵抗,届出(Target Lset式) A1,－,C7A0743743214D49AE5FFB6973444FCE,PT構想審査,
2,6A172D861F524BEABC248992C09BD9A6,1,0,PRMV0082124 走行抵抗 届出(Target Lset式) A2 －,A,45540.14569,0,0,EntryCondition,MBSE検討1回目,MBSE検討1回目,,JPN,2WD,,2,UU3:MIZOKOSHI KANATA,2,SElist_[Kei]_JPN_2WD,,0.04365,,N/kph#00B2,Variation#2,Variation#2,PRMV0082124,走行抵抗,届出(Target Lset式) A2,－,C7A0743743214D49AE5FFB6973444FCE,PT構想審査,
3,FA05954EAE74465CACB8C46A7DFD6656,1,0,PRMV0082125 走行抵抗 届出(Target Lset式) IP －,A,45553.00175,0,0,EntryCondition,MBSE検討1回目,MBSE検討1回目,,JPN,2WD,,2,UU3:MIZOKOSHI KANATA,2,SElist_[Kei]_JPN_2WD,,1237,,kg,Variation#2,Variation#2,PRMV0082125,走行抵抗,届出(Target Lset式) IP,－,C7A0743743214D49AE5FFB6973444FCE,PT構想審査,
2,1D3D7CB44D2B4FDA911CED351C4471D6,1,0,PRMV0082126 性能検討用走行抵抗式(ePT連れ回り排除) 航続距離(C/D車載状態)A0 －,A,45540.14571,0,0,EntryCondition,MBSE検討1回目,MBSE検討1回目,,JPN,2WD,,2,UU3:MIZOKOSHI KANATA,2,SElist_[Kei]_JPN_2WD,,83.536,,N,Variation#2,Variation#2,PRMV0082126,性能検討用走行抵抗式(ePT連れ回り排除),航続距離(C/D車載状態)A0,－,C7A0743743214D49AE5FFB6973444FCE,PT構想審査,
2,19A0FF5FC9AC485E88A7CF4C4DC9B8E8,1,0,PRMV0082127 性能検討用走行抵抗式(ePT連れ回り排除) 航続距離(C/D車載状態)A1 －,A,45540.14572,0,0,EntryCondition,MBSE検討1回目,MBSE検討1回目,,JPN,2WD,,2,UU3:MIZOKOSHI KANATA,2,SElist_[Kei]_JPN_2WD,,-0.1307,,N/kph,Variation#2,Variation#2,PRMV0082127,性能検討用走行抵抗式(ePT連れ回り排除),航続距離(C/D車載状態)A1,－,C7A0743743214D49AE5FFB6973444FCE,PT構想審査,
2,9770FC31D1254BBBA1892777651D1772,1,0,PRMV0082128 性能検討用走行抵抗式(ePT連れ回り排除) 航続距離(C/D車載状態)A2 －,A,45540.14572,0,0,EntryCondition,MBSE検討1回目,MBSE検討1回目,,JPN,2WD,,2,UU3:MIZOKOSHI KANATA,2,SElist_[Kei]_JPN_2WD,,0.04365,,N/kph#00B2,Variation#2,Variation#2,PRMV0082128,性能検討用走行抵抗式(ePT連れ回り排除),航続距離(C/D車載状態)A2,－,C7A0743743214D49AE5FFB6973444FCE,PT構想審査,
3,F1EA964F73B643CB923BAD1D05EEAD81,1,0,PRMV0082129 性能検討用走行抵抗式(ePT連れ回り排除) 航続距離(C/D車載状態)IP －,A,45553.00175,0,0,EntryCondition,MBSE検討1回目,MBSE検討1回目,,JPN,2WD,,2,UU3:MIZOKOSHI KANATA,2,SElist_[Kei]_JPN_2WD,,1237,,kg,Variation#2,Variation#2,PRMV0082129,性能検討用走行抵抗式(ePT連れ回り排除),航続距離(C/D車載状態)IP,－,C7A0743743214D49AE5FFB6973444FCE,PT構想審査,
2,79C17058C20247FE97552998D340EE35,1,0,PRMV0082130 性能検討用走行抵抗式(ePT連れ回り排除) 動力当り前性能A0 －,A,45540.14574,0,0,EntryCondition,MBSE検討1回目,MBSE検討1回目,,JPN,2WD,,2,UU3:MIZOKOSHI KANATA,2,SElist_[Kei]_JPN_2WD,,95.657,,N,Variation#2,Variation#2,PRMV0082130,性能検討用走行抵抗式(ePT連れ回り排除),動力当り前性能A0,－,C7A0743743214D49AE5FFB6973444FCE,PT構想審査,
2,DA02C9F96D0A4806BF0DAF3DBCD7F7F6,1,0,PRMV0082131 性能検討用走行抵抗式(ePT連れ回り排除) 動力当り前性能A1 －,A,45540.14574,0,0,EntryCondition,MBSE検討1回目,MBSE検討1回目,,JPN,2WD,,2,UU3:MIZOKOSHI KANATA,2,SElist_[Kei]_JPN_2WD,,－,,N/kph,Variation#2,Variation#2,PRMV0082131,性能検討用走行抵抗式(ePT連れ回り排除),動力当り前性能A1,－,C7A0743743214D49AE5FFB6973444FCE,PT構想審査,
2,805ADCCD5F684AEDBBE8A5ABD4A50524,1,0,PRMV0082132 性能検討用走行抵抗式(ePT連れ回り排除) 動力当り前性能A2 －,A,45540.14575,0,0,EntryCondition,MBSE検討1回目,MBSE検討1回目,,JPN,2WD,,2,UU3:MIZOKOSHI KANATA,2,SElist_[Kei]_JPN_2WD,,0.0415,,N/kph#00B2,Variation#2,Variation#2,PRMV0082132,性能検討用走行抵抗式(ePT連れ回り排除),動力当り前性能A2,－,C7A0743743214D49AE5FFB6973444FCE,PT構想審査,
2,871786CDA16A4F75A9B54DEB2D957A18,1,0,PRMV0082133 性能検討用走行抵抗式(ePT連れ回り排除) 動力当り前性能IP －,A,45540.14575,0,0,EntryCondition,MBSE検討1回目,MBSE検討1回目,,JPN,2WD,,2,UU3:MIZOKOSHI KANATA,2,SElist_[Kei]_JPN_2WD,,1322,,kg,Variation#2,Variation#2,PRMV0082133,性能検討用走行抵抗式(ePT連れ回り排除),動力当り前性能IP,－,C7A0743743214D49AE5FFB6973444FCE,PT構想審査,
2,11C79E324EA344A6A653BA699152D94E,1,0,PRMV0082134 性能検討用走行抵抗式(ePT連れ回り排除) 動力AccerelationA0 －,A,45540.14576,0,0,EntryCondition,MBSE検討1回目,MBSE検討1回目,,JPN,2WD,,2,UU3:MIZOKOSHI KANATA,2,SElist_[Kei]_JPN_2WD,,92.17,,N,Variation#2,Variation#2,PRMV0082134,性能検討用走行抵抗式(ePT連れ回り排除),動力AccerelationA0,－,C7A0743743214D49AE5FFB6973444FCE,PT構想審査,
2,9AAAAEF9F65D42079E9AA69B5AEAF8D2,1,0,PRMV0082135 性能検討用走行抵抗式(ePT連れ回り排除) 動力AccerelationA1 －,A,45540.14578,0,0,ApproveCondition,MBSE検討1回目,MBSE検討1回目,,JPN,2WD,,2,UU3:MIZOKOSHI KANATA,2,SElist_[Kei]_JPN_2WD,,－,,N/kph,Variation#2,Variation#2,PRMV0082135,性能検討用走行抵抗式(ePT連れ回り排除),動力AccerelationA1,－,C7A0743743214D49AE5FFB6973444FCE,PT構想審査,
2,19FB57AA8BA149019540D28AFF5D3C43,1,0,PRMV0082136 性能検討用走行抵抗式(ePT連れ回り排除) 動力AccerelationA2 －,A,45540.14578,0,0,EntryCondition,MBSE検討1回目,MBSE検討1回目,,JPN,2WD,,2,UU3:MIZOKOSHI KANATA,2,SElist_[Kei]_JPN_2WD,,0.04365,,N/kph#00B2,Variation#2,Variation#2,PRMV0082136,性能検討用走行抵抗式(ePT連れ回り排除),動力AccerelationA2,－,C7A0743743214D49AE5FFB6973444FCE,PT構想審査,
2,58D819CEF2F54D01B8C5C6EBF62F60B2,1,0,PRMV0082137 性能検討用走行抵抗式(ePT連れ回り排除) 動力AccerelationIP －,A,45540.14579,0,0,EntryCondition,MBSE検討1回目,MBSE検討1回目,,JPN,2WD,,2,UU3:MIZOKOSHI KANATA,2,SElist_[Kei]_JPN_2WD,,1261,,kg,Variation#2,Variation#2,PRMV0082137,性能検討用走行抵抗式(ePT連れ回り排除),動力AccerelationIP,－,C7A0743743214D49AE5FFB6973444FCE,PT構想審査,
2,B4BC7A698359482E8913EBA4D8C755B1,1,0,PRMV0082138 性能検討用走行抵抗式(ePT連れ回り排除) 動力VmaxA0 －,A,45540.14579,0,0,EntryCondition,MBSE検討1回目,MBSE検討1回目,,JPN,2WD,,2,UU3:MIZOKOSHI KANATA,2,SElist_[Kei]_JPN_2WD,,92.17,,N,Variation#2,Variation#2,PRMV0082138,性能検討用走行抵抗式(ePT連れ回り排除),動力VmaxA0,－,C7A0743743214D49AE5FFB6973444FCE,PT構想審査,
2,D35CCE54FE45421095FCF78BCEAD7257,1,0,PRMV0082139 性能検討用走行抵抗式(ePT連れ回り排除) 動力VmaxA1 －,A,45540.1458,0,0,EntryCondition,MBSE検討1回目,MBSE検討1回目,,JPN,2WD,,2,UU3:MIZOKOSHI KANATA,2,SElist_[Kei]_JPN_2WD,,－,,N/kph,Variation#2,Variation#2,PRMV0082139,性能検討用走行抵抗式(ePT連れ回り排除),動力VmaxA1,－,C7A0743743214D49AE5FFB6973444FCE,PT構想審査,
2,163B5AC350B647A8AB725C62FD654C08,1,0,PRMV0082140 性能検討用走行抵抗式(ePT連れ回り排除) 動力VmaxA2 －,A,45540.1458,0,0,EntryCondition,MBSE検討1回目,MBSE検討1回目,,JPN,2WD,,2,UU3:MIZOKOSHI KANATA,2,SElist_[Kei]_JPN_2WD,,0.04365,,N/kph#00B2,Variation#2,Variation#2,PRMV0082140,性能検討用走行抵抗式(ePT連れ回り排除),動力VmaxA2,－,C7A0743743214D49AE5FFB6973444FCE,PT構想審査,
2,F1C0CE09DCB54DA39AE5A8510D85A6A9,1,0,PRMV0082141 性能検討用走行抵抗式(ePT連れ回り排除) 動力VmaxIP －,A,45540.14581,0,0,EntryCondition,MBSE検討1回目,MBSE検討1回目,,JPN,2WD,,2,UU3:MIZOKOSHI KANATA,2,SElist_[Kei]_JPN_2WD,,1261,,kg,Variation#2,Variation#2,PRMV0082141,性能検討用走行抵抗式(ePT連れ回り排除),動力VmaxIP,－,C7A0743743214D49AE5FFB6973444FCE,PT構想審査,
2,0C80ACD8EB064F4AB90B249141B73919,1,0,PRMV0082142 性能検討用走行抵抗式(ePT連れ回り排除) 熱NEMシビアシーンA0 －,A,45540.14581,0,0,EntryCondition,MBSE検討1回目,MBSE検討1回目,,JPN,2WD,,2,UU3:MIZOKOSHI KANATA,2,SElist_[Kei]_JPN_2WD,,CDxA 0.381x2.19,,別紙,Variation#2,Variation#2,PRMV0082142,性能検討用走行抵抗式(ePT連れ回り排除),熱NEMシビアシーンA0,－,C7A0743743214D49AE5FFB6973444FCE,PT構想審査,
2,575CB8953D9342AFA433E87B8DD02BC8,1,0,PRMV0082143 性能検討用走行抵抗式(ePT連れ回り排除) 熱加減速繰り返し走行A0 －,A,45540.14582,0,0,EntryCondition,MBSE検討1回目,MBSE検討1回目,,JPN,2WD,,2,UU3:MIZOKOSHI KANATA,2,SElist_[Kei]_JPN_2WD,,90.9,,N,Variation#2,Variation#2,PRMV0082143,性能検討用走行抵抗式(ePT連れ回り排除),熱加減速繰り返し走行A0,－,C7A0743743214D49AE5FFB6973444FCE,PT構想審査,
2,C82B14D8594847AABE289AA8A556C067,1,0,PRMV0082144 性能検討用走行抵抗式(ePT連れ回り排除) 熱加減速繰り返し走行A1 －,A,45540.14583,0,0,EntryCondition,MBSE検討1回目,MBSE検討1回目,,JPN,2WD,,2,UU3:MIZOKOSHI KANATA,2,SElist_[Kei]_JPN_2WD,,-0.0951,,N/kph,Variation#2,Variation#2,PRMV0082144,性能検討用走行抵抗式(ePT連れ回り排除),熱加減速繰り返し走行A1,－,C7A0743743214D49AE5FFB6973444FCE,PT構想審査,
2,13D9B1636D2245E48E1926B476B33AE3,1,0,PRMV0082145 性能検討用走行抵抗式(ePT連れ回り排除) 熱加減速繰り返し走行A2 －,A,45540.14583,0,0,EntryCondition,MBSE検討1回目,MBSE検討1回目,,JPN,2WD,,2,UU3:MIZOKOSHI KANATA,2,SElist_[Kei]_JPN_2WD,,0.04326,,N/kph#00B2,Variation#2,Variation#2,PRMV0082145,性能検討用走行抵抗式(ePT連れ回り排除),熱加減速繰り返し走行A2,－,C7A0743743214D49AE5FFB6973444FCE,PT構想審査,
2,C90CA205D30E4552B239ADFEBD05E8B0,1,0,PRMV0082146 性能検討用走行抵抗式(ePT連れ回り排除) 熱加減速繰り返し走行IP －,A,45540.14584,0,0,EntryCondition,MBSE検討1回目,MBSE検討1回目,,JPN,2WD,,2,UU3:MIZOKOSHI KANATA,2,SElist_[Kei]_JPN_2WD,,1380,,kg,Variation#2,Variation#2,PRMV0082146,性能検討用走行抵抗式(ePT連れ回り排除),熱加減速繰り返し走行IP,－,C7A0743743214D49AE5FFB6973444FCE,PT構想審査,
2,A9DC1F879A29450CB3E4BE618C4A4D77,1,0,PRMV0082147 性能検討用走行抵抗式(ePT連れ回り排除) 熱TowingA0 －,A,45540.14584,0,0,EntryCondition,MBSE検討1回目,MBSE検討1回目,,JPN,2WD,,2,UU3:MIZOKOSHI KANATA,2,SElist_[Kei]_JPN_2WD,,W/O,,N,Variation#2,Variation#2,PRMV0082147,性能検討用走行抵抗式(ePT連れ回り排除),熱TowingA0,－,C7A0743743214D49AE5FFB6973444FCE,PT構想審査,
2,E7CDB8989CD94261BF39319FA97254B5,1,0,PRMV0082148 性能検討用走行抵抗式(ePT連れ回り排除) 熱TowingA1 －,A,45540.14586,0,0,EntryCondition,MBSE検討1回目,MBSE検討1回目,,JPN,2WD,,2,UU3:MIZOKOSHI KANATA,2,SElist_[Kei]_JPN_2WD,,W/O,,N/kph,Variation#2,Variation#2,PRMV0082148,性能検討用走行抵抗式(ePT連れ回り排除),熱TowingA1,－,C7A0743743214D49AE5FFB6973444FCE,PT構想審査,
2,42255E964A9B488BB1053980D45B454D,1,0,PRMV0082149 性能検討用走行抵抗式(ePT連れ回り排除) 熱TowingA2 －,A,45540.14587,0,0,EntryCondition,MBSE検討1回目,MBSE検討1回目,,JPN,2WD,,2,UU3:MIZOKOSHI KANATA,2,SElist_[Kei]_JPN_2WD,,W/O,,N/kph#00B2,Variation#2,Variation#2,PRMV0082149,性能検討用走行抵抗式(ePT連れ回り排除),熱TowingA2,－,C7A0743743214D49AE5FFB6973444FCE,PT構想審査,
2,6AC7914E107A46D0885104CA05F064D2,1,0,PRMV0082150 性能検討用走行抵抗式(ePT連れ回り排除) 熱TowingIP －,A,45540.14588,0,0,EntryCondition,MBSE検討1回目,MBSE検討1回目,,JPN,2WD,,2,UU3:MIZOKOSHI KANATA,2,SElist_[Kei]_JPN_2WD,,W/O,,kg,Variation#2,Variation#2,PRMV0082150,性能検討用走行抵抗式(ePT連れ回り排除),熱TowingIP,－,C7A0743743214D49AE5FFB6973444FCE,PT構想審査,
2,4FBF1AACC5904D0CA873C695A8B52A2B,1,0,PRMV0082151 性能検討用走行抵抗式(ePT連れ回り排除) 熱低温性能A0 －,A,45540.14588,0,0,EntryCondition,MBSE検討1回目,MBSE検討1回目,,JPN,2WD,,2,UU3:MIZOKOSHI KANATA,2,SElist_[Kei]_JPN_2WD,,n,,N,Variation#2,Variation#2,PRMV0082151,性能検討用走行抵抗式(ePT連れ回り排除),熱低温性能A0,－,C7A0743743214D49AE5FFB6973444FCE,PT構想審査,
2,0CDE54C76AB643C69CDD0D43366410E6,1,0,PRMV0082152 性能検討用走行抵抗式(ePT連れ回り排除) 熱低温性能A1 －,A,45540.14589,0,0,EntryCondition,MBSE検討1回目,MBSE検討1回目,,JPN,2WD,,2,UU3:MIZOKOSHI KANATA,2,SElist_[Kei]_JPN_2WD,,n,,N/kph,Variation#2,Variation#2,PRMV0082152,性能検討用走行抵抗式(ePT連れ回り排除),熱低温性能A1,－,C7A0743743214D49AE5FFB6973444FCE,PT構想審査,
2,A202B5970D2B4317BACB5F36FCA68BD9,1,0,PRMV0082153 性能検討用走行抵抗式(ePT連れ回り排除) 熱低温性能A2 －,A,45540.1459,0,0,EntryCondition,MBSE検討1回目,MBSE検討1回目,,JPN,2WD,,2,UU3:MIZOKOSHI KANATA,2,SElist_[Kei]_JPN_2WD,,n,,N/kph#00B2,Variation#2,Variation#2,PRMV0082153,性能検討用走行抵抗式(ePT連れ回り排除),熱低温性能A2,－,C7A0743743214D49AE5FFB6973444FCE,PT構想審査,
2,C4C28ABD02EB4BE1A8ECFE0C8086664D,1,0,PRMV0082154 性能検討用走行抵抗式(ePT連れ回り排除) 熱低温性能IP －,A,45540.1459,0,0,EntryCondition,MBSE検討1回目,MBSE検討1回目,,JPN,2WD,,2,UU3:MIZOKOSHI KANATA,2,SElist_[Kei]_JPN_2WD,,n,,kg,Variation#2,Variation#2,PRMV0082154,性能検討用走行抵抗式(ePT連れ回り排除),熱低温性能IP,－,C7A0743743214D49AE5FFB6973444FCE,PT構想審査,
2,D03896F79CF64B59BB16777CB33E72BF,1,0,PRMV0082155 ePT 最高システム総合出力(公称） －,A,45540.14591,0,0,EntryCondition,MBSE検討1回目,MBSE検討1回目,,JPN,2WD,,2,UU3:MIZOKOSHI KANATA,2,SElist_[Kei]_JPN_2WD,,47,,kW,Variation#2,Variation#2,PRMV0082155,ePT,最高システム総合出力(公称）,－,C7A0743743214D49AE5FFB6973444FCE,PT構想審査,
2,1CD03CAEF3D548A890821276DE60CA8A,1,0,PRMV0082156 ePT FR MOTイナーシャ －,A,45540.14591,0,0,EntryCondition,MBSE検討1回目,MBSE検討1回目,,JPN,2WD,,2,UU3:MIZOKOSHI KANATA,2,SElist_[Kei]_JPN_2WD,,0.011045,,kgm#00B2,Variation#2,Variation#2,PRMV0082156,ePT,FR MOTイナーシャ,－,C7A0743743214D49AE5FFB6973444FCE,PT構想審査,
2,C39BC57FA0164954A969FBD975BEE365,1,0,PRMV0082157 ePT FR GBイナーシャ －,A,45540.14593,0,0,EntryCondition,MBSE検討1回目,MBSE検討1回目,,JPN,2WD,,2,UU3:MIZOKOSHI KANATA,2,SElist_[Kei]_JPN_2WD,,0.134(DIFF軸上),,kgm#00B2,Variation#2,Variation#2,PRMV0082157,ePT,FR GBイナーシャ,－,C7A0743743214D49AE5FFB6973444FCE,PT構想審査,
2,B7046AA882154BDE807324EF0F454037,1,0,PRMV0082158 ePT RR MOTイナーシャ －,A,45540.14593,0,0,EntryCondition,MBSE検討1回目,MBSE検討1回目,,JPN,2WD,,2,UU3:MIZOKOSHI KANATA,2,SElist_[Kei]_JPN_2WD,,n,,kgm#00B2,Variation#2,Variation#2,PRMV0082158,ePT,RR MOTイナーシャ,－,C7A0743743214D49AE5FFB6973444FCE,PT構想審査,
2,78FDCF3E5C6F441ABBE87757FF07F4E8,1,0,PRMV0082159 ePT RR GBイナーシャ －,A,45540.14594,0,0,EntryCondition,MBSE検討1回目,MBSE検討1回目,,JPN,2WD,,2,UU3:MIZOKOSHI KANATA,2,SElist_[Kei]_JPN_2WD,,no App,,kgm#00B2,Variation#2,Variation#2,PRMV0082159,ePT,RR GBイナーシャ,－,C7A0743743214D49AE5FFB6973444FCE,PT構想審査,
2,24267AD31A3040578991C23FEAAE860B,1,0,PRMV0082160 ePT FR MOT制限設定トルク上限(第一象限) －,A,45540.14595,0,0,EntryCondition,MBSE検討1回目,MBSE検討1回目,,JPN,2WD,,2,UU3:MIZOKOSHI KANATA,2,SElist_[Kei]_JPN_2WD,,135,,Nm,Variation#2,Variation#2,PRMV0082160,ePT,FR MOT制限設定トルク上限(第一象限),－,C7A0743743214D49AE5FFB6973444FCE,PT構想審査,
2,9C8C74324D77400CA78F0ECA06138FB0,1,0,PRMV0082161 ePT FR MOT制限設定トルク下限(第四象限) －,A,45540.14595,0,0,EntryCondition,MBSE検討1回目,MBSE検討1回目,,JPN,2WD,,2,UU3:MIZOKOSHI KANATA,2,SElist_[Kei]_JPN_2WD,,-135,,Nm,Variation#2,Variation#2,PRMV0082161,ePT,FR MOT制限設定トルク下限(第四象限),－,C7A0743743214D49AE5FFB6973444FCE,PT構想審査,
2,EC55A518B306406C83073FA1BC50DE90,1,0,PRMV0082162 ePT FR GB減速比 －,A,45540.14596,0,0,EntryCondition,MBSE検討1回目,MBSE検討1回目,,JPN,2WD,,2,UU3:MIZOKOSHI KANATA,2,SElist_[Kei]_JPN_2WD,,12.728,,－,Variation#2,Variation#2,PRMV0082162,ePT,FR GB減速比,－,C7A0743743214D49AE5FFB6973444FCE,PT構想審査,
2,6A6C2B698E1249578426F25F684EEAA5,1,0,PRMV0082163 ePT RR MOT制限設定トルク上限(第一象限) －,A,45540.14596,0,0,EntryCondition,MBSE検討1回目,MBSE検討1回目,,JPN,2WD,,2,UU3:MIZOKOSHI KANATA,2,SElist_[Kei]_JPN_2WD,,no App,,Nm,Variation#2,Variation#2,PRMV0082163,ePT,RR MOT制限設定トルク上限(第一象限),－,C7A0743743214D49AE5FFB6973444FCE,PT構想審査,
2,8D42BEE297B04577BEB714251B8DE518,1,0,PRMV0082164 ePT RR MOT制限設定トルク下限(第四象限) －,A,45540.14597,0,0,EntryCondition,MBSE検討1回目,MBSE検討1回目,,JPN,2WD,,2,UU3:MIZOKOSHI KANATA,2,SElist_[Kei]_JPN_2WD,,no App,,Nm,Variation#2,Variation#2,PRMV0082164,ePT,RR MOT制限設定トルク下限(第四象限),－,C7A0743743214D49AE5FFB6973444FCE,PT構想審査,
2,00D6B85877C04CAFA5F131A8663A7724,1,0,PRMV0082165 ePT RR GB減速比 －,A,45540.14597,0,0,EntryCondition,MBSE検討1回目,MBSE検討1回目,,JPN,2WD,,2,UU3:MIZOKOSHI KANATA,2,SElist_[Kei]_JPN_2WD,,no App,,－,Variation#2,Variation#2,PRMV0082165,ePT,RR GB減速比,－,C7A0743743214D49AE5FFB6973444FCE,PT構想審査,
2,0B6A56BB31704F2A93F6EB46A566BA04,1,0,PRMV0082166 ドライブシャフト FR右ドライブシャフトイナーシャ －,A,45540.14598,0,0,EntryCondition,MBSE検討1回目,MBSE検討1回目,,JPN,2WD,,2,UU3:MIZOKOSHI KANATA,2,SElist_[Kei]_JPN_2WD,,2.007×10^-3,,kgm#00B2,Variation#2,Variation#2,PRMV0082166,ドライブシャフト,FR右ドライブシャフトイナーシャ,－,C7A0743743214D49AE5FFB6973444FCE,PT構想審査,
2,68790E50CC76488FA2946535BFF7A7BA,1,0,PRMV0082167 ドライブシャフト FR左ドライブシャフトイナーシャ －,A,45540.14598,0,0,EntryCondition,MBSE検討1回目,MBSE検討1回目,,JPN,2WD,,2,UU3:MIZOKOSHI KANATA,2,SElist_[Kei]_JPN_2WD,,1.951×10^-3,,kgm#00B2,Variation#2,Variation#2,PRMV0082167,ドライブシャフト,FR左ドライブシャフトイナーシャ,－,C7A0743743214D49AE5FFB6973444FCE,PT構想審査,
2,642A6A00453A4846A5EABB92BB528DC6,1,0,PRMV0082168 ドライブシャフト RR右ドライブシャフトイナーシャ －,A,45540.146,0,0,EntryCondition,MBSE検討1回目,MBSE検討1回目,,JPN,2WD,,2,UU3:MIZOKOSHI KANATA,2,SElist_[Kei]_JPN_2WD,,no App,,kgm#00B2,Variation#2,Variation#2,PRMV0082168,ドライブシャフト,RR右ドライブシャフトイナーシャ,－,C7A0743743214D49AE5FFB6973444FCE,PT構想審査,
2,3B565B5012794869A6031D83F391C8BB,1,0,PRMV0082169 ドライブシャフト RR左ドライブシャフトイナーシャ －,A,45540.146,0,0,EntryCondition,MBSE検討1回目,MBSE検討1回目,,JPN,2WD,,2,UU3:MIZOKOSHI KANATA,2,SElist_[Kei]_JPN_2WD,,no App,,kgm#00B2,Variation#2,Variation#2,PRMV0082169,ドライブシャフト,RR左ドライブシャフトイナーシャ,－,C7A0743743214D49AE5FFB6973444FCE,PT構想審査,
2,34538A63AC204666B73A271049C891BE,1,0,"PRMV0082170 DCDC DCDC効率(走行時弱電220W,355V入力(SOC20%),13V出力) －",A,45540.14601,0,0,EntryCondition,MBSE検討1回目,MBSE検討1回目,,JPN,2WD,,2,UU3:MIZOKOSHI KANATA,2,SElist_[Kei]_JPN_2WD,,75,,%,Variation#2,Variation#2,PRMV0082170,DCDC,"DCDC効率(走行時弱電220W,355V入力(SOC20%),13V出力)",－,C7A0743743214D49AE5FFB6973444FCE,PT構想審査,
2,CC1AE742D9074B889742D5E56F664CE2,1,0,PRMV0082171 LV BATT 消費電力(電費試験時WLTCモード) －,A,45540.14602,0,0,EntryCondition,MBSE検討1回目,MBSE検討1回目,,JPN,2WD,,2,UU3:MIZOKOSHI KANATA,2,SElist_[Kei]_JPN_2WD,,227,,kW,Variation#2,Variation#2,PRMV0082171,LV BATT,消費電力(電費試験時WLTCモード),－,C7A0743743214D49AE5FFB6973444FCE,PT構想審査,
2,F4C0B45CD1C645C5AD63C4A4FC784544,1,0,PRMV0082172 HV BATT 直列セル数 －,A,45540.14602,0,0,EntryCondition,MBSE検討1回目,MBSE検討1回目,,JPN,2WD,,2,UU3:MIZOKOSHI KANATA,2,SElist_[Kei]_JPN_2WD,,100,,cell,Variation#2,Variation#2,PRMV0082172,HV BATT,直列セル数,－,C7A0743743214D49AE5FFB6973444FCE,PT構想審査,
2,0E8205EB80994CCCB7675DF67FE18FA6,1,0,PRMV0082173 HV BATT 並列セル数 －,A,45540.14603,0,0,EntryCondition,MBSE検討1回目,MBSE検討1回目,,JPN,2WD,,2,UU3:MIZOKOSHI KANATA,2,SElist_[Kei]_JPN_2WD,,1,,para,Variation#2,Variation#2,PRMV0082173,HV BATT,並列セル数,－,C7A0743743214D49AE5FFB6973444FCE,PT構想審査,
2,18492801768E41C59A816C0426EE0124,1,0,PRMV0082174 HV BATT セル容量 －,A,45540.14604,0,0,EntryCondition,MBSE検討1回目,MBSE検討1回目,,JPN,2WD,,2,UU3:MIZOKOSHI KANATA,2,SElist_[Kei]_JPN_2WD,,72,,Ah,Variation#2,Variation#2,PRMV0082174,HV BATT,セル容量,－,C7A0743743214D49AE5FFB6973444FCE,PT構想審査,
2,EFE713A4A04D49D7AF229147C60A4BB4,1,0,PRMV0082175 HV BATT パック繋ぎ抵抗 －,A,45540.14604,0,0,EntryCondition,MBSE検討1回目,MBSE検討1回目,,JPN,2WD,,2,UU3:MIZOKOSHI KANATA,2,SElist_[Kei]_JPN_2WD,,0.01(TBD),,Ω,Variation#2,Variation#2,PRMV0082175,HV BATT,パック繋ぎ抵抗,－,C7A0743743214D49AE5FFB6973444FCE,PT構想審査,
2,C0F33EC202CE499DAC8E17B8311D288D,1,0,PRMV0082176 HV BATT DCハーネスの抵抗 －,A,45540.14605,0,0,EntryCondition,MBSE検討1回目,MBSE検討1回目,,JPN,2WD,,2,UU3:MIZOKOSHI KANATA,2,SElist_[Kei]_JPN_2WD,,TBD,,Ω,Variation#2,Variation#2,PRMV0082176,HV BATT,DCハーネスの抵抗,－,C7A0743743214D49AE5FFB6973444FCE,PT構想審査,
2,FC9A2CC214C44CA4A52C2AA0523DA4B6,1,0,PRMV0082177 Vehicle Weight Min.C.W. －,A,45540.14605,0,0,EntryCondition,MBSE検討1回目,MBSE検討1回目,,JPN,2WD,,2,UU3:MIZOKOSHI KANATA,2,SElist_[Kei]_JPN_2WD,,1102,,kg,Variation#3,Variation#3,PRMV0082177,Vehicle Weight,Min.C.W.,－,C7A0743743214D49AE5FFB6973444FCE,PT構想審査,
2,5B2B3C8855C64A64B35CEE59E4758DA7,1,0,PRMV0082178 Vehicle Weight Max.C.W. －,A,45540.14606,0,0,EntryCondition,MBSE検討1回目,MBSE検討1回目,,JPN,2WD,,2,UU3:MIZOKOSHI KANATA,2,SElist_[Kei]_JPN_2WD,,1116,,kg,Variation#3,Variation#3,PRMV0082178,Vehicle Weight,Max.C.W.,－,C7A0743743214D49AE5FFB6973444FCE,PT構想審査,
2,503AF1F7298B49C6858B1C4CA785DBBB,1,0,PRMV0082179 Vehicle Weight スペアタイヤ&工具  －,A,45540.14608,0,0,EntryCondition,MBSE検討1回目,MBSE検討1回目,,JPN,2WD,,2,UU3:MIZOKOSHI KANATA,2,SElist_[Kei]_JPN_2WD,,1.6,,kg,Variation#3,Variation#3,PRMV0082179,Vehicle Weight,スペアタイヤ&工具 ,－,C7A0743743214D49AE5FFB6973444FCE,PT構想審査,
2,5FE48D87BAF74A72AF9BF27A105B5E33,1,0,PRMV0082180 Vehicle Weight EPA届出重量 －,A,45540.14608,0,0,EntryCondition,MBSE検討1回目,MBSE検討1回目,,JPN,2WD,,2,UU3:MIZOKOSHI KANATA,2,SElist_[Kei]_JPN_2WD,,no App,,kg,Variation#3,Variation#3,PRMV0082180,Vehicle Weight,EPA届出重量,－,C7A0743743214D49AE5FFB6973444FCE,PT構想審査,
2,ADAEBA3382BD4167A0143DEEA1D4CE8D,1,0,PRMV0082181 Vehicle Severe Weight PTW or GVWR －,A,45540.14609,0,0,EntryCondition,MBSE検討1回目,MBSE検討1回目,,JPN,2WD,,2,UU3:MIZOKOSHI KANATA,2,SElist_[Kei]_JPN_2WD,,1358,,kg,Variation#3,Variation#3,PRMV0082181,Vehicle Severe Weight,PTW or GVWR,－,C7A0743743214D49AE5FFB6973444FCE,PT構想審査,
2,A6EED9CA630049E1A6756118C769ED1A,1,0,PRMV0082182 Vehicle Severe Weight GAWR FR －,A,45540.1461,0,0,EntryCondition,MBSE検討1回目,MBSE検討1回目,,JPN,2WD,,2,UU3:MIZOKOSHI KANATA,2,SElist_[Kei]_JPN_2WD,,n,,kg,Variation#3,Variation#3,PRMV0082182,Vehicle Severe Weight,GAWR FR,－,C7A0743743214D49AE5FFB6973444FCE,PT構想審査,
2,CD8AFDCD80AB404DAFB5C86BAB704719,1,0,PRMV0082183 Vehicle Severe Weight GAWR RR －,A,45540.1461,0,0,EntryCondition,MBSE検討1回目,MBSE検討1回目,,JPN,2WD,,2,UU3:MIZOKOSHI KANATA,2,SElist_[Kei]_JPN_2WD,,n,,kg,Variation#3,Variation#3,PRMV0082183,Vehicle Severe Weight,GAWR RR,－,C7A0743743214D49AE5FFB6973444FCE,PT構想審査,
2,712F4DC4E3FE4F9382EF904E8BA86068,1,0,PRMV0082184 Vehicle Severe Weight Towing －,A,45540.14611,0,0,EntryCondition,MBSE検討1回目,MBSE検討1回目,,JPN,2WD,,2,UU3:MIZOKOSHI KANATA,2,SElist_[Kei]_JPN_2WD,,no App,,kg,Variation#3,Variation#3,PRMV0082184,Vehicle Severe Weight,Towing,－,C7A0743743214D49AE5FFB6973444FCE,PT構想審査,
2,0190E3A94C50495482AC108FF42FB0B7,1,0,PRMV0082185 空力 Cd  －,A,45540.14611,0,0,EntryCondition,MBSE検討1回目,MBSE検討1回目,,JPN,2WD,,2,UU3:MIZOKOSHI KANATA,2,SElist_[Kei]_JPN_2WD,,"0.389(NML)
0.392(MMC)",,－,Variation#3,Variation#3,PRMV0082185,空力,Cd ,－,C7A0743743214D49AE5FFB6973444FCE,PT構想審査,
2,F2B326DB13AE4D8EB1217E7993868E87,1,0,PRMV0082186 空力 A －,A,45540.14612,0,0,EntryCondition,MBSE検討1回目,MBSE検討1回目,,JPN,2WD,,2,UU3:MIZOKOSHI KANATA,2,SElist_[Kei]_JPN_2WD,,2.21,,m#00B2,Variation#3,Variation#3,PRMV0082186,空力,A,－,C7A0743743214D49AE5FFB6973444FCE,PT構想審査,
2,E0E011FC308E4F5DAE0A04BA096DF4DE,1,0,PRMV0082187 空力 ΔCd (AGS閉→全開) －,A,45540.14613,0,0,EntryCondition,MBSE検討1回目,MBSE検討1回目,,JPN,2WD,,2,UU3:MIZOKOSHI KANATA,2,SElist_[Kei]_JPN_2WD,,n,,－,Variation#3,Variation#3,PRMV0082187,空力,ΔCd (AGS閉→全開),－,C7A0743743214D49AE5FFB6973444FCE,PT構想審査,
2,78ECFA545EBF4B3AB59C574022DA3CE8,1,0,PRMV0082188 空力 Grill shutter車速閾値 高速側 (閉→開)/(開→閉) －,A,45540.14613,0,0,EntryCondition,MBSE検討1回目,MBSE検討1回目,,JPN,2WD,,2,UU3:MIZOKOSHI KANATA,2,SElist_[Kei]_JPN_2WD,,n,,kph,Variation#3,Variation#3,PRMV0082188,空力,Grill shutter車速閾値 高速側 (閉→開)/(開→閉),－,C7A0743743214D49AE5FFB6973444FCE,PT構想審査,
2,07C8A7D723234373A6A371BFF25FA9E2,1,0,PRMV0082189 空力 Grill shutter車速閾値 低速側 (閉→開)/(開→閉) －,A,45540.14615,0,0,EntryCondition,MBSE検討1回目,MBSE検討1回目,,JPN,2WD,,2,UU3:MIZOKOSHI KANATA,2,SElist_[Kei]_JPN_2WD,,n,,kph,Variation#3,Variation#3,PRMV0082189,空力,Grill shutter車速閾値 低速側 (閉→開)/(開→閉),－,C7A0743743214D49AE5FFB6973444FCE,PT構想審査,
2,29C9398C68554E5A901214C585CC5495,1,0,PRMV0082190 タイヤ FRサイズ －,A,45540.14615,0,0,EntryCondition,MBSE検討1回目,MBSE検討1回目,,JPN,2WD,,2,UU3:MIZOKOSHI KANATA,2,SElist_[Kei]_JPN_2WD,,165/55R15,,－,Variation#3,Variation#3,PRMV0082190,タイヤ,FRサイズ,－,C7A0743743214D49AE5FFB6973444FCE,PT構想審査,
2,5862C5F8CFA4409B80C2EB094271F8E8,1,0,PRMV0082191 タイヤ FR動半径 －,A,45540.14616,0,0,EntryCondition,MBSE検討1回目,MBSE検討1回目,,JPN,2WD,,2,UU3:MIZOKOSHI KANATA,2,SElist_[Kei]_JPN_2WD,,0.271,,m,Variation#3,Variation#3,PRMV0082191,タイヤ,FR動半径,－,C7A0743743214D49AE5FFB6973444FCE,PT構想審査,
2,E82B498FB6524344BBE50CD084C85149,1,0,"PRMV0082192 タイヤ FR RRC (ISO 28560 80kmh,210kPa) －",A,45540.14616,0,0,EntryCondition,MBSE検討1回目,MBSE検討1回目,,JPN,2WD,,2,UU3:MIZOKOSHI KANATA,2,SElist_[Kei]_JPN_2WD,,7.2,,－,Variation#3,Variation#3,PRMV0082192,タイヤ,"FR RRC (ISO 28560 80kmh,210kPa)",－,C7A0743743214D49AE5FFB6973444FCE,PT構想審査,
2,2D7C588993E14E61AF083C749FC75B1D,1,0,PRMV0082193 タイヤ FR RRC (車両状態) －,A,45540.14617,0,0,EntryCondition,MBSE検討1回目,MBSE検討1回目,,JPN,2WD,,2,UU3:MIZOKOSHI KANATA,2,SElist_[Kei]_JPN_2WD,,68,,－,Variation#3,Variation#3,PRMV0082193,タイヤ,FR RRC (車両状態),－,C7A0743743214D49AE5FFB6973444FCE,PT構想審査,
2,32C8A07AF2F9471899FBA605C728BACB,1,0,PRMV0082194 タイヤ FR RRC (車両状態)空気圧 －,A,45540.14617,0,0,EntryCondition,MBSE検討1回目,MBSE検討1回目,,JPN,2WD,,2,UU3:MIZOKOSHI KANATA,2,SElist_[Kei]_JPN_2WD,,240,,kPa,Variation#3,Variation#3,PRMV0082194,タイヤ,FR RRC (車両状態)空気圧,－,C7A0743743214D49AE5FFB6973444FCE,PT構想審査,
2,6C8C038002E84F1FAEA49B0EDD2447A4,1,0,PRMV0082195 タイヤ FR イナーシャ(1本)  －,A,45540.14618,0,0,EntryCondition,MBSE検討1回目,MBSE検討1回目,,JPN,2WD,,2,UU3:MIZOKOSHI KANATA,2,SElist_[Kei]_JPN_2WD,,0.49,,kgm#00B2,Variation#3,Variation#3,PRMV0082195,タイヤ,FR イナーシャ(1本) ,－,C7A0743743214D49AE5FFB6973444FCE,PT構想審査,
2,88C7277F78314AB98040B9D1FC430951,1,0,PRMV0082196 タイヤ RRサイズ －,A,45540.14619,0,0,EntryCondition,MBSE検討1回目,MBSE検討1回目,,JPN,2WD,,2,UU3:MIZOKOSHI KANATA,2,SElist_[Kei]_JPN_2WD,,165/55R15,,－,Variation#3,Variation#3,PRMV0082196,タイヤ,RRサイズ,－,C7A0743743214D49AE5FFB6973444FCE,PT構想審査,
2,DEF5E8A7BBEA467887006FE56B4E4925,1,0,PRMV0082197 タイヤ RR動半径 －,A,45540.14619,0,0,EntryCondition,MBSE検討1回目,MBSE検討1回目,,JPN,2WD,,2,UU3:MIZOKOSHI KANATA,2,SElist_[Kei]_JPN_2WD,,0.271,,m,Variation#3,Variation#3,PRMV0082197,タイヤ,RR動半径,－,C7A0743743214D49AE5FFB6973444FCE,PT構想審査,
2,895D94AC7CE2460CACEC728D188874A8,1,0,"PRMV0082198 タイヤ RR RRC (ISO 28560 80kmh,210kPa) －",A,45540.1462,0,0,EntryCondition,MBSE検討1回目,MBSE検討1回目,,JPN,2WD,,2,UU3:MIZOKOSHI KANATA,2,SElist_[Kei]_JPN_2WD,,n,,－,Variation#3,Variation#3,PRMV0082198,タイヤ,"RR RRC (ISO 28560 80kmh,210kPa)",－,C7A0743743214D49AE5FFB6973444FCE,PT構想審査,
2,163D2788CC4E47DBA9433E48F7E3C568,1,0,PRMV0082199 タイヤ RR RRC (車両状態) －,A,45540.1462,0,0,EntryCondition,MBSE検討1回目,MBSE検討1回目,,JPN,2WD,,2,UU3:MIZOKOSHI KANATA,2,SElist_[Kei]_JPN_2WD,,68,,－,Variation#3,Variation#3,PRMV0082199,タイヤ,RR RRC (車両状態),－,C7A0743743214D49AE5FFB6973444FCE,PT構想審査,
2,7BECFABAF340465AA8F3D451678CA1EA,1,0,PRMV0082200 タイヤ RR RRC (車両状態)空気圧 －,A,45540.14622,0,0,EntryCondition,MBSE検討1回目,MBSE検討1回目,,JPN,2WD,,2,UU3:MIZOKOSHI KANATA,2,SElist_[Kei]_JPN_2WD,,240,,kPa,Variation#3,Variation#3,PRMV0082200,タイヤ,RR RRC (車両状態)空気圧,－,C7A0743743214D49AE5FFB6973444FCE,PT構想審査,
2,2BEB1CFC42734C6981BF60E5408D3777,1,0,PRMV0082201 タイヤ RR イナーシャ(1本)  －,A,45540.14623,0,0,EntryCondition,MBSE検討1回目,MBSE検討1回目,,JPN,2WD,,2,UU3:MIZOKOSHI KANATA,2,SElist_[Kei]_JPN_2WD,,0.49,,kgm#00B2,Variation#3,Variation#3,PRMV0082201,タイヤ,RR イナーシャ(1本) ,－,C7A0743743214D49AE5FFB6973444FCE,PT構想審査,
2,FA996CD5101E43E18DAFE95B78225131,1,0,PRMV0082202 ホイール 仕様 －,A,45540.14624,0,0,EntryCondition,MBSE検討1回目,MBSE検討1回目,,JPN,2WD,,2,UU3:MIZOKOSHI KANATA,2,SElist_[Kei]_JPN_2WD,,n,,－,Variation#3,Variation#3,PRMV0082202,ホイール,仕様,－,C7A0743743214D49AE5FFB6973444FCE,PT構想審査,
2,D47CEA4C16674E42A599C980DAF1D8E6,1,0,PRMV0082203 ホイール イナーシャ(1本) －,A,45540.14624,0,0,EntryCondition,MBSE検討1回目,MBSE検討1回目,,JPN,2WD,,2,UU3:MIZOKOSHI KANATA,2,SElist_[Kei]_JPN_2WD,,no App,,kgm#00B2,Variation#3,Variation#3,PRMV0082203,ホイール,イナーシャ(1本),－,C7A0743743214D49AE5FFB6973444FCE,PT構想審査,
2,FE95B1E48AEF4CCDB7D2D106AC541A05,1,0,PRMV0082204 HUB Total引き摺りトルク (@80km/h) －,A,45540.14625,0,0,EntryCondition,MBSE検討1回目,MBSE検討1回目,,JPN,2WD,,2,UU3:MIZOKOSHI KANATA,2,SElist_[Kei]_JPN_2WD,,1.75,,Nm/veh,Variation#3,Variation#3,PRMV0082204,HUB,Total引き摺りトルク (@80km/h),－,C7A0743743214D49AE5FFB6973444FCE,PT構想審査,
2,558F48680DD34302A7C79CE6D57EFD49,1,0,PRMV0082205 HUB FR 引き摺りトルク (@80km/h) －,A,45540.14625,0,0,EntryCondition,MBSE検討1回目,MBSE検討1回目,,JPN,2WD,,2,UU3:MIZOKOSHI KANATA,2,SElist_[Kei]_JPN_2WD,,Totalに含む,,Nm/veh,Variation#3,Variation#3,PRMV0082205,HUB,FR 引き摺りトルク (@80km/h),－,C7A0743743214D49AE5FFB6973444FCE,PT構想審査,
2,19B7DE4503E64C7FA596818E971E6E02,1,0,PRMV0082206 HUB RR 引き摺りトルク (@80km/h) －,A,45540.14626,0,0,EntryCondition,MBSE検討1回目,MBSE検討1回目,,JPN,2WD,,2,UU3:MIZOKOSHI KANATA,2,SElist_[Kei]_JPN_2WD,,Totalに含む,,Nm/veh,Variation#3,Variation#3,PRMV0082206,HUB,RR 引き摺りトルク (@80km/h),－,C7A0743743214D49AE5FFB6973444FCE,PT構想審査,
2,EF9E18EF084248FF8E890EF8B180BE40,1,0,PRMV0082207 HUB FR イナーシャ －,A,45540.14627,0,0,EntryCondition,MBSE検討1回目,MBSE検討1回目,,JPN,2WD,,2,UU3:MIZOKOSHI KANATA,2,SElist_[Kei]_JPN_2WD,,n,,kgm#00B2,Variation#3,Variation#3,PRMV0082207,HUB,FR イナーシャ,－,C7A0743743214D49AE5FFB6973444FCE,PT構想審査,
2,DD8DE686C1E44ACDBBA49D59A024347D,1,0,PRMV0082208 HUB RR イナーシャ －,A,45540.14627,0,0,EntryCondition,MBSE検討1回目,MBSE検討1回目,,JPN,2WD,,2,UU3:MIZOKOSHI KANATA,2,SElist_[Kei]_JPN_2WD,,n,,kgm#00B2,Variation#3,Variation#3,PRMV0082208,HUB,RR イナーシャ,－,C7A0743743214D49AE5FFB6973444FCE,PT構想審査,
2,C2F6D79448644156AB8ACBD97648A5C8,1,0,PRMV0082209 ブレーキ 引き摺りトルク (＠経験圧3Mpa)  －,A,45540.14628,0,0,EntryCondition,MBSE検討1回目,MBSE検討1回目,,JPN,2WD,,2,UU3:MIZOKOSHI KANATA,2,SElist_[Kei]_JPN_2WD,,2,,Nm/veh,Variation#3,Variation#3,PRMV0082209,ブレーキ,引き摺りトルク (＠経験圧3Mpa) ,－,C7A0743743214D49AE5FFB6973444FCE,PT構想審査,
2,294F5A1E20464C73BF1DE90EC698274B,1,0,PRMV0082210 ブレーキ FR引き摺りトルク (経験圧3Mpa＠60kph) －,A,45540.14628,0,0,EntryCondition,MBSE検討1回目,MBSE検討1回目,,JPN,2WD,,2,UU3:MIZOKOSHI KANATA,2,SElist_[Kei]_JPN_2WD,,n,,Nm/veh,Variation#3,Variation#3,PRMV0082210,ブレーキ,FR引き摺りトルク (経験圧3Mpa＠60kph),－,C7A0743743214D49AE5FFB6973444FCE,PT構想審査,
2,50FD42380B944946A63C5938BE16B967,1,0,PRMV0082211 ブレーキ RR引き摺りトルク(経験圧3Mpa＠60kph) －,A,45540.1463,0,0,EntryCondition,MBSE検討1回目,MBSE検討1回目,,JPN,2WD,,2,UU3:MIZOKOSHI KANATA,2,SElist_[Kei]_JPN_2WD,,n,,Nm/veh,Variation#3,Variation#3,PRMV0082211,ブレーキ,RR引き摺りトルク(経験圧3Mpa＠60kph),－,C7A0743743214D49AE5FFB6973444FCE,PT構想審査,
2,2377942BD4D3486CA621734812272AC6,1,0,PRMV0082212 ブレーキ FRイナーシャ －,A,45540.1463,0,0,EntryCondition,MBSE検討1回目,MBSE検討1回目,,JPN,2WD,,2,UU3:MIZOKOSHI KANATA,2,SElist_[Kei]_JPN_2WD,,0,,kgm#00B2,Variation#3,Variation#3,PRMV0082212,ブレーキ,FRイナーシャ,－,C7A0743743214D49AE5FFB6973444FCE,PT構想審査,
2,751CB0B346544A3DB7DB5DCD547F699E,1,0,PRMV0082213 ブレーキ RRイナーシャ －,A,45540.14631,0,0,EntryCondition,MBSE検討1回目,MBSE検討1回目,,JPN,2WD,,2,UU3:MIZOKOSHI KANATA,2,SElist_[Kei]_JPN_2WD,,0,,kgm#00B2,Variation#3,Variation#3,PRMV0082213,ブレーキ,RRイナーシャ,－,C7A0743743214D49AE5FFB6973444FCE,PT構想審査,
2,CCE2EF502BD94EE383EFF613F3CFE825,1,0,PRMV0082214 車両姿勢 グランドクリアランスMin －,A,45540.14632,0,0,EntryCondition,MBSE検討1回目,MBSE検討1回目,,JPN,2WD,,2,UU3:MIZOKOSHI KANATA,2,SElist_[Kei]_JPN_2WD,,n,,mm,Variation#3,Variation#3,PRMV0082214,車両姿勢,グランドクリアランスMin,－,C7A0743743214D49AE5FFB6973444FCE,PT構想審査,
2,8D97D689A300485EB905652003A3B7E4,1,0,PRMV0082215 Test Weight 航続距離試験(ETW)Total －,A,45540.14632,0,0,EntryCondition,MBSE検討1回目,MBSE検討1回目,,JPN,2WD,,2,UU3:MIZOKOSHI KANATA,2,SElist_[Kei]_JPN_2WD,,1237,,kg,Variation#3,Variation#3,PRMV0082215,Test Weight,航続距離試験(ETW)Total,－,C7A0743743214D49AE5FFB6973444FCE,PT構想審査,
2,1E385ECF5CDE4D5B978CDC3E5A74A596,1,0,PRMV0082216 Test Weight 航続距離試験(ETW)FR －,A,45540.14633,0,0,EntryCondition,MBSE検討1回目,MBSE検討1回目,,JPN,2WD,,2,UU3:MIZOKOSHI KANATA,2,SElist_[Kei]_JPN_2WD,,TBD,,kg,Variation#3,Variation#3,PRMV0082216,Test Weight,航続距離試験(ETW)FR,－,C7A0743743214D49AE5FFB6973444FCE,PT構想審査,
2,2B40939C136B4030A21EDCD849E93AC1,1,0,PRMV0082217 Test Weight 航続距離試験(ETW)RR －,A,45540.14634,0,0,EntryCondition,MBSE検討1回目,MBSE検討1回目,,JPN,2WD,,2,UU3:MIZOKOSHI KANATA,2,SElist_[Kei]_JPN_2WD,,TBD,,kg,Variation#3,Variation#3,PRMV0082217,Test Weight,航続距離試験(ETW)RR,－,C7A0743743214D49AE5FFB6973444FCE,PT構想審査,
2,A15EDBDAD8424D1B8D25E9581BA50E1E,1,0,PRMV0082218 Test Weight 動力当り前性能  －,A,45540.14635,0,0,EntryCondition,MBSE検討1回目,MBSE検討1回目,,JPN,2WD,,2,UU3:MIZOKOSHI KANATA,2,SElist_[Kei]_JPN_2WD,,1322,,kg,Variation#3,Variation#3,PRMV0082218,Test Weight,動力当り前性能 ,－,C7A0743743214D49AE5FFB6973444FCE,PT構想審査,
2,E6434EFAAF4443AD8862207AE287C661,1,0,PRMV0082219 Test Weight 動力Accerelation －,A,45540.14635,0,0,EntryCondition,MBSE検討1回目,MBSE検討1回目,,JPN,2WD,,2,UU3:MIZOKOSHI KANATA,2,SElist_[Kei]_JPN_2WD,,1247,,kg,Variation#3,Variation#3,PRMV0082219,Test Weight,動力Accerelation,－,C7A0743743214D49AE5FFB6973444FCE,PT構想審査,
2,3FCBDD5069A54351B46DB71E7DC48EC8,1,0,PRMV0082220 Test Weight 動力Vmax －,A,45540.14637,0,0,EntryCondition,MBSE検討1回目,MBSE検討1回目,,JPN,2WD,,2,UU3:MIZOKOSHI KANATA,2,SElist_[Kei]_JPN_2WD,,1247,,kg,Variation#3,Variation#3,PRMV0082220,Test Weight,動力Vmax,－,C7A0743743214D49AE5FFB6973444FCE,PT構想審査,
2,3E35418791DA4AA486E1DBF7154D56CF,1,0,PRMV0082221 Test Weight 熱NEMシビアシーン －,A,45540.14638,0,0,EntryCondition,MBSE検討1回目,MBSE検討1回目,,JPN,2WD,,2,UU3:MIZOKOSHI KANATA,2,SElist_[Kei]_JPN_2WD,,1380,,kg,Variation#3,Variation#3,PRMV0082221,Test Weight,熱NEMシビアシーン,－,C7A0743743214D49AE5FFB6973444FCE,PT構想審査,
2,6BBA23C8B04647F3A96ED87CA1A6FD0B,1,0,PRMV0082222 Test Weight 熱加減速繰り返し走行 －,A,45540.14638,0,0,EntryCondition,MBSE検討1回目,MBSE検討1回目,,JPN,2WD,,2,UU3:MIZOKOSHI KANATA,2,SElist_[Kei]_JPN_2WD,,1380,,kg,Variation#3,Variation#3,PRMV0082222,Test Weight,熱加減速繰り返し走行,－,C7A0743743214D49AE5FFB6973444FCE,PT構想審査,
2,BC95C7B73A714A3886164270E7CF45F7,1,0,PRMV0082223 Test Weight 熱Towing －,A,45540.14639,0,0,EntryCondition,MBSE検討1回目,MBSE検討1回目,,JPN,2WD,,2,UU3:MIZOKOSHI KANATA,2,SElist_[Kei]_JPN_2WD,,W/O,,kg,Variation#3,Variation#3,PRMV0082223,Test Weight,熱Towing,－,C7A0743743214D49AE5FFB6973444FCE,PT構想審査,
2,9CC545800E6A46DDB4D8DA3C749768AA,1,0,PRMV0082224 Test Weight 熱低温性能 －,A,45540.14639,0,0,EntryCondition,MBSE検討1回目,MBSE検討1回目,,JPN,2WD,,2,UU3:MIZOKOSHI KANATA,2,SElist_[Kei]_JPN_2WD,,1380,,kg,Variation#3,Variation#3,PRMV0082224,Test Weight,熱低温性能,－,C7A0743743214D49AE5FFB6973444FCE,PT構想審査,
2,8433F0D5FF494217BB83AA2E6468C51F,1,0,PRMV0082225 走行抵抗 届出(Target Lset式) A0 －,A,45540.1464,0,0,EntryCondition,MBSE検討1回目,MBSE検討1回目,,JPN,2WD,,2,UU3:MIZOKOSHI KANATA,2,SElist_[Kei]_JPN_2WD,,83.536,,N,Variation#3,Variation#3,PRMV0082225,走行抵抗,届出(Target Lset式) A0,－,C7A0743743214D49AE5FFB6973444FCE,PT構想審査,
2,6E834260DBE041018E7643FBCE6A7DDE,1,0,PRMV0082226 走行抵抗 届出(Target Lset式) A1 －,A,45540.1464,0,0,EntryCondition,MBSE検討1回目,MBSE検討1回目,,JPN,2WD,,2,UU3:MIZOKOSHI KANATA,2,SElist_[Kei]_JPN_2WD,,-0.1307,,N/kph,Variation#3,Variation#3,PRMV0082226,走行抵抗,届出(Target Lset式) A1,－,C7A0743743214D49AE5FFB6973444FCE,PT構想審査,
2,13D0A8B672B14B1D96A04195D6AC4B2B,1,0,PRMV0082227 走行抵抗 届出(Target Lset式) A2 －,A,45540.14641,0,0,EntryCondition,MBSE検討1回目,MBSE検討1回目,,JPN,2WD,,2,UU3:MIZOKOSHI KANATA,2,SElist_[Kei]_JPN_2WD,,0.04365,,N/kph#00B2,Variation#3,Variation#3,PRMV0082227,走行抵抗,届出(Target Lset式) A2,－,C7A0743743214D49AE5FFB6973444FCE,PT構想審査,
3,F4F566B95EE84A7D9AB950826E05B6E2,1,0,PRMV0082228 走行抵抗 届出(Target Lset式) IP －,A,45553.00175,0,0,EntryCondition,MBSE検討1回目,MBSE検討1回目,,JPN,2WD,,2,UU3:MIZOKOSHI KANATA,2,SElist_[Kei]_JPN_2WD,,1237,,kg,Variation#3,Variation#3,PRMV0082228,走行抵抗,届出(Target Lset式) IP,－,C7A0743743214D49AE5FFB6973444FCE,PT構想審査,
2,5B63741A72B34B51B84A9C2519710DB7,1,0,PRMV0082229 性能検討用走行抵抗式(ePT連れ回り排除) 航続距離(C/D車載状態)A0 －,A,45540.14642,0,0,EntryCondition,MBSE検討1回目,MBSE検討1回目,,JPN,2WD,,2,UU3:MIZOKOSHI KANATA,2,SElist_[Kei]_JPN_2WD,,83.536,,N,Variation#3,Variation#3,PRMV0082229,性能検討用走行抵抗式(ePT連れ回り排除),航続距離(C/D車載状態)A0,－,C7A0743743214D49AE5FFB6973444FCE,PT構想審査,
2,C7666B909FDD4131BA6865BE827C08ED,1,0,PRMV0082230 性能検討用走行抵抗式(ePT連れ回り排除) 航続距離(C/D車載状態)A1 －,A,45540.14644,0,0,EntryCondition,MBSE検討1回目,MBSE検討1回目,,JPN,2WD,,2,UU3:MIZOKOSHI KANATA,2,SElist_[Kei]_JPN_2WD,,-0.1307,,N/kph,Variation#3,Variation#3,PRMV0082230,性能検討用走行抵抗式(ePT連れ回り排除),航続距離(C/D車載状態)A1,－,C7A0743743214D49AE5FFB6973444FCE,PT構想審査,
2,282D923051E64A81885A39F824AAFE72,1,0,PRMV0082231 性能検討用走行抵抗式(ePT連れ回り排除) 航続距離(C/D車載状態)A2 －,A,45540.14644,0,0,EntryCondition,MBSE検討1回目,MBSE検討1回目,,JPN,2WD,,2,UU3:MIZOKOSHI KANATA,2,SElist_[Kei]_JPN_2WD,,0.04365,,N/kph#00B2,Variation#3,Variation#3,PRMV0082231,性能検討用走行抵抗式(ePT連れ回り排除),航続距離(C/D車載状態)A2,－,C7A0743743214D49AE5FFB6973444FCE,PT構想審査,
3,385DB339D8E349B787198867597880FE,1,0,PRMV0082232 性能検討用走行抵抗式(ePT連れ回り排除) 航続距離(C/D車載状態)IP －,A,45553.00175,0,0,EntryCondition,MBSE検討1回目,MBSE検討1回目,,JPN,2WD,,2,UU3:MIZOKOSHI KANATA,2,SElist_[Kei]_JPN_2WD,,1237,,kg,Variation#3,Variation#3,PRMV0082232,性能検討用走行抵抗式(ePT連れ回り排除),航続距離(C/D車載状態)IP,－,C7A0743743214D49AE5FFB6973444FCE,PT構想審査,
2,B2A9EDEB7E0744B08408E2C0249F544F,1,0,PRMV0082233 性能検討用走行抵抗式(ePT連れ回り排除) 動力当り前性能A0 －,A,45540.14645,0,0,EntryCondition,MBSE検討1回目,MBSE検討1回目,,JPN,2WD,,2,UU3:MIZOKOSHI KANATA,2,SElist_[Kei]_JPN_2WD,,95.657,,N,Variation#3,Variation#3,PRMV0082233,性能検討用走行抵抗式(ePT連れ回り排除),動力当り前性能A0,－,C7A0743743214D49AE5FFB6973444FCE,PT構想審査,
2,F4E74D17C24041F0A972F42C307F979D,1,0,PRMV0082234 性能検討用走行抵抗式(ePT連れ回り排除) 動力当り前性能A1 －,A,45540.14646,0,0,EntryCondition,MBSE検討1回目,MBSE検討1回目,,JPN,2WD,,2,UU3:MIZOKOSHI KANATA,2,SElist_[Kei]_JPN_2WD,,－,,N/kph,Variation#3,Variation#3,PRMV0082234,性能検討用走行抵抗式(ePT連れ回り排除),動力当り前性能A1,－,C7A0743743214D49AE5FFB6973444FCE,PT構想審査,
2,94C57FA84D6D4AA780218CA5C1648F44,1,0,PRMV0082235 性能検討用走行抵抗式(ePT連れ回り排除) 動力当り前性能A2 －,A,45540.14646,0,0,EntryCondition,MBSE検討1回目,MBSE検討1回目,,JPN,2WD,,2,UU3:MIZOKOSHI KANATA,2,SElist_[Kei]_JPN_2WD,,0.0415,,N/kph#00B2,Variation#3,Variation#3,PRMV0082235,性能検討用走行抵抗式(ePT連れ回り排除),動力当り前性能A2,－,C7A0743743214D49AE5FFB6973444FCE,PT構想審査,
2,32086DE1ADFD41A8A2812987138EB495,1,0,PRMV0082236 性能検討用走行抵抗式(ePT連れ回り排除) 動力当り前性能IP －,A,45540.14647,0,0,EntryCondition,MBSE検討1回目,MBSE検討1回目,,JPN,2WD,,2,UU3:MIZOKOSHI KANATA,2,SElist_[Kei]_JPN_2WD,,1322,,kg,Variation#3,Variation#3,PRMV0082236,性能検討用走行抵抗式(ePT連れ回り排除),動力当り前性能IP,－,C7A0743743214D49AE5FFB6973444FCE,PT構想審査,
2,7980346A76D645A191FCD8A307392572,1,0,PRMV0082237 性能検討用走行抵抗式(ePT連れ回り排除) 動力AccerelationA0 －,A,45540.14648,0,0,EntryCondition,MBSE検討1回目,MBSE検討1回目,,JPN,2WD,,2,UU3:MIZOKOSHI KANATA,2,SElist_[Kei]_JPN_2WD,,92.17,,N,Variation#3,Variation#3,PRMV0082237,性能検討用走行抵抗式(ePT連れ回り排除),動力AccerelationA0,－,C7A0743743214D49AE5FFB6973444FCE,PT構想審査,
2,D74A35B0C1184D71AB09B527713E1ACD,1,0,PRMV0082238 性能検討用走行抵抗式(ePT連れ回り排除) 動力AccerelationA1 －,A,45540.14648,0,0,EntryCondition,MBSE検討1回目,MBSE検討1回目,,JPN,2WD,,2,UU3:MIZOKOSHI KANATA,2,SElist_[Kei]_JPN_2WD,,－,,N/kph,Variation#3,Variation#3,PRMV0082238,性能検討用走行抵抗式(ePT連れ回り排除),動力AccerelationA1,－,C7A0743743214D49AE5FFB6973444FCE,PT構想審査,
2,E5801898878E445E92F91D795F691B72,1,0,PRMV0082239 性能検討用走行抵抗式(ePT連れ回り排除) 動力AccerelationA2 －,A,45540.14649,0,0,EntryCondition,MBSE検討1回目,MBSE検討1回目,,JPN,2WD,,2,UU3:MIZOKOSHI KANATA,2,SElist_[Kei]_JPN_2WD,,0.04365,,N/kph#00B2,Variation#3,Variation#3,PRMV0082239,性能検討用走行抵抗式(ePT連れ回り排除),動力AccerelationA2,－,C7A0743743214D49AE5FFB6973444FCE,PT構想審査,
2,720B9BB4830D430C9EAA3412493E403A,1,0,PRMV0082240 性能検討用走行抵抗式(ePT連れ回り排除) 動力AccerelationIP －,A,45540.14649,0,0,EntryCondition,MBSE検討1回目,MBSE検討1回目,,JPN,2WD,,2,UU3:MIZOKOSHI KANATA,2,SElist_[Kei]_JPN_2WD,,1261,,kg,Variation#3,Variation#3,PRMV0082240,性能検討用走行抵抗式(ePT連れ回り排除),動力AccerelationIP,－,C7A0743743214D49AE5FFB6973444FCE,PT構想審査,
2,958CF5181D93405BB967DFA58F4D856F,1,0,PRMV0082241 性能検討用走行抵抗式(ePT連れ回り排除) 動力VmaxA0 －,A,45540.1465,0,0,EntryCondition,MBSE検討1回目,MBSE検討1回目,,JPN,2WD,,2,UU3:MIZOKOSHI KANATA,2,SElist_[Kei]_JPN_2WD,,92.17,,N,Variation#3,Variation#3,PRMV0082241,性能検討用走行抵抗式(ePT連れ回り排除),動力VmaxA0,－,C7A0743743214D49AE5FFB6973444FCE,PT構想審査,
2,B1A4EE9055E64971BEE2DE424C664CC2,1,0,PRMV0082242 性能検討用走行抵抗式(ePT連れ回り排除) 動力VmaxA1 －,A,45540.1465,0,0,EntryCondition,MBSE検討1回目,MBSE検討1回目,,JPN,2WD,,2,UU3:MIZOKOSHI KANATA,2,SElist_[Kei]_JPN_2WD,,－,,N/kph,Variation#3,Variation#3,PRMV0082242,性能検討用走行抵抗式(ePT連れ回り排除),動力VmaxA1,－,C7A0743743214D49AE5FFB6973444FCE,PT構想審査,
2,8EBE7E4E11AE42B3BF2E28220E5A37ED,1,0,PRMV0082243 性能検討用走行抵抗式(ePT連れ回り排除) 動力VmaxA2 －,A,45540.14652,0,0,EntryCondition,MBSE検討1回目,MBSE検討1回目,,JPN,2WD,,2,UU3:MIZOKOSHI KANATA,2,SElist_[Kei]_JPN_2WD,,0.04365,,N/kph#00B2,Variation#3,Variation#3,PRMV0082243,性能検討用走行抵抗式(ePT連れ回り排除),動力VmaxA2,－,C7A0743743214D49AE5FFB6973444FCE,PT構想審査,
2,2CA7C0E86B324B3AB61B0E0BADF6AF14,1,0,PRMV0082244 性能検討用走行抵抗式(ePT連れ回り排除) 動力VmaxIP －,A,45540.14652,0,0,EntryCondition,MBSE検討1回目,MBSE検討1回目,,JPN,2WD,,2,UU3:MIZOKOSHI KANATA,2,SElist_[Kei]_JPN_2WD,,1261,,kg,Variation#3,Variation#3,PRMV0082244,性能検討用走行抵抗式(ePT連れ回り排除),動力VmaxIP,－,C7A0743743214D49AE5FFB6973444FCE,PT構想審査,
2,D47D62FD740D4EE2B64FA1E0214E6BB1,1,0,PRMV0082245 性能検討用走行抵抗式(ePT連れ回り排除) 熱NEMシビアシーンA0 －,A,45540.14653,0,0,EntryCondition,MBSE検討1回目,MBSE検討1回目,,JPN,2WD,,2,UU3:MIZOKOSHI KANATA,2,SElist_[Kei]_JPN_2WD,,CDxA 0.381x2.19,,別紙,Variation#3,Variation#3,PRMV0082245,性能検討用走行抵抗式(ePT連れ回り排除),熱NEMシビアシーンA0,－,C7A0743743214D49AE5FFB6973444FCE,PT構想審査,
2,F1759A83C7404A2E8EA49586C02E9E15,1,0,PRMV0082246 性能検討用走行抵抗式(ePT連れ回り排除) 熱加減速繰り返し走行A0 －,A,45540.14654,0,0,EntryCondition,MBSE検討1回目,MBSE検討1回目,,JPN,2WD,,2,UU3:MIZOKOSHI KANATA,2,SElist_[Kei]_JPN_2WD,,90.9,,N,Variation#3,Variation#3,PRMV0082246,性能検討用走行抵抗式(ePT連れ回り排除),熱加減速繰り返し走行A0,－,C7A0743743214D49AE5FFB6973444FCE,PT構想審査,
2,6F17E6B8C930402F92AF82898D1679D5,1,0,PRMV0082247 性能検討用走行抵抗式(ePT連れ回り排除) 熱加減速繰り返し走行A1 －,A,45540.14654,0,0,EntryCondition,MBSE検討1回目,MBSE検討1回目,,JPN,2WD,,2,UU3:MIZOKOSHI KANATA,2,SElist_[Kei]_JPN_2WD,,-0.0951,,N/kph,Variation#3,Variation#3,PRMV0082247,性能検討用走行抵抗式(ePT連れ回り排除),熱加減速繰り返し走行A1,－,C7A0743743214D49AE5FFB6973444FCE,PT構想審査,
2,F1B628B83858476AAD5B28AF999E5EBA,1,0,PRMV0082248 性能検討用走行抵抗式(ePT連れ回り排除) 熱加減速繰り返し走行A2 －,A,45540.14655,0,0,EntryCondition,MBSE検討1回目,MBSE検討1回目,,JPN,2WD,,2,UU3:MIZOKOSHI KANATA,2,SElist_[Kei]_JPN_2WD,,0.04326,,N/kph#00B2,Variation#3,Variation#3,PRMV0082248,性能検討用走行抵抗式(ePT連れ回り排除),熱加減速繰り返し走行A2,－,C7A0743743214D49AE5FFB6973444FCE,PT構想審査,
2,7E34ED8C347C4E3D82692D1494E64924,1,0,PRMV0082249 性能検討用走行抵抗式(ePT連れ回り排除) 熱加減速繰り返し走行IP －,A,45540.14655,0,0,EntryCondition,MBSE検討1回目,MBSE検討1回目,,JPN,2WD,,2,UU3:MIZOKOSHI KANATA,2,SElist_[Kei]_JPN_2WD,,1380,,kg,Variation#3,Variation#3,PRMV0082249,性能検討用走行抵抗式(ePT連れ回り排除),熱加減速繰り返し走行IP,－,C7A0743743214D49AE5FFB6973444FCE,PT構想審査,
2,CE2D7D21519642E8A7DF7EFEB6E56E5A,1,0,PRMV0082250 性能検討用走行抵抗式(ePT連れ回り排除) 熱TowingA0 －,A,45540.14656,0,0,EntryCondition,MBSE検討1回目,MBSE検討1回目,,JPN,2WD,,2,UU3:MIZOKOSHI KANATA,2,SElist_[Kei]_JPN_2WD,,W/O,,N,Variation#3,Variation#3,PRMV0082250,性能検討用走行抵抗式(ePT連れ回り排除),熱TowingA0,－,C7A0743743214D49AE5FFB6973444FCE,PT構想審査,
2,96E0DDD830FD4A0B81B6765D56EB8AC3,1,0,PRMV0082251 性能検討用走行抵抗式(ePT連れ回り排除) 熱TowingA1 －,A,45540.14657,0,0,EntryCondition,MBSE検討1回目,MBSE検討1回目,,JPN,2WD,,2,UU3:MIZOKOSHI KANATA,2,SElist_[Kei]_JPN_2WD,,W/O,,N/kph,Variation#3,Variation#3,PRMV0082251,性能検討用走行抵抗式(ePT連れ回り排除),熱TowingA1,－,C7A0743743214D49AE5FFB6973444FCE,PT構想審査,
2,E3DD0322F9774CD48B235E4452E07B91,1,0,PRMV0082252 性能検討用走行抵抗式(ePT連れ回り排除) 熱TowingA2 －,A,45540.14657,0,0,EntryCondition,MBSE検討1回目,MBSE検討1回目,,JPN,2WD,,2,UU3:MIZOKOSHI KANATA,2,SElist_[Kei]_JPN_2WD,,W/O,,N/kph#00B2,Variation#3,Variation#3,PRMV0082252,性能検討用走行抵抗式(ePT連れ回り排除),熱TowingA2,－,C7A0743743214D49AE5FFB6973444FCE,PT構想審査,
2,E3A38B6537D5486EAD17C6CA0ED56B1C,1,0,PRMV0082253 性能検討用走行抵抗式(ePT連れ回り排除) 熱TowingIP －,A,45540.14659,0,0,EntryCondition,MBSE検討1回目,MBSE検討1回目,,JPN,2WD,,2,UU3:MIZOKOSHI KANATA,2,SElist_[Kei]_JPN_2WD,,W/O,,kg,Variation#3,Variation#3,PRMV0082253,性能検討用走行抵抗式(ePT連れ回り排除),熱TowingIP,－,C7A0743743214D49AE5FFB6973444FCE,PT構想審査,
2,D4B5624C9C164E4186A20E8BF326D0C9,1,0,PRMV0082254 性能検討用走行抵抗式(ePT連れ回り排除) 熱低温性能A0 －,A,45540.14659,0,0,EntryCondition,MBSE検討1回目,MBSE検討1回目,,JPN,2WD,,2,UU3:MIZOKOSHI KANATA,2,SElist_[Kei]_JPN_2WD,,n,,N,Variation#3,Variation#3,PRMV0082254,性能検討用走行抵抗式(ePT連れ回り排除),熱低温性能A0,－,C7A0743743214D49AE5FFB6973444FCE,PT構想審査,
2,A3814086495C46D18C53F39B8F193A23,1,0,PRMV0082255 性能検討用走行抵抗式(ePT連れ回り排除) 熱低温性能A1 －,A,45540.1466,0,0,EntryCondition,MBSE検討1回目,MBSE検討1回目,,JPN,2WD,,2,UU3:MIZOKOSHI KANATA,2,SElist_[Kei]_JPN_2WD,,n,,N/kph,Variation#3,Variation#3,PRMV0082255,性能検討用走行抵抗式(ePT連れ回り排除),熱低温性能A1,－,C7A0743743214D49AE5FFB6973444FCE,PT構想審査,
2,3AD9A6FE1B5F4E80B5907BF37489CA71,1,0,PRMV0082256 性能検討用走行抵抗式(ePT連れ回り排除) 熱低温性能A2 －,A,45540.1466,0,0,EntryCondition,MBSE検討1回目,MBSE検討1回目,,JPN,2WD,,2,UU3:MIZOKOSHI KANATA,2,SElist_[Kei]_JPN_2WD,,n,,N/kph#00B2,Variation#3,Variation#3,PRMV0082256,性能検討用走行抵抗式(ePT連れ回り排除),熱低温性能A2,－,C7A0743743214D49AE5FFB6973444FCE,PT構想審査,
2,8280FA02BBE9486FAF6547DCB5E51620,1,0,PRMV0082257 性能検討用走行抵抗式(ePT連れ回り排除) 熱低温性能IP －,A,45540.14661,0,0,EntryCondition,MBSE検討1回目,MBSE検討1回目,,JPN,2WD,,2,UU3:MIZOKOSHI KANATA,2,SElist_[Kei]_JPN_2WD,,n,,kg,Variation#3,Variation#3,PRMV0082257,性能検討用走行抵抗式(ePT連れ回り排除),熱低温性能IP,－,C7A0743743214D49AE5FFB6973444FCE,PT構想審査,
2,CB5C858EC0414FC7882216C42B97ADA3,1,0,PRMV0082258 ePT 最高システム総合出力(公称） －,A,45540.14661,0,0,EntryCondition,MBSE検討1回目,MBSE検討1回目,,JPN,2WD,,2,UU3:MIZOKOSHI KANATA,2,SElist_[Kei]_JPN_2WD,,47,,kW,Variation#3,Variation#3,PRMV0082258,ePT,最高システム総合出力(公称）,－,C7A0743743214D49AE5FFB6973444FCE,PT構想審査,
2,794CDD6B56F74BDBBF4081D57692303E,1,0,PRMV0082259 ePT FR MOTイナーシャ －,A,45540.14662,0,0,EntryCondition,MBSE検討1回目,MBSE検討1回目,,JPN,2WD,,2,UU3:MIZOKOSHI KANATA,2,SElist_[Kei]_JPN_2WD,,0.011045,,kgm#00B2,Variation#3,Variation#3,PRMV0082259,ePT,FR MOTイナーシャ,－,C7A0743743214D49AE5FFB6973444FCE,PT構想審査,
2,E70654EA354D4BBDB26569042D41D38B,1,0,PRMV0082260 ePT FR GBイナーシャ －,A,45540.14663,0,0,EntryCondition,MBSE検討1回目,MBSE検討1回目,,JPN,2WD,,2,UU3:MIZOKOSHI KANATA,2,SElist_[Kei]_JPN_2WD,,0.134(DIFF軸上),,kgm#00B2,Variation#3,Variation#3,PRMV0082260,ePT,FR GBイナーシャ,－,C7A0743743214D49AE5FFB6973444FCE,PT構想審査,
2,011251CAEB3242D89F15D8BE44B7E6C0,1,0,PRMV0082261 ePT RR MOTイナーシャ －,A,45540.14663,0,0,EntryCondition,MBSE検討1回目,MBSE検討1回目,,JPN,2WD,,2,UU3:MIZOKOSHI KANATA,2,SElist_[Kei]_JPN_2WD,,n,,kgm#00B2,Variation#3,Variation#3,PRMV0082261,ePT,RR MOTイナーシャ,－,C7A0743743214D49AE5FFB6973444FCE,PT構想審査,
2,5A2025F591134D0BB004321F48554A8B,1,0,PRMV0082262 ePT RR GBイナーシャ －,A,45540.14664,0,0,EntryCondition,MBSE検討1回目,MBSE検討1回目,,JPN,2WD,,2,UU3:MIZOKOSHI KANATA,2,SElist_[Kei]_JPN_2WD,,no App,,kgm#00B2,Variation#3,Variation#3,PRMV0082262,ePT,RR GBイナーシャ,－,C7A0743743214D49AE5FFB6973444FCE,PT構想審査,
2,D7743BAF786D4194B868E6B315A852C6,1,0,PRMV0082263 ePT FR MOT制限設定トルク上限(第一象限) －,A,45540.14664,0,0,EntryCondition,MBSE検討1回目,MBSE検討1回目,,JPN,2WD,,2,UU3:MIZOKOSHI KANATA,2,SElist_[Kei]_JPN_2WD,,135,,Nm,Variation#3,Variation#3,PRMV0082263,ePT,FR MOT制限設定トルク上限(第一象限),－,C7A0743743214D49AE5FFB6973444FCE,PT構想審査,
2,769EEC021B2041318AF3A2CB954B256A,1,0,PRMV0082264 ePT FR MOT制限設定トルク下限(第四象限) －,A,45540.14666,0,0,EntryCondition,MBSE検討1回目,MBSE検討1回目,,JPN,2WD,,2,UU3:MIZOKOSHI KANATA,2,SElist_[Kei]_JPN_2WD,,-135,,Nm,Variation#3,Variation#3,PRMV0082264,ePT,FR MOT制限設定トルク下限(第四象限),－,C7A0743743214D49AE5FFB6973444FCE,PT構想審査,
2,250CB85421AE47478D5F4CF1355FB767,1,0,PRMV0082265 ePT FR GB減速比 －,A,45540.14667,0,0,EntryCondition,MBSE検討1回目,MBSE検討1回目,,JPN,2WD,,2,UU3:MIZOKOSHI KANATA,2,SElist_[Kei]_JPN_2WD,,12.728,,－,Variation#3,Variation#3,PRMV0082265,ePT,FR GB減速比,－,C7A0743743214D49AE5FFB6973444FCE,PT構想審査,
2,698C65C2618940169D974A9774AF9D96,1,0,PRMV0082266 ePT RR MOT制限設定トルク上限(第一象限) －,A,45540.14667,0,0,EntryCondition,MBSE検討1回目,MBSE検討1回目,,JPN,2WD,,2,UU3:MIZOKOSHI KANATA,2,SElist_[Kei]_JPN_2WD,,no App,,Nm,Variation#3,Variation#3,PRMV0082266,ePT,RR MOT制限設定トルク上限(第一象限),－,C7A0743743214D49AE5FFB6973444FCE,PT構想審査,
2,B5934A84132042EDB85130DD07213D8D,1,0,PRMV0082267 ePT RR MOT制限設定トルク下限(第四象限) －,A,45540.14668,0,0,EntryCondition,MBSE検討1回目,MBSE検討1回目,,JPN,2WD,,2,UU3:MIZOKOSHI KANATA,2,SElist_[Kei]_JPN_2WD,,no App,,Nm,Variation#3,Variation#3,PRMV0082267,ePT,RR MOT制限設定トルク下限(第四象限),－,C7A0743743214D49AE5FFB6973444FCE,PT構想審査,
2,8A0C4418C71347649506607622D028D0,1,0,PRMV0082268 ePT RR GB減速比 －,A,45540.14668,0,0,EntryCondition,MBSE検討1回目,MBSE検討1回目,,JPN,2WD,,2,UU3:MIZOKOSHI KANATA,2,SElist_[Kei]_JPN_2WD,,no App,,－,Variation#3,Variation#3,PRMV0082268,ePT,RR GB減速比,－,C7A0743743214D49AE5FFB6973444FCE,PT構想審査,
2,6E6B30E0DA0B46D58CA936F81A8D11CC,1,0,PRMV0082269 ドライブシャフト FR右ドライブシャフトイナーシャ －,A,45540.14669,0,0,EntryCondition,MBSE検討1回目,MBSE検討1回目,,JPN,2WD,,2,UU3:MIZOKOSHI KANATA,2,SElist_[Kei]_JPN_2WD,,2.007×10^-3,,kgm#00B2,Variation#3,Variation#3,PRMV0082269,ドライブシャフト,FR右ドライブシャフトイナーシャ,－,C7A0743743214D49AE5FFB6973444FCE,PT構想審査,
2,84540CF513A04AD5902F0C2423F0C990,1,0,PRMV0082270 ドライブシャフト FR左ドライブシャフトイナーシャ －,A,45540.1467,0,0,EntryCondition,MBSE検討1回目,MBSE検討1回目,,JPN,2WD,,2,UU3:MIZOKOSHI KANATA,2,SElist_[Kei]_JPN_2WD,,1.951×10^-3,,kgm#00B2,Variation#3,Variation#3,PRMV0082270,ドライブシャフト,FR左ドライブシャフトイナーシャ,－,C7A0743743214D49AE5FFB6973444FCE,PT構想審査,
2,8ECC024C5A544D5ABF42BB49B722F9C9,1,0,PRMV0082271 ドライブシャフト RR右ドライブシャフトイナーシャ －,A,45540.1467,0,0,EntryCondition,MBSE検討1回目,MBSE検討1回目,,JPN,2WD,,2,UU3:MIZOKOSHI KANATA,2,SElist_[Kei]_JPN_2WD,,no App,,kgm#00B2,Variation#3,Variation#3,PRMV0082271,ドライブシャフト,RR右ドライブシャフトイナーシャ,－,C7A0743743214D49AE5FFB6973444FCE,PT構想審査,
2,5E91AA0493614AC9A9CB326F6255883B,1,0,PRMV0082272 ドライブシャフト RR左ドライブシャフトイナーシャ －,A,45540.14671,0,0,EntryCondition,MBSE検討1回目,MBSE検討1回目,,JPN,2WD,,2,UU3:MIZOKOSHI KANATA,2,SElist_[Kei]_JPN_2WD,,no App,,kgm#00B2,Variation#3,Variation#3,PRMV0082272,ドライブシャフト,RR左ドライブシャフトイナーシャ,－,C7A0743743214D49AE5FFB6973444FCE,PT構想審査,
2,6F006F9F2D0742B99111A689E86C6FF9,1,0,"PRMV0082273 DCDC DCDC効率(走行時弱電220W,355V入力(SOC20%),13V出力) －",A,45540.14671,0,0,EntryCondition,MBSE検討1回目,MBSE検討1回目,,JPN,2WD,,2,UU3:MIZOKOSHI KANATA,2,SElist_[Kei]_JPN_2WD,,75,,%,Variation#3,Variation#3,PRMV0082273,DCDC,"DCDC効率(走行時弱電220W,355V入力(SOC20%),13V出力)",－,C7A0743743214D49AE5FFB6973444FCE,PT構想審査,
2,F7FC9F8001714B289239B804F890D154,1,0,PRMV0082274 LV BATT 消費電力(電費試験時WLTCモード) －,A,45540.14672,0,0,EntryCondition,MBSE検討1回目,MBSE検討1回目,,JPN,2WD,,2,UU3:MIZOKOSHI KANATA,2,SElist_[Kei]_JPN_2WD,,227,,kW,Variation#3,Variation#3,PRMV0082274,LV BATT,消費電力(電費試験時WLTCモード),－,C7A0743743214D49AE5FFB6973444FCE,PT構想審査,
2,F689BAC80B6E470D9821F27431E95B5D,1,0,PRMV0082275 HV BATT 直列セル数 －,A,45540.14672,0,0,EntryCondition,MBSE検討1回目,MBSE検討1回目,,JPN,2WD,,2,UU3:MIZOKOSHI KANATA,2,SElist_[Kei]_JPN_2WD,,100,,cell,Variation#3,Variation#3,PRMV0082275,HV BATT,直列セル数,－,C7A0743743214D49AE5FFB6973444FCE,PT構想審査,
2,BCBD55EBADCE40C993C2C40FB3C64FEE,1,0,PRMV0082276 HV BATT 並列セル数 －,A,45540.14674,0,0,EntryCondition,MBSE検討1回目,MBSE検討1回目,,JPN,2WD,,2,UU3:MIZOKOSHI KANATA,2,SElist_[Kei]_JPN_2WD,,1,,para,Variation#3,Variation#3,PRMV0082276,HV BATT,並列セル数,－,C7A0743743214D49AE5FFB6973444FCE,PT構想審査,
2,28639ACEF21B4155A26CA3587E39BDF3,1,0,PRMV0082277 HV BATT セル容量 －,A,45540.14674,0,0,EntryCondition,MBSE検討1回目,MBSE検討1回目,,JPN,2WD,,2,UU3:MIZOKOSHI KANATA,2,SElist_[Kei]_JPN_2WD,,72,,Ah,Variation#3,Variation#3,PRMV0082277,HV BATT,セル容量,－,C7A0743743214D49AE5FFB6973444FCE,PT構想審査,
2,6C6AA90B7BD94B90A642E871EBBEDCAA,1,0,PRMV0082278 HV BATT パック繋ぎ抵抗 －,A,45540.14675,0,0,EntryCondition,MBSE検討1回目,MBSE検討1回目,,JPN,2WD,,2,UU3:MIZOKOSHI KANATA,2,SElist_[Kei]_JPN_2WD,,0.01(TBD),,Ω,Variation#3,Variation#3,PRMV0082278,HV BATT,パック繋ぎ抵抗,－,C7A0743743214D49AE5FFB6973444FCE,PT構想審査,
2,30847EDA56D7444090462E1D5CCF7D1D,1,0,PRMV0082279 HV BATT DCハーネスの抵抗 －,A,45540.14676,0,0,EntryCondition,MBSE検討1回目,MBSE検討1回目,,JPN,2WD,,2,UU3:MIZOKOSHI KANATA,2,SElist_[Kei]_JPN_2WD,,TBD,,Ω,Variation#3,Variation#3,PRMV0082279,HV BATT,DCハーネスの抵抗,－,C7A0743743214D49AE5FFB6973444FCE,PT構想審査,
2,115D802416944DB5B2A93D2C030A3258,1,0,PRMV0082280 Vehicle Weight Min.C.W. －,A,45540.14676,0,0,EntryCondition,MBSE検討1回目,MBSE検討1回目,,JPN,2WD,,2,UU3:MIZOKOSHI KANATA,2,SElist_[Kei]_JPN_2WD,,1102,,kg,Variation#4,Variation#4,PRMV0082280,Vehicle Weight,Min.C.W.,－,C7A0743743214D49AE5FFB6973444FCE,PT構想審査,
2,53AE0831033D480EB14336CF8429118E,1,0,PRMV0082281 Vehicle Weight Max.C.W. －,A,45540.14677,0,0,EntryCondition,MBSE検討1回目,MBSE検討1回目,,JPN,2WD,,2,UU3:MIZOKOSHI KANATA,2,SElist_[Kei]_JPN_2WD,,1116,,kg,Variation#4,Variation#4,PRMV0082281,Vehicle Weight,Max.C.W.,－,C7A0743743214D49AE5FFB6973444FCE,PT構想審査,
2,FCB34C1ED4A64292B2E6E0CC3E331A2B,1,0,PRMV0082282 Vehicle Weight スペアタイヤ&工具  －,A,45540.14677,0,0,EntryCondition,MBSE検討1回目,MBSE検討1回目,,JPN,2WD,,2,UU3:MIZOKOSHI KANATA,2,SElist_[Kei]_JPN_2WD,,1.6,,kg,Variation#4,Variation#4,PRMV0082282,Vehicle Weight,スペアタイヤ&工具 ,－,C7A0743743214D49AE5FFB6973444FCE,PT構想審査,
2,709AD92C8C7B46B69A5377DC5BD097E4,1,0,PRMV0082283 Vehicle Weight EPA届出重量 －,A,45540.14678,0,0,EntryCondition,MBSE検討1回目,MBSE検討1回目,,JPN,2WD,,2,UU3:MIZOKOSHI KANATA,2,SElist_[Kei]_JPN_2WD,,no App,,kg,Variation#4,Variation#4,PRMV0082283,Vehicle Weight,EPA届出重量,－,C7A0743743214D49AE5FFB6973444FCE,PT構想審査,
2,56B52697EE41446E8851E76DFC920918,1,0,PRMV0082284 Vehicle Severe Weight PTW or GVWR －,A,45540.14678,0,0,EntryCondition,MBSE検討1回目,MBSE検討1回目,,JPN,2WD,,2,UU3:MIZOKOSHI KANATA,2,SElist_[Kei]_JPN_2WD,,1358,,kg,Variation#4,Variation#4,PRMV0082284,Vehicle Severe Weight,PTW or GVWR,－,C7A0743743214D49AE5FFB6973444FCE,PT構想審査,
2,60AE9BEA5E1E41E8BB4CD366B6546E1E,1,0,PRMV0082285 Vehicle Severe Weight GAWR FR －,A,45540.14679,0,0,EntryCondition,MBSE検討1回目,MBSE検討1回目,,JPN,2WD,,2,UU3:MIZOKOSHI KANATA,2,SElist_[Kei]_JPN_2WD,,n,,kg,Variation#4,Variation#4,PRMV0082285,Vehicle Severe Weight,GAWR FR,－,C7A0743743214D49AE5FFB6973444FCE,PT構想審査,
2,B04A74A5B8034FC69EA1EBCFC8221878,1,0,PRMV0082286 Vehicle Severe Weight GAWR RR －,A,45540.14679,0,0,EntryCondition,MBSE検討1回目,MBSE検討1回目,,JPN,2WD,,2,UU3:MIZOKOSHI KANATA,2,SElist_[Kei]_JPN_2WD,,n,,kg,Variation#4,Variation#4,PRMV0082286,Vehicle Severe Weight,GAWR RR,－,C7A0743743214D49AE5FFB6973444FCE,PT構想審査,
2,B08EBDA124604D6B9B60249EC3C0E3C8,1,0,PRMV0082287 Vehicle Severe Weight Towing －,A,45540.14681,0,0,EntryCondition,MBSE検討1回目,MBSE検討1回目,,JPN,2WD,,2,UU3:MIZOKOSHI KANATA,2,SElist_[Kei]_JPN_2WD,,no App,,kg,Variation#4,Variation#4,PRMV0082287,Vehicle Severe Weight,Towing,－,C7A0743743214D49AE5FFB6973444FCE,PT構想審査,
2,19875DD81C4F4BA4BD38DF02C82E0AF7,1,0,PRMV0082288 空力 Cd  －,A,45540.14682,0,0,EntryCondition,MBSE検討1回目,MBSE検討1回目,,JPN,2WD,,2,UU3:MIZOKOSHI KANATA,2,SElist_[Kei]_JPN_2WD,,"0.389(NML)
0.392(MMC)",,－,Variation#4,Variation#4,PRMV0082288,空力,Cd ,－,C7A0743743214D49AE5FFB6973444FCE,PT構想審査,
2,7092980C1DEA46FCBB0421ACA4128F58,1,0,PRMV0082289 空力 A －,A,45540.14682,0,0,EntryCondition,MBSE検討1回目,MBSE検討1回目,,JPN,2WD,,2,UU3:MIZOKOSHI KANATA,2,SElist_[Kei]_JPN_2WD,,2.21,,m#00B2,Variation#4,Variation#4,PRMV0082289,空力,A,－,C7A0743743214D49AE5FFB6973444FCE,PT構想審査,
2,761FCD1CC5AE4FEEB783CD8617EA2CC8,1,0,PRMV0082290 空力 ΔCd (AGS閉→全開) －,A,45540.14683,0,0,EntryCondition,MBSE検討1回目,MBSE検討1回目,,JPN,2WD,,2,UU3:MIZOKOSHI KANATA,2,SElist_[Kei]_JPN_2WD,,n,,－,Variation#4,Variation#4,PRMV0082290,空力,ΔCd (AGS閉→全開),－,C7A0743743214D49AE5FFB6973444FCE,PT構想審査,
2,D22F0738E1B2415EA06830951C4AC769,1,0,PRMV0082291 空力 Grill shutter車速閾値 高速側 (閉→開)/(開→閉) －,A,45540.14683,0,0,EntryCondition,MBSE検討1回目,MBSE検討1回目,,JPN,2WD,,2,UU3:MIZOKOSHI KANATA,2,SElist_[Kei]_JPN_2WD,,n,,kph,Variation#4,Variation#4,PRMV0082291,空力,Grill shutter車速閾値 高速側 (閉→開)/(開→閉),－,C7A0743743214D49AE5FFB6973444FCE,PT構想審査,
2,05F91998625A4E43BE4629307F0DE7C5,1,0,PRMV0082292 空力 Grill shutter車速閾値 低速側 (閉→開)/(開→閉) －,A,45540.14684,0,0,EntryCondition,MBSE検討1回目,MBSE検討1回目,,JPN,2WD,,2,UU3:MIZOKOSHI KANATA,2,SElist_[Kei]_JPN_2WD,,n,,kph,Variation#4,Variation#4,PRMV0082292,空力,Grill shutter車速閾値 低速側 (閉→開)/(開→閉),－,C7A0743743214D49AE5FFB6973444FCE,PT構想審査,
2,04D40C83F542417CA943C106FC332D77,1,0,PRMV0082293 タイヤ FRサイズ －,A,45540.14684,0,0,EntryCondition,MBSE検討1回目,MBSE検討1回目,,JPN,2WD,,2,UU3:MIZOKOSHI KANATA,2,SElist_[Kei]_JPN_2WD,,165/55R15,,－,Variation#4,Variation#4,PRMV0082293,タイヤ,FRサイズ,－,C7A0743743214D49AE5FFB6973444FCE,PT構想審査,
2,C456F247A86B40D79D13731B75C1E441,1,0,PRMV0082294 タイヤ FR動半径 －,A,45540.14685,0,0,EntryCondition,MBSE検討1回目,MBSE検討1回目,,JPN,2WD,,2,UU3:MIZOKOSHI KANATA,2,SElist_[Kei]_JPN_2WD,,0.271,,m,Variation#4,Variation#4,PRMV0082294,タイヤ,FR動半径,－,C7A0743743214D49AE5FFB6973444FCE,PT構想審査,
2,EF6ED2F1CEA54266AD2973F0F9E33E93,1,0,"PRMV0082295 タイヤ FR RRC (ISO 28560 80kmh,210kPa) －",A,45540.14686,0,0,EntryCondition,MBSE検討1回目,MBSE検討1回目,,JPN,2WD,,2,UU3:MIZOKOSHI KANATA,2,SElist_[Kei]_JPN_2WD,,7.2,,－,Variation#4,Variation#4,PRMV0082295,タイヤ,"FR RRC (ISO 28560 80kmh,210kPa)",－,C7A0743743214D49AE5FFB6973444FCE,PT構想審査,
2,E302A088F8224D2C8132C7D1B3E3A223,1,0,PRMV0082296 タイヤ FR RRC (車両状態) －,A,45540.14686,0,0,EntryCondition,MBSE検討1回目,MBSE検討1回目,,JPN,2WD,,2,UU3:MIZOKOSHI KANATA,2,SElist_[Kei]_JPN_2WD,,68,,－,Variation#4,Variation#4,PRMV0082296,タイヤ,FR RRC (車両状態),－,C7A0743743214D49AE5FFB6973444FCE,PT構想審査,
2,53FF8B313C354D0588F437C032242F3A,1,0,PRMV0082297 タイヤ FR RRC (車両状態)空気圧 －,A,45540.14688,0,0,EntryCondition,MBSE検討1回目,MBSE検討1回目,,JPN,2WD,,2,UU3:MIZOKOSHI KANATA,2,SElist_[Kei]_JPN_2WD,,240,,kPa,Variation#4,Variation#4,PRMV0082297,タイヤ,FR RRC (車両状態)空気圧,－,C7A0743743214D49AE5FFB6973444FCE,PT構想審査,
2,A92F3FA92411432192D37293769EAEFD,1,0,PRMV0082298 タイヤ FR イナーシャ(1本)  －,A,45540.14689,0,0,EntryCondition,MBSE検討1回目,MBSE検討1回目,,JPN,2WD,,2,UU3:MIZOKOSHI KANATA,2,SElist_[Kei]_JPN_2WD,,0.49,,kgm#00B2,Variation#4,Variation#4,PRMV0082298,タイヤ,FR イナーシャ(1本) ,－,C7A0743743214D49AE5FFB6973444FCE,PT構想審査,
2,CD1CA668714C4B78992B278831B76331,1,0,PRMV0082299 タイヤ RRサイズ －,A,45540.14689,0,0,EntryCondition,MBSE検討1回目,MBSE検討1回目,,JPN,2WD,,2,UU3:MIZOKOSHI KANATA,2,SElist_[Kei]_JPN_2WD,,165/55R15,,－,Variation#4,Variation#4,PRMV0082299,タイヤ,RRサイズ,－,C7A0743743214D49AE5FFB6973444FCE,PT構想審査,
2,8CFC4605143C47D3AF51E5C5CB45328C,1,0,PRMV0082300 タイヤ RR動半径 －,A,45540.1469,0,0,EntryCondition,MBSE検討1回目,MBSE検討1回目,,JPN,2WD,,2,UU3:MIZOKOSHI KANATA,2,SElist_[Kei]_JPN_2WD,,0.271,,m,Variation#4,Variation#4,PRMV0082300,タイヤ,RR動半径,－,C7A0743743214D49AE5FFB6973444FCE,PT構想審査,
2,634B9CD5DB0B49EEAE7B7245FE23908F,1,0,"PRMV0082301 タイヤ RR RRC (ISO 28560 80kmh,210kPa) －",A,45540.1469,0,0,EntryCondition,MBSE検討1回目,MBSE検討1回目,,JPN,2WD,,2,UU3:MIZOKOSHI KANATA,2,SElist_[Kei]_JPN_2WD,,n,,－,Variation#4,Variation#4,PRMV0082301,タイヤ,"RR RRC (ISO 28560 80kmh,210kPa)",－,C7A0743743214D49AE5FFB6973444FCE,PT構想審査,
2,A3A585DAC440431183897EC407797504,1,0,PRMV0082302 タイヤ RR RRC (車両状態) －,A,45540.14691,0,0,EntryCondition,MBSE検討1回目,MBSE検討1回目,,JPN,2WD,,2,UU3:MIZOKOSHI KANATA,2,SElist_[Kei]_JPN_2WD,,68,,－,Variation#4,Variation#4,PRMV0082302,タイヤ,RR RRC (車両状態),－,C7A0743743214D49AE5FFB6973444FCE,PT構想審査,
2,1C1E7B40A47C49469779A6FC89C7C54D,1,0,PRMV0082303 タイヤ RR RRC (車両状態)空気圧 －,A,45540.14691,0,0,EntryCondition,MBSE検討1回目,MBSE検討1回目,,JPN,2WD,,2,UU3:MIZOKOSHI KANATA,2,SElist_[Kei]_JPN_2WD,,240,,kPa,Variation#4,Variation#4,PRMV0082303,タイヤ,RR RRC (車両状態)空気圧,－,C7A0743743214D49AE5FFB6973444FCE,PT構想審査,
2,0F2CABA8B98748C4B2CDEB8D81D0A503,1,0,PRMV0082304 タイヤ RR イナーシャ(1本)  －,A,45540.14692,0,0,EntryCondition,MBSE検討1回目,MBSE検討1回目,,JPN,2WD,,2,UU3:MIZOKOSHI KANATA,2,SElist_[Kei]_JPN_2WD,,0.49,,kgm#00B2,Variation#4,Variation#4,PRMV0082304,タイヤ,RR イナーシャ(1本) ,－,C7A0743743214D49AE5FFB6973444FCE,PT構想審査,
2,1D3DE4EA666046E1B912A906991BF3E1,1,0,PRMV0082305 ホイール 仕様 －,A,45540.14692,0,0,EntryCondition,MBSE検討1回目,MBSE検討1回目,,JPN,2WD,,2,UU3:MIZOKOSHI KANATA,2,SElist_[Kei]_JPN_2WD,,n,,－,Variation#4,Variation#4,PRMV0082305,ホイール,仕様,－,C7A0743743214D49AE5FFB6973444FCE,PT構想審査,
2,18066A0FBAB442A3BEBD7D8E26FDC3C0,1,0,PRMV0082306 ホイール イナーシャ(1本) －,A,45540.14693,0,0,EntryCondition,MBSE検討1回目,MBSE検討1回目,,JPN,2WD,,2,UU3:MIZOKOSHI KANATA,2,SElist_[Kei]_JPN_2WD,,no App,,kgm#00B2,Variation#4,Variation#4,PRMV0082306,ホイール,イナーシャ(1本),－,C7A0743743214D49AE5FFB6973444FCE,PT構想審査,
2,6950616694384C7FBD70052D985C2BB5,1,0,PRMV0082307 HUB Total引き摺りトルク (@80km/h) －,A,45540.14694,0,0,EntryCondition,MBSE検討1回目,MBSE検討1回目,,JPN,2WD,,2,UU3:MIZOKOSHI KANATA,2,SElist_[Kei]_JPN_2WD,,1.75,,Nm/veh,Variation#4,Variation#4,PRMV0082307,HUB,Total引き摺りトルク (@80km/h),－,C7A0743743214D49AE5FFB6973444FCE,PT構想審査,
2,CDDF1857855B4938BE52E6F07B8E1FCC,1,0,PRMV0082308 HUB FR 引き摺りトルク (@80km/h) －,A,45540.14694,0,0,EntryCondition,MBSE検討1回目,MBSE検討1回目,,JPN,2WD,,2,UU3:MIZOKOSHI KANATA,2,SElist_[Kei]_JPN_2WD,,Totalに含む,,Nm/veh,Variation#4,Variation#4,PRMV0082308,HUB,FR 引き摺りトルク (@80km/h),－,C7A0743743214D49AE5FFB6973444FCE,PT構想審査,
2,83EF26D46D45459F800D60070FBBC12A,1,0,PRMV0082309 HUB RR 引き摺りトルク (@80km/h) －,A,45540.14696,0,0,EntryCondition,MBSE検討1回目,MBSE検討1回目,,JPN,2WD,,2,UU3:MIZOKOSHI KANATA,2,SElist_[Kei]_JPN_2WD,,Totalに含む,,Nm/veh,Variation#4,Variation#4,PRMV0082309,HUB,RR 引き摺りトルク (@80km/h),－,C7A0743743214D49AE5FFB6973444FCE,PT構想審査,
2,D6CBDF8EF5F44D77819D63C42E31C678,1,0,PRMV0082310 HUB FR イナーシャ －,A,45540.14696,0,0,EntryCondition,MBSE検討1回目,MBSE検討1回目,,JPN,2WD,,2,UU3:MIZOKOSHI KANATA,2,SElist_[Kei]_JPN_2WD,,n,,kgm#00B2,Variation#4,Variation#4,PRMV0082310,HUB,FR イナーシャ,－,C7A0743743214D49AE5FFB6973444FCE,PT構想審査,
2,E9329025BE0A4E358DA8210FCC4A0267,1,0,PRMV0082311 HUB RR イナーシャ －,A,45540.14697,0,0,EntryCondition,MBSE検討1回目,MBSE検討1回目,,JPN,2WD,,2,UU3:MIZOKOSHI KANATA,2,SElist_[Kei]_JPN_2WD,,n,,kgm#00B2,Variation#4,Variation#4,PRMV0082311,HUB,RR イナーシャ,－,C7A0743743214D49AE5FFB6973444FCE,PT構想審査,
2,9717765585D64164BEB173AAD46910C5,1,0,PRMV0082312 ブレーキ 引き摺りトルク (＠経験圧3Mpa)  －,A,45540.14697,0,0,EntryCondition,MBSE検討1回目,MBSE検討1回目,,JPN,2WD,,2,UU3:MIZOKOSHI KANATA,2,SElist_[Kei]_JPN_2WD,,2,,Nm/veh,Variation#4,Variation#4,PRMV0082312,ブレーキ,引き摺りトルク (＠経験圧3Mpa) ,－,C7A0743743214D49AE5FFB6973444FCE,PT構想審査,
2,9B3699D599624E9AB59F988B88F3D446,1,0,PRMV0082313 ブレーキ FR引き摺りトルク (経験圧3Mpa＠60kph) －,A,45540.14698,0,0,EntryCondition,MBSE検討1回目,MBSE検討1回目,,JPN,2WD,,2,UU3:MIZOKOSHI KANATA,2,SElist_[Kei]_JPN_2WD,,n,,Nm/veh,Variation#4,Variation#4,PRMV0082313,ブレーキ,FR引き摺りトルク (経験圧3Mpa＠60kph),－,C7A0743743214D49AE5FFB6973444FCE,PT構想審査,
2,FC77850FC65A42D09C2D31CE1B87157F,1,0,PRMV0082314 ブレーキ RR引き摺りトルク(経験圧3Mpa＠60kph) －,A,45540.14698,0,0,EntryCondition,MBSE検討1回目,MBSE検討1回目,,JPN,2WD,,2,UU3:MIZOKOSHI KANATA,2,SElist_[Kei]_JPN_2WD,,n,,Nm/veh,Variation#4,Variation#4,PRMV0082314,ブレーキ,RR引き摺りトルク(経験圧3Mpa＠60kph),－,C7A0743743214D49AE5FFB6973444FCE,PT構想審査,
2,411BEA2A016442B39AEBC75DC1B699A6,1,0,PRMV0082315 ブレーキ FRイナーシャ －,A,45540.14699,0,0,EntryCondition,MBSE検討1回目,MBSE検討1回目,,JPN,2WD,,2,UU3:MIZOKOSHI KANATA,2,SElist_[Kei]_JPN_2WD,,0,,kgm#00B2,Variation#4,Variation#4,PRMV0082315,ブレーキ,FRイナーシャ,－,C7A0743743214D49AE5FFB6973444FCE,PT構想審査,
2,A0FD0B637EC64F5F932C888D748FB205,1,0,PRMV0082316 ブレーキ RRイナーシャ －,A,45540.147,0,0,EntryCondition,MBSE検討1回目,MBSE検討1回目,,JPN,2WD,,2,UU3:MIZOKOSHI KANATA,2,SElist_[Kei]_JPN_2WD,,0,,kgm#00B2,Variation#4,Variation#4,PRMV0082316,ブレーキ,RRイナーシャ,－,C7A0743743214D49AE5FFB6973444FCE,PT構想審査,
2,966E005EA49B4DBCB58F26ADF1588A0D,1,0,PRMV0082317 車両姿勢 グランドクリアランスMin －,A,45540.147,0,0,EntryCondition,MBSE検討1回目,MBSE検討1回目,,JPN,2WD,,2,UU3:MIZOKOSHI KANATA,2,SElist_[Kei]_JPN_2WD,,n,,mm,Variation#4,Variation#4,PRMV0082317,車両姿勢,グランドクリアランスMin,－,C7A0743743214D49AE5FFB6973444FCE,PT構想審査,
2,D10495CFCB014FFBB76773EF076099AE,1,0,PRMV0082318 Test Weight 航続距離試験(ETW)Total －,A,45540.14701,0,0,EntryCondition,MBSE検討1回目,MBSE検討1回目,,JPN,2WD,,2,UU3:MIZOKOSHI KANATA,2,SElist_[Kei]_JPN_2WD,,1237,,kg,Variation#4,Variation#4,PRMV0082318,Test Weight,航続距離試験(ETW)Total,－,C7A0743743214D49AE5FFB6973444FCE,PT構想審査,
2,1D5135BFED294AD793EE43351F32B7D6,1,0,PRMV0082319 Test Weight 航続距離試験(ETW)FR －,A,45540.14701,0,0,EntryCondition,MBSE検討1回目,MBSE検討1回目,,JPN,2WD,,2,UU3:MIZOKOSHI KANATA,2,SElist_[Kei]_JPN_2WD,,TBD,,kg,Variation#4,Variation#4,PRMV0082319,Test Weight,航続距離試験(ETW)FR,－,C7A0743743214D49AE5FFB6973444FCE,PT構想審査,
2,94F388DFDD11406D9CC551425D680249,1,0,PRMV0082320 Test Weight 航続距離試験(ETW)RR －,A,45540.14703,0,0,EntryCondition,MBSE検討1回目,MBSE検討1回目,,JPN,2WD,,2,UU3:MIZOKOSHI KANATA,2,SElist_[Kei]_JPN_2WD,,TBD,,kg,Variation#4,Variation#4,PRMV0082320,Test Weight,航続距離試験(ETW)RR,－,C7A0743743214D49AE5FFB6973444FCE,PT構想審査,
2,D36E78921B634F768ADC8CD385D88361,1,0,PRMV0082321 Test Weight 動力当り前性能  －,A,45540.14704,0,0,EntryCondition,MBSE検討1回目,MBSE検討1回目,,JPN,2WD,,2,UU3:MIZOKOSHI KANATA,2,SElist_[Kei]_JPN_2WD,,1322,,kg,Variation#4,Variation#4,PRMV0082321,Test Weight,動力当り前性能 ,－,C7A0743743214D49AE5FFB6973444FCE,PT構想審査,
2,FBBDE9FD4EED468CACB16E6134DC33F5,1,0,PRMV0082322 Test Weight 動力Accerelation －,A,45540.14704,0,0,EntryCondition,MBSE検討1回目,MBSE検討1回目,,JPN,2WD,,2,UU3:MIZOKOSHI KANATA,2,SElist_[Kei]_JPN_2WD,,1247,,kg,Variation#4,Variation#4,PRMV0082322,Test Weight,動力Accerelation,－,C7A0743743214D49AE5FFB6973444FCE,PT構想審査,
2,BF927EE8C5074FB58CD7299525FCABF3,1,0,PRMV0082323 Test Weight 動力Vmax －,A,45540.14705,0,0,EntryCondition,MBSE検討1回目,MBSE検討1回目,,JPN,2WD,,2,UU3:MIZOKOSHI KANATA,2,SElist_[Kei]_JPN_2WD,,1247,,kg,Variation#4,Variation#4,PRMV0082323,Test Weight,動力Vmax,－,C7A0743743214D49AE5FFB6973444FCE,PT構想審査,
2,5EEAD3E4C95440CA832AD2B1D4CDBE82,1,0,PRMV0082324 Test Weight 熱NEMシビアシーン －,A,45540.14705,0,0,EntryCondition,MBSE検討1回目,MBSE検討1回目,,JPN,2WD,,2,UU3:MIZOKOSHI KANATA,2,SElist_[Kei]_JPN_2WD,,1380,,kg,Variation#4,Variation#4,PRMV0082324,Test Weight,熱NEMシビアシーン,－,C7A0743743214D49AE5FFB6973444FCE,PT構想審査,
2,4CADEF40FAF848B88FEBF3243FD8812F,1,0,PRMV0082325 Test Weight 熱加減速繰り返し走行 －,A,45540.14706,0,0,EntryCondition,MBSE検討1回目,MBSE検討1回目,,JPN,2WD,,2,UU3:MIZOKOSHI KANATA,2,SElist_[Kei]_JPN_2WD,,1380,,kg,Variation#4,Variation#4,PRMV0082325,Test Weight,熱加減速繰り返し走行,－,C7A0743743214D49AE5FFB6973444FCE,PT構想審査,
2,7398B39DC24048269BCBEB9B93ED47A1,1,0,PRMV0082326 Test Weight 熱Towing －,A,45540.14706,0,0,EntryCondition,MBSE検討1回目,MBSE検討1回目,,JPN,2WD,,2,UU3:MIZOKOSHI KANATA,2,SElist_[Kei]_JPN_2WD,,W/O,,kg,Variation#4,Variation#4,PRMV0082326,Test Weight,熱Towing,－,C7A0743743214D49AE5FFB6973444FCE,PT構想審査,
2,6ED26E885DAC486CA76DE32068CDFB3F,1,0,PRMV0082327 Test Weight 熱低温性能 －,A,45540.14707,0,0,EntryCondition,MBSE検討1回目,MBSE検討1回目,,JPN,2WD,,2,UU3:MIZOKOSHI KANATA,2,SElist_[Kei]_JPN_2WD,,1380,,kg,Variation#4,Variation#4,PRMV0082327,Test Weight,熱低温性能,－,C7A0743743214D49AE5FFB6973444FCE,PT構想審査,
2,BFEA5EA3310E4C268CB49235764E9064,1,0,PRMV0082328 走行抵抗 届出(Target Lset式) A0 －,A,45540.14708,0,0,EntryCondition,MBSE検討1回目,MBSE検討1回目,,JPN,2WD,,2,UU3:MIZOKOSHI KANATA,2,SElist_[Kei]_JPN_2WD,,83.536,,N,Variation#4,Variation#4,PRMV0082328,走行抵抗,届出(Target Lset式) A0,－,C7A0743743214D49AE5FFB6973444FCE,PT構想審査,
2,20BEBB9F85A44EAEA1B3F22ABC3B599B,1,0,PRMV0082329 走行抵抗 届出(Target Lset式) A1 －,A,45540.14708,0,0,EntryCondition,MBSE検討1回目,MBSE検討1回目,,JPN,2WD,,2,UU3:MIZOKOSHI KANATA,2,SElist_[Kei]_JPN_2WD,,-0.1307,,N/kph,Variation#4,Variation#4,PRMV0082329,走行抵抗,届出(Target Lset式) A1,－,C7A0743743214D49AE5FFB6973444FCE,PT構想審査,
2,B27C2DC0D9AF499E8F5C454ED1D3BADC,1,0,PRMV0082330 走行抵抗 届出(Target Lset式) A2 －,A,45540.14709,0,0,EntryCondition,MBSE検討1回目,MBSE検討1回目,,JPN,2WD,,2,UU3:MIZOKOSHI KANATA,2,SElist_[Kei]_JPN_2WD,,0.04365,,N/kph#00B2,Variation#4,Variation#4,PRMV0082330,走行抵抗,届出(Target Lset式) A2,－,C7A0743743214D49AE5FFB6973444FCE,PT構想審査,
3,4090AF33B7C64F03B140DB577303C91D,1,0,PRMV0082331 走行抵抗 届出(Target Lset式) IP －,A,45553.00175,0,0,EntryCondition,MBSE検討1回目,MBSE検討1回目,,JPN,2WD,,2,UU3:MIZOKOSHI KANATA,2,SElist_[Kei]_JPN_2WD,,1237,,kg,Variation#4,Variation#4,PRMV0082331,走行抵抗,届出(Target Lset式) IP,－,C7A0743743214D49AE5FFB6973444FCE,PT構想審査,
2,127B641170534912B4F70681EA77BE03,1,0,PRMV0082332 性能検討用走行抵抗式(ePT連れ回り排除) 航続距離(C/D車載状態)A0 －,A,45540.14711,0,0,EntryCondition,MBSE検討1回目,MBSE検討1回目,,JPN,2WD,,2,UU3:MIZOKOSHI KANATA,2,SElist_[Kei]_JPN_2WD,,83.536,,N,Variation#4,Variation#4,PRMV0082332,性能検討用走行抵抗式(ePT連れ回り排除),航続距離(C/D車載状態)A0,－,C7A0743743214D49AE5FFB6973444FCE,PT構想審査,
2,D9419518FB7D4A639D1D0CC9C7579820,1,0,PRMV0082333 性能検討用走行抵抗式(ePT連れ回り排除) 航続距離(C/D車載状態)A1 －,A,45540.14711,0,0,EntryCondition,MBSE検討1回目,MBSE検討1回目,,JPN,2WD,,2,UU3:MIZOKOSHI KANATA,2,SElist_[Kei]_JPN_2WD,,-0.1307,,N/kph,Variation#4,Variation#4,PRMV0082333,性能検討用走行抵抗式(ePT連れ回り排除),航続距離(C/D車載状態)A1,－,C7A0743743214D49AE5FFB6973444FCE,PT構想審査,
2,6B6769A74D2E48B28F01FE35B1D28736,1,0,PRMV0082334 性能検討用走行抵抗式(ePT連れ回り排除) 航続距離(C/D車載状態)A2 －,A,45540.14712,0,0,EntryCondition,MBSE検討1回目,MBSE検討1回目,,JPN,2WD,,2,UU3:MIZOKOSHI KANATA,2,SElist_[Kei]_JPN_2WD,,0.04365,,N/kph#00B2,Variation#4,Variation#4,PRMV0082334,性能検討用走行抵抗式(ePT連れ回り排除),航続距離(C/D車載状態)A2,－,C7A0743743214D49AE5FFB6973444FCE,PT構想審査,
3,106E1C2321A443FB9F8E3567B770E9FE,1,0,PRMV0082335 性能検討用走行抵抗式(ePT連れ回り排除) 航続距離(C/D車載状態)IP －,A,45553.00175,0,0,EntryCondition,MBSE検討1回目,MBSE検討1回目,,JPN,2WD,,2,UU3:MIZOKOSHI KANATA,2,SElist_[Kei]_JPN_2WD,,1237,,kg,Variation#4,Variation#4,PRMV0082335,性能検討用走行抵抗式(ePT連れ回り排除),航続距離(C/D車載状態)IP,－,C7A0743743214D49AE5FFB6973444FCE,PT構想審査,
2,5C8A6ECEBF494E26BD0C261A9BFC0023,1,0,PRMV0082336 性能検討用走行抵抗式(ePT連れ回り排除) 動力当り前性能A0 －,A,45540.14713,0,0,EntryCondition,MBSE検討1回目,MBSE検討1回目,,JPN,2WD,,2,UU3:MIZOKOSHI KANATA,2,SElist_[Kei]_JPN_2WD,,95.657,,N,Variation#4,Variation#4,PRMV0082336,性能検討用走行抵抗式(ePT連れ回り排除),動力当り前性能A0,－,C7A0743743214D49AE5FFB6973444FCE,PT構想審査,
2,80E05CD4B36646F480069AF88DA2EC70,1,0,PRMV0082337 性能検討用走行抵抗式(ePT連れ回り排除) 動力当り前性能A1 －,A,45540.14713,0,0,EntryCondition,MBSE検討1回目,MBSE検討1回目,,JPN,2WD,,2,UU3:MIZOKOSHI KANATA,2,SElist_[Kei]_JPN_2WD,,－,,N/kph,Variation#4,Variation#4,PRMV0082337,性能検討用走行抵抗式(ePT連れ回り排除),動力当り前性能A1,－,C7A0743743214D49AE5FFB6973444FCE,PT構想審査,
2,B1EA2E46D04F45CFB8332AA317B26B80,1,0,PRMV0082338 性能検討用走行抵抗式(ePT連れ回り排除) 動力当り前性能A2 －,A,45540.14714,0,0,EntryCondition,MBSE検討1回目,MBSE検討1回目,,JPN,2WD,,2,UU3:MIZOKOSHI KANATA,2,SElist_[Kei]_JPN_2WD,,0.0415,,N/kph#00B2,Variation#4,Variation#4,PRMV0082338,性能検討用走行抵抗式(ePT連れ回り排除),動力当り前性能A2,－,C7A0743743214D49AE5FFB6973444FCE,PT構想審査,
2,37E757FD3EE448579E529293894A3842,1,0,PRMV0082339 性能検討用走行抵抗式(ePT連れ回り排除) 動力当り前性能IP －,A,45540.14715,0,0,EntryCondition,MBSE検討1回目,MBSE検討1回目,,JPN,2WD,,2,UU3:MIZOKOSHI KANATA,2,SElist_[Kei]_JPN_2WD,,1322,,kg,Variation#4,Variation#4,PRMV0082339,性能検討用走行抵抗式(ePT連れ回り排除),動力当り前性能IP,－,C7A0743743214D49AE5FFB6973444FCE,PT構想審査,
2,D4267345ADA34E399E9B0D7B8EDC72ED,1,0,PRMV0082340 性能検討用走行抵抗式(ePT連れ回り排除) 動力AccerelationA0 －,A,45540.14715,0,0,EntryCondition,MBSE検討1回目,MBSE検討1回目,,JPN,2WD,,2,UU3:MIZOKOSHI KANATA,2,SElist_[Kei]_JPN_2WD,,92.17,,N,Variation#4,Variation#4,PRMV0082340,性能検討用走行抵抗式(ePT連れ回り排除),動力AccerelationA0,－,C7A0743743214D49AE5FFB6973444FCE,PT構想審査,
2,60B5A50A482445F1840F1281AB36593B,1,0,PRMV0082341 性能検討用走行抵抗式(ePT連れ回り排除) 動力AccerelationA1 －,A,45540.14716,0,0,EntryCondition,MBSE検討1回目,MBSE検討1回目,,JPN,2WD,,2,UU3:MIZOKOSHI KANATA,2,SElist_[Kei]_JPN_2WD,,－,,N/kph,Variation#4,Variation#4,PRMV0082341,性能検討用走行抵抗式(ePT連れ回り排除),動力AccerelationA1,－,C7A0743743214D49AE5FFB6973444FCE,PT構想審査,
2,C9CD01BE3AD34C9AB1CAAF06263E6557,1,0,PRMV0082342 性能検討用走行抵抗式(ePT連れ回り排除) 動力AccerelationA2 －,A,45540.14716,0,0,EntryCondition,MBSE検討1回目,MBSE検討1回目,,JPN,2WD,,2,UU3:MIZOKOSHI KANATA,2,SElist_[Kei]_JPN_2WD,,0.04365,,N/kph#00B2,Variation#4,Variation#4,PRMV0082342,性能検討用走行抵抗式(ePT連れ回り排除),動力AccerelationA2,－,C7A0743743214D49AE5FFB6973444FCE,PT構想審査,
2,4ED932ABCB3B4D598BE7C7BD103AF708,1,0,PRMV0082343 性能検討用走行抵抗式(ePT連れ回り排除) 動力AccerelationIP －,A,45540.14718,0,0,EntryCondition,MBSE検討1回目,MBSE検討1回目,,JPN,2WD,,2,UU3:MIZOKOSHI KANATA,2,SElist_[Kei]_JPN_2WD,,1261,,kg,Variation#4,Variation#4,PRMV0082343,性能検討用走行抵抗式(ePT連れ回り排除),動力AccerelationIP,－,C7A0743743214D49AE5FFB6973444FCE,PT構想審査,
2,A07ADF0E3BED4CAABCE24380D8637BCD,1,0,PRMV0082344 性能検討用走行抵抗式(ePT連れ回り排除) 動力VmaxA0 －,A,45540.14718,0,0,EntryCondition,MBSE検討1回目,MBSE検討1回目,,JPN,2WD,,2,UU3:MIZOKOSHI KANATA,2,SElist_[Kei]_JPN_2WD,,92.17,,N,Variation#4,Variation#4,PRMV0082344,性能検討用走行抵抗式(ePT連れ回り排除),動力VmaxA0,－,C7A0743743214D49AE5FFB6973444FCE,PT構想審査,
2,BF36925A07D7413C8882DCAEA910EB12,1,0,PRMV0082345 性能検討用走行抵抗式(ePT連れ回り排除) 動力VmaxA1 －,A,45540.14719,0,0,EntryCondition,MBSE検討1回目,MBSE検討1回目,,JPN,2WD,,2,UU3:MIZOKOSHI KANATA,2,SElist_[Kei]_JPN_2WD,,－,,N/kph,Variation#4,Variation#4,PRMV0082345,性能検討用走行抵抗式(ePT連れ回り排除),動力VmaxA1,－,C7A0743743214D49AE5FFB6973444FCE,PT構想審査,
2,FD918EC26C664563A33C9D92C70153F1,1,0,PRMV0082346 性能検討用走行抵抗式(ePT連れ回り排除) 動力VmaxA2 －,A,45540.14719,0,0,EntryCondition,MBSE検討1回目,MBSE検討1回目,,JPN,2WD,,2,UU3:MIZOKOSHI KANATA,2,SElist_[Kei]_JPN_2WD,,0.04365,,N/kph#00B2,Variation#4,Variation#4,PRMV0082346,性能検討用走行抵抗式(ePT連れ回り排除),動力VmaxA2,－,C7A0743743214D49AE5FFB6973444FCE,PT構想審査,
2,4BDF85967FF54B0E8113117EA038E46A,1,0,PRMV0082347 性能検討用走行抵抗式(ePT連れ回り排除) 動力VmaxIP －,A,45540.1472,0,0,EntryCondition,MBSE検討1回目,MBSE検討1回目,,JPN,2WD,,2,UU3:MIZOKOSHI KANATA,2,SElist_[Kei]_JPN_2WD,,1261,,kg,Variation#4,Variation#4,PRMV0082347,性能検討用走行抵抗式(ePT連れ回り排除),動力VmaxIP,－,C7A0743743214D49AE5FFB6973444FCE,PT構想審査,
2,077C8C79BDD845D09648FEE894402C26,1,0,PRMV0082348 性能検討用走行抵抗式(ePT連れ回り排除) 熱NEMシビアシーンA0 －,A,45540.1472,0,0,EntryCondition,MBSE検討1回目,MBSE検討1回目,,JPN,2WD,,2,UU3:MIZOKOSHI KANATA,2,SElist_[Kei]_JPN_2WD,,CDxA 0.381x2.19,,別紙,Variation#4,Variation#4,PRMV0082348,性能検討用走行抵抗式(ePT連れ回り排除),熱NEMシビアシーンA0,－,C7A0743743214D49AE5FFB6973444FCE,PT構想審査,
2,3C841D8FEAC5437AADF8DD0BEDA9C0B2,1,0,PRMV0082349 性能検討用走行抵抗式(ePT連れ回り排除) 熱加減速繰り返し走行A0 －,A,45540.14721,0,0,EntryCondition,MBSE検討1回目,MBSE検討1回目,,JPN,2WD,,2,UU3:MIZOKOSHI KANATA,2,SElist_[Kei]_JPN_2WD,,90.9,,N,Variation#4,Variation#4,PRMV0082349,性能検討用走行抵抗式(ePT連れ回り排除),熱加減速繰り返し走行A0,－,C7A0743743214D49AE5FFB6973444FCE,PT構想審査,
2,D3DDF7BE7C664EEEBB91DBA4D6AC4006,1,0,PRMV0082350 性能検討用走行抵抗式(ePT連れ回り排除) 熱加減速繰り返し走行A1 －,A,45540.14722,0,0,EntryCondition,MBSE検討1回目,MBSE検討1回目,,JPN,2WD,,2,UU3:MIZOKOSHI KANATA,2,SElist_[Kei]_JPN_2WD,,-0.0951,,N/kph,Variation#4,Variation#4,PRMV0082350,性能検討用走行抵抗式(ePT連れ回り排除),熱加減速繰り返し走行A1,－,C7A0743743214D49AE5FFB6973444FCE,PT構想審査,
2,6E1F65D70EF74DF88CBB41162F1885B9,1,0,PRMV0082351 性能検討用走行抵抗式(ePT連れ回り排除) 熱加減速繰り返し走行A2 －,A,45540.14722,0,0,EntryCondition,MBSE検討1回目,MBSE検討1回目,,JPN,2WD,,2,UU3:MIZOKOSHI KANATA,2,SElist_[Kei]_JPN_2WD,,0.04326,,N/kph#00B2,Variation#4,Variation#4,PRMV0082351,性能検討用走行抵抗式(ePT連れ回り排除),熱加減速繰り返し走行A2,－,C7A0743743214D49AE5FFB6973444FCE,PT構想審査,
2,4F1566191C5A4F889A45739F64C22FDA,1,0,PRMV0082352 性能検討用走行抵抗式(ePT連れ回り排除) 熱加減速繰り返し走行IP －,A,45540.14723,0,0,EntryCondition,MBSE検討1回目,MBSE検討1回目,,JPN,2WD,,2,UU3:MIZOKOSHI KANATA,2,SElist_[Kei]_JPN_2WD,,1380,,kg,Variation#4,Variation#4,PRMV0082352,性能検討用走行抵抗式(ePT連れ回り排除),熱加減速繰り返し走行IP,－,C7A0743743214D49AE5FFB6973444FCE,PT構想審査,
2,62D750855A124E8BA9229C1060DB3B9B,1,0,PRMV0082353 性能検討用走行抵抗式(ePT連れ回り排除) 熱TowingA0 －,A,45540.14723,0,0,EntryCondition,MBSE検討1回目,MBSE検討1回目,,JPN,2WD,,2,UU3:MIZOKOSHI KANATA,2,SElist_[Kei]_JPN_2WD,,W/O,,N,Variation#4,Variation#4,PRMV0082353,性能検討用走行抵抗式(ePT連れ回り排除),熱TowingA0,－,C7A0743743214D49AE5FFB6973444FCE,PT構想審査,
2,5615BE9E281C400BBA34FE99F6424D35,1,0,PRMV0082354 性能検討用走行抵抗式(ePT連れ回り排除) 熱TowingA1 －,A,45540.14725,0,0,EntryCondition,MBSE検討1回目,MBSE検討1回目,,JPN,2WD,,2,UU3:MIZOKOSHI KANATA,2,SElist_[Kei]_JPN_2WD,,W/O,,N/kph,Variation#4,Variation#4,PRMV0082354,性能検討用走行抵抗式(ePT連れ回り排除),熱TowingA1,－,C7A0743743214D49AE5FFB6973444FCE,PT構想審査,
2,88ADEACAA03045AAAB6BE132223FB98D,1,0,PRMV0082355 性能検討用走行抵抗式(ePT連れ回り排除) 熱TowingA2 －,A,45540.14726,0,0,EntryCondition,MBSE検討1回目,MBSE検討1回目,,JPN,2WD,,2,UU3:MIZOKOSHI KANATA,2,SElist_[Kei]_JPN_2WD,,W/O,,N/kph#00B2,Variation#4,Variation#4,PRMV0082355,性能検討用走行抵抗式(ePT連れ回り排除),熱TowingA2,－,C7A0743743214D49AE5FFB6973444FCE,PT構想審査,
2,F998B7BAE6F949EC99539DFDB698A6F8,1,0,PRMV0082356 性能検討用走行抵抗式(ePT連れ回り排除) 熱TowingIP －,A,45540.14726,0,0,EntryCondition,MBSE検討1回目,MBSE検討1回目,,JPN,2WD,,2,UU3:MIZOKOSHI KANATA,2,SElist_[Kei]_JPN_2WD,,W/O,,kg,Variation#4,Variation#4,PRMV0082356,性能検討用走行抵抗式(ePT連れ回り排除),熱TowingIP,－,C7A0743743214D49AE5FFB6973444FCE,PT構想審査,
2,17BB8D58416A4C88BD84EDAC4E82DD69,1,0,PRMV0082357 性能検討用走行抵抗式(ePT連れ回り排除) 熱低温性能A0 －,A,45540.14727,0,0,EntryCondition,MBSE検討1回目,MBSE検討1回目,,JPN,2WD,,2,UU3:MIZOKOSHI KANATA,2,SElist_[Kei]_JPN_2WD,,n,,N,Variation#4,Variation#4,PRMV0082357,性能検討用走行抵抗式(ePT連れ回り排除),熱低温性能A0,－,C7A0743743214D49AE5FFB6973444FCE,PT構想審査,
2,0E8226DDF30A49F8BD8603E3F988779D,1,0,PRMV0082358 性能検討用走行抵抗式(ePT連れ回り排除) 熱低温性能A1 －,A,45540.14728,0,0,EntryCondition,MBSE検討1回目,MBSE検討1回目,,JPN,2WD,,2,UU3:MIZOKOSHI KANATA,2,SElist_[Kei]_JPN_2WD,,n,,N/kph,Variation#4,Variation#4,PRMV0082358,性能検討用走行抵抗式(ePT連れ回り排除),熱低温性能A1,－,C7A0743743214D49AE5FFB6973444FCE,PT構想審査,
2,436545BD1E28400C9405F22528A459EE,1,0,PRMV0082359 性能検討用走行抵抗式(ePT連れ回り排除) 熱低温性能A2 －,A,45540.14728,0,0,EntryCondition,MBSE検討1回目,MBSE検討1回目,,JPN,2WD,,2,UU3:MIZOKOSHI KANATA,2,SElist_[Kei]_JPN_2WD,,n,,N/kph#00B2,Variation#4,Variation#4,PRMV0082359,性能検討用走行抵抗式(ePT連れ回り排除),熱低温性能A2,－,C7A0743743214D49AE5FFB6973444FCE,PT構想審査,
2,6BAEA35112104EEAA4F7D774B7CCB9E7,1,0,PRMV0082360 性能検討用走行抵抗式(ePT連れ回り排除) 熱低温性能IP －,A,45540.14729,0,0,EntryCondition,MBSE検討1回目,MBSE検討1回目,,JPN,2WD,,2,UU3:MIZOKOSHI KANATA,2,SElist_[Kei]_JPN_2WD,,n,,kg,Variation#4,Variation#4,PRMV0082360,性能検討用走行抵抗式(ePT連れ回り排除),熱低温性能IP,－,C7A0743743214D49AE5FFB6973444FCE,PT構想審査,
2,7EBEA6BA00894E2CAFEE22E35256E05F,1,0,PRMV0082361 ePT 最高システム総合出力(公称） －,A,45540.14729,0,0,EntryCondition,MBSE検討1回目,MBSE検討1回目,,JPN,2WD,,2,UU3:MIZOKOSHI KANATA,2,SElist_[Kei]_JPN_2WD,,47,,kW,Variation#4,Variation#4,PRMV0082361,ePT,最高システム総合出力(公称）,－,C7A0743743214D49AE5FFB6973444FCE,PT構想審査,
2,6F458AE39AC6486DBAB2EFAE86DA62A2,1,0,PRMV0082362 ePT FR MOTイナーシャ －,A,45540.1473,0,0,EntryCondition,MBSE検討1回目,MBSE検討1回目,,JPN,2WD,,2,UU3:MIZOKOSHI KANATA,2,SElist_[Kei]_JPN_2WD,,0.011045,,kgm#00B2,Variation#4,Variation#4,PRMV0082362,ePT,FR MOTイナーシャ,－,C7A0743743214D49AE5FFB6973444FCE,PT構想審査,
2,07DD43F3671849DE9D1F8281BA6C0BD1,1,0,PRMV0082363 ePT FR GBイナーシャ －,A,45540.14731,0,0,EntryCondition,MBSE検討1回目,MBSE検討1回目,,JPN,2WD,,2,UU3:MIZOKOSHI KANATA,2,SElist_[Kei]_JPN_2WD,,0.134(DIFF軸上),,kgm#00B2,Variation#4,Variation#4,PRMV0082363,ePT,FR GBイナーシャ,－,C7A0743743214D49AE5FFB6973444FCE,PT構想審査,
2,12D1D626B23B4634AC4C4AEA98B1FD1A,1,0,PRMV0082364 ePT RR MOTイナーシャ －,A,45540.14731,0,0,EntryCondition,MBSE検討1回目,MBSE検討1回目,,JPN,2WD,,2,UU3:MIZOKOSHI KANATA,2,SElist_[Kei]_JPN_2WD,,n,,kgm#00B2,Variation#4,Variation#4,PRMV0082364,ePT,RR MOTイナーシャ,－,C7A0743743214D49AE5FFB6973444FCE,PT構想審査,
2,96A9F92B66E044DA8B157DF1A0202E56,1,0,PRMV0082365 ePT RR GBイナーシャ －,A,45540.14733,0,0,EntryCondition,MBSE検討1回目,MBSE検討1回目,,JPN,2WD,,2,UU3:MIZOKOSHI KANATA,2,SElist_[Kei]_JPN_2WD,,no App,,kgm#00B2,Variation#4,Variation#4,PRMV0082365,ePT,RR GBイナーシャ,－,C7A0743743214D49AE5FFB6973444FCE,PT構想審査,
2,6F799F2D50DA473E9DA30B263FDCF193,1,0,PRMV0082366 ePT FR MOT制限設定トルク上限(第一象限) －,A,45540.14733,0,0,EntryCondition,MBSE検討1回目,MBSE検討1回目,,JPN,2WD,,2,UU3:MIZOKOSHI KANATA,2,SElist_[Kei]_JPN_2WD,,135,,Nm,Variation#4,Variation#4,PRMV0082366,ePT,FR MOT制限設定トルク上限(第一象限),－,C7A0743743214D49AE5FFB6973444FCE,PT構想審査,
2,D1B7596BC00340BE8DDCD10986F39943,1,0,PRMV0082367 ePT FR MOT制限設定トルク下限(第四象限) －,A,45540.14734,0,0,EntryCondition,MBSE検討1回目,MBSE検討1回目,,JPN,2WD,,2,UU3:MIZOKOSHI KANATA,2,SElist_[Kei]_JPN_2WD,,-135,,Nm,Variation#4,Variation#4,PRMV0082367,ePT,FR MOT制限設定トルク下限(第四象限),－,C7A0743743214D49AE5FFB6973444FCE,PT構想審査,
2,1571624A33BC4EFFB56DDE01E0B96E35,1,0,PRMV0082368 ePT FR GB減速比 －,A,45540.14735,0,0,EntryCondition,MBSE検討1回目,MBSE検討1回目,,JPN,2WD,,2,UU3:MIZOKOSHI KANATA,2,SElist_[Kei]_JPN_2WD,,12.728,,－,Variation#4,Variation#4,PRMV0082368,ePT,FR GB減速比,－,C7A0743743214D49AE5FFB6973444FCE,PT構想審査,
2,889CE22A623F4B70924518F55E15B46E,1,0,PRMV0082369 ePT RR MOT制限設定トルク上限(第一象限) －,A,45540.14735,0,0,EntryCondition,MBSE検討1回目,MBSE検討1回目,,JPN,2WD,,2,UU3:MIZOKOSHI KANATA,2,SElist_[Kei]_JPN_2WD,,no App,,Nm,Variation#4,Variation#4,PRMV0082369,ePT,RR MOT制限設定トルク上限(第一象限),－,C7A0743743214D49AE5FFB6973444FCE,PT構想審査,
2,AA0300E42C984B3A9E6BF9F97AB0B6A6,1,0,PRMV0082370 ePT RR MOT制限設定トルク下限(第四象限) －,A,45540.14736,0,0,EntryCondition,MBSE検討1回目,MBSE検討1回目,,JPN,2WD,,2,UU3:MIZOKOSHI KANATA,2,SElist_[Kei]_JPN_2WD,,no App,,Nm,Variation#4,Variation#4,PRMV0082370,ePT,RR MOT制限設定トルク下限(第四象限),－,C7A0743743214D49AE5FFB6973444FCE,PT構想審査,
2,B4F8D983745145FC841677F5C67CFDA2,1,0,PRMV0082371 ePT RR GB減速比 －,A,45540.14736,0,0,EntryCondition,MBSE検討1回目,MBSE検討1回目,,JPN,2WD,,2,UU3:MIZOKOSHI KANATA,2,SElist_[Kei]_JPN_2WD,,no App,,－,Variation#4,Variation#4,PRMV0082371,ePT,RR GB減速比,－,C7A0743743214D49AE5FFB6973444FCE,PT構想審査,
2,78E5407665A1449FBAC1E366BD54C7AF,1,0,PRMV0082372 ドライブシャフト FR右ドライブシャフトイナーシャ －,A,45540.14737,0,0,EntryCondition,MBSE検討1回目,MBSE検討1回目,,JPN,2WD,,2,UU3:MIZOKOSHI KANATA,2,SElist_[Kei]_JPN_2WD,,2.007×10^-3,,kgm#00B2,Variation#4,Variation#4,PRMV0082372,ドライブシャフト,FR右ドライブシャフトイナーシャ,－,C7A0743743214D49AE5FFB6973444FCE,PT構想審査,
2,ED1B808139AA43F4BEB0606D95E7EB43,1,0,PRMV0082373 ドライブシャフト FR左ドライブシャフトイナーシャ －,A,45540.14738,0,0,EntryCondition,MBSE検討1回目,MBSE検討1回目,,JPN,2WD,,2,UU3:MIZOKOSHI KANATA,2,SElist_[Kei]_JPN_2WD,,1.951×10^-3,,kgm#00B2,Variation#4,Variation#4,PRMV0082373,ドライブシャフト,FR左ドライブシャフトイナーシャ,－,C7A0743743214D49AE5FFB6973444FCE,PT構想審査,
2,BFFC53BC16EE4A4295BE527AC30F5273,1,0,PRMV0082374 ドライブシャフト RR右ドライブシャフトイナーシャ －,A,45540.14738,0,0,EntryCondition,MBSE検討1回目,MBSE検討1回目,,JPN,2WD,,2,UU3:MIZOKOSHI KANATA,2,SElist_[Kei]_JPN_2WD,,no App,,kgm#00B2,Variation#4,Variation#4,PRMV0082374,ドライブシャフト,RR右ドライブシャフトイナーシャ,－,C7A0743743214D49AE5FFB6973444FCE,PT構想審査,
2,66F4DC2410EF4279A8E5CB4C26BC5647,1,0,PRMV0082375 ドライブシャフト RR左ドライブシャフトイナーシャ －,A,45540.1474,0,0,EntryCondition,MBSE検討1回目,MBSE検討1回目,,JPN,2WD,,2,UU3:MIZOKOSHI KANATA,2,SElist_[Kei]_JPN_2WD,,no App,,kgm#00B2,Variation#4,Variation#4,PRMV0082375,ドライブシャフト,RR左ドライブシャフトイナーシャ,－,C7A0743743214D49AE5FFB6973444FCE,PT構想審査,
2,02243DCEEE8547DC99878FE795B738E2,1,0,"PRMV0082376 DCDC DCDC効率(走行時弱電220W,355V入力(SOC20%),13V出力) －",A,45540.1474,0,0,EntryCondition,MBSE検討1回目,MBSE検討1回目,,JPN,2WD,,2,UU3:MIZOKOSHI KANATA,2,SElist_[Kei]_JPN_2WD,,75,,%,Variation#4,Variation#4,PRMV0082376,DCDC,"DCDC効率(走行時弱電220W,355V入力(SOC20%),13V出力)",－,C7A0743743214D49AE5FFB6973444FCE,PT構想審査,
2,407EDD5FFF414508B21F4537AF406C8A,1,0,PRMV0082377 LV BATT 消費電力(電費試験時WLTCモード) －,A,45540.14741,0,0,EntryCondition,MBSE検討1回目,MBSE検討1回目,,JPN,2WD,,2,UU3:MIZOKOSHI KANATA,2,SElist_[Kei]_JPN_2WD,,227,,kW,Variation#4,Variation#4,PRMV0082377,LV BATT,消費電力(電費試験時WLTCモード),－,C7A0743743214D49AE5FFB6973444FCE,PT構想審査,
2,CED951CFD8B34263B100C2D04982807F,1,0,PRMV0082378 HV BATT 直列セル数 －,A,45540.14742,0,0,EntryCondition,MBSE検討1回目,MBSE検討1回目,,JPN,2WD,,2,UU3:MIZOKOSHI KANATA,2,SElist_[Kei]_JPN_2WD,,100,,cell,Variation#4,Variation#4,PRMV0082378,HV BATT,直列セル数,－,C7A0743743214D49AE5FFB6973444FCE,PT構想審査,
2,87DAF85C8CA94B7BA462BBF7BE188766,1,0,PRMV0082379 HV BATT 並列セル数 －,A,45540.14742,0,0,EntryCondition,MBSE検討1回目,MBSE検討1回目,,JPN,2WD,,2,UU3:MIZOKOSHI KANATA,2,SElist_[Kei]_JPN_2WD,,1,,para,Variation#4,Variation#4,PRMV0082379,HV BATT,並列セル数,－,C7A0743743214D49AE5FFB6973444FCE,PT構想審査,
2,D7C2458DC91947F3B9BBB27EFBEA69B2,1,0,PRMV0082380 HV BATT セル容量 －,A,45540.14743,0,0,EntryCondition,MBSE検討1回目,MBSE検討1回目,,JPN,2WD,,2,UU3:MIZOKOSHI KANATA,2,SElist_[Kei]_JPN_2WD,,72,,Ah,Variation#4,Variation#4,PRMV0082380,HV BATT,セル容量,－,C7A0743743214D49AE5FFB6973444FCE,PT構想審査,
2,CBE215F56D26400FBF617BC309ADE556,1,0,PRMV0082381 HV BATT パック繋ぎ抵抗 －,A,45540.14743,0,0,EntryCondition,MBSE検討1回目,MBSE検討1回目,,JPN,2WD,,2,UU3:MIZOKOSHI KANATA,2,SElist_[Kei]_JPN_2WD,,0.01(TBD),,Ω,Variation#4,Variation#4,PRMV0082381,HV BATT,パック繋ぎ抵抗,－,C7A0743743214D49AE5FFB6973444FCE,PT構想審査,
2,398C6706E6AF4862BA9052930C00C4D4,1,0,PRMV0082382 HV BATT DCハーネスの抵抗 －,A,45540.14744,0,0,EntryCondition,MBSE検討1回目,MBSE検討1回目,,JPN,2WD,,2,UU3:MIZOKOSHI KANATA,2,SElist_[Kei]_JPN_2WD,,TBD,,Ω,Variation#4,Variation#4,PRMV0082382,HV BATT,DCハーネスの抵抗,－,C7A0743743214D49AE5FFB6973444FCE,PT構想審査,
4,6E3B5140342B443BA89BCE7714DBBE8D,1,0,PRMV0083220 ブレーキ iBooster作動時ブレーキ力(Time-ブレーキ力) －,A,45541.02074,0,0,EntryCondition,MBSE検討1回目,MBSE検討1回目,【ブレーキSys】iBooster作動時ブレーキ力,JPN,2WD,,2,UU3:MIZOKOSHI KANATA,2,SElist_[Kei]_JPN_2WD,,,,MAP,Variation#1,Variation#1,PRMV0083220,ブレーキ,iBooster作動時ブレーキ力(Time-ブレーキ力),－,C7A0743743214D49AE5FFB6973444FCE,PT構想審査,【ブレーキSys】iBooster作動時ブレーキ力.xlsx
3,826F7BE24F3546EF8C4016EEC3056BF0,1,0,PRMV0083221 ePT FR MOT出力N-T特性(回転-トルク) －,A,45540.14745,0,0,EntryCondition,MBSE検討1回目,MBSE検討1回目,,JPN,2WD,,2,UU3:MIZOKOSHI KANATA,2,SElist_[Kei]_JPN_2WD,,,,MAP,Variation#1,Variation#1,PRMV0083221,ePT,FR MOT出力N-T特性(回転-トルク),－,C7A0743743214D49AE5FFB6973444FCE,PT構想審査,【MOT特性】出力_FRONT.xlsx
3,506670A3331545D48AD36974009FF407,1,0,PRMV0083222 ePT FR MOT制限設定出力上限(第一象限) －,A,45540.14745,0,0,EntryCondition,MBSE検討1回目,MBSE検討1回目,,JPN,2WD,,2,UU3:MIZOKOSHI KANATA,2,SElist_[Kei]_JPN_2WD,,,,MAP,Variation#1,Variation#1,PRMV0083222,ePT,FR MOT制限設定出力上限(第一象限),－,C7A0743743214D49AE5FFB6973444FCE,PT構想審査,【MOT特性】出力_FRONT.xlsx
3,A33041DFFBF74A2EB741FDFF2E74C457,1,0,PRMV0083223 ePT FR MOT制限設定出力下限(第四象限) －,A,45540.14747,0,0,EntryCondition,MBSE検討1回目,MBSE検討1回目,,JPN,2WD,,2,UU3:MIZOKOSHI KANATA,2,SElist_[Kei]_JPN_2WD,,,,MAP,Variation#1,Variation#1,PRMV0083223,ePT,FR MOT制限設定出力下限(第四象限),－,C7A0743743214D49AE5FFB6973444FCE,PT構想審査,【MOT特性】出力_FRONT.xlsx
3,42D056E7DA6042E18FF96A2E503990E4,1,0,PRMV0083224 ePT FR MOT損失特性 －,A,45540.14748,0,0,EntryCondition,MBSE検討1回目,MBSE検討1回目,,JPN,2WD,,2,UU3:MIZOKOSHI KANATA,2,SElist_[Kei]_JPN_2WD,,,,MAP,Variation#1,Variation#1,PRMV0083224,ePT,FR MOT損失特性,－,C7A0743743214D49AE5FFB6973444FCE,PT構想審査,【MOT特性】総合損失_FRONT.xlsx
3,C007BA9073E14221AE48158FCD9C5CFD,1,0,PRMV0083225 ePT FR GB損失特性(有負荷) －,A,45540.14748,0,0,EntryCondition,MBSE検討1回目,MBSE検討1回目,,JPN,2WD,,2,UU3:MIZOKOSHI KANATA,2,SElist_[Kei]_JPN_2WD,,,,MAP,Variation#1,Variation#1,PRMV0083225,ePT,FR GB損失特性(有負荷),－,C7A0743743214D49AE5FFB6973444FCE,PT構想審査,【GB特性】損失_FRONT.xlsx
3,4D73B72CCD4E4C2090672F1E9CE4AD6C,1,0,PRMV0083226 ePT ePT Sys無負荷損失特性(車速-駆動力) －,A,45540.14749,0,0,EntryCondition,MBSE検討1回目,MBSE検討1回目,,JPN,2WD,,2,UU3:MIZOKOSHI KANATA,2,SElist_[Kei]_JPN_2WD,,,,MAP,Variation#1,Variation#1,PRMV0083226,ePT,ePT Sys無負荷損失特性(車速-駆動力),－,C7A0743743214D49AE5FFB6973444FCE,PT構想審査,【ePT】ePT Sys無負荷損失特性.xlsx
3,4EC22BFC01B745BC9700F1283C2BDAF8,1,0,PRMV0083227 パワマネ 駆動力Map(APO-車速-駆動力) －,A,45540.14749,0,0,EntryCondition,MBSE検討1回目,MBSE検討1回目,,JPN,2WD,,2,UU3:MIZOKOSHI KANATA,2,SElist_[Kei]_JPN_2WD,,,,MAP,Variation#1,Variation#1,PRMV0083227,パワマネ,駆動力Map(APO-車速-駆動力),－,C7A0743743214D49AE5FFB6973444FCE,PT構想審査,【パワマネ】駆動力Map.xlsx
3,122A64066EB24168ACBD1266AA8DC3A2,1,0,PRMV0083228 協調回生システム 回生ブレーキすり替え車速(車速-G) －,A,45540.1475,0,0,EntryCondition,MBSE検討1回目,MBSE検討1回目,,JPN,2WD,,2,UU3:MIZOKOSHI KANATA,2,SElist_[Kei]_JPN_2WD,,,,MAP,Variation#1,Variation#1,PRMV0083228,協調回生システム,回生ブレーキすり替え車速(車速-G),－,C7A0743743214D49AE5FFB6973444FCE,PT構想審査,【回生Sys】回生ブレーキすり替え車速.xlsx
3,3547008DD78F4301AC0C925CB4ED9DF7,1,0,PRMV0083229 HV BATT セル開放電圧特性(SOC-OCV) －,A,45540.1475,0,0,EntryCondition,MBSE検討1回目,MBSE検討1回目,,JPN,2WD,,2,UU3:MIZOKOSHI KANATA,2,SElist_[Kei]_JPN_2WD,,,,MAP,Variation#1,Variation#1,PRMV0083229,HV BATT,セル開放電圧特性(SOC-OCV),－,C7A0743743214D49AE5FFB6973444FCE,PT構想審査,【BAT特性】セル開放電圧特性(SOC-OCV).xlsx
3,40B10503BB4945658F59D72B637F955E,1,0,PRMV0083230 HV BATT バッテリ制限設定(Pin入力上限/BATT温度-SOC-電力) －,A,45540.14751,0,0,EntryCondition,MBSE検討1回目,MBSE検討1回目,,JPN,2WD,,2,UU3:MIZOKOSHI KANATA,2,SElist_[Kei]_JPN_2WD,,,,MAP,Variation#1,Variation#1,PRMV0083230,HV BATT,バッテリ制限設定(Pin入力上限/BATT温度-SOC-電力),－,C7A0743743214D49AE5FFB6973444FCE,PT構想審査,【BAT特性】入力制限(Pin).xlsx
3,4BAA8A58AFDD42188AF8651E78329345,1,0,PRMV0083231 HV BATT バッテリ制限設定(Pout出力上限/BATT温度-SOC-電力) －,A,45540.14752,0,0,EntryCondition,MBSE検討1回目,MBSE検討1回目,,JPN,2WD,,2,UU3:MIZOKOSHI KANATA,2,SElist_[Kei]_JPN_2WD,,,,MAP,Variation#1,Variation#1,PRMV0083231,HV BATT,バッテリ制限設定(Pout出力上限/BATT温度-SOC-電力),－,C7A0743743214D49AE5FFB6973444FCE,PT構想審査,【BAT特性】出力制限(Pout).xlsx
3,FE0BBFC3B3AD477DBAA18A252FA29E1C,1,0,PRMV0083232 HV BATT セル内部抵抗特性(充電/BATT温度-SOC-内部抵抗) －,A,45540.14752,0,0,EntryCondition,MBSE検討1回目,MBSE検討1回目,,JPN,2WD,,2,UU3:MIZOKOSHI KANATA,2,SElist_[Kei]_JPN_2WD,,,,MAP,Variation#1,Variation#1,PRMV0083232,HV BATT,セル内部抵抗特性(充電/BATT温度-SOC-内部抵抗),－,C7A0743743214D49AE5FFB6973444FCE,PT構想審査,【BAT特性】セル内部抵抗.xlsx
3,E3CD9B01B8CD48A0B3605DFEB1AEC8F4,1,0,PRMV0083233 HV BATT セル内部抵抗特性(放電/BATT温度-SOC-内部抵抗) －,A,45540.14753,0,0,EntryCondition,MBSE検討1回目,MBSE検討1回目,,JPN,2WD,,2,UU3:MIZOKOSHI KANATA,2,SElist_[Kei]_JPN_2WD,,,,MAP,Variation#1,Variation#1,PRMV0083233,HV BATT,セル内部抵抗特性(放電/BATT温度-SOC-内部抵抗),－,C7A0743743214D49AE5FFB6973444FCE,PT構想審査,【BAT特性】セル内部抵抗.xlsx
3,DA56B1270BF64E7F9E2ABFDD157C8A68,1,0,PRMV0083234 MOT FAN PQ特性 －,A,45540.14753,0,0,EntryCondition,MBSE検討1回目,MBSE検討1回目,,JPN,2WD,,2,UU3:MIZOKOSHI KANATA,2,SElist_[Kei]_JPN_2WD,,,,MAP,Variation#1,Variation#1,PRMV0083234,MOT FAN,PQ特性,－,C7A0743743214D49AE5FFB6973444FCE,PT構想審査,【M-FAN特性】PQ.xlsx
3,FF7662670A18404B9E930613C2C690A2,1,0,PRMV0083235 ePT ePT Sys熱容量 －,A,45540.14755,0,0,EntryCondition,MBSE検討1回目,MBSE検討1回目,,JPN,2WD,,2,UU3:MIZOKOSHI KANATA,2,SElist_[Kei]_JPN_2WD,,,,MAP,Variation#1,Variation#1,PRMV0083235,ePT,ePT Sys熱容量,－,C7A0743743214D49AE5FFB6973444FCE,PT構想審査,【e-PT Sys】熱容量.xlsx
3,BFD3E62C67A148EA8DDDBDCCAB31EE5D,1,0,PRMV0083236 ブレーキ iBooster作動時ブレーキ力(Time-ブレーキ力) －,A,45540.14755,0,0,EntryCondition,MBSE検討1回目,MBSE検討1回目,,JPN,2WD,,2,UU3:MIZOKOSHI KANATA,2,SElist_[Kei]_JPN_2WD,,,,MAP,Variation#2,Variation#2,PRMV0083236,ブレーキ,iBooster作動時ブレーキ力(Time-ブレーキ力),－,C7A0743743214D49AE5FFB6973444FCE,PT構想審査,【ブレーキSys】iBooster作動時ブレーキ力.xlsx
3,AC204B1F64744549B5E91FA944870CB3,1,0,PRMV0083237 ePT FR MOT出力N-T特性(回転-トルク) －,A,45540.14756,0,0,EntryCondition,MBSE検討1回目,MBSE検討1回目,,JPN,2WD,,2,UU3:MIZOKOSHI KANATA,2,SElist_[Kei]_JPN_2WD,,,,MAP,Variation#2,Variation#2,PRMV0083237,ePT,FR MOT出力N-T特性(回転-トルク),－,C7A0743743214D49AE5FFB6973444FCE,PT構想審査,【MOT特性】出力_FRONT.xlsx
3,DDF9E0A0C95040548CFB265048A146C5,1,0,PRMV0083238 ePT FR MOT制限設定出力上限(第一象限) －,A,45540.14757,0,0,EntryCondition,MBSE検討1回目,MBSE検討1回目,,JPN,2WD,,2,UU3:MIZOKOSHI KANATA,2,SElist_[Kei]_JPN_2WD,,,,MAP,Variation#2,Variation#2,PRMV0083238,ePT,FR MOT制限設定出力上限(第一象限),－,C7A0743743214D49AE5FFB6973444FCE,PT構想審査,【MOT特性】出力_FRONT.xlsx
3,F3611BDBF95C4D028B3A2A18F5F2091F,1,0,PRMV0083239 ePT FR MOT制限設定出力下限(第四象限) －,A,45540.14757,0,0,EntryCondition,MBSE検討1回目,MBSE検討1回目,,JPN,2WD,,2,UU3:MIZOKOSHI KANATA,2,SElist_[Kei]_JPN_2WD,,,,MAP,Variation#2,Variation#2,PRMV0083239,ePT,FR MOT制限設定出力下限(第四象限),－,C7A0743743214D49AE5FFB6973444FCE,PT構想審査,【MOT特性】出力_FRONT.xlsx
3,967209DF2360442084947E9398E8C21E,1,0,PRMV0083240 ePT FR MOT損失特性 －,A,45540.14758,0,0,EntryCondition,MBSE検討1回目,MBSE検討1回目,,JPN,2WD,,2,UU3:MIZOKOSHI KANATA,2,SElist_[Kei]_JPN_2WD,,,,MAP,Variation#2,Variation#2,PRMV0083240,ePT,FR MOT損失特性,－,C7A0743743214D49AE5FFB6973444FCE,PT構想審査,【MOT特性】総合損失_FRONT.xlsx
3,B5CE78AEB3A44BB7872DE142509A57FE,1,0,PRMV0083241 ePT FR GB損失特性(有負荷) －,A,45540.14758,0,0,EntryCondition,MBSE検討1回目,MBSE検討1回目,,JPN,2WD,,2,UU3:MIZOKOSHI KANATA,2,SElist_[Kei]_JPN_2WD,,,,MAP,Variation#2,Variation#2,PRMV0083241,ePT,FR GB損失特性(有負荷),－,C7A0743743214D49AE5FFB6973444FCE,PT構想審査,【GB特性】損失_FRONT.xlsx
3,1033117A9E37408FB6BD83B59C1180F9,1,0,PRMV0083242 ePT ePT Sys無負荷損失特性(車速-駆動力) －,A,45540.14759,0,0,EntryCondition,MBSE検討1回目,MBSE検討1回目,,JPN,2WD,,2,UU3:MIZOKOSHI KANATA,2,SElist_[Kei]_JPN_2WD,,,,MAP,Variation#2,Variation#2,PRMV0083242,ePT,ePT Sys無負荷損失特性(車速-駆動力),－,C7A0743743214D49AE5FFB6973444FCE,PT構想審査,【ePT】ePT Sys無負荷損失特性.xlsx
3,AF1618EC9B20422CB0AC1389BD575A9F,1,0,PRMV0083243 パワマネ 駆動力Map(APO-車速-駆動力) －,A,45540.1476,0,0,EntryCondition,MBSE検討1回目,MBSE検討1回目,,JPN,2WD,,2,UU3:MIZOKOSHI KANATA,2,SElist_[Kei]_JPN_2WD,,,,MAP,Variation#2,Variation#2,PRMV0083243,パワマネ,駆動力Map(APO-車速-駆動力),－,C7A0743743214D49AE5FFB6973444FCE,PT構想審査,【パワマネ】駆動力Map.xlsx
3,469AAB32B8C541AFBA6E5785B85C0AB0,1,0,PRMV0083244 協調回生システム 回生ブレーキすり替え車速(車速-G) －,A,45540.1476,0,0,EntryCondition,MBSE検討1回目,MBSE検討1回目,,JPN,2WD,,2,UU3:MIZOKOSHI KANATA,2,SElist_[Kei]_JPN_2WD,,,,MAP,Variation#2,Variation#2,PRMV0083244,協調回生システム,回生ブレーキすり替え車速(車速-G),－,C7A0743743214D49AE5FFB6973444FCE,PT構想審査,【回生Sys】回生ブレーキすり替え車速.xlsx
3,C2BA23A365714C8ABE9C2B0417986BB5,1,0,PRMV0083245 HV BATT セル開放電圧特性(SOC-OCV) －,A,45540.14762,0,0,EntryCondition,MBSE検討1回目,MBSE検討1回目,,JPN,2WD,,2,UU3:MIZOKOSHI KANATA,2,SElist_[Kei]_JPN_2WD,,,,MAP,Variation#2,Variation#2,PRMV0083245,HV BATT,セル開放電圧特性(SOC-OCV),－,C7A0743743214D49AE5FFB6973444FCE,PT構想審査,【BAT特性】セル開放電圧特性(SOC-OCV).xlsx
3,0B89E5F9727B487FA114ADE0BB60F5D0,1,0,PRMV0083246 HV BATT バッテリ制限設定(Pin入力上限/BATT温度-SOC-電力) －,A,45540.14762,0,0,EntryCondition,MBSE検討1回目,MBSE検討1回目,,JPN,2WD,,2,UU3:MIZOKOSHI KANATA,2,SElist_[Kei]_JPN_2WD,,,,MAP,Variation#2,Variation#2,PRMV0083246,HV BATT,バッテリ制限設定(Pin入力上限/BATT温度-SOC-電力),－,C7A0743743214D49AE5FFB6973444FCE,PT構想審査,【BAT特性】入力制限(Pin).xlsx
3,11A0821A7D084C619609DAD5721341B3,1,0,PRMV0083247 HV BATT バッテリ制限設定(Pout出力上限/BATT温度-SOC-電力) －,A,45540.14763,0,0,EntryCondition,MBSE検討1回目,MBSE検討1回目,,JPN,2WD,,2,UU3:MIZOKOSHI KANATA,2,SElist_[Kei]_JPN_2WD,,,,MAP,Variation#2,Variation#2,PRMV0083247,HV BATT,バッテリ制限設定(Pout出力上限/BATT温度-SOC-電力),－,C7A0743743214D49AE5FFB6973444FCE,PT構想審査,【BAT特性】出力制限(Pout).xlsx
3,FAED5334F62241BCBC4258EFE6F8B8B7,1,0,PRMV0083248 HV BATT セル内部抵抗特性(充電/BATT温度-SOC-内部抵抗) －,A,45540.14764,0,0,EntryCondition,MBSE検討1回目,MBSE検討1回目,,JPN,2WD,,2,UU3:MIZOKOSHI KANATA,2,SElist_[Kei]_JPN_2WD,,,,MAP,Variation#2,Variation#2,PRMV0083248,HV BATT,セル内部抵抗特性(充電/BATT温度-SOC-内部抵抗),－,C7A0743743214D49AE5FFB6973444FCE,PT構想審査,【BAT特性】セル内部抵抗.xlsx
3,D7DC49866E7A4F42BFB5F2B12E8365B7,1,0,PRMV0083249 HV BATT セル内部抵抗特性(放電/BATT温度-SOC-内部抵抗) －,A,45540.14764,0,0,EntryCondition,MBSE検討1回目,MBSE検討1回目,,JPN,2WD,,2,UU3:MIZOKOSHI KANATA,2,SElist_[Kei]_JPN_2WD,,,,MAP,Variation#2,Variation#2,PRMV0083249,HV BATT,セル内部抵抗特性(放電/BATT温度-SOC-内部抵抗),－,C7A0743743214D49AE5FFB6973444FCE,PT構想審査,【BAT特性】セル内部抵抗.xlsx
3,C31EF031B35C4214927FC5F0A0901B06,1,0,PRMV0083250 MOT FAN PQ特性 －,A,45540.14765,0,0,EntryCondition,MBSE検討1回目,MBSE検討1回目,,JPN,2WD,,2,UU3:MIZOKOSHI KANATA,2,SElist_[Kei]_JPN_2WD,,,,MAP,Variation#2,Variation#2,PRMV0083250,MOT FAN,PQ特性,－,C7A0743743214D49AE5FFB6973444FCE,PT構想審査,【M-FAN特性】PQ.xlsx
3,9FC48FF4DAB84B59AD0C1DFBC1A4DA76,1,0,PRMV0083251 ePT ePT Sys熱容量 －,A,45540.14766,0,0,EntryCondition,MBSE検討1回目,MBSE検討1回目,,JPN,2WD,,2,UU3:MIZOKOSHI KANATA,2,SElist_[Kei]_JPN_2WD,,,,MAP,Variation#2,Variation#2,PRMV0083251,ePT,ePT Sys熱容量,－,C7A0743743214D49AE5FFB6973444FCE,PT構想審査,【e-PT Sys】熱容量.xlsx
3,953732DC0C364BB0874D61FD7038BA98,1,0,PRMV0083252 ブレーキ iBooster作動時ブレーキ力(Time-ブレーキ力) －,A,45540.14766,0,0,EntryCondition,MBSE検討1回目,MBSE検討1回目,,JPN,2WD,,2,UU3:MIZOKOSHI KANATA,2,SElist_[Kei]_JPN_2WD,,,,MAP,Variation#3,Variation#3,PRMV0083252,ブレーキ,iBooster作動時ブレーキ力(Time-ブレーキ力),－,C7A0743743214D49AE5FFB6973444FCE,PT構想審査,【ブレーキSys】iBooster作動時ブレーキ力.xlsx
3,CA5F67AF83174A3B97A94DBACC513595,1,0,PRMV0083253 ePT FR MOT出力N-T特性(回転-トルク) －,A,45540.14767,0,0,EntryCondition,MBSE検討1回目,MBSE検討1回目,,JPN,2WD,,2,UU3:MIZOKOSHI KANATA,2,SElist_[Kei]_JPN_2WD,,,,MAP,Variation#3,Variation#3,PRMV0083253,ePT,FR MOT出力N-T特性(回転-トルク),－,C7A0743743214D49AE5FFB6973444FCE,PT構想審査,【MOT特性】出力_FRONT.xlsx
3,C0CC49FDF235490C9C8D1EBC1492AE2D,1,0,PRMV0083254 ePT FR MOT制限設定出力上限(第一象限) －,A,45540.14767,0,0,EntryCondition,MBSE検討1回目,MBSE検討1回目,,JPN,2WD,,2,UU3:MIZOKOSHI KANATA,2,SElist_[Kei]_JPN_2WD,,,,MAP,Variation#3,Variation#3,PRMV0083254,ePT,FR MOT制限設定出力上限(第一象限),－,C7A0743743214D49AE5FFB6973444FCE,PT構想審査,【MOT特性】出力_FRONT.xlsx
3,BC2A1AE198DF4DCD94EC70907E76AD2F,1,0,PRMV0083255 ePT FR MOT制限設定出力下限(第四象限) －,A,45540.14769,0,0,EntryCondition,MBSE検討1回目,MBSE検討1回目,,JPN,2WD,,2,UU3:MIZOKOSHI KANATA,2,SElist_[Kei]_JPN_2WD,,,,MAP,Variation#3,Variation#3,PRMV0083255,ePT,FR MOT制限設定出力下限(第四象限),－,C7A0743743214D49AE5FFB6973444FCE,PT構想審査,【MOT特性】出力_FRONT.xlsx
3,D3161D23FEE4408BA8FAB40AB4D923C0,1,0,PRMV0083256 ePT FR MOT損失特性 －,A,45540.14769,0,0,EntryCondition,MBSE検討1回目,MBSE検討1回目,,JPN,2WD,,2,UU3:MIZOKOSHI KANATA,2,SElist_[Kei]_JPN_2WD,,,,MAP,Variation#3,Variation#3,PRMV0083256,ePT,FR MOT損失特性,－,C7A0743743214D49AE5FFB6973444FCE,PT構想審査,【MOT特性】総合損失_FRONT.xlsx
3,B61B2F18D6AD482EAA24DF44F3F75977,1,0,PRMV0083257 ePT FR GB損失特性(有負荷) －,A,45540.1477,0,0,EntryCondition,MBSE検討1回目,MBSE検討1回目,,JPN,2WD,,2,UU3:MIZOKOSHI KANATA,2,SElist_[Kei]_JPN_2WD,,,,MAP,Variation#3,Variation#3,PRMV0083257,ePT,FR GB損失特性(有負荷),－,C7A0743743214D49AE5FFB6973444FCE,PT構想審査,【GB特性】損失_FRONT.xlsx
3,BA4CA16BB77244739979277AC584071F,1,0,PRMV0083258 ePT ePT Sys無負荷損失特性(車速-駆動力) －,A,45540.1477,0,0,EntryCondition,MBSE検討1回目,MBSE検討1回目,,JPN,2WD,,2,UU3:MIZOKOSHI KANATA,2,SElist_[Kei]_JPN_2WD,,,,MAP,Variation#3,Variation#3,PRMV0083258,ePT,ePT Sys無負荷損失特性(車速-駆動力),－,C7A0743743214D49AE5FFB6973444FCE,PT構想審査,【ePT】ePT Sys無負荷損失特性.xlsx
3,29EB35BE516542E791495BE3941D9D8F,1,0,PRMV0083259 パワマネ 駆動力Map(APO-車速-駆動力) －,A,45540.14771,0,0,EntryCondition,MBSE検討1回目,MBSE検討1回目,,JPN,2WD,,2,UU3:MIZOKOSHI KANATA,2,SElist_[Kei]_JPN_2WD,,,,MAP,Variation#3,Variation#3,PRMV0083259,パワマネ,駆動力Map(APO-車速-駆動力),－,C7A0743743214D49AE5FFB6973444FCE,PT構想審査,【パワマネ】駆動力Map.xlsx
3,3015D2A336F2452C90613E0379CFC3E1,1,0,PRMV0083260 協調回生システム 回生ブレーキすり替え車速(車速-G) －,A,45540.14771,0,0,EntryCondition,MBSE検討1回目,MBSE検討1回目,,JPN,2WD,,2,UU3:MIZOKOSHI KANATA,2,SElist_[Kei]_JPN_2WD,,,,MAP,Variation#3,Variation#3,PRMV0083260,協調回生システム,回生ブレーキすり替え車速(車速-G),－,C7A0743743214D49AE5FFB6973444FCE,PT構想審査,【回生Sys】回生ブレーキすり替え車速.xlsx
3,C443B599680F46829C936FDB7393D84C,1,0,PRMV0083261 HV BATT セル開放電圧特性(SOC-OCV) －,A,45540.14772,0,0,EntryCondition,MBSE検討1回目,MBSE検討1回目,,JPN,2WD,,2,UU3:MIZOKOSHI KANATA,2,SElist_[Kei]_JPN_2WD,,,,MAP,Variation#3,Variation#3,PRMV0083261,HV BATT,セル開放電圧特性(SOC-OCV),－,C7A0743743214D49AE5FFB6973444FCE,PT構想審査,【BAT特性】セル開放電圧特性(SOC-OCV).xlsx
3,7458CBCF523A44FCA27CEE7ECFFA3A2F,1,0,PRMV0083262 HV BATT バッテリ制限設定(Pin入力上限/BATT温度-SOC-電力) －,A,45540.14773,0,0,EntryCondition,MBSE検討1回目,MBSE検討1回目,,JPN,2WD,,2,UU3:MIZOKOSHI KANATA,2,SElist_[Kei]_JPN_2WD,,,,MAP,Variation#3,Variation#3,PRMV0083262,HV BATT,バッテリ制限設定(Pin入力上限/BATT温度-SOC-電力),－,C7A0743743214D49AE5FFB6973444FCE,PT構想審査,【BAT特性】入力制限(Pin).xlsx
3,BA4ED2501762492AB02E3C1AA55FF753,1,0,PRMV0083263 HV BATT バッテリ制限設定(Pout出力上限/BATT温度-SOC-電力) －,A,45540.14773,0,0,EntryCondition,MBSE検討1回目,MBSE検討1回目,,JPN,2WD,,2,UU3:MIZOKOSHI KANATA,2,SElist_[Kei]_JPN_2WD,,,,MAP,Variation#3,Variation#3,PRMV0083263,HV BATT,バッテリ制限設定(Pout出力上限/BATT温度-SOC-電力),－,C7A0743743214D49AE5FFB6973444FCE,PT構想審査,【BAT特性】出力制限(Pout).xlsx
3,BD19DF81658247BAB9E2A704DCF87D94,1,0,PRMV0083264 HV BATT セル内部抵抗特性(充電/BATT温度-SOC-内部抵抗) －,A,45540.14774,0,0,EntryCondition,MBSE検討1回目,MBSE検討1回目,,JPN,2WD,,2,UU3:MIZOKOSHI KANATA,2,SElist_[Kei]_JPN_2WD,,,,MAP,Variation#3,Variation#3,PRMV0083264,HV BATT,セル内部抵抗特性(充電/BATT温度-SOC-内部抵抗),－,C7A0743743214D49AE5FFB6973444FCE,PT構想審査,【BAT特性】セル内部抵抗.xlsx
3,4FB872B47D74420D877122C057021771,1,0,PRMV0083265 HV BATT セル内部抵抗特性(放電/BATT温度-SOC-内部抵抗) －,A,45540.14775,0,0,EntryCondition,MBSE検討1回目,MBSE検討1回目,,JPN,2WD,,2,UU3:MIZOKOSHI KANATA,2,SElist_[Kei]_JPN_2WD,,,,MAP,Variation#3,Variation#3,PRMV0083265,HV BATT,セル内部抵抗特性(放電/BATT温度-SOC-内部抵抗),－,C7A0743743214D49AE5FFB6973444FCE,PT構想審査,【BAT特性】セル内部抵抗.xlsx
3,9F29E739367D49F6AADC6C5C9A549DDA,1,0,PRMV0083266 MOT FAN PQ特性 －,A,45540.14775,0,0,EntryCondition,MBSE検討1回目,MBSE検討1回目,,JPN,2WD,,2,UU3:MIZOKOSHI KANATA,2,SElist_[Kei]_JPN_2WD,,,,MAP,Variation#3,Variation#3,PRMV0083266,MOT FAN,PQ特性,－,C7A0743743214D49AE5FFB6973444FCE,PT構想審査,【M-FAN特性】PQ.xlsx
3,85F74CC9367A4758A336D8184BFF799B,1,0,PRMV0083267 ePT ePT Sys熱容量 －,A,45540.14777,0,0,EntryCondition,MBSE検討1回目,MBSE検討1回目,,JPN,2WD,,2,UU3:MIZOKOSHI KANATA,2,SElist_[Kei]_JPN_2WD,,,,MAP,Variation#3,Variation#3,PRMV0083267,ePT,ePT Sys熱容量,－,C7A0743743214D49AE5FFB6973444FCE,PT構想審査,【e-PT Sys】熱容量.xlsx
3,DA0A7DF9CBC94854A403AFFAEBFC84CB,1,0,PRMV0083268 ブレーキ iBooster作動時ブレーキ力(Time-ブレーキ力) －,A,45540.14778,0,0,EntryCondition,MBSE検討1回目,MBSE検討1回目,,JPN,2WD,,2,UU3:MIZOKOSHI KANATA,2,SElist_[Kei]_JPN_2WD,,,,MAP,Variation#4,Variation#4,PRMV0083268,ブレーキ,iBooster作動時ブレーキ力(Time-ブレーキ力),－,C7A0743743214D49AE5FFB6973444FCE,PT構想審査,【ブレーキSys】iBooster作動時ブレーキ力.xlsx
3,7D38BC5E2B2D484DAA307668B9496EAB,1,0,PRMV0083269 ePT FR MOT出力N-T特性(回転-トルク) －,A,45540.14778,0,0,EntryCondition,MBSE検討1回目,MBSE検討1回目,,JPN,2WD,,2,UU3:MIZOKOSHI KANATA,2,SElist_[Kei]_JPN_2WD,,,,MAP,Variation#4,Variation#4,PRMV0083269,ePT,FR MOT出力N-T特性(回転-トルク),－,C7A0743743214D49AE5FFB6973444FCE,PT構想審査,【MOT特性】出力_FRONT.xlsx
3,FAEB56250F0048A2834A255283580709,1,0,PRMV0083270 ePT FR MOT制限設定出力上限(第一象限) －,A,45540.14779,0,0,EntryCondition,MBSE検討1回目,MBSE検討1回目,,JPN,2WD,,2,UU3:MIZOKOSHI KANATA,2,SElist_[Kei]_JPN_2WD,,,,MAP,Variation#4,Variation#4,PRMV0083270,ePT,FR MOT制限設定出力上限(第一象限),－,C7A0743743214D49AE5FFB6973444FCE,PT構想審査,【MOT特性】出力_FRONT.xlsx
3,B44122674C8C412899BC542DE9CF7746,1,0,PRMV0083271 ePT FR MOT制限設定出力下限(第四象限) －,A,45540.14779,0,0,EntryCondition,MBSE検討1回目,MBSE検討1回目,,JPN,2WD,,2,UU3:MIZOKOSHI KANATA,2,SElist_[Kei]_JPN_2WD,,,,MAP,Variation#4,Variation#4,PRMV0083271,ePT,FR MOT制限設定出力下限(第四象限),－,C7A0743743214D49AE5FFB6973444FCE,PT構想審査,【MOT特性】出力_FRONT.xlsx
3,375F380DFFB64DD8A47CD7D3FE5B1630,1,0,PRMV0083272 ePT FR MOT損失特性 －,A,45540.1478,0,0,EntryCondition,MBSE検討1回目,MBSE検討1回目,,JPN,2WD,,2,UU3:MIZOKOSHI KANATA,2,SElist_[Kei]_JPN_2WD,,,,MAP,Variation#4,Variation#4,PRMV0083272,ePT,FR MOT損失特性,－,C7A0743743214D49AE5FFB6973444FCE,PT構想審査,【MOT特性】総合損失_FRONT.xlsx
3,1CDEEE2061B8478EB00F488845B40630,1,0,PRMV0083273 ePT FR GB損失特性(有負荷) －,A,45540.14781,0,0,EntryCondition,MBSE検討1回目,MBSE検討1回目,,JPN,2WD,,2,UU3:MIZOKOSHI KANATA,2,SElist_[Kei]_JPN_2WD,,,,MAP,Variation#4,Variation#4,PRMV0083273,ePT,FR GB損失特性(有負荷),－,C7A0743743214D49AE5FFB6973444FCE,PT構想審査,【GB特性】損失_FRONT.xlsx
3,08F8D9E8BB1E4113A0E65B12D0E153A1,1,0,PRMV0083274 ePT ePT Sys無負荷損失特性(車速-駆動力) －,A,45540.14781,0,0,EntryCondition,MBSE検討1回目,MBSE検討1回目,,JPN,2WD,,2,UU3:MIZOKOSHI KANATA,2,SElist_[Kei]_JPN_2WD,,,,MAP,Variation#4,Variation#4,PRMV0083274,ePT,ePT Sys無負荷損失特性(車速-駆動力),－,C7A0743743214D49AE5FFB6973444FCE,PT構想審査,【ePT】ePT Sys無負荷損失特性.xlsx
3,CABA2F94FFC9485B81D1C42FEF94E229,1,0,PRMV0083275 パワマネ 駆動力Map(APO-車速-駆動力) －,A,45540.14782,0,0,EntryCondition,MBSE検討1回目,MBSE検討1回目,,JPN,2WD,,2,UU3:MIZOKOSHI KANATA,2,SElist_[Kei]_JPN_2WD,,,,MAP,Variation#4,Variation#4,PRMV0083275,パワマネ,駆動力Map(APO-車速-駆動力),－,C7A0743743214D49AE5FFB6973444FCE,PT構想審査,【パワマネ】駆動力Map.xlsx
3,63FD7B62317B4B2FA0C34CCF9897FCAD,1,0,PRMV0083276 協調回生システム 回生ブレーキすり替え車速(車速-G) －,A,45540.14782,0,0,EntryCondition,MBSE検討1回目,MBSE検討1回目,,JPN,2WD,,2,UU3:MIZOKOSHI KANATA,2,SElist_[Kei]_JPN_2WD,,,,MAP,Variation#4,Variation#4,PRMV0083276,協調回生システム,回生ブレーキすり替え車速(車速-G),－,C7A0743743214D49AE5FFB6973444FCE,PT構想審査,【回生Sys】回生ブレーキすり替え車速.xlsx
3,25C4378A831F410E8B52166CAA4D20A2,1,0,PRMV0083277 HV BATT セル開放電圧特性(SOC-OCV) －,A,45540.14784,0,0,EntryCondition,MBSE検討1回目,MBSE検討1回目,,JPN,2WD,,2,UU3:MIZOKOSHI KANATA,2,SElist_[Kei]_JPN_2WD,,,,MAP,Variation#4,Variation#4,PRMV0083277,HV BATT,セル開放電圧特性(SOC-OCV),－,C7A0743743214D49AE5FFB6973444FCE,PT構想審査,【BAT特性】セル開放電圧特性(SOC-OCV).xlsx
3,9607B5F614554E99929813BD59157587,1,0,PRMV0083278 HV BATT バッテリ制限設定(Pin入力上限/BATT温度-SOC-電力) －,A,45540.14785,0,0,EntryCondition,MBSE検討1回目,MBSE検討1回目,,JPN,2WD,,2,UU3:MIZOKOSHI KANATA,2,SElist_[Kei]_JPN_2WD,,,,MAP,Variation#4,Variation#4,PRMV0083278,HV BATT,バッテリ制限設定(Pin入力上限/BATT温度-SOC-電力),－,C7A0743743214D49AE5FFB6973444FCE,PT構想審査,【BAT特性】入力制限(Pin).xlsx
3,149D663851A24DFCB3055CD5B74D745D,1,0,PRMV0083279 HV BATT バッテリ制限設定(Pout出力上限/BATT温度-SOC-電力) －,A,45540.14785,0,0,EntryCondition,MBSE検討1回目,MBSE検討1回目,,JPN,2WD,,2,UU3:MIZOKOSHI KANATA,2,SElist_[Kei]_JPN_2WD,,,,MAP,Variation#4,Variation#4,PRMV0083279,HV BATT,バッテリ制限設定(Pout出力上限/BATT温度-SOC-電力),－,C7A0743743214D49AE5FFB6973444FCE,PT構想審査,【BAT特性】出力制限(Pout).xlsx
3,501678AEC54D49EBBAB8CDA5AB5DC666,1,0,PRMV0083280 HV BATT セル内部抵抗特性(充電/BATT温度-SOC-内部抵抗) －,A,45540.14786,0,0,EntryCondition,MBSE検討1回目,MBSE検討1回目,,JPN,2WD,,2,UU3:MIZOKOSHI KANATA,2,SElist_[Kei]_JPN_2WD,,,,MAP,Variation#4,Variation#4,PRMV0083280,HV BATT,セル内部抵抗特性(充電/BATT温度-SOC-内部抵抗),－,C7A0743743214D49AE5FFB6973444FCE,PT構想審査,【BAT特性】セル内部抵抗.xlsx
3,6BB0C8654CFB4CD48E81FF2757B120C2,1,0,PRMV0083281 HV BATT セル内部抵抗特性(放電/BATT温度-SOC-内部抵抗) －,A,45540.14786,0,0,EntryCondition,MBSE検討1回目,MBSE検討1回目,,JPN,2WD,,2,UU3:MIZOKOSHI KANATA,2,SElist_[Kei]_JPN_2WD,,,,MAP,Variation#4,Variation#4,PRMV0083281,HV BATT,セル内部抵抗特性(放電/BATT温度-SOC-内部抵抗),－,C7A0743743214D49AE5FFB6973444FCE,PT構想審査,【BAT特性】セル内部抵抗.xlsx
3,102AD9618D954B83B015AF8796DE410A,1,0,PRMV0083282 MOT FAN PQ特性 －,A,45540.14787,0,0,EntryCondition,MBSE検討1回目,MBSE検討1回目,,JPN,2WD,,2,UU3:MIZOKOSHI KANATA,2,SElist_[Kei]_JPN_2WD,,,,MAP,Variation#4,Variation#4,PRMV0083282,MOT FAN,PQ特性,－,C7A0743743214D49AE5FFB6973444FCE,PT構想審査,【M-FAN特性】PQ.xlsx
3,B0031CB0A97D43F6B62D4A7B37C7FC8C,1,0,PRMV0083283 ePT ePT Sys熱容量 －,A,45540.14788,0,0,EntryCondition,MBSE検討1回目,MBSE検討1回目,,JPN,2WD,,2,UU3:MIZOKOSHI KANATA,2,SElist_[Kei]_JPN_2WD,,,,MAP,Variation#4,Variation#4,PRMV0083283,ePT,ePT Sys熱容量,－,C7A0743743214D49AE5FFB6973444FCE,PT構想審査,【e-PT Sys】熱容量.xlsx
2,46F435F63F1F493395FF96DE44CFD794,1,0,PRMV0083318 Vehicle Weight Min.C.W. －,A,45559.12168,0,0,EntryCondition,MBSE検討2回目,MBSE検討2回目,,JPN,2WD,,2,,2,SElist_[Kei]_JPN_2WD,,1102,,kg,Variation#2-1,Variation#2-1,PRMV0083318,Vehicle Weight,Min.C.W.,－,C7A0743743214D49AE5FFB6973444FCE,PT構想審査,
2,F65ED7EF1D824F2FB735498EAC0B199B,1,0,PRMV0083319 Vehicle Weight Max.C.W. －,A,45559.12168,0,0,EntryCondition,MBSE検討2回目,MBSE検討2回目,,JPN,2WD,,2,,2,SElist_[Kei]_JPN_2WD,,1116,,kg,Variation#2-1,Variation#2-1,PRMV0083319,Vehicle Weight,Max.C.W.,－,C7A0743743214D49AE5FFB6973444FCE,PT構想審査,
2,C8074AAF16A14A2A8FC9D0DBCA0EC447,1,0,PRMV0083320 Vehicle Weight スペアタイヤ&工具  －,A,45559.12169,0,0,EntryCondition,MBSE検討2回目,MBSE検討2回目,,JPN,2WD,,2,,2,SElist_[Kei]_JPN_2WD,,1.6,,kg,Variation#2-1,Variation#2-1,PRMV0083320,Vehicle Weight,スペアタイヤ&工具 ,－,C7A0743743214D49AE5FFB6973444FCE,PT構想審査,
2,FB47554071C64B488783AF2FEE747637,1,0,PRMV0083321 Vehicle Weight EPA届出重量 －,A,45559.1217,0,0,EntryCondition,MBSE検討2回目,MBSE検討2回目,,JPN,2WD,,2,,2,SElist_[Kei]_JPN_2WD,,noApp,,kg,Variation#2-1,Variation#2-1,PRMV0083321,Vehicle Weight,EPA届出重量,－,C7A0743743214D49AE5FFB6973444FCE,PT構想審査,
2,17012A65D43545C094684E3D664E26B7,1,0,PRMV0083322 Vehicle Severe Weight PTW or GVWR －,A,45559.12171,0,0,EntryCondition,MBSE検討2回目,MBSE検討2回目,,JPN,2WD,,2,,2,SElist_[Kei]_JPN_2WD,,1358,,kg,Variation#2-1,Variation#2-1,PRMV0083322,Vehicle Severe Weight,PTW or GVWR,－,C7A0743743214D49AE5FFB6973444FCE,PT構想審査,
2,591E28D80A894B14BC84BD547FDAD476,1,0,PRMV0083323 Vehicle Severe Weight GAWR FR －,A,45559.12172,0,0,EntryCondition,MBSE検討2回目,MBSE検討2回目,,JPN,2WD,,2,,2,SElist_[Kei]_JPN_2WD,,n,,kg,Variation#2-1,Variation#2-1,PRMV0083323,Vehicle Severe Weight,GAWR FR,－,C7A0743743214D49AE5FFB6973444FCE,PT構想審査,
2,3E3F3E35B1D0412382AA16EE8EE20C03,1,0,PRMV0083324 Vehicle Severe Weight GAWR RR －,A,45559.12174,0,0,EntryCondition,MBSE検討2回目,MBSE検討2回目,,JPN,2WD,,2,,2,SElist_[Kei]_JPN_2WD,,n,,kg,Variation#2-1,Variation#2-1,PRMV0083324,Vehicle Severe Weight,GAWR RR,－,C7A0743743214D49AE5FFB6973444FCE,PT構想審査,
2,DFF7667D49684E6EAA1CA48FEDDD90F3,1,0,PRMV0083325 Vehicle Severe Weight Towing －,A,45559.12174,0,0,EntryCondition,MBSE検討2回目,MBSE検討2回目,,JPN,2WD,,2,,2,SElist_[Kei]_JPN_2WD,,no App,,kg,Variation#2-1,Variation#2-1,PRMV0083325,Vehicle Severe Weight,Towing,－,C7A0743743214D49AE5FFB6973444FCE,PT構想審査,
2,713FD6F34E034B2E974F0E5C0C76048B,1,0,PRMV0083326 空力 Cd  －,A,45559.12175,0,0,EntryCondition,MBSE検討2回目,MBSE検討2回目,,JPN,2WD,,2,,2,SElist_[Kei]_JPN_2WD,,"0.389(NML)
0.392(MMC)",,－,Variation#2-1,Variation#2-1,PRMV0083326,空力,Cd ,－,C7A0743743214D49AE5FFB6973444FCE,PT構想審査,
2,85889CF6A0064CB4AF09C5B34CF099CF,1,0,PRMV0083327 空力 A －,A,45559.12176,0,0,EntryCondition,MBSE検討2回目,MBSE検討2回目,,JPN,2WD,,2,,2,SElist_[Kei]_JPN_2WD,,2.21,,m#00B2,Variation#2-1,Variation#2-1,PRMV0083327,空力,A,－,C7A0743743214D49AE5FFB6973444FCE,PT構想審査,
2,75C9D8C1EB1049C5A148C986CF3FCB40,1,0,PRMV0083328 空力 ΔCd (AGS閉→全開) －,A,45559.12177,0,0,EntryCondition,MBSE検討2回目,MBSE検討2回目,,JPN,2WD,,2,,2,SElist_[Kei]_JPN_2WD,,n,,－,Variation#2-1,Variation#2-1,PRMV0083328,空力,ΔCd (AGS閉→全開),－,C7A0743743214D49AE5FFB6973444FCE,PT構想審査,
2,65C1403D7DA54F9F83CD03BBD6EB7FC1,1,0,PRMV0083329 空力 Grill shutter車速閾値 高速側 (閉→開)/(開→閉) －,A,45559.12178,0,0,EntryCondition,MBSE検討2回目,MBSE検討2回目,,JPN,2WD,,2,,2,SElist_[Kei]_JPN_2WD,,n,,kph,Variation#2-1,Variation#2-1,PRMV0083329,空力,Grill shutter車速閾値 高速側 (閉→開)/(開→閉),－,C7A0743743214D49AE5FFB6973444FCE,PT構想審査,
2,AAABD9A1929A426EA7F095A9FAC81E99,1,0,PRMV0083330 空力 Grill shutter車速閾値 低速側 (閉→開)/(開→閉) －,A,45559.12178,0,0,EntryCondition,MBSE検討2回目,MBSE検討2回目,,JPN,2WD,,2,,2,SElist_[Kei]_JPN_2WD,,n,,kph,Variation#2-1,Variation#2-1,PRMV0083330,空力,Grill shutter車速閾値 低速側 (閉→開)/(開→閉),－,C7A0743743214D49AE5FFB6973444FCE,PT構想審査,
2,517D0E57262849B4A8C0B0C2C2EA4A10,1,0,PRMV0083331 タイヤ FRサイズ －,A,45559.12179,0,0,EntryCondition,MBSE検討2回目,MBSE検討2回目,,JPN,2WD,,2,,2,SElist_[Kei]_JPN_2WD,,n,,－,Variation#2-1,Variation#2-1,PRMV0083331,タイヤ,FRサイズ,－,C7A0743743214D49AE5FFB6973444FCE,PT構想審査,
2,CD5695407E6549948FCE5E656F873FC4,1,0,PRMV0083332 タイヤ FR動半径 －,A,45559.12181,0,0,EntryCondition,MBSE検討2回目,MBSE検討2回目,,JPN,2WD,,2,,2,SElist_[Kei]_JPN_2WD,,0.271,,m,Variation#2-1,Variation#2-1,PRMV0083332,タイヤ,FR動半径,－,C7A0743743214D49AE5FFB6973444FCE,PT構想審査,
2,4AB9D9FAFBAD4006B07E21FF6D7FA1C9,1,0,"PRMV0083333 タイヤ FR RRC (ISO 28560 80kmh,210kPa) －",A,45559.12181,0,0,EntryCondition,MBSE検討2回目,MBSE検討2回目,,JPN,2WD,,2,,2,SElist_[Kei]_JPN_2WD,,7.2,,－,Variation#2-1,Variation#2-1,PRMV0083333,タイヤ,"FR RRC (ISO 28560 80kmh,210kPa)",－,C7A0743743214D49AE5FFB6973444FCE,PT構想審査,
2,391E6221E6F343178EC946E24D61AB83,1,0,PRMV0083334 タイヤ FR RRC (車両状態) －,A,45559.12182,0,0,EntryCondition,MBSE検討2回目,MBSE検討2回目,,JPN,2WD,,2,,2,SElist_[Kei]_JPN_2WD,,68,,－,Variation#2-1,Variation#2-1,PRMV0083334,タイヤ,FR RRC (車両状態),－,C7A0743743214D49AE5FFB6973444FCE,PT構想審査,
2,6E50FD736AC04D75A4927D6C7FAF1994,1,0,PRMV0083335 タイヤ FR RRC (車両状態)空気圧 －,A,45559.12182,0,0,EntryCondition,MBSE検討2回目,MBSE検討2回目,,JPN,2WD,,2,,2,SElist_[Kei]_JPN_2WD,,240,,kPa,Variation#2-1,Variation#2-1,PRMV0083335,タイヤ,FR RRC (車両状態)空気圧,－,C7A0743743214D49AE5FFB6973444FCE,PT構想審査,
2,761C1888701F4E9C8F3BB6B86E3EAF2A,1,0,PRMV0083336 タイヤ FR イナーシャ(1本)  －,A,45559.12183,0,0,EntryCondition,MBSE検討2回目,MBSE検討2回目,,JPN,2WD,,2,,2,SElist_[Kei]_JPN_2WD,,0.49,,kgm#00B2,Variation#2-1,Variation#2-1,PRMV0083336,タイヤ,FR イナーシャ(1本) ,－,C7A0743743214D49AE5FFB6973444FCE,PT構想審査,
2,C468034E596B42FC8C50F58BD20D433C,1,0,PRMV0083337 タイヤ RRサイズ －,A,45559.12184,0,0,EntryCondition,MBSE検討2回目,MBSE検討2回目,,JPN,2WD,,2,,2,SElist_[Kei]_JPN_2WD,,n,,－,Variation#2-1,Variation#2-1,PRMV0083337,タイヤ,RRサイズ,－,C7A0743743214D49AE5FFB6973444FCE,PT構想審査,
2,E70A9E04729144BE98F954925922CD08,1,0,PRMV0083338 タイヤ RR動半径 －,A,45559.12184,0,0,EntryCondition,MBSE検討2回目,MBSE検討2回目,,JPN,2WD,,2,,2,SElist_[Kei]_JPN_2WD,,0.271,,m,Variation#2-1,Variation#2-1,PRMV0083338,タイヤ,RR動半径,－,C7A0743743214D49AE5FFB6973444FCE,PT構想審査,
2,8C5EBDE6BD474C0587261B2AFB9C7D18,1,0,"PRMV0083339 タイヤ RR RRC (ISO 28560 80kmh,210kPa) －",A,45559.12185,0,0,EntryCondition,MBSE検討2回目,MBSE検討2回目,,JPN,2WD,,2,,2,SElist_[Kei]_JPN_2WD,,n,,－,Variation#2-1,Variation#2-1,PRMV0083339,タイヤ,"RR RRC (ISO 28560 80kmh,210kPa)",－,C7A0743743214D49AE5FFB6973444FCE,PT構想審査,
2,4D641F7A972F4DB8A1F205BD85D27A94,1,0,PRMV0083340 タイヤ RR RRC (車両状態) －,A,45559.12185,0,0,EntryCondition,MBSE検討2回目,MBSE検討2回目,,JPN,2WD,,2,,2,SElist_[Kei]_JPN_2WD,,68,,－,Variation#2-1,Variation#2-1,PRMV0083340,タイヤ,RR RRC (車両状態),－,C7A0743743214D49AE5FFB6973444FCE,PT構想審査,
2,6D7DFAA8C3AC4840BDC412235743BF5B,1,0,PRMV0083341 タイヤ RR RRC (車両状態)空気圧 －,A,45559.12186,0,0,EntryCondition,MBSE検討2回目,MBSE検討2回目,,JPN,2WD,,2,,2,SElist_[Kei]_JPN_2WD,,240,,kPa,Variation#2-1,Variation#2-1,PRMV0083341,タイヤ,RR RRC (車両状態)空気圧,－,C7A0743743214D49AE5FFB6973444FCE,PT構想審査,
2,B23C65B388F245249B2A8CD7961A9249,1,0,PRMV0083342 タイヤ RR イナーシャ(1本)  －,A,45559.12188,0,0,EntryCondition,MBSE検討2回目,MBSE検討2回目,,JPN,2WD,,2,,2,SElist_[Kei]_JPN_2WD,,0.49,,kgm#00B2,Variation#2-1,Variation#2-1,PRMV0083342,タイヤ,RR イナーシャ(1本) ,－,C7A0743743214D49AE5FFB6973444FCE,PT構想審査,
2,E6A601414B90406EAB0F58048669C4DD,1,0,PRMV0083343 ホイール 仕様 －,A,45559.12188,0,0,EntryCondition,MBSE検討2回目,MBSE検討2回目,,JPN,2WD,,2,,2,SElist_[Kei]_JPN_2WD,,n,,－,Variation#2-1,Variation#2-1,PRMV0083343,ホイール,仕様,－,C7A0743743214D49AE5FFB6973444FCE,PT構想審査,
2,6AD127916B384609991B469BD81434FC,1,0,PRMV0083344 ホイール イナーシャ(1本) －,A,45559.12189,0,0,EntryCondition,MBSE検討2回目,MBSE検討2回目,,JPN,2WD,,2,,2,SElist_[Kei]_JPN_2WD,,no App,,kgm#00B2,Variation#2-1,Variation#2-1,PRMV0083344,ホイール,イナーシャ(1本),－,C7A0743743214D49AE5FFB6973444FCE,PT構想審査,
2,BD2F690E8E7B4A0BAE1A7832B58A8E79,1,0,PRMV0083345 HUB Total引き摺りトルク (@80km/h) －,A,45559.12189,0,0,EntryCondition,MBSE検討2回目,MBSE検討2回目,,JPN,2WD,,2,,2,SElist_[Kei]_JPN_2WD,,n,,Nm/veh,Variation#2-1,Variation#2-1,PRMV0083345,HUB,Total引き摺りトルク (@80km/h),－,C7A0743743214D49AE5FFB6973444FCE,PT構想審査,
2,F530B9B009DE408BB5B325D675FD4C20,1,0,PRMV0083346 HUB FR 引き摺りトルク (@80km/h) －,A,45559.1219,0,0,EntryCondition,MBSE検討2回目,MBSE検討2回目,,JPN,2WD,,2,,2,SElist_[Kei]_JPN_2WD,,n,,Nm/veh,Variation#2-1,Variation#2-1,PRMV0083346,HUB,FR 引き摺りトルク (@80km/h),－,C7A0743743214D49AE5FFB6973444FCE,PT構想審査,
2,17464056AE5F4E75B474DE6531DEA522,1,0,PRMV0083347 HUB RR 引き摺りトルク (@80km/h) －,A,45559.12191,0,0,EntryCondition,MBSE検討2回目,MBSE検討2回目,,JPN,2WD,,2,,2,SElist_[Kei]_JPN_2WD,,n,,Nm/veh,Variation#2-1,Variation#2-1,PRMV0083347,HUB,RR 引き摺りトルク (@80km/h),－,C7A0743743214D49AE5FFB6973444FCE,PT構想審査,
2,7171DBC138D541258B33C87C6F4AD213,1,0,PRMV0083348 HUB FR イナーシャ －,A,45559.12191,0,0,EntryCondition,MBSE検討2回目,MBSE検討2回目,,JPN,2WD,,2,,2,SElist_[Kei]_JPN_2WD,,n,,kgm#00B2,Variation#2-1,Variation#2-1,PRMV0083348,HUB,FR イナーシャ,－,C7A0743743214D49AE5FFB6973444FCE,PT構想審査,
2,8AA2AC49806C4A68826945F0B238C6AE,1,0,PRMV0083349 HUB RR イナーシャ －,A,45559.12192,0,0,EntryCondition,MBSE検討2回目,MBSE検討2回目,,JPN,2WD,,2,,2,SElist_[Kei]_JPN_2WD,,n,,kgm#00B2,Variation#2-1,Variation#2-1,PRMV0083349,HUB,RR イナーシャ,－,C7A0743743214D49AE5FFB6973444FCE,PT構想審査,
2,F6DD278CFA3A466086662988B4349535,1,0,PRMV0083350 ブレーキ 引き摺りトルク (＠経験圧3Mpa)  －,A,45559.12192,0,0,EntryCondition,MBSE検討2回目,MBSE検討2回目,,JPN,2WD,,2,,2,SElist_[Kei]_JPN_2WD,,n,,Nm/veh,Variation#2-1,Variation#2-1,PRMV0083350,ブレーキ,引き摺りトルク (＠経験圧3Mpa) ,－,C7A0743743214D49AE5FFB6973444FCE,PT構想審査,
2,FF59E07D383F44FAB37438C79F17D9B7,1,0,PRMV0083351 ブレーキ FR引き摺りトルク (経験圧3Mpa＠60kph) －,A,45559.12193,0,0,EntryCondition,MBSE検討2回目,MBSE検討2回目,,JPN,2WD,,2,,2,SElist_[Kei]_JPN_2WD,,n,,Nm/veh,Variation#2-1,Variation#2-1,PRMV0083351,ブレーキ,FR引き摺りトルク (経験圧3Mpa＠60kph),－,C7A0743743214D49AE5FFB6973444FCE,PT構想審査,
2,0EB399DCFA924BB6B16699810E09D2FE,1,0,PRMV0083352 ブレーキ RR引き摺りトルク(経験圧3Mpa＠60kph) －,A,45559.12194,0,0,EntryCondition,MBSE検討2回目,MBSE検討2回目,,JPN,2WD,,2,,2,SElist_[Kei]_JPN_2WD,,n,,Nm/veh,Variation#2-1,Variation#2-1,PRMV0083352,ブレーキ,RR引き摺りトルク(経験圧3Mpa＠60kph),－,C7A0743743214D49AE5FFB6973444FCE,PT構想審査,
2,9A7B33ECA8604BF58E2C54C882F3D19D,1,0,PRMV0083353 ブレーキ FRイナーシャ －,A,45559.12194,0,0,EntryCondition,MBSE検討2回目,MBSE検討2回目,,JPN,2WD,,2,,2,SElist_[Kei]_JPN_2WD,,n,,kgm#00B2,Variation#2-1,Variation#2-1,PRMV0083353,ブレーキ,FRイナーシャ,－,C7A0743743214D49AE5FFB6973444FCE,PT構想審査,
2,D0580A069C9A45C28E10E2DC44E8DCD5,1,0,PRMV0083354 ブレーキ RRイナーシャ －,A,45559.12196,0,0,EntryCondition,MBSE検討2回目,MBSE検討2回目,,JPN,2WD,,2,,2,SElist_[Kei]_JPN_2WD,,n,,kgm#00B2,Variation#2-1,Variation#2-1,PRMV0083354,ブレーキ,RRイナーシャ,－,C7A0743743214D49AE5FFB6973444FCE,PT構想審査,
2,E4B887AE5FCC402A8239C7C9C5555583,1,0,PRMV0083355 車両姿勢 グランドクリアランスMin －,A,45559.12196,0,0,EntryCondition,MBSE検討2回目,MBSE検討2回目,,JPN,2WD,,2,,2,SElist_[Kei]_JPN_2WD,,n,,mm,Variation#2-1,Variation#2-1,PRMV0083355,車両姿勢,グランドクリアランスMin,－,C7A0743743214D49AE5FFB6973444FCE,PT構想審査,
2,3251E7079E80441BA37DCFDE6BBF65CC,1,0,PRMV0083356 Test Weight 航続距離試験(ETW)Total －,A,45559.12197,0,0,EntryCondition,MBSE検討2回目,MBSE検討2回目,,JPN,2WD,,2,,2,SElist_[Kei]_JPN_2WD,,n,,kg,Variation#2-1,Variation#2-1,PRMV0083356,Test Weight,航続距離試験(ETW)Total,－,C7A0743743214D49AE5FFB6973444FCE,PT構想審査,
2,169E384E625C47BD8A57FD35A7D74B20,1,0,PRMV0083357 Test Weight 航続距離試験(ETW)FR －,A,45559.12197,0,0,EntryCondition,MBSE検討2回目,MBSE検討2回目,,JPN,2WD,,2,,2,SElist_[Kei]_JPN_2WD,,n,,kg,Variation#2-1,Variation#2-1,PRMV0083357,Test Weight,航続距離試験(ETW)FR,－,C7A0743743214D49AE5FFB6973444FCE,PT構想審査,
2,92BFD8C0528C4413BF41C6E6456D7C00,1,0,PRMV0083358 Test Weight 航続距離試験(ETW)RR －,A,45559.12198,0,0,EntryCondition,MBSE検討2回目,MBSE検討2回目,,JPN,2WD,,2,,2,SElist_[Kei]_JPN_2WD,,n,,kg,Variation#2-1,Variation#2-1,PRMV0083358,Test Weight,航続距離試験(ETW)RR,－,C7A0743743214D49AE5FFB6973444FCE,PT構想審査,
2,3A1EB354C26948D2A269C35633B3ED36,1,0,PRMV0083359 Test Weight 動力当り前性能  －,A,45559.12199,0,0,EntryCondition,MBSE検討2回目,MBSE検討2回目,,JPN,2WD,,2,,2,SElist_[Kei]_JPN_2WD,,1322,,kg,Variation#2-1,Variation#2-1,PRMV0083359,Test Weight,動力当り前性能 ,－,C7A0743743214D49AE5FFB6973444FCE,PT構想審査,
2,1BF1327DA9514542B4C83CD5D56132A4,1,0,PRMV0083360 Test Weight 動力Accerelation －,A,45559.12199,0,0,EntryCondition,MBSE検討2回目,MBSE検討2回目,,JPN,2WD,,2,,2,SElist_[Kei]_JPN_2WD,,1247,,kg,Variation#2-1,Variation#2-1,PRMV0083360,Test Weight,動力Accerelation,－,C7A0743743214D49AE5FFB6973444FCE,PT構想審査,
2,E6F5C3B4E03E403A99CC07ACBD77072B,1,0,PRMV0083361 Test Weight 動力Vmax －,A,45559.122,0,0,EntryCondition,MBSE検討2回目,MBSE検討2回目,,JPN,2WD,,2,,2,SElist_[Kei]_JPN_2WD,,1247,,kg,Variation#2-1,Variation#2-1,PRMV0083361,Test Weight,動力Vmax,－,C7A0743743214D49AE5FFB6973444FCE,PT構想審査,
2,613218C3F5FB44E8A6DB8A473EEF9C00,1,0,PRMV0083362 Test Weight 熱NEMシビアシーン －,A,45559.122,0,0,EntryCondition,MBSE検討2回目,MBSE検討2回目,,JPN,2WD,,2,,2,SElist_[Kei]_JPN_2WD,,n,,kg,Variation#2-1,Variation#2-1,PRMV0083362,Test Weight,熱NEMシビアシーン,－,C7A0743743214D49AE5FFB6973444FCE,PT構想審査,
2,6CBC91DA749C4CF8A14E64D6799A8A4C,1,0,PRMV0083363 Test Weight 熱加減速繰り返し走行 －,A,45559.12201,0,0,EntryCondition,MBSE検討2回目,MBSE検討2回目,,JPN,2WD,,2,,2,SElist_[Kei]_JPN_2WD,,n,,kg,Variation#2-1,Variation#2-1,PRMV0083363,Test Weight,熱加減速繰り返し走行,－,C7A0743743214D49AE5FFB6973444FCE,PT構想審査,
2,5E1C9A0C503349EBB36BBACA7CBB36B7,1,0,PRMV0083364 Test Weight 熱Towing －,A,45559.12201,0,0,EntryCondition,MBSE検討2回目,MBSE検討2回目,,JPN,2WD,,2,,2,SElist_[Kei]_JPN_2WD,,n,,kg,Variation#2-1,Variation#2-1,PRMV0083364,Test Weight,熱Towing,－,C7A0743743214D49AE5FFB6973444FCE,PT構想審査,
2,94C9CD97531846B2A95A0E2857CDA801,1,0,PRMV0083365 Test Weight 熱低温性能 －,A,45559.12203,0,0,EntryCondition,MBSE検討2回目,MBSE検討2回目,,JPN,2WD,,2,,2,SElist_[Kei]_JPN_2WD,,n,,kg,Variation#2-1,Variation#2-1,PRMV0083365,Test Weight,熱低温性能,－,C7A0743743214D49AE5FFB6973444FCE,PT構想審査,
2,9EAA8B7C49334D6586030496714BB91C,1,0,PRMV0083366 走行抵抗 届出(Target Lset式) A0 －,A,45559.12203,0,0,EntryCondition,MBSE検討2回目,MBSE検討2回目,,JPN,2WD,,2,,2,SElist_[Kei]_JPN_2WD,,83.536,,N,Variation#2-1,Variation#2-1,PRMV0083366,走行抵抗,届出(Target Lset式) A0,－,C7A0743743214D49AE5FFB6973444FCE,PT構想審査,
2,EA5A338F48164018BB10C25720B763D3,1,0,PRMV0083367 走行抵抗 届出(Target Lset式) A1 －,A,45559.12204,0,0,EntryCondition,MBSE検討2回目,MBSE検討2回目,,JPN,2WD,,2,,2,SElist_[Kei]_JPN_2WD,,-0.1307,,N/kph,Variation#2-1,Variation#2-1,PRMV0083367,走行抵抗,届出(Target Lset式) A1,－,C7A0743743214D49AE5FFB6973444FCE,PT構想審査,
2,A33573C8F7514ED2986E6B827D315541,1,0,PRMV0083368 走行抵抗 届出(Target Lset式) A2 －,A,45559.12204,0,0,EntryCondition,MBSE検討2回目,MBSE検討2回目,,JPN,2WD,,2,,2,SElist_[Kei]_JPN_2WD,,0.04365,,N/kph#00B2,Variation#2-1,Variation#2-1,PRMV0083368,走行抵抗,届出(Target Lset式) A2,－,C7A0743743214D49AE5FFB6973444FCE,PT構想審査,
2,452B72C515F6487CB6D565DCFEF18515,1,0,PRMV0083369 走行抵抗 届出(Target Lset式) IP －,A,45559.12205,0,0,EntryCondition,MBSE検討2回目,MBSE検討2回目,,JPN,2WD,,2,,2,SElist_[Kei]_JPN_2WD,,1237,,kg,Variation#2-1,Variation#2-1,PRMV0083369,走行抵抗,届出(Target Lset式) IP,－,C7A0743743214D49AE5FFB6973444FCE,PT構想審査,
2,E200B74B315C492FBE4E3E72EDB96C47,1,0,PRMV0083370 性能検討用走行抵抗式(ePT連れ回り排除) 航続距離(C/D車載状態)A0 －,A,45559.12206,0,0,EntryCondition,MBSE検討2回目,MBSE検討2回目,,JPN,2WD,,2,,2,SElist_[Kei]_JPN_2WD,,83.536,,N,Variation#2-1,Variation#2-1,PRMV0083370,性能検討用走行抵抗式(ePT連れ回り排除),航続距離(C/D車載状態)A0,－,C7A0743743214D49AE5FFB6973444FCE,PT構想審査,
2,46641900934546038C879B7DE15009A3,1,0,PRMV0083371 性能検討用走行抵抗式(ePT連れ回り排除) 航続距離(C/D車載状態)A1 －,A,45559.12206,0,0,EntryCondition,MBSE検討2回目,MBSE検討2回目,,JPN,2WD,,2,,2,SElist_[Kei]_JPN_2WD,,-0.1307,,N/kph,Variation#2-1,Variation#2-1,PRMV0083371,性能検討用走行抵抗式(ePT連れ回り排除),航続距離(C/D車載状態)A1,－,C7A0743743214D49AE5FFB6973444FCE,PT構想審査,
2,606FBD2DCA544F11B425419F02A757C8,1,0,PRMV0083372 性能検討用走行抵抗式(ePT連れ回り排除) 航続距離(C/D車載状態)A2 －,A,45559.12207,0,0,EntryCondition,MBSE検討2回目,MBSE検討2回目,,JPN,2WD,,2,,2,SElist_[Kei]_JPN_2WD,,0.04365,,N/kph#00B2,Variation#2-1,Variation#2-1,PRMV0083372,性能検討用走行抵抗式(ePT連れ回り排除),航続距離(C/D車載状態)A2,－,C7A0743743214D49AE5FFB6973444FCE,PT構想審査,
2,5276C722E39D4709A769BF1D9C2CFCB5,1,0,PRMV0083373 性能検討用走行抵抗式(ePT連れ回り排除) 航続距離(C/D車載状態)IP －,A,45559.12207,0,0,EntryCondition,MBSE検討2回目,MBSE検討2回目,,JPN,2WD,,2,,2,SElist_[Kei]_JPN_2WD,,1237,,kg,Variation#2-1,Variation#2-1,PRMV0083373,性能検討用走行抵抗式(ePT連れ回り排除),航続距離(C/D車載状態)IP,－,C7A0743743214D49AE5FFB6973444FCE,PT構想審査,
2,C6C8F4BB052F45BC992D00E4E4E62BB7,1,0,PRMV0083374 性能検討用走行抵抗式(ePT連れ回り排除) 動力当り前性能A0 －,A,45559.12208,0,0,EntryCondition,MBSE検討2回目,MBSE検討2回目,,JPN,2WD,,2,,2,SElist_[Kei]_JPN_2WD,,95.6567,,N,Variation#2-1,Variation#2-1,PRMV0083374,性能検討用走行抵抗式(ePT連れ回り排除),動力当り前性能A0,－,C7A0743743214D49AE5FFB6973444FCE,PT構想審査,
2,DE87EAB923DF40A689A5BD93987A181B,1,0,PRMV0083375 性能検討用走行抵抗式(ePT連れ回り排除) 動力当り前性能A1 －,A,45559.12208,0,0,EntryCondition,MBSE検討2回目,MBSE検討2回目,,JPN,2WD,,2,,2,SElist_[Kei]_JPN_2WD,,－,,N/kph,Variation#2-1,Variation#2-1,PRMV0083375,性能検討用走行抵抗式(ePT連れ回り排除),動力当り前性能A1,－,C7A0743743214D49AE5FFB6973444FCE,PT構想審査,
2,8B0E5034BE00459FB218377B5E12B14D,1,0,PRMV0083376 性能検討用走行抵抗式(ePT連れ回り排除) 動力当り前性能A2 －,A,45559.12209,0,0,EntryCondition,MBSE検討2回目,MBSE検討2回目,,JPN,2WD,,2,,2,SElist_[Kei]_JPN_2WD,,0.04146,,N/kph#00B2,Variation#2-1,Variation#2-1,PRMV0083376,性能検討用走行抵抗式(ePT連れ回り排除),動力当り前性能A2,－,C7A0743743214D49AE5FFB6973444FCE,PT構想審査,
2,0D4E3760ECEC423D887BAF45E0949F88,1,0,PRMV0083377 性能検討用走行抵抗式(ePT連れ回り排除) 動力当り前性能IP －,A,45559.12209,0,0,EntryCondition,MBSE検討2回目,MBSE検討2回目,,JPN,2WD,,2,,2,SElist_[Kei]_JPN_2WD,,1322,,kg,Variation#2-1,Variation#2-1,PRMV0083377,性能検討用走行抵抗式(ePT連れ回り排除),動力当り前性能IP,－,C7A0743743214D49AE5FFB6973444FCE,PT構想審査,
2,A957836E40884985BF871B2FD74F74AD,1,0,PRMV0083378 性能検討用走行抵抗式(ePT連れ回り排除) 動力AccerelationA0 －,A,45559.12211,0,0,EntryCondition,MBSE検討2回目,MBSE検討2回目,,JPN,2WD,,2,,2,SElist_[Kei]_JPN_2WD,,92.17,,N,Variation#2-1,Variation#2-1,PRMV0083378,性能検討用走行抵抗式(ePT連れ回り排除),動力AccerelationA0,－,C7A0743743214D49AE5FFB6973444FCE,PT構想審査,
2,1E4E9D00D98247FE81F777CD6A3855C6,1,0,PRMV0083379 性能検討用走行抵抗式(ePT連れ回り排除) 動力AccerelationA1 －,A,45559.12212,0,0,EntryCondition,MBSE検討2回目,MBSE検討2回目,,JPN,2WD,,2,,2,SElist_[Kei]_JPN_2WD,,－,,N/kph,Variation#2-1,Variation#2-1,PRMV0083379,性能検討用走行抵抗式(ePT連れ回り排除),動力AccerelationA1,－,C7A0743743214D49AE5FFB6973444FCE,PT構想審査,
2,F9C6D08C5815415F87EADBA5902A52A2,1,0,PRMV0083380 性能検討用走行抵抗式(ePT連れ回り排除) 動力AccerelationA2 －,A,45559.12212,0,0,EntryCondition,MBSE検討2回目,MBSE検討2回目,,JPN,2WD,,2,,2,SElist_[Kei]_JPN_2WD,,0.04365,,N/kph#00B2,Variation#2-1,Variation#2-1,PRMV0083380,性能検討用走行抵抗式(ePT連れ回り排除),動力AccerelationA2,－,C7A0743743214D49AE5FFB6973444FCE,PT構想審査,
2,C43D800296334837A22E0B1500885828,1,0,PRMV0083381 性能検討用走行抵抗式(ePT連れ回り排除) 動力AccerelationIP －,A,45559.12213,0,0,EntryCondition,MBSE検討2回目,MBSE検討2回目,,JPN,2WD,,2,,2,SElist_[Kei]_JPN_2WD,,1261,,kg,Variation#2-1,Variation#2-1,PRMV0083381,性能検討用走行抵抗式(ePT連れ回り排除),動力AccerelationIP,－,C7A0743743214D49AE5FFB6973444FCE,PT構想審査,
2,142439089BE840D7903BD749B7DE5ACA,1,0,PRMV0083382 性能検討用走行抵抗式(ePT連れ回り排除) 動力VmaxA0 －,A,45559.12213,0,0,EntryCondition,MBSE検討2回目,MBSE検討2回目,,JPN,2WD,,2,,2,SElist_[Kei]_JPN_2WD,,92.17,,N,Variation#2-1,Variation#2-1,PRMV0083382,性能検討用走行抵抗式(ePT連れ回り排除),動力VmaxA0,－,C7A0743743214D49AE5FFB6973444FCE,PT構想審査,
2,4C2527A061C9456490F14B500EF58343,1,0,PRMV0083383 性能検討用走行抵抗式(ePT連れ回り排除) 動力VmaxA1 －,A,45559.12214,0,0,EntryCondition,MBSE検討2回目,MBSE検討2回目,,JPN,2WD,,2,,2,SElist_[Kei]_JPN_2WD,,－,,N/kph,Variation#2-1,Variation#2-1,PRMV0083383,性能検討用走行抵抗式(ePT連れ回り排除),動力VmaxA1,－,C7A0743743214D49AE5FFB6973444FCE,PT構想審査,
2,58ABFEEC90414417B2EAA8319E0FB401,1,0,PRMV0083384 性能検討用走行抵抗式(ePT連れ回り排除) 動力VmaxA2 －,A,45559.12214,0,0,EntryCondition,MBSE検討2回目,MBSE検討2回目,,JPN,2WD,,2,,2,SElist_[Kei]_JPN_2WD,,0.04365,,N/kph#00B2,Variation#2-1,Variation#2-1,PRMV0083384,性能検討用走行抵抗式(ePT連れ回り排除),動力VmaxA2,－,C7A0743743214D49AE5FFB6973444FCE,PT構想審査,
2,D0BDC1962BA54D04912177C00AE6F947,1,0,PRMV0083385 性能検討用走行抵抗式(ePT連れ回り排除) 動力VmaxIP －,A,45559.12215,0,0,EntryCondition,MBSE検討2回目,MBSE検討2回目,,JPN,2WD,,2,,2,SElist_[Kei]_JPN_2WD,,1261,,kg,Variation#2-1,Variation#2-1,PRMV0083385,性能検討用走行抵抗式(ePT連れ回り排除),動力VmaxIP,－,C7A0743743214D49AE5FFB6973444FCE,PT構想審査,
2,DE46FF578DF74EBF9E691C7FA71D57B5,1,0,PRMV0083386 性能検討用走行抵抗式(ePT連れ回り排除) 熱NEMシビアシーンA0 －,A,45559.12216,0,0,EntryCondition,MBSE検討2回目,MBSE検討2回目,,JPN,2WD,,2,,2,SElist_[Kei]_JPN_2WD,,n,,別紙,Variation#2-1,Variation#2-1,PRMV0083386,性能検討用走行抵抗式(ePT連れ回り排除),熱NEMシビアシーンA0,－,C7A0743743214D49AE5FFB6973444FCE,PT構想審査,
2,33B768CE9E144BA9BE69B18498D89DA0,1,0,PRMV0083387 性能検討用走行抵抗式(ePT連れ回り排除) 熱加減速繰り返し走行A0 －,A,45559.12216,0,0,EntryCondition,MBSE検討2回目,MBSE検討2回目,,JPN,2WD,,2,,2,SElist_[Kei]_JPN_2WD,,n,,N,Variation#2-1,Variation#2-1,PRMV0083387,性能検討用走行抵抗式(ePT連れ回り排除),熱加減速繰り返し走行A0,－,C7A0743743214D49AE5FFB6973444FCE,PT構想審査,
2,263937BECA754A5B8A561BC65179BA91,1,0,PRMV0083388 性能検討用走行抵抗式(ePT連れ回り排除) 熱加減速繰り返し走行A1 －,A,45559.12218,0,0,EntryCondition,MBSE検討2回目,MBSE検討2回目,,JPN,2WD,,2,,2,SElist_[Kei]_JPN_2WD,,n,,N/kph,Variation#2-1,Variation#2-1,PRMV0083388,性能検討用走行抵抗式(ePT連れ回り排除),熱加減速繰り返し走行A1,－,C7A0743743214D49AE5FFB6973444FCE,PT構想審査,
2,CE104A0A575F4C4693BC135D4CDE63A9,1,0,PRMV0083389 性能検討用走行抵抗式(ePT連れ回り排除) 熱加減速繰り返し走行A2 －,A,45559.12218,0,0,EntryCondition,MBSE検討2回目,MBSE検討2回目,,JPN,2WD,,2,,2,SElist_[Kei]_JPN_2WD,,n,,N/kph#00B2,Variation#2-1,Variation#2-1,PRMV0083389,性能検討用走行抵抗式(ePT連れ回り排除),熱加減速繰り返し走行A2,－,C7A0743743214D49AE5FFB6973444FCE,PT構想審査,
2,AFE566AB51E94B79A3A57442B09CAEC9,1,0,PRMV0083390 性能検討用走行抵抗式(ePT連れ回り排除) 熱加減速繰り返し走行IP －,A,45559.12219,0,0,EntryCondition,MBSE検討2回目,MBSE検討2回目,,JPN,2WD,,2,,2,SElist_[Kei]_JPN_2WD,,n,,kg,Variation#2-1,Variation#2-1,PRMV0083390,性能検討用走行抵抗式(ePT連れ回り排除),熱加減速繰り返し走行IP,－,C7A0743743214D49AE5FFB6973444FCE,PT構想審査,
2,7ACB68834B174D7594E1FAB7D98BCD77,1,0,PRMV0083391 性能検討用走行抵抗式(ePT連れ回り排除) 熱TowingA0 －,A,45559.1222,0,0,EntryCondition,MBSE検討2回目,MBSE検討2回目,,JPN,2WD,,2,,2,SElist_[Kei]_JPN_2WD,,n,,N,Variation#2-1,Variation#2-1,PRMV0083391,性能検討用走行抵抗式(ePT連れ回り排除),熱TowingA0,－,C7A0743743214D49AE5FFB6973444FCE,PT構想審査,
2,F74051E6D2BF461DB3B1FF34FEC9F407,1,0,PRMV0083392 性能検討用走行抵抗式(ePT連れ回り排除) 熱TowingA1 －,A,45559.1222,0,0,EntryCondition,MBSE検討2回目,MBSE検討2回目,,JPN,2WD,,2,,2,SElist_[Kei]_JPN_2WD,,n,,N/kph,Variation#2-1,Variation#2-1,PRMV0083392,性能検討用走行抵抗式(ePT連れ回り排除),熱TowingA1,－,C7A0743743214D49AE5FFB6973444FCE,PT構想審査,
2,159E59A6FC5741AC917AF7C60F64CAB7,1,0,PRMV0083393 性能検討用走行抵抗式(ePT連れ回り排除) 熱TowingA2 －,A,45559.12221,0,0,EntryCondition,MBSE検討2回目,MBSE検討2回目,,JPN,2WD,,2,,2,SElist_[Kei]_JPN_2WD,,n,,N/kph#00B2,Variation#2-1,Variation#2-1,PRMV0083393,性能検討用走行抵抗式(ePT連れ回り排除),熱TowingA2,－,C7A0743743214D49AE5FFB6973444FCE,PT構想審査,
2,10918D535C124C8E999A743CEA35D8DB,1,0,PRMV0083394 性能検討用走行抵抗式(ePT連れ回り排除) 熱TowingIP －,A,45559.12222,0,0,EntryCondition,MBSE検討2回目,MBSE検討2回目,,JPN,2WD,,2,,2,SElist_[Kei]_JPN_2WD,,n,,kg,Variation#2-1,Variation#2-1,PRMV0083394,性能検討用走行抵抗式(ePT連れ回り排除),熱TowingIP,－,C7A0743743214D49AE5FFB6973444FCE,PT構想審査,
2,0A98F396C8954AAB8A1C90D39D21CF0D,1,0,PRMV0083395 性能検討用走行抵抗式(ePT連れ回り排除) 熱低温性能A0 －,A,45559.12222,0,0,EntryCondition,MBSE検討2回目,MBSE検討2回目,,JPN,2WD,,2,,2,SElist_[Kei]_JPN_2WD,,n,,N,Variation#2-1,Variation#2-1,PRMV0083395,性能検討用走行抵抗式(ePT連れ回り排除),熱低温性能A0,－,C7A0743743214D49AE5FFB6973444FCE,PT構想審査,
2,33B1346331114BCA8A83292165A82E0C,1,0,PRMV0083396 性能検討用走行抵抗式(ePT連れ回り排除) 熱低温性能A1 －,A,45559.12223,0,0,EntryCondition,MBSE検討2回目,MBSE検討2回目,,JPN,2WD,,2,,2,SElist_[Kei]_JPN_2WD,,n,,N/kph,Variation#2-1,Variation#2-1,PRMV0083396,性能検討用走行抵抗式(ePT連れ回り排除),熱低温性能A1,－,C7A0743743214D49AE5FFB6973444FCE,PT構想審査,
2,7DC6891E05D941D4A8C486100AA937C2,1,0,PRMV0083397 性能検討用走行抵抗式(ePT連れ回り排除) 熱低温性能A2 －,A,45559.12225,0,0,EntryCondition,MBSE検討2回目,MBSE検討2回目,,JPN,2WD,,2,,2,SElist_[Kei]_JPN_2WD,,n,,N/kph#00B2,Variation#2-1,Variation#2-1,PRMV0083397,性能検討用走行抵抗式(ePT連れ回り排除),熱低温性能A2,－,C7A0743743214D49AE5FFB6973444FCE,PT構想審査,
2,9D66D23DEFF548E6A90FA05118666851,1,0,PRMV0083398 性能検討用走行抵抗式(ePT連れ回り排除) 熱低温性能IP －,A,45559.12225,0,0,EntryCondition,MBSE検討2回目,MBSE検討2回目,,JPN,2WD,,2,,2,SElist_[Kei]_JPN_2WD,,n,,kg,Variation#2-1,Variation#2-1,PRMV0083398,性能検討用走行抵抗式(ePT連れ回り排除),熱低温性能IP,－,C7A0743743214D49AE5FFB6973444FCE,PT構想審査,
2,B2CA60736F9848A8A80F0F4C3FC8AFEA,1,0,PRMV0083399 ePT 最高システム総合出力(公称） －,A,45559.12226,0,0,EntryCondition,MBSE検討2回目,MBSE検討2回目,,JPN,2WD,,2,,2,SElist_[Kei]_JPN_2WD,,n,,kW,Variation#2-1,Variation#2-1,PRMV0083399,ePT,最高システム総合出力(公称）,－,C7A0743743214D49AE5FFB6973444FCE,PT構想審査,
2,D99D3CBABBF3403FBF0BB92B1C3F941A,1,0,PRMV0083400 ePT FR MOTイナーシャ －,A,45559.12226,0,0,EntryCondition,MBSE検討2回目,MBSE検討2回目,,JPN,2WD,,2,,2,SElist_[Kei]_JPN_2WD,,0.011045,,kgm#00B2,Variation#2-1,Variation#2-1,PRMV0083400,ePT,FR MOTイナーシャ,－,C7A0743743214D49AE5FFB6973444FCE,PT構想審査,
2,C297DC3098FC4B8BA8421E443662009F,1,0,PRMV0083401 ePT FR GBイナーシャ －,A,45559.12227,0,0,EntryCondition,MBSE検討2回目,MBSE検討2回目,,JPN,2WD,,2,,2,SElist_[Kei]_JPN_2WD,,0.134(DIFF軸上),,kgm#00B2,Variation#2-1,Variation#2-1,PRMV0083401,ePT,FR GBイナーシャ,－,C7A0743743214D49AE5FFB6973444FCE,PT構想審査,
2,DF8CF2DF99774C6087590C8E044E4978,1,0,PRMV0083402 ePT RR MOTイナーシャ －,A,45559.12227,0,0,EntryCondition,MBSE検討2回目,MBSE検討2回目,,JPN,2WD,,2,,2,SElist_[Kei]_JPN_2WD,,no App,,kgm#00B2,Variation#2-1,Variation#2-1,PRMV0083402,ePT,RR MOTイナーシャ,－,C7A0743743214D49AE5FFB6973444FCE,PT構想審査,
2,B7D5CD3AEEF043948EEDCA990DF47716,1,0,PRMV0083403 ePT RR GBイナーシャ －,A,45559.12228,0,0,EntryCondition,MBSE検討2回目,MBSE検討2回目,,JPN,2WD,,2,,2,SElist_[Kei]_JPN_2WD,,no App,,kgm#00B2,Variation#2-1,Variation#2-1,PRMV0083403,ePT,RR GBイナーシャ,－,C7A0743743214D49AE5FFB6973444FCE,PT構想審査,
2,76ED24799B314607BD951D5EDD7D860C,1,0,PRMV0083404 ePT FR MOT制限設定トルク上限(第一象限) －,A,45559.12229,0,0,EntryCondition,MBSE検討2回目,MBSE検討2回目,,JPN,2WD,,2,,2,SElist_[Kei]_JPN_2WD,,135,,Nm,Variation#2-1,Variation#2-1,PRMV0083404,ePT,FR MOT制限設定トルク上限(第一象限),－,C7A0743743214D49AE5FFB6973444FCE,PT構想審査,
2,FE5B45FD613C4F2B82F45BD0523EE636,1,0,PRMV0083405 ePT FR MOT制限設定トルク下限(第四象限) －,A,45559.12229,0,0,EntryCondition,MBSE検討2回目,MBSE検討2回目,,JPN,2WD,,2,,2,SElist_[Kei]_JPN_2WD,,-135,,Nm,Variation#2-1,Variation#2-1,PRMV0083405,ePT,FR MOT制限設定トルク下限(第四象限),－,C7A0743743214D49AE5FFB6973444FCE,PT構想審査,
2,F10109100D954AA3BED5AA63A8D26CE1,1,0,PRMV0083406 ePT FR GB減速比 －,A,45559.1223,0,0,EntryCondition,MBSE検討2回目,MBSE検討2回目,,JPN,2WD,,2,,2,SElist_[Kei]_JPN_2WD,,12.728,,－,Variation#2-1,Variation#2-1,PRMV0083406,ePT,FR GB減速比,－,C7A0743743214D49AE5FFB6973444FCE,PT構想審査,
2,E2F9021F895D46B8A969E87481CBFF20,1,0,PRMV0083407 ePT RR MOT制限設定トルク上限(第一象限) －,A,45559.1223,0,0,EntryCondition,MBSE検討2回目,MBSE検討2回目,,JPN,2WD,,2,,2,SElist_[Kei]_JPN_2WD,,no app,,Nm,Variation#2-1,Variation#2-1,PRMV0083407,ePT,RR MOT制限設定トルク上限(第一象限),－,C7A0743743214D49AE5FFB6973444FCE,PT構想審査,
2,EC6F8212A60B4134924D5D189ADED99C,1,0,PRMV0083408 ePT RR MOT制限設定トルク下限(第四象限) －,A,45559.12231,0,0,EntryCondition,MBSE検討2回目,MBSE検討2回目,,JPN,2WD,,2,,2,SElist_[Kei]_JPN_2WD,,no app,,Nm,Variation#2-1,Variation#2-1,PRMV0083408,ePT,RR MOT制限設定トルク下限(第四象限),－,C7A0743743214D49AE5FFB6973444FCE,PT構想審査,
2,79A5B6DFC2D5490A856CF32DE205FE1D,1,0,PRMV0083409 ePT RR GB減速比 －,A,45559.12231,0,0,EntryCondition,MBSE検討2回目,MBSE検討2回目,,JPN,2WD,,2,,2,SElist_[Kei]_JPN_2WD,,no App,,－,Variation#2-1,Variation#2-1,PRMV0083409,ePT,RR GB減速比,－,C7A0743743214D49AE5FFB6973444FCE,PT構想審査,
2,89423030702247149E77C0D07AF24D66,1,0,PRMV0083410 ドライブシャフト FR右ドライブシャフトイナーシャ －,A,45559.12233,0,0,EntryCondition,MBSE検討2回目,MBSE検討2回目,,JPN,2WD,,2,,2,SElist_[Kei]_JPN_2WD,,2.007×10^-3,,kgm#00B2,Variation#2-1,Variation#2-1,PRMV0083410,ドライブシャフト,FR右ドライブシャフトイナーシャ,－,C7A0743743214D49AE5FFB6973444FCE,PT構想審査,
2,413678DFBB2343AB8E3876A7FAC711DF,1,0,PRMV0083411 ドライブシャフト FR左ドライブシャフトイナーシャ －,A,45559.12233,0,0,EntryCondition,MBSE検討2回目,MBSE検討2回目,,JPN,2WD,,2,,2,SElist_[Kei]_JPN_2WD,,1.951×10^-3,,kgm#00B2,Variation#2-1,Variation#2-1,PRMV0083411,ドライブシャフト,FR左ドライブシャフトイナーシャ,－,C7A0743743214D49AE5FFB6973444FCE,PT構想審査,
2,F083E8E586574EDEAC0886F8D9E95384,1,0,PRMV0083412 ドライブシャフト RR右ドライブシャフトイナーシャ －,A,45559.12234,0,0,EntryCondition,MBSE検討2回目,MBSE検討2回目,,JPN,2WD,,2,,2,SElist_[Kei]_JPN_2WD,,no App,,kgm#00B2,Variation#2-1,Variation#2-1,PRMV0083412,ドライブシャフト,RR右ドライブシャフトイナーシャ,－,C7A0743743214D49AE5FFB6973444FCE,PT構想審査,
2,44ECE8E2543F49F4BF2239B22DE6FC4B,1,0,PRMV0083413 ドライブシャフト RR左ドライブシャフトイナーシャ －,A,45559.12235,0,0,EntryCondition,MBSE検討2回目,MBSE検討2回目,,JPN,2WD,,2,,2,SElist_[Kei]_JPN_2WD,,no App,,kgm#00B2,Variation#2-1,Variation#2-1,PRMV0083413,ドライブシャフト,RR左ドライブシャフトイナーシャ,－,C7A0743743214D49AE5FFB6973444FCE,PT構想審査,
2,02BAA9FB22324DC996F056E0E9BEC10C,1,0,"PRMV0083414 DCDC DCDC効率(走行時弱電220W,355V入力(SOC20%),13V出力) －",A,45559.12235,0,0,EntryCondition,MBSE検討2回目,MBSE検討2回目,,JPN,2WD,,2,,2,SElist_[Kei]_JPN_2WD,,TBD,,%,Variation#2-1,Variation#2-1,PRMV0083414,DCDC,"DCDC効率(走行時弱電220W,355V入力(SOC20%),13V出力)",－,C7A0743743214D49AE5FFB6973444FCE,PT構想審査,
2,B1C3E91A888D4DB49F56E331F414F17E,1,0,PRMV0083415 LV BATT 消費電力(電費試験時WLTCモード) －,A,45559.12236,0,0,EntryCondition,MBSE検討2回目,MBSE検討2回目,,JPN,2WD,,2,,2,SElist_[Kei]_JPN_2WD,,227,,kW,Variation#2-1,Variation#2-1,PRMV0083415,LV BATT,消費電力(電費試験時WLTCモード),－,C7A0743743214D49AE5FFB6973444FCE,PT構想審査,
2,A66C1F228455459FB73C25EF4429A2D0,1,0,PRMV0083416 HV BATT 直列セル数 －,A,45559.12236,0,0,EntryCondition,MBSE検討2回目,MBSE検討2回目,,JPN,2WD,,2,,2,SElist_[Kei]_JPN_2WD,,100,,cell,Variation#2-1,Variation#2-1,PRMV0083416,HV BATT,直列セル数,－,C7A0743743214D49AE5FFB6973444FCE,PT構想審査,
2,4DB03A0DB4684ECBA5217508ED24D48D,1,0,PRMV0083417 HV BATT 並列セル数 －,A,45559.12237,0,0,EntryCondition,MBSE検討2回目,MBSE検討2回目,,JPN,2WD,,2,,2,SElist_[Kei]_JPN_2WD,,1,,para,Variation#2-1,Variation#2-1,PRMV0083417,HV BATT,並列セル数,－,C7A0743743214D49AE5FFB6973444FCE,PT構想審査,
2,FE5091B1FF9841D49BDFDEA3C198DB46,1,0,PRMV0083418 HV BATT セル容量 －,A,45559.12237,0,0,EntryCondition,MBSE検討2回目,MBSE検討2回目,,JPN,2WD,,2,,2,SElist_[Kei]_JPN_2WD,,72,,Ah,Variation#2-1,Variation#2-1,PRMV0083418,HV BATT,セル容量,－,C7A0743743214D49AE5FFB6973444FCE,PT構想審査,
2,2636F2CFDE7F4C1EB5A87138EC35BF3A,1,0,PRMV0083419 HV BATT パック繋ぎ抵抗 －,A,45559.12238,0,0,EntryCondition,MBSE検討2回目,MBSE検討2回目,,JPN,2WD,,2,,2,SElist_[Kei]_JPN_2WD,,0.01(TBD),,Ω,Variation#2-1,Variation#2-1,PRMV0083419,HV BATT,パック繋ぎ抵抗,－,C7A0743743214D49AE5FFB6973444FCE,PT構想審査,
2,B18532DFE9E548A1A2011119BC9AEF0E,1,0,PRMV0083420 HV BATT DCハーネスの抵抗 －,A,45559.12238,0,0,EntryCondition,MBSE検討2回目,MBSE検討2回目,,JPN,2WD,,2,,2,SElist_[Kei]_JPN_2WD,,TBD,,Ω,Variation#2-1,Variation#2-1,PRMV0083420,HV BATT,DCハーネスの抵抗,－,C7A0743743214D49AE5FFB6973444FCE,PT構想審査,
1,66CE66446E0A4008AE478B58B75B10A8,1,0,PRMV0083421 ブレーキ iBooster作動時ブレーキ力(Time-ブレーキ力) －,A,45554.31576,0,0,EntryCondition,MBSE検討2回目,MBSE検討2回目,,JPN,2WD,,2,,2,SElist_[Kei]_JPN_2WD,,,,MAP,Variation#2-1,Variation#2-1,PRMV0083421,ブレーキ,iBooster作動時ブレーキ力(Time-ブレーキ力),－,C7A0743743214D49AE5FFB6973444FCE,PT構想審査,
1,F70A2189AEE24822A7EF017563676DCD,1,0,PRMV0083422 ePT FR MOT出力N-T特性(回転-トルク) －,A,45554.31578,0,0,EntryCondition,MBSE検討2回目,MBSE検討2回目,,JPN,2WD,,2,,2,SElist_[Kei]_JPN_2WD,,,,MAP,Variation#2-1,Variation#2-1,PRMV0083422,ePT,FR MOT出力N-T特性(回転-トルク),－,C7A0743743214D49AE5FFB6973444FCE,PT構想審査,
1,D4AACB5FED6F45958D1F89C4DD7E22C6,1,0,PRMV0083423 ePT FR MOT制限設定出力上限(第一象限) －,A,45554.31578,0,0,EntryCondition,MBSE検討2回目,MBSE検討2回目,,JPN,2WD,,2,,2,SElist_[Kei]_JPN_2WD,,,,MAP,Variation#2-1,Variation#2-1,PRMV0083423,ePT,FR MOT制限設定出力上限(第一象限),－,C7A0743743214D49AE5FFB6973444FCE,PT構想審査,
1,3083E0698EE747D4836071A393B46E45,1,0,PRMV0083424 ePT FR MOT制限設定出力下限(第四象限) －,A,45554.31579,0,0,EntryCondition,MBSE検討2回目,MBSE検討2回目,,JPN,2WD,,2,,2,SElist_[Kei]_JPN_2WD,,,,MAP,Variation#2-1,Variation#2-1,PRMV0083424,ePT,FR MOT制限設定出力下限(第四象限),－,C7A0743743214D49AE5FFB6973444FCE,PT構想審査,
1,AF1164D600C246B6B8CB994CC66C78BA,1,0,PRMV0083425 ePT FR MOT損失特性 －,A,45554.31579,0,0,EntryCondition,MBSE検討2回目,MBSE検討2回目,,JPN,2WD,,2,,2,SElist_[Kei]_JPN_2WD,,,,MAP,Variation#2-1,Variation#2-1,PRMV0083425,ePT,FR MOT損失特性,－,C7A0743743214D49AE5FFB6973444FCE,PT構想審査,
1,66CF6CAAB6E9420B9F217D138F5F295C,1,0,PRMV0083426 ePT FR GB損失特性(有負荷) －,A,45554.3158,0,0,EntryCondition,MBSE検討2回目,MBSE検討2回目,,JPN,2WD,,2,,2,SElist_[Kei]_JPN_2WD,,,,MAP,Variation#2-1,Variation#2-1,PRMV0083426,ePT,FR GB損失特性(有負荷),－,C7A0743743214D49AE5FFB6973444FCE,PT構想審査,
1,9CA0F4156CB94F48B3FAD250F916BDCB,1,0,PRMV0083427 ePT ePT Sys無負荷損失特性(車速-駆動力) －,A,45554.31581,0,0,EntryCondition,MBSE検討2回目,MBSE検討2回目,,JPN,2WD,,2,,2,SElist_[Kei]_JPN_2WD,,,,MAP,Variation#2-1,Variation#2-1,PRMV0083427,ePT,ePT Sys無負荷損失特性(車速-駆動力),－,C7A0743743214D49AE5FFB6973444FCE,PT構想審査,
1,653B8D6597CE4B98822B65B3AB6821CD,1,0,PRMV0083428 パワマネ 駆動力Map(APO-車速-駆動力) －,A,45554.31581,0,0,EntryCondition,MBSE検討2回目,MBSE検討2回目,,JPN,2WD,,2,,2,SElist_[Kei]_JPN_2WD,,,,MAP,Variation#2-1,Variation#2-1,PRMV0083428,パワマネ,駆動力Map(APO-車速-駆動力),－,C7A0743743214D49AE5FFB6973444FCE,PT構想審査,
1,19D2E48D73064B70956EDA2ADD84562D,1,0,PRMV0083429 協調回生システム 回生ブレーキすり替え車速(車速-G) －,A,45554.31581,0,0,EntryCondition,MBSE検討2回目,MBSE検討2回目,,JPN,2WD,,2,,2,SElist_[Kei]_JPN_2WD,,,,MAP,Variation#2-1,Variation#2-1,PRMV0083429,協調回生システム,回生ブレーキすり替え車速(車速-G),－,C7A0743743214D49AE5FFB6973444FCE,PT構想審査,
1,89D075BBD2084F688B99F5B0B1177D3E,1,0,PRMV0083430 HV BATT セル開放電圧特性(SOC-OCV) －,A,45554.31582,0,0,EntryCondition,MBSE検討2回目,MBSE検討2回目,,JPN,2WD,,2,,2,SElist_[Kei]_JPN_2WD,,,,MAP,Variation#2-1,Variation#2-1,PRMV0083430,HV BATT,セル開放電圧特性(SOC-OCV),－,C7A0743743214D49AE5FFB6973444FCE,PT構想審査,
1,031DB31A48B640469B50C5A644A89749,1,0,PRMV0083431 HV BATT バッテリ制限設定(Pin入力上限/BATT温度-SOC-電力) －,A,45554.31583,0,0,EntryCondition,MBSE検討2回目,MBSE検討2回目,,JPN,2WD,,2,,2,SElist_[Kei]_JPN_2WD,,,,MAP,Variation#2-1,Variation#2-1,PRMV0083431,HV BATT,バッテリ制限設定(Pin入力上限/BATT温度-SOC-電力),－,C7A0743743214D49AE5FFB6973444FCE,PT構想審査,
1,4F4A3187B58249DBBC87E365014ADF86,1,0,PRMV0083432 HV BATT バッテリ制限設定(Pout出力上限/BATT温度-SOC-電力) －,A,45554.31583,0,0,EntryCondition,MBSE検討2回目,MBSE検討2回目,,JPN,2WD,,2,,2,SElist_[Kei]_JPN_2WD,,,,MAP,Variation#2-1,Variation#2-1,PRMV0083432,HV BATT,バッテリ制限設定(Pout出力上限/BATT温度-SOC-電力),－,C7A0743743214D49AE5FFB6973444FCE,PT構想審査,
1,AC7CFB547912400784FE913DD6BC93AA,1,0,PRMV0083433 HV BATT セル内部抵抗特性(充電/BATT温度-SOC-内部抵抗) －,A,45554.31583,0,0,EntryCondition,MBSE検討2回目,MBSE検討2回目,,JPN,2WD,,2,,2,SElist_[Kei]_JPN_2WD,,,,MAP,Variation#2-1,Variation#2-1,PRMV0083433,HV BATT,セル内部抵抗特性(充電/BATT温度-SOC-内部抵抗),－,C7A0743743214D49AE5FFB6973444FCE,PT構想審査,
1,2B62EE7E71E44E6185731BC98D933AF7,1,0,PRMV0083434 HV BATT セル内部抵抗特性(放電/BATT温度-SOC-内部抵抗) －,A,45554.31584,0,0,EntryCondition,MBSE検討2回目,MBSE検討2回目,,JPN,2WD,,2,,2,SElist_[Kei]_JPN_2WD,,,,MAP,Variation#2-1,Variation#2-1,PRMV0083434,HV BATT,セル内部抵抗特性(放電/BATT温度-SOC-内部抵抗),－,C7A0743743214D49AE5FFB6973444FCE,PT構想審査,
1,62CAEDBDFDAA45968E14970E9EB51480,1,0,PRMV0083435 MOT FAN PQ特性 －,A,45554.31584,0,0,EntryCondition,MBSE検討2回目,MBSE検討2回目,,JPN,2WD,,2,,2,SElist_[Kei]_JPN_2WD,,,,MAP,Variation#2-1,Variation#2-1,PRMV0083435,MOT FAN,PQ特性,－,C7A0743743214D49AE5FFB6973444FCE,PT構想審査,
1,368C61F0BEA2435C8D6A722A60CFC621,1,0,PRMV0083436 ePT ePT Sys熱容量 －,A,45554.31586,0,0,EntryCondition,MBSE検討2回目,MBSE検討2回目,,JPN,2WD,,2,,2,SElist_[Kei]_JPN_2WD,,,,MAP,Variation#2-1,Variation#2-1,PRMV0083436,ePT,ePT Sys熱容量,－,C7A0743743214D49AE5FFB6973444FCE,PT構想審査,
2,9330CFDEE6CA4EE1A237E23A94AC8DC2,1,0,PRMV0083437 Vehicle Weight Min.C.W. －,A,45559.13299,0,0,EntryCondition,MBSE検討2回目,MBSE検討2回目,,JPN,2WD,,2,,2,SElist_[Kei]_JPN_2WD,,1102,,kg,Variation#2-2,Variation#2-2,PRMV0083437,Vehicle Weight,Min.C.W.,－,C7A0743743214D49AE5FFB6973444FCE,PT構想審査,
2,74AD5CCF2DCE49E1A2DFA2504366279A,1,0,PRMV0083438 Vehicle Weight Max.C.W. －,A,45559.133,0,0,EntryCondition,MBSE検討2回目,MBSE検討2回目,,JPN,2WD,,2,,2,SElist_[Kei]_JPN_2WD,,1116,,kg,Variation#2-2,Variation#2-2,PRMV0083438,Vehicle Weight,Max.C.W.,－,C7A0743743214D49AE5FFB6973444FCE,PT構想審査,
2,4A15E7342C4C4A839BDA07074F20EF17,1,0,PRMV0083439 Vehicle Weight スペアタイヤ&工具  －,A,45559.13301,0,0,EntryCondition,MBSE検討2回目,MBSE検討2回目,,JPN,2WD,,2,,2,SElist_[Kei]_JPN_2WD,,1.6,,kg,Variation#2-2,Variation#2-2,PRMV0083439,Vehicle Weight,スペアタイヤ&工具 ,－,C7A0743743214D49AE5FFB6973444FCE,PT構想審査,
2,68A809D68155485D8566C1030783C9C5,1,0,PRMV0083440 Vehicle Weight EPA届出重量 －,A,45559.13301,0,0,EntryCondition,MBSE検討2回目,MBSE検討2回目,,JPN,2WD,,2,,2,SElist_[Kei]_JPN_2WD,,noApp,,kg,Variation#2-2,Variation#2-2,PRMV0083440,Vehicle Weight,EPA届出重量,－,C7A0743743214D49AE5FFB6973444FCE,PT構想審査,
2,5224C204B0C445A0958AF83E88224325,1,0,PRMV0083441 Vehicle Severe Weight PTW or GVWR －,A,45559.13302,0,0,EntryCondition,MBSE検討2回目,MBSE検討2回目,,JPN,2WD,,2,,2,SElist_[Kei]_JPN_2WD,,1358,,kg,Variation#2-2,Variation#2-2,PRMV0083441,Vehicle Severe Weight,PTW or GVWR,－,C7A0743743214D49AE5FFB6973444FCE,PT構想審査,
2,CF38367BB05B41A8B248340A80BB6346,1,0,PRMV0083442 Vehicle Severe Weight GAWR FR －,A,45559.13303,0,0,EntryCondition,MBSE検討2回目,MBSE検討2回目,,JPN,2WD,,2,,2,SElist_[Kei]_JPN_2WD,,n,,kg,Variation#2-2,Variation#2-2,PRMV0083442,Vehicle Severe Weight,GAWR FR,－,C7A0743743214D49AE5FFB6973444FCE,PT構想審査,
2,4A052996EE21472EAECB3748C8B46258,1,0,PRMV0083443 Vehicle Severe Weight GAWR RR －,A,45559.13303,0,0,EntryCondition,MBSE検討2回目,MBSE検討2回目,,JPN,2WD,,2,,2,SElist_[Kei]_JPN_2WD,,n,,kg,Variation#2-2,Variation#2-2,PRMV0083443,Vehicle Severe Weight,GAWR RR,－,C7A0743743214D49AE5FFB6973444FCE,PT構想審査,
2,ADB53BE0A32D4780BD127815F20D0419,1,0,PRMV0083444 Vehicle Severe Weight Towing －,A,45559.13304,0,0,EntryCondition,MBSE検討2回目,MBSE検討2回目,,JPN,2WD,,2,,2,SElist_[Kei]_JPN_2WD,,no App,,kg,Variation#2-2,Variation#2-2,PRMV0083444,Vehicle Severe Weight,Towing,－,C7A0743743214D49AE5FFB6973444FCE,PT構想審査,
2,37D2EDF476DF482EA3EA7B73A97E2196,1,0,PRMV0083445 空力 Cd  －,A,45559.13304,0,0,EntryCondition,MBSE検討2回目,MBSE検討2回目,,JPN,2WD,,2,,2,SElist_[Kei]_JPN_2WD,,"0.389(NML)
0.392(MMC)",,－,Variation#2-2,Variation#2-2,PRMV0083445,空力,Cd ,－,C7A0743743214D49AE5FFB6973444FCE,PT構想審査,
2,5103A2800598406586F4948AC990A9C0,1,0,PRMV0083446 空力 A －,A,45559.13306,0,0,EntryCondition,MBSE検討2回目,MBSE検討2回目,,JPN,2WD,,2,,2,SElist_[Kei]_JPN_2WD,,2.21,,m#00B2,Variation#2-2,Variation#2-2,PRMV0083446,空力,A,－,C7A0743743214D49AE5FFB6973444FCE,PT構想審査,
2,81BC8D0B6EF1408894D36176EEE9850D,1,0,PRMV0083447 空力 ΔCd (AGS閉→全開) －,A,45559.13307,0,0,EntryCondition,MBSE検討2回目,MBSE検討2回目,,JPN,2WD,,2,,2,SElist_[Kei]_JPN_2WD,,n,,－,Variation#2-2,Variation#2-2,PRMV0083447,空力,ΔCd (AGS閉→全開),－,C7A0743743214D49AE5FFB6973444FCE,PT構想審査,
2,75CA1E816F084E57A4C62DDCD6A06B60,1,0,PRMV0083448 空力 Grill shutter車速閾値 高速側 (閉→開)/(開→閉) －,A,45559.13307,0,0,EntryCondition,MBSE検討2回目,MBSE検討2回目,,JPN,2WD,,2,,2,SElist_[Kei]_JPN_2WD,,n,,kph,Variation#2-2,Variation#2-2,PRMV0083448,空力,Grill shutter車速閾値 高速側 (閉→開)/(開→閉),－,C7A0743743214D49AE5FFB6973444FCE,PT構想審査,
2,1F6C20D3A4F44B41BC16BA350850C411,1,0,PRMV0083449 空力 Grill shutter車速閾値 低速側 (閉→開)/(開→閉) －,A,45559.13308,0,0,EntryCondition,MBSE検討2回目,MBSE検討2回目,,JPN,2WD,,2,,2,SElist_[Kei]_JPN_2WD,,n,,kph,Variation#2-2,Variation#2-2,PRMV0083449,空力,Grill shutter車速閾値 低速側 (閉→開)/(開→閉),－,C7A0743743214D49AE5FFB6973444FCE,PT構想審査,
2,B4D29371E7F04E3CA42858737FEE9CD4,1,0,PRMV0083450 タイヤ FRサイズ －,A,45559.13308,0,0,EntryCondition,MBSE検討2回目,MBSE検討2回目,,JPN,2WD,,2,,2,SElist_[Kei]_JPN_2WD,,n,,－,Variation#2-2,Variation#2-2,PRMV0083450,タイヤ,FRサイズ,－,C7A0743743214D49AE5FFB6973444FCE,PT構想審査,
2,B22EC7A4A39C420BBBD5CF0CFF1185B2,1,0,PRMV0083451 タイヤ FR動半径 －,A,45559.13309,0,0,EntryCondition,MBSE検討2回目,MBSE検討2回目,,JPN,2WD,,2,,2,SElist_[Kei]_JPN_2WD,,0.271,,m,Variation#2-2,Variation#2-2,PRMV0083451,タイヤ,FR動半径,－,C7A0743743214D49AE5FFB6973444FCE,PT構想審査,
2,8EAD94C76AC740F4BE9CB23CAA826214,1,0,"PRMV0083452 タイヤ FR RRC (ISO 28560 80kmh,210kPa) －",A,45559.13309,0,0,EntryCondition,MBSE検討2回目,MBSE検討2回目,,JPN,2WD,,2,,2,SElist_[Kei]_JPN_2WD,,7.2,,－,Variation#2-2,Variation#2-2,PRMV0083452,タイヤ,"FR RRC (ISO 28560 80kmh,210kPa)",－,C7A0743743214D49AE5FFB6973444FCE,PT構想審査,
2,E7A5A8D072A94981944AFC9204193C83,1,0,PRMV0083453 タイヤ FR RRC (車両状態) －,A,45559.1331,0,0,EntryCondition,MBSE検討2回目,MBSE検討2回目,,JPN,2WD,,2,,2,SElist_[Kei]_JPN_2WD,,68,,－,Variation#2-2,Variation#2-2,PRMV0083453,タイヤ,FR RRC (車両状態),－,C7A0743743214D49AE5FFB6973444FCE,PT構想審査,
2,E032D1DD635946AF9AD1BD70FF217525,1,0,PRMV0083454 タイヤ FR RRC (車両状態)空気圧 －,A,45559.13311,0,0,EntryCondition,MBSE検討2回目,MBSE検討2回目,,JPN,2WD,,2,,2,SElist_[Kei]_JPN_2WD,,240,,kPa,Variation#2-2,Variation#2-2,PRMV0083454,タイヤ,FR RRC (車両状態)空気圧,－,C7A0743743214D49AE5FFB6973444FCE,PT構想審査,
2,D3BB8834899F45DCA3AE788DECCE5A38,1,0,PRMV0083455 タイヤ FR イナーシャ(1本)  －,A,45559.13311,0,0,EntryCondition,MBSE検討2回目,MBSE検討2回目,,JPN,2WD,,2,,2,SElist_[Kei]_JPN_2WD,,0.49,,kgm#00B2,Variation#2-2,Variation#2-2,PRMV0083455,タイヤ,FR イナーシャ(1本) ,－,C7A0743743214D49AE5FFB6973444FCE,PT構想審査,
2,B17067B505A34D61B241A539D89C6C7B,1,0,PRMV0083456 タイヤ RRサイズ －,A,45559.13313,0,0,EntryCondition,MBSE検討2回目,MBSE検討2回目,,JPN,2WD,,2,,2,SElist_[Kei]_JPN_2WD,,n,,－,Variation#2-2,Variation#2-2,PRMV0083456,タイヤ,RRサイズ,－,C7A0743743214D49AE5FFB6973444FCE,PT構想審査,
2,E799B5C404B548ECB900E7CC49386C84,1,0,PRMV0083457 タイヤ RR動半径 －,A,45559.13313,0,0,EntryCondition,MBSE検討2回目,MBSE検討2回目,,JPN,2WD,,2,,2,SElist_[Kei]_JPN_2WD,,0.271,,m,Variation#2-2,Variation#2-2,PRMV0083457,タイヤ,RR動半径,－,C7A0743743214D49AE5FFB6973444FCE,PT構想審査,
2,CA9151BA5D8B45F7B57139091A1E6948,1,0,"PRMV0083458 タイヤ RR RRC (ISO 28560 80kmh,210kPa) －",A,45559.13314,0,0,EntryCondition,MBSE検討2回目,MBSE検討2回目,,JPN,2WD,,2,,2,SElist_[Kei]_JPN_2WD,,n,,－,Variation#2-2,Variation#2-2,PRMV0083458,タイヤ,"RR RRC (ISO 28560 80kmh,210kPa)",－,C7A0743743214D49AE5FFB6973444FCE,PT構想審査,
2,AB6793F4DDF043359C75DFC06E56F708,1,0,PRMV0083459 タイヤ RR RRC (車両状態) －,A,45559.13315,0,0,EntryCondition,MBSE検討2回目,MBSE検討2回目,,JPN,2WD,,2,,2,SElist_[Kei]_JPN_2WD,,68,,－,Variation#2-2,Variation#2-2,PRMV0083459,タイヤ,RR RRC (車両状態),－,C7A0743743214D49AE5FFB6973444FCE,PT構想審査,
2,4E6C9666A913491488405641B7635033,1,0,PRMV0083460 タイヤ RR RRC (車両状態)空気圧 －,A,45559.13315,0,0,EntryCondition,MBSE検討2回目,MBSE検討2回目,,JPN,2WD,,2,,2,SElist_[Kei]_JPN_2WD,,240,,kPa,Variation#2-2,Variation#2-2,PRMV0083460,タイヤ,RR RRC (車両状態)空気圧,－,C7A0743743214D49AE5FFB6973444FCE,PT構想審査,
2,713DBD8AB4364A839E9CE6CD9B306EC6,1,0,PRMV0083461 タイヤ RR イナーシャ(1本)  －,A,45559.13316,0,0,EntryCondition,MBSE検討2回目,MBSE検討2回目,,JPN,2WD,,2,,2,SElist_[Kei]_JPN_2WD,,0.49,,kgm#00B2,Variation#2-2,Variation#2-2,PRMV0083461,タイヤ,RR イナーシャ(1本) ,－,C7A0743743214D49AE5FFB6973444FCE,PT構想審査,
2,728789456D144BB59A2B33DA473F6CE2,1,0,PRMV0083462 ホイール 仕様 －,A,45559.13317,0,0,EntryCondition,MBSE検討2回目,MBSE検討2回目,,JPN,2WD,,2,,2,SElist_[Kei]_JPN_2WD,,n,,－,Variation#2-2,Variation#2-2,PRMV0083462,ホイール,仕様,－,C7A0743743214D49AE5FFB6973444FCE,PT構想審査,
2,B8848B4EEA204E94BE709A9D029B0C3D,1,0,PRMV0083463 ホイール イナーシャ(1本) －,A,45559.13318,0,0,EntryCondition,MBSE検討2回目,MBSE検討2回目,,JPN,2WD,,2,,2,SElist_[Kei]_JPN_2WD,,no App,,kgm#00B2,Variation#2-2,Variation#2-2,PRMV0083463,ホイール,イナーシャ(1本),－,C7A0743743214D49AE5FFB6973444FCE,PT構想審査,
2,C520A3742B8B4F1EB732763903C551AC,1,0,PRMV0083464 HUB Total引き摺りトルク (@80km/h) －,A,45559.13318,0,0,EntryCondition,MBSE検討2回目,MBSE検討2回目,,JPN,2WD,,2,,2,SElist_[Kei]_JPN_2WD,,n,,Nm/veh,Variation#2-2,Variation#2-2,PRMV0083464,HUB,Total引き摺りトルク (@80km/h),－,C7A0743743214D49AE5FFB6973444FCE,PT構想審査,
2,682FC3818D9F41F389733BA6C96C7F99,1,0,PRMV0083465 HUB FR 引き摺りトルク (@80km/h) －,A,45559.13319,0,0,EntryCondition,MBSE検討2回目,MBSE検討2回目,,JPN,2WD,,2,,2,SElist_[Kei]_JPN_2WD,,n,,Nm/veh,Variation#2-2,Variation#2-2,PRMV0083465,HUB,FR 引き摺りトルク (@80km/h),－,C7A0743743214D49AE5FFB6973444FCE,PT構想審査,
2,7C9AA4CE407341EE8A293E22DB34481F,1,0,PRMV0083466 HUB RR 引き摺りトルク (@80km/h) －,A,45559.13321,0,0,EntryCondition,MBSE検討2回目,MBSE検討2回目,,JPN,2WD,,2,,2,SElist_[Kei]_JPN_2WD,,n,,Nm/veh,Variation#2-2,Variation#2-2,PRMV0083466,HUB,RR 引き摺りトルク (@80km/h),－,C7A0743743214D49AE5FFB6973444FCE,PT構想審査,
2,8916E5718FCE4896BB4242051D8E98C7,1,0,PRMV0083467 HUB FR イナーシャ －,A,45559.13322,0,0,EntryCondition,MBSE検討2回目,MBSE検討2回目,,JPN,2WD,,2,,2,SElist_[Kei]_JPN_2WD,,n,,kgm#00B2,Variation#2-2,Variation#2-2,PRMV0083467,HUB,FR イナーシャ,－,C7A0743743214D49AE5FFB6973444FCE,PT構想審査,
2,9406C1DFAAFF478987CA226E33ABB064,1,0,PRMV0083468 HUB RR イナーシャ －,A,45559.13323,0,0,EntryCondition,MBSE検討2回目,MBSE検討2回目,,JPN,2WD,,2,,2,SElist_[Kei]_JPN_2WD,,n,,kgm#00B2,Variation#2-2,Variation#2-2,PRMV0083468,HUB,RR イナーシャ,－,C7A0743743214D49AE5FFB6973444FCE,PT構想審査,
2,3DC6AB5B8FC0446F84006FD76D33673A,1,0,PRMV0083469 ブレーキ 引き摺りトルク (＠経験圧3Mpa)  －,A,45559.13323,0,0,EntryCondition,MBSE検討2回目,MBSE検討2回目,,JPN,2WD,,2,,2,SElist_[Kei]_JPN_2WD,,n,,Nm/veh,Variation#2-2,Variation#2-2,PRMV0083469,ブレーキ,引き摺りトルク (＠経験圧3Mpa) ,－,C7A0743743214D49AE5FFB6973444FCE,PT構想審査,
2,94F97D2246034D93A17C10DBC4D3A8F4,1,0,PRMV0083470 ブレーキ FR引き摺りトルク (経験圧3Mpa＠60kph) －,A,45559.13324,0,0,EntryCondition,MBSE検討2回目,MBSE検討2回目,,JPN,2WD,,2,,2,SElist_[Kei]_JPN_2WD,,n,,Nm/veh,Variation#2-2,Variation#2-2,PRMV0083470,ブレーキ,FR引き摺りトルク (経験圧3Mpa＠60kph),－,C7A0743743214D49AE5FFB6973444FCE,PT構想審査,
2,96CB6589C6A440578D6D9FC427DF8EA6,1,0,PRMV0083471 ブレーキ RR引き摺りトルク(経験圧3Mpa＠60kph) －,A,45559.13325,0,0,EntryCondition,MBSE検討2回目,MBSE検討2回目,,JPN,2WD,,2,,2,SElist_[Kei]_JPN_2WD,,n,,Nm/veh,Variation#2-2,Variation#2-2,PRMV0083471,ブレーキ,RR引き摺りトルク(経験圧3Mpa＠60kph),－,C7A0743743214D49AE5FFB6973444FCE,PT構想審査,
2,85E89D468F1F447FA0492E1293E90E08,1,0,PRMV0083472 ブレーキ FRイナーシャ －,A,45559.13326,0,0,EntryCondition,MBSE検討2回目,MBSE検討2回目,,JPN,2WD,,2,,2,SElist_[Kei]_JPN_2WD,,n,,kgm#00B2,Variation#2-2,Variation#2-2,PRMV0083472,ブレーキ,FRイナーシャ,－,C7A0743743214D49AE5FFB6973444FCE,PT構想審査,
2,75F3B4F4BBA84F62B73ECE8D9650CA18,1,0,PRMV0083473 ブレーキ RRイナーシャ －,A,45559.13326,0,0,EntryCondition,MBSE検討2回目,MBSE検討2回目,,JPN,2WD,,2,,2,SElist_[Kei]_JPN_2WD,,n,,kgm#00B2,Variation#2-2,Variation#2-2,PRMV0083473,ブレーキ,RRイナーシャ,－,C7A0743743214D49AE5FFB6973444FCE,PT構想審査,
2,6C1349E411CD4DC2861AD5BE8E88DA2D,1,0,PRMV0083474 車両姿勢 グランドクリアランスMin －,A,45559.13328,0,0,EntryCondition,MBSE検討2回目,MBSE検討2回目,,JPN,2WD,,2,,2,SElist_[Kei]_JPN_2WD,,n,,mm,Variation#2-2,Variation#2-2,PRMV0083474,車両姿勢,グランドクリアランスMin,－,C7A0743743214D49AE5FFB6973444FCE,PT構想審査,
2,DB4020134E2C4A02A366815890FF35E0,1,0,PRMV0083475 Test Weight 航続距離試験(ETW)Total －,A,45559.13329,0,0,EntryCondition,MBSE検討2回目,MBSE検討2回目,,JPN,2WD,,2,,2,SElist_[Kei]_JPN_2WD,,n,,kg,Variation#2-2,Variation#2-2,PRMV0083475,Test Weight,航続距離試験(ETW)Total,－,C7A0743743214D49AE5FFB6973444FCE,PT構想審査,
2,B28FFA6C1F7B4C48BB3FA4148D5D4C77,1,0,PRMV0083476 Test Weight 航続距離試験(ETW)FR －,A,45559.13329,0,0,EntryCondition,MBSE検討2回目,MBSE検討2回目,,JPN,2WD,,2,,2,SElist_[Kei]_JPN_2WD,,n,,kg,Variation#2-2,Variation#2-2,PRMV0083476,Test Weight,航続距離試験(ETW)FR,－,C7A0743743214D49AE5FFB6973444FCE,PT構想審査,
2,90C86E834469418AB5BD16D4A42E9248,1,0,PRMV0083477 Test Weight 航続距離試験(ETW)RR －,A,45559.1333,0,0,EntryCondition,MBSE検討2回目,MBSE検討2回目,,JPN,2WD,,2,,2,SElist_[Kei]_JPN_2WD,,n,,kg,Variation#2-2,Variation#2-2,PRMV0083477,Test Weight,航続距離試験(ETW)RR,－,C7A0743743214D49AE5FFB6973444FCE,PT構想審査,
2,0EE6BE22D5704F22979CC0EC75D38009,1,0,PRMV0083478 Test Weight 動力当り前性能  －,A,45559.13331,0,0,EntryCondition,MBSE検討2回目,MBSE検討2回目,,JPN,2WD,,2,,2,SElist_[Kei]_JPN_2WD,,1322,,kg,Variation#2-2,Variation#2-2,PRMV0083478,Test Weight,動力当り前性能 ,－,C7A0743743214D49AE5FFB6973444FCE,PT構想審査,
2,B4EAC8BCD654411F859556C792247DED,1,0,PRMV0083479 Test Weight 動力Accerelation －,A,45559.13331,0,0,EntryCondition,MBSE検討2回目,MBSE検討2回目,,JPN,2WD,,2,,2,SElist_[Kei]_JPN_2WD,,1247,,kg,Variation#2-2,Variation#2-2,PRMV0083479,Test Weight,動力Accerelation,－,C7A0743743214D49AE5FFB6973444FCE,PT構想審査,
2,9ED130DAB183459FACF8BF3AC380A80B,1,0,PRMV0083480 Test Weight 動力Vmax －,A,45559.13332,0,0,EntryCondition,MBSE検討2回目,MBSE検討2回目,,JPN,2WD,,2,,2,SElist_[Kei]_JPN_2WD,,1247,,kg,Variation#2-2,Variation#2-2,PRMV0083480,Test Weight,動力Vmax,－,C7A0743743214D49AE5FFB6973444FCE,PT構想審査,
2,FD2B160FD0A0470CA9CE88C1969FDAEE,1,0,PRMV0083481 Test Weight 熱NEMシビアシーン －,A,45559.13332,0,0,EntryCondition,MBSE検討2回目,MBSE検討2回目,,JPN,2WD,,2,,2,SElist_[Kei]_JPN_2WD,,n,,kg,Variation#2-2,Variation#2-2,PRMV0083481,Test Weight,熱NEMシビアシーン,－,C7A0743743214D49AE5FFB6973444FCE,PT構想審査,
2,FBDB2625B4944DEDB7FA072675582CA4,1,0,PRMV0083482 Test Weight 熱加減速繰り返し走行 －,A,45559.13333,0,0,EntryCondition,MBSE検討2回目,MBSE検討2回目,,JPN,2WD,,2,,2,SElist_[Kei]_JPN_2WD,,n,,kg,Variation#2-2,Variation#2-2,PRMV0083482,Test Weight,熱加減速繰り返し走行,－,C7A0743743214D49AE5FFB6973444FCE,PT構想審査,
2,184597352DB7404C9C3020674550D9E7,1,0,PRMV0083483 Test Weight 熱Towing －,A,45559.13333,0,0,EntryCondition,MBSE検討2回目,MBSE検討2回目,,JPN,2WD,,2,,2,SElist_[Kei]_JPN_2WD,,n,,kg,Variation#2-2,Variation#2-2,PRMV0083483,Test Weight,熱Towing,－,C7A0743743214D49AE5FFB6973444FCE,PT構想審査,
2,8ECDA229B3AC4A11AF4FF76B43968F25,1,0,PRMV0083484 Test Weight 熱低温性能 －,A,45559.13334,0,0,EntryCondition,MBSE検討2回目,MBSE検討2回目,,JPN,2WD,,2,,2,SElist_[Kei]_JPN_2WD,,n,,kg,Variation#2-2,Variation#2-2,PRMV0083484,Test Weight,熱低温性能,－,C7A0743743214D49AE5FFB6973444FCE,PT構想審査,
2,C9229868D11C4ED4A5F84EEE4D8E3DB4,1,0,PRMV0083485 走行抵抗 届出(Target Lset式) A0 －,A,45559.13336,0,0,EntryCondition,MBSE検討2回目,MBSE検討2回目,,JPN,2WD,,2,,2,SElist_[Kei]_JPN_2WD,,83.536,,N,Variation#2-2,Variation#2-2,PRMV0083485,走行抵抗,届出(Target Lset式) A0,－,C7A0743743214D49AE5FFB6973444FCE,PT構想審査,
2,F4D484DA35E04FD585B2331793671D4D,1,0,PRMV0083486 走行抵抗 届出(Target Lset式) A1 －,A,45559.13336,0,0,EntryCondition,MBSE検討2回目,MBSE検討2回目,,JPN,2WD,,2,,2,SElist_[Kei]_JPN_2WD,,-0.1307,,N/kph,Variation#2-2,Variation#2-2,PRMV0083486,走行抵抗,届出(Target Lset式) A1,－,C7A0743743214D49AE5FFB6973444FCE,PT構想審査,
2,63BA05BB43F746149AAED44B9551AAB4,1,0,PRMV0083487 走行抵抗 届出(Target Lset式) A2 －,A,45559.13337,0,0,EntryCondition,MBSE検討2回目,MBSE検討2回目,,JPN,2WD,,2,,2,SElist_[Kei]_JPN_2WD,,0.04365,,N/kph#00B2,Variation#2-2,Variation#2-2,PRMV0083487,走行抵抗,届出(Target Lset式) A2,－,C7A0743743214D49AE5FFB6973444FCE,PT構想審査,
2,51648A32AE7D46DBA301B3CDEB07870F,1,0,PRMV0083488 走行抵抗 届出(Target Lset式) IP －,A,45559.13337,0,0,EntryCondition,MBSE検討2回目,MBSE検討2回目,,JPN,2WD,,2,,2,SElist_[Kei]_JPN_2WD,,1237,,kg,Variation#2-2,Variation#2-2,PRMV0083488,走行抵抗,届出(Target Lset式) IP,－,C7A0743743214D49AE5FFB6973444FCE,PT構想審査,
2,139C837A9EA54A70809021576BDE958A,1,0,PRMV0083489 性能検討用走行抵抗式(ePT連れ回り排除) 航続距離(C/D車載状態)A0 －,A,45559.13338,0,0,EntryCondition,MBSE検討2回目,MBSE検討2回目,,JPN,2WD,,2,,2,SElist_[Kei]_JPN_2WD,,83.536,,N,Variation#2-2,Variation#2-2,PRMV0083489,性能検討用走行抵抗式(ePT連れ回り排除),航続距離(C/D車載状態)A0,－,C7A0743743214D49AE5FFB6973444FCE,PT構想審査,
2,D478C7BB4149446EA76BFC330459F565,1,0,PRMV0083490 性能検討用走行抵抗式(ePT連れ回り排除) 航続距離(C/D車載状態)A1 －,A,45559.13338,0,0,EntryCondition,MBSE検討2回目,MBSE検討2回目,,JPN,2WD,,2,,2,SElist_[Kei]_JPN_2WD,,-0.1307,,N/kph,Variation#2-2,Variation#2-2,PRMV0083490,性能検討用走行抵抗式(ePT連れ回り排除),航続距離(C/D車載状態)A1,－,C7A0743743214D49AE5FFB6973444FCE,PT構想審査,
2,8AD23B42393543F7B6DD90E0D23C276A,1,0,PRMV0083491 性能検討用走行抵抗式(ePT連れ回り排除) 航続距離(C/D車載状態)A2 －,A,45559.13339,0,0,EntryCondition,MBSE検討2回目,MBSE検討2回目,,JPN,2WD,,2,,2,SElist_[Kei]_JPN_2WD,,0.04365,,N/kph#00B2,Variation#2-2,Variation#2-2,PRMV0083491,性能検討用走行抵抗式(ePT連れ回り排除),航続距離(C/D車載状態)A2,－,C7A0743743214D49AE5FFB6973444FCE,PT構想審査,
2,4B17A460B6E24431ABE638726E297481,1,0,PRMV0083492 性能検討用走行抵抗式(ePT連れ回り排除) 航続距離(C/D車載状態)IP －,A,45559.13339,0,0,EntryCondition,MBSE検討2回目,MBSE検討2回目,,JPN,2WD,,2,,2,SElist_[Kei]_JPN_2WD,,1237,,kg,Variation#2-2,Variation#2-2,PRMV0083492,性能検討用走行抵抗式(ePT連れ回り排除),航続距離(C/D車載状態)IP,－,C7A0743743214D49AE5FFB6973444FCE,PT構想審査,
2,7B0AB822F6EB4B2A8C3B83AFC72FFA8A,1,0,PRMV0083493 性能検討用走行抵抗式(ePT連れ回り排除) 動力当り前性能A0 －,A,45559.1334,0,0,EntryCondition,MBSE検討2回目,MBSE検討2回目,,JPN,2WD,,2,,2,SElist_[Kei]_JPN_2WD,,95.6567,,N,Variation#2-2,Variation#2-2,PRMV0083493,性能検討用走行抵抗式(ePT連れ回り排除),動力当り前性能A0,－,C7A0743743214D49AE5FFB6973444FCE,PT構想審査,
2,40E983A511BE4F08BDB30E38148E557D,1,0,PRMV0083494 性能検討用走行抵抗式(ePT連れ回り排除) 動力当り前性能A1 －,A,45559.1334,0,0,EntryCondition,MBSE検討2回目,MBSE検討2回目,,JPN,2WD,,2,,2,SElist_[Kei]_JPN_2WD,,－,,N/kph,Variation#2-2,Variation#2-2,PRMV0083494,性能検討用走行抵抗式(ePT連れ回り排除),動力当り前性能A1,－,C7A0743743214D49AE5FFB6973444FCE,PT構想審査,
2,3B678F8D06BC4471BF1E2BF3E23FAC25,1,0,PRMV0083495 性能検討用走行抵抗式(ePT連れ回り排除) 動力当り前性能A2 －,A,45559.13341,0,0,EntryCondition,MBSE検討2回目,MBSE検討2回目,,JPN,2WD,,2,,2,SElist_[Kei]_JPN_2WD,,0.04146,,N/kph#00B2,Variation#2-2,Variation#2-2,PRMV0083495,性能検討用走行抵抗式(ePT連れ回り排除),動力当り前性能A2,－,C7A0743743214D49AE5FFB6973444FCE,PT構想審査,
2,B6471AA4FE6B4A2B93492F7F7D66962B,1,0,PRMV0083496 性能検討用走行抵抗式(ePT連れ回り排除) 動力当り前性能IP －,A,45559.13343,0,0,EntryCondition,MBSE検討2回目,MBSE検討2回目,,JPN,2WD,,2,,2,SElist_[Kei]_JPN_2WD,,1322,,kg,Variation#2-2,Variation#2-2,PRMV0083496,性能検討用走行抵抗式(ePT連れ回り排除),動力当り前性能IP,－,C7A0743743214D49AE5FFB6973444FCE,PT構想審査,
2,4CF2701A041C4F24B45E10B44E1878EC,1,0,PRMV0083497 性能検討用走行抵抗式(ePT連れ回り排除) 動力AccerelationA0 －,A,45559.13343,0,0,EntryCondition,MBSE検討2回目,MBSE検討2回目,,JPN,2WD,,2,,2,SElist_[Kei]_JPN_2WD,,92.17,,N,Variation#2-2,Variation#2-2,PRMV0083497,性能検討用走行抵抗式(ePT連れ回り排除),動力AccerelationA0,－,C7A0743743214D49AE5FFB6973444FCE,PT構想審査,
2,90A2190D1F3A472CACEE2B80F861032D,1,0,PRMV0083498 性能検討用走行抵抗式(ePT連れ回り排除) 動力AccerelationA1 －,A,45559.13344,0,0,EntryCondition,MBSE検討2回目,MBSE検討2回目,,JPN,2WD,,2,,2,SElist_[Kei]_JPN_2WD,,－,,N/kph,Variation#2-2,Variation#2-2,PRMV0083498,性能検討用走行抵抗式(ePT連れ回り排除),動力AccerelationA1,－,C7A0743743214D49AE5FFB6973444FCE,PT構想審査,
2,57B0279FEF1D4E6AA6E481EC749348D3,1,0,PRMV0083499 性能検討用走行抵抗式(ePT連れ回り排除) 動力AccerelationA2 －,A,45559.13344,0,0,EntryCondition,MBSE検討2回目,MBSE検討2回目,,JPN,2WD,,2,,2,SElist_[Kei]_JPN_2WD,,0.04365,,N/kph#00B2,Variation#2-2,Variation#2-2,PRMV0083499,性能検討用走行抵抗式(ePT連れ回り排除),動力AccerelationA2,－,C7A0743743214D49AE5FFB6973444FCE,PT構想審査,
2,E4112C54E5F148609992D36306C8B9C0,1,0,PRMV0083500 性能検討用走行抵抗式(ePT連れ回り排除) 動力AccerelationIP －,A,45559.13345,0,0,EntryCondition,MBSE検討2回目,MBSE検討2回目,,JPN,2WD,,2,,2,SElist_[Kei]_JPN_2WD,,1261,,kg,Variation#2-2,Variation#2-2,PRMV0083500,性能検討用走行抵抗式(ePT連れ回り排除),動力AccerelationIP,－,C7A0743743214D49AE5FFB6973444FCE,PT構想審査,
2,5846068D69194CBCAFF53782AC93366A,1,0,PRMV0083501 性能検討用走行抵抗式(ePT連れ回り排除) 動力VmaxA0 －,A,45559.13345,0,0,EntryCondition,MBSE検討2回目,MBSE検討2回目,,JPN,2WD,,2,,2,SElist_[Kei]_JPN_2WD,,92.17,,N,Variation#2-2,Variation#2-2,PRMV0083501,性能検討用走行抵抗式(ePT連れ回り排除),動力VmaxA0,－,C7A0743743214D49AE5FFB6973444FCE,PT構想審査,
2,76A5B7B2F5EC44C2A40B76773B9E20DC,1,0,PRMV0083502 性能検討用走行抵抗式(ePT連れ回り排除) 動力VmaxA1 －,A,45559.13346,0,0,EntryCondition,MBSE検討2回目,MBSE検討2回目,,JPN,2WD,,2,,2,SElist_[Kei]_JPN_2WD,,－,,N/kph,Variation#2-2,Variation#2-2,PRMV0083502,性能検討用走行抵抗式(ePT連れ回り排除),動力VmaxA1,－,C7A0743743214D49AE5FFB6973444FCE,PT構想審査,
2,5C80DB26046A4EA3AF7CA0E2A353FE78,1,0,PRMV0083503 性能検討用走行抵抗式(ePT連れ回り排除) 動力VmaxA2 －,A,45559.13346,0,0,EntryCondition,MBSE検討2回目,MBSE検討2回目,,JPN,2WD,,2,,2,SElist_[Kei]_JPN_2WD,,0.04365,,N/kph#00B2,Variation#2-2,Variation#2-2,PRMV0083503,性能検討用走行抵抗式(ePT連れ回り排除),動力VmaxA2,－,C7A0743743214D49AE5FFB6973444FCE,PT構想審査,
2,1D1B62940F2641C2BB83580483996378,1,0,PRMV0083504 性能検討用走行抵抗式(ePT連れ回り排除) 動力VmaxIP －,A,45559.13347,0,0,EntryCondition,MBSE検討2回目,MBSE検討2回目,,JPN,2WD,,2,,2,SElist_[Kei]_JPN_2WD,,1261,,kg,Variation#2-2,Variation#2-2,PRMV0083504,性能検討用走行抵抗式(ePT連れ回り排除),動力VmaxIP,－,C7A0743743214D49AE5FFB6973444FCE,PT構想審査,
2,68CE8ECB6B1C413A83FD6E74F674FBD1,1,0,PRMV0083505 性能検討用走行抵抗式(ePT連れ回り排除) 熱NEMシビアシーンA0 －,A,45559.13348,0,0,EntryCondition,MBSE検討2回目,MBSE検討2回目,,JPN,2WD,,2,,2,SElist_[Kei]_JPN_2WD,,n,,別紙,Variation#2-2,Variation#2-2,PRMV0083505,性能検討用走行抵抗式(ePT連れ回り排除),熱NEMシビアシーンA0,－,C7A0743743214D49AE5FFB6973444FCE,PT構想審査,
2,73216E64FC5A4D44A3D681D138178DB8,1,0,PRMV0083506 性能検討用走行抵抗式(ePT連れ回り排除) 熱加減速繰り返し走行A0 －,A,45559.13348,0,0,EntryCondition,MBSE検討2回目,MBSE検討2回目,,JPN,2WD,,2,,2,SElist_[Kei]_JPN_2WD,,n,,N,Variation#2-2,Variation#2-2,PRMV0083506,性能検討用走行抵抗式(ePT連れ回り排除),熱加減速繰り返し走行A0,－,C7A0743743214D49AE5FFB6973444FCE,PT構想審査,
2,7113FD7EBC974EF4B352618003D7C55B,1,0,PRMV0083507 性能検討用走行抵抗式(ePT連れ回り排除) 熱加減速繰り返し走行A1 －,A,45559.1335,0,0,EntryCondition,MBSE検討2回目,MBSE検討2回目,,JPN,2WD,,2,,2,SElist_[Kei]_JPN_2WD,,n,,N/kph,Variation#2-2,Variation#2-2,PRMV0083507,性能検討用走行抵抗式(ePT連れ回り排除),熱加減速繰り返し走行A1,－,C7A0743743214D49AE5FFB6973444FCE,PT構想審査,
2,52F64F5683AA4D93A4C8132A9A3FED56,1,0,PRMV0083508 性能検討用走行抵抗式(ePT連れ回り排除) 熱加減速繰り返し走行A2 －,A,45559.1335,0,0,EntryCondition,MBSE検討2回目,MBSE検討2回目,,JPN,2WD,,2,,2,SElist_[Kei]_JPN_2WD,,n,,N/kph#00B2,Variation#2-2,Variation#2-2,PRMV0083508,性能検討用走行抵抗式(ePT連れ回り排除),熱加減速繰り返し走行A2,－,C7A0743743214D49AE5FFB6973444FCE,PT構想審査,
2,19AC2050582B48B9A3CB944820043610,1,0,PRMV0083509 性能検討用走行抵抗式(ePT連れ回り排除) 熱加減速繰り返し走行IP －,A,45559.13351,0,0,EntryCondition,MBSE検討2回目,MBSE検討2回目,,JPN,2WD,,2,,2,SElist_[Kei]_JPN_2WD,,n,,kg,Variation#2-2,Variation#2-2,PRMV0083509,性能検討用走行抵抗式(ePT連れ回り排除),熱加減速繰り返し走行IP,－,C7A0743743214D49AE5FFB6973444FCE,PT構想審査,
2,2D91D206EC0945409083822348073279,1,0,PRMV0083510 性能検討用走行抵抗式(ePT連れ回り排除) 熱TowingA0 －,A,45559.13351,0,0,EntryCondition,MBSE検討2回目,MBSE検討2回目,,JPN,2WD,,2,,2,SElist_[Kei]_JPN_2WD,,n,,N,Variation#2-2,Variation#2-2,PRMV0083510,性能検討用走行抵抗式(ePT連れ回り排除),熱TowingA0,－,C7A0743743214D49AE5FFB6973444FCE,PT構想審査,
2,B74585F5F8B9470582E263133DBC22DD,1,0,PRMV0083511 性能検討用走行抵抗式(ePT連れ回り排除) 熱TowingA1 －,A,45559.13352,0,0,EntryCondition,MBSE検討2回目,MBSE検討2回目,,JPN,2WD,,2,,2,SElist_[Kei]_JPN_2WD,,n,,N/kph,Variation#2-2,Variation#2-2,PRMV0083511,性能検討用走行抵抗式(ePT連れ回り排除),熱TowingA1,－,C7A0743743214D49AE5FFB6973444FCE,PT構想審査,
2,99F825142578403FB286F23E0EAA3ACA,1,0,PRMV0083512 性能検討用走行抵抗式(ePT連れ回り排除) 熱TowingA2 －,A,45559.13353,0,0,EntryCondition,MBSE検討2回目,MBSE検討2回目,,JPN,2WD,,2,,2,SElist_[Kei]_JPN_2WD,,n,,N/kph#00B2,Variation#2-2,Variation#2-2,PRMV0083512,性能検討用走行抵抗式(ePT連れ回り排除),熱TowingA2,－,C7A0743743214D49AE5FFB6973444FCE,PT構想審査,
2,6AABA80391314F189E843BB20A738848,1,0,PRMV0083513 性能検討用走行抵抗式(ePT連れ回り排除) 熱TowingIP －,A,45559.13353,0,0,EntryCondition,MBSE検討2回目,MBSE検討2回目,,JPN,2WD,,2,,2,SElist_[Kei]_JPN_2WD,,n,,kg,Variation#2-2,Variation#2-2,PRMV0083513,性能検討用走行抵抗式(ePT連れ回り排除),熱TowingIP,－,C7A0743743214D49AE5FFB6973444FCE,PT構想審査,
2,792D823762B6401A94E2655C18258C65,1,0,PRMV0083514 性能検討用走行抵抗式(ePT連れ回り排除) 熱低温性能A0 －,A,45559.13354,0,0,EntryCondition,MBSE検討2回目,MBSE検討2回目,,JPN,2WD,,2,,2,SElist_[Kei]_JPN_2WD,,n,,N,Variation#2-2,Variation#2-2,PRMV0083514,性能検討用走行抵抗式(ePT連れ回り排除),熱低温性能A0,－,C7A0743743214D49AE5FFB6973444FCE,PT構想審査,
2,D2E5B9514E284C6D835C75CD6C60D216,1,0,PRMV0083515 性能検討用走行抵抗式(ePT連れ回り排除) 熱低温性能A1 －,A,45559.13354,0,0,EntryCondition,MBSE検討2回目,MBSE検討2回目,,JPN,2WD,,2,,2,SElist_[Kei]_JPN_2WD,,n,,N/kph,Variation#2-2,Variation#2-2,PRMV0083515,性能検討用走行抵抗式(ePT連れ回り排除),熱低温性能A1,－,C7A0743743214D49AE5FFB6973444FCE,PT構想審査,
2,61975A33D44A4E46B5CDC3DD9E719C20,1,0,PRMV0083516 性能検討用走行抵抗式(ePT連れ回り排除) 熱低温性能A2 －,A,45559.13355,0,0,EntryCondition,MBSE検討2回目,MBSE検討2回目,,JPN,2WD,,2,,2,SElist_[Kei]_JPN_2WD,,n,,N/kph#00B2,Variation#2-2,Variation#2-2,PRMV0083516,性能検討用走行抵抗式(ePT連れ回り排除),熱低温性能A2,－,C7A0743743214D49AE5FFB6973444FCE,PT構想審査,
2,E02E1716E2B64CCD9B6EE08A2EBB3347,1,0,PRMV0083517 性能検討用走行抵抗式(ePT連れ回り排除) 熱低温性能IP －,A,45559.13355,0,0,EntryCondition,MBSE検討2回目,MBSE検討2回目,,JPN,2WD,,2,,2,SElist_[Kei]_JPN_2WD,,n,,kg,Variation#2-2,Variation#2-2,PRMV0083517,性能検討用走行抵抗式(ePT連れ回り排除),熱低温性能IP,－,C7A0743743214D49AE5FFB6973444FCE,PT構想審査,
2,4B54E68A208C4E4FBD4323EAA00CF622,1,0,PRMV0083518 ePT 最高システム総合出力(公称） －,A,45559.13356,0,0,EntryCondition,MBSE検討2回目,MBSE検討2回目,,JPN,2WD,,2,,2,SElist_[Kei]_JPN_2WD,,n,,kW,Variation#2-2,Variation#2-2,PRMV0083518,ePT,最高システム総合出力(公称）,－,C7A0743743214D49AE5FFB6973444FCE,PT構想審査,
2,7E303CC9BBB54E97AFB144B0178549C4,1,0,PRMV0083519 ePT FR MOTイナーシャ －,A,45559.13356,0,0,EntryCondition,MBSE検討2回目,MBSE検討2回目,,JPN,2WD,,2,,2,SElist_[Kei]_JPN_2WD,,0.011045,,kgm#00B2,Variation#2-2,Variation#2-2,PRMV0083519,ePT,FR MOTイナーシャ,－,C7A0743743214D49AE5FFB6973444FCE,PT構想審査,
2,0C407F7043AA4F978478636B6AAF6F83,1,0,PRMV0083520 ePT FR GBイナーシャ －,A,45559.13358,0,0,EntryCondition,MBSE検討2回目,MBSE検討2回目,,JPN,2WD,,2,,2,SElist_[Kei]_JPN_2WD,,0.098(DIFF軸上),,kgm#00B2,Variation#2-2,Variation#2-2,PRMV0083520,ePT,FR GBイナーシャ,－,C7A0743743214D49AE5FFB6973444FCE,PT構想審査,
2,B9384AF7F9D44B6BA3897A8E2494DBB0,1,0,PRMV0083521 ePT RR MOTイナーシャ －,A,45559.13358,0,0,EntryCondition,MBSE検討2回目,MBSE検討2回目,,JPN,2WD,,2,,2,SElist_[Kei]_JPN_2WD,,no App,,kgm#00B2,Variation#2-2,Variation#2-2,PRMV0083521,ePT,RR MOTイナーシャ,－,C7A0743743214D49AE5FFB6973444FCE,PT構想審査,
2,61B7AAB751DB420BA2123CD588B9E0B9,1,0,PRMV0083522 ePT RR GBイナーシャ －,A,45559.13359,0,0,EntryCondition,MBSE検討2回目,MBSE検討2回目,,JPN,2WD,,2,,2,SElist_[Kei]_JPN_2WD,,no App,,kgm#00B2,Variation#2-2,Variation#2-2,PRMV0083522,ePT,RR GBイナーシャ,－,C7A0743743214D49AE5FFB6973444FCE,PT構想審査,
2,83984FDCCC9C436F8A2419B290EB5233,1,0,PRMV0083523 ePT FR MOT制限設定トルク上限(第一象限) －,A,45559.13359,0,0,EntryCondition,MBSE検討2回目,MBSE検討2回目,,JPN,2WD,,2,,2,SElist_[Kei]_JPN_2WD,,135,,Nm,Variation#2-2,Variation#2-2,PRMV0083523,ePT,FR MOT制限設定トルク上限(第一象限),－,C7A0743743214D49AE5FFB6973444FCE,PT構想審査,
2,471E07DD616844EB8A7F1B3C8355FB43,1,0,PRMV0083524 ePT FR MOT制限設定トルク下限(第四象限) －,A,45559.1336,0,0,EntryCondition,MBSE検討2回目,MBSE検討2回目,,JPN,2WD,,2,,2,SElist_[Kei]_JPN_2WD,,-135,,Nm,Variation#2-2,Variation#2-2,PRMV0083524,ePT,FR MOT制限設定トルク下限(第四象限),－,C7A0743743214D49AE5FFB6973444FCE,PT構想審査,
2,B6225C8D0F0D4A1188FD1808372D5E73,1,0,PRMV0083525 ePT FR GB減速比 －,A,45559.13361,0,0,EntryCondition,MBSE検討2回目,MBSE検討2回目,,JPN,2WD,,2,,2,SElist_[Kei]_JPN_2WD,,10.383,,－,Variation#2-2,Variation#2-2,PRMV0083525,ePT,FR GB減速比,－,C7A0743743214D49AE5FFB6973444FCE,PT構想審査,
2,0FDEC954EBE2436ABC371AC2FC02CF58,1,0,PRMV0083526 ePT RR MOT制限設定トルク上限(第一象限) －,A,45559.13361,0,0,EntryCondition,MBSE検討2回目,MBSE検討2回目,,JPN,2WD,,2,,2,SElist_[Kei]_JPN_2WD,,no app,,Nm,Variation#2-2,Variation#2-2,PRMV0083526,ePT,RR MOT制限設定トルク上限(第一象限),－,C7A0743743214D49AE5FFB6973444FCE,PT構想審査,
2,E61A801F93134C63B76DCD60292081B9,1,0,PRMV0083527 ePT RR MOT制限設定トルク下限(第四象限) －,A,45559.13362,0,0,EntryCondition,MBSE検討2回目,MBSE検討2回目,,JPN,2WD,,2,,2,SElist_[Kei]_JPN_2WD,,no app,,Nm,Variation#2-2,Variation#2-2,PRMV0083527,ePT,RR MOT制限設定トルク下限(第四象限),－,C7A0743743214D49AE5FFB6973444FCE,PT構想審査,
2,D38372C4CE684612BB9F01CE163A821B,1,0,PRMV0083528 ePT RR GB減速比 －,A,45559.13362,0,0,EntryCondition,MBSE検討2回目,MBSE検討2回目,,JPN,2WD,,2,,2,SElist_[Kei]_JPN_2WD,,no App,,－,Variation#2-2,Variation#2-2,PRMV0083528,ePT,RR GB減速比,－,C7A0743743214D49AE5FFB6973444FCE,PT構想審査,
2,69DA7F1F3C51411983FEB463EBE4AC65,1,0,PRMV0083529 ドライブシャフト FR右ドライブシャフトイナーシャ －,A,45559.13363,0,0,EntryCondition,MBSE検討2回目,MBSE検討2回目,,JPN,2WD,,2,,2,SElist_[Kei]_JPN_2WD,,2.007×10^-3,,kgm#00B2,Variation#2-2,Variation#2-2,PRMV0083529,ドライブシャフト,FR右ドライブシャフトイナーシャ,－,C7A0743743214D49AE5FFB6973444FCE,PT構想審査,
2,7E5AE7DFAE594375AD6DD8A04188F33A,1,0,PRMV0083530 ドライブシャフト FR左ドライブシャフトイナーシャ －,A,45559.13363,0,0,EntryCondition,MBSE検討2回目,MBSE検討2回目,,JPN,2WD,,2,,2,SElist_[Kei]_JPN_2WD,,1.951×10^-3,,kgm#00B2,Variation#2-2,Variation#2-2,PRMV0083530,ドライブシャフト,FR左ドライブシャフトイナーシャ,－,C7A0743743214D49AE5FFB6973444FCE,PT構想審査,
2,FDDD615F86764EA7A60B9387188B2F68,1,0,PRMV0083531 ドライブシャフト RR右ドライブシャフトイナーシャ －,A,45559.13365,0,0,EntryCondition,MBSE検討2回目,MBSE検討2回目,,JPN,2WD,,2,,2,SElist_[Kei]_JPN_2WD,,no App,,kgm#00B2,Variation#2-2,Variation#2-2,PRMV0083531,ドライブシャフト,RR右ドライブシャフトイナーシャ,－,C7A0743743214D49AE5FFB6973444FCE,PT構想審査,
2,54F7E4FB354B4F96A9920DF8DA8FDA58,1,0,PRMV0083532 ドライブシャフト RR左ドライブシャフトイナーシャ －,A,45559.13366,0,0,EntryCondition,MBSE検討2回目,MBSE検討2回目,,JPN,2WD,,2,,2,SElist_[Kei]_JPN_2WD,,no App,,kgm#00B2,Variation#2-2,Variation#2-2,PRMV0083532,ドライブシャフト,RR左ドライブシャフトイナーシャ,－,C7A0743743214D49AE5FFB6973444FCE,PT構想審査,
2,09B1A7DD28CC4A84BF53C159835FAFD7,1,0,"PRMV0083533 DCDC DCDC効率(走行時弱電220W,355V入力(SOC20%),13V出力) －",A,45559.13366,0,0,EntryCondition,MBSE検討2回目,MBSE検討2回目,,JPN,2WD,,2,,2,SElist_[Kei]_JPN_2WD,,TBD,,%,Variation#2-2,Variation#2-2,PRMV0083533,DCDC,"DCDC効率(走行時弱電220W,355V入力(SOC20%),13V出力)",－,C7A0743743214D49AE5FFB6973444FCE,PT構想審査,
2,1E82DCE313C040C0BFDB0C4BB6D26F7A,1,0,PRMV0083534 LV BATT 消費電力(電費試験時WLTCモード) －,A,45559.13367,0,0,EntryCondition,MBSE検討2回目,MBSE検討2回目,,JPN,2WD,,2,,2,SElist_[Kei]_JPN_2WD,,227,,kW,Variation#2-2,Variation#2-2,PRMV0083534,LV BATT,消費電力(電費試験時WLTCモード),－,C7A0743743214D49AE5FFB6973444FCE,PT構想審査,
2,7273D821FD4B47DFA4F453C85400E2CF,1,0,PRMV0083535 HV BATT 直列セル数 －,A,45559.13367,0,0,EntryCondition,MBSE検討2回目,MBSE検討2回目,,JPN,2WD,,2,,2,SElist_[Kei]_JPN_2WD,,100,,cell,Variation#2-2,Variation#2-2,PRMV0083535,HV BATT,直列セル数,－,C7A0743743214D49AE5FFB6973444FCE,PT構想審査,
2,E4D05FD7E5BE4F87A2764C6C61B1AD2F,1,0,PRMV0083536 HV BATT 並列セル数 －,A,45559.13368,0,0,EntryCondition,MBSE検討2回目,MBSE検討2回目,,JPN,2WD,,2,,2,SElist_[Kei]_JPN_2WD,,1,,para,Variation#2-2,Variation#2-2,PRMV0083536,HV BATT,並列セル数,－,C7A0743743214D49AE5FFB6973444FCE,PT構想審査,
2,382AE9DBFC1648258D30AA35910A8E5E,1,0,PRMV0083537 HV BATT セル容量 －,A,45559.13368,0,0,EntryCondition,MBSE検討2回目,MBSE検討2回目,,JPN,2WD,,2,,2,SElist_[Kei]_JPN_2WD,,72,,Ah,Variation#2-2,Variation#2-2,PRMV0083537,HV BATT,セル容量,－,C7A0743743214D49AE5FFB6973444FCE,PT構想審査,
2,4A9F1731EB4543F58FD2C0C349A325D5,1,0,PRMV0083538 HV BATT パック繋ぎ抵抗 －,A,45559.13369,0,0,EntryCondition,MBSE検討2回目,MBSE検討2回目,,JPN,2WD,,2,,2,SElist_[Kei]_JPN_2WD,,0.01(TBD),,Ω,Variation#2-2,Variation#2-2,PRMV0083538,HV BATT,パック繋ぎ抵抗,－,C7A0743743214D49AE5FFB6973444FCE,PT構想審査,
2,96E098D45C854163B8AAAEE9692D816C,1,0,PRMV0083539 HV BATT DCハーネスの抵抗 －,A,45559.13369,0,0,EntryCondition,MBSE検討2回目,MBSE検討2回目,,JPN,2WD,,2,,2,SElist_[Kei]_JPN_2WD,,TBD,,Ω,Variation#2-2,Variation#2-2,PRMV0083539,HV BATT,DCハーネスの抵抗,－,C7A0743743214D49AE5FFB6973444FCE,PT構想審査,
1,ED990B3039794597ACFCCA0F2BE9572A,1,0,PRMV0083540 ブレーキ iBooster作動時ブレーキ力(Time-ブレーキ力) －,A,45554.31696,0,0,EntryCondition,MBSE検討2回目,MBSE検討2回目,,JPN,2WD,,2,,2,SElist_[Kei]_JPN_2WD,,,,MAP,Variation#2-2,Variation#2-2,PRMV0083540,ブレーキ,iBooster作動時ブレーキ力(Time-ブレーキ力),－,C7A0743743214D49AE5FFB6973444FCE,PT構想審査,
1,E1C3279090E3400B8C0B61552FA64BD1,1,0,PRMV0083541 ePT FR MOT出力N-T特性(回転-トルク) －,A,45554.31696,0,0,EntryCondition,MBSE検討2回目,MBSE検討2回目,,JPN,2WD,,2,,2,SElist_[Kei]_JPN_2WD,,,,MAP,Variation#2-2,Variation#2-2,PRMV0083541,ePT,FR MOT出力N-T特性(回転-トルク),－,C7A0743743214D49AE5FFB6973444FCE,PT構想審査,
1,CE0300A9BF9F4D6F83618E73F73ABFAA,1,0,PRMV0083542 ePT FR MOT制限設定出力上限(第一象限) －,A,45554.31697,0,0,EntryCondition,MBSE検討2回目,MBSE検討2回目,,JPN,2WD,,2,,2,SElist_[Kei]_JPN_2WD,,,,MAP,Variation#2-2,Variation#2-2,PRMV0083542,ePT,FR MOT制限設定出力上限(第一象限),－,C7A0743743214D49AE5FFB6973444FCE,PT構想審査,
1,BD0791FA236C4D098CD6CFBBE5B613A5,1,0,PRMV0083543 ePT FR MOT制限設定出力下限(第四象限) －,A,45554.31697,0,0,EntryCondition,MBSE検討2回目,MBSE検討2回目,,JPN,2WD,,2,,2,SElist_[Kei]_JPN_2WD,,,,MAP,Variation#2-2,Variation#2-2,PRMV0083543,ePT,FR MOT制限設定出力下限(第四象限),－,C7A0743743214D49AE5FFB6973444FCE,PT構想審査,
1,8F3A629F63154109BEE9EF863B3E53A5,1,0,PRMV0083544 ePT FR MOT損失特性 －,A,45554.31698,0,0,EntryCondition,MBSE検討2回目,MBSE検討2回目,,JPN,2WD,,2,,2,SElist_[Kei]_JPN_2WD,,,,MAP,Variation#2-2,Variation#2-2,PRMV0083544,ePT,FR MOT損失特性,－,C7A0743743214D49AE5FFB6973444FCE,PT構想審査,
1,B5FDA2A9DFFD4683B3004284EF06E55A,1,0,PRMV0083545 ePT FR GB損失特性(有負荷) －,A,45554.31698,0,0,EntryCondition,MBSE検討2回目,MBSE検討2回目,,JPN,2WD,,2,,2,SElist_[Kei]_JPN_2WD,,,,MAP,Variation#2-2,Variation#2-2,PRMV0083545,ePT,FR GB損失特性(有負荷),－,C7A0743743214D49AE5FFB6973444FCE,PT構想審査,
1,AA58C9AFE6B94325B69B9DC0E5961092,1,0,PRMV0083546 ePT ePT Sys無負荷損失特性(車速-駆動力) －,A,45554.31698,0,0,EntryCondition,MBSE検討2回目,MBSE検討2回目,,JPN,2WD,,2,,2,SElist_[Kei]_JPN_2WD,,,,MAP,Variation#2-2,Variation#2-2,PRMV0083546,ePT,ePT Sys無負荷損失特性(車速-駆動力),－,C7A0743743214D49AE5FFB6973444FCE,PT構想審査,
1,76CEC9A91EF648D7A9DA29033AD44F1C,1,0,PRMV0083547 パワマネ 駆動力Map(APO-車速-駆動力) －,A,45554.31699,0,0,EntryCondition,MBSE検討2回目,MBSE検討2回目,,JPN,2WD,,2,,2,SElist_[Kei]_JPN_2WD,,,,MAP,Variation#2-2,Variation#2-2,PRMV0083547,パワマネ,駆動力Map(APO-車速-駆動力),－,C7A0743743214D49AE5FFB6973444FCE,PT構想審査,
1,2036BCBBD3D04B7C88063FCBA7503E88,1,0,PRMV0083548 協調回生システム 回生ブレーキすり替え車速(車速-G) －,A,45554.31699,0,0,EntryCondition,MBSE検討2回目,MBSE検討2回目,,JPN,2WD,,2,,2,SElist_[Kei]_JPN_2WD,,,,MAP,Variation#2-2,Variation#2-2,PRMV0083548,協調回生システム,回生ブレーキすり替え車速(車速-G),－,C7A0743743214D49AE5FFB6973444FCE,PT構想審査,
1,A6E6A6A64E2C44AAA3CBDF6FF6BC695A,1,0,PRMV0083549 HV BATT セル開放電圧特性(SOC-OCV) －,A,45554.317,0,0,EntryCondition,MBSE検討2回目,MBSE検討2回目,,JPN,2WD,,2,,2,SElist_[Kei]_JPN_2WD,,,,MAP,Variation#2-2,Variation#2-2,PRMV0083549,HV BATT,セル開放電圧特性(SOC-OCV),－,C7A0743743214D49AE5FFB6973444FCE,PT構想審査,
1,8CF6ED7A945F4E0C99642F638B63BCD6,1,0,PRMV0083550 HV BATT バッテリ制限設定(Pin入力上限/BATT温度-SOC-電力) －,A,45554.317,0,0,EntryCondition,MBSE検討2回目,MBSE検討2回目,,JPN,2WD,,2,,2,SElist_[Kei]_JPN_2WD,,,,MAP,Variation#2-2,Variation#2-2,PRMV0083550,HV BATT,バッテリ制限設定(Pin入力上限/BATT温度-SOC-電力),－,C7A0743743214D49AE5FFB6973444FCE,PT構想審査,
1,CA749353B5394D6AA199DB2894B9B2C0,1,0,PRMV0083551 HV BATT バッテリ制限設定(Pout出力上限/BATT温度-SOC-電力) －,A,45554.31701,0,0,EntryCondition,MBSE検討2回目,MBSE検討2回目,,JPN,2WD,,2,,2,SElist_[Kei]_JPN_2WD,,,,MAP,Variation#2-2,Variation#2-2,PRMV0083551,HV BATT,バッテリ制限設定(Pout出力上限/BATT温度-SOC-電力),－,C7A0743743214D49AE5FFB6973444FCE,PT構想審査,
1,CB112E67FB9040A994763AD4F275108F,1,0,PRMV0083552 HV BATT セル内部抵抗特性(充電/BATT温度-SOC-内部抵抗) －,A,45554.31701,0,0,EntryCondition,MBSE検討2回目,MBSE検討2回目,,JPN,2WD,,2,,2,SElist_[Kei]_JPN_2WD,,,,MAP,Variation#2-2,Variation#2-2,PRMV0083552,HV BATT,セル内部抵抗特性(充電/BATT温度-SOC-内部抵抗),－,C7A0743743214D49AE5FFB6973444FCE,PT構想審査,
1,F5C3EDD193AA47FCB31C8FECC35D9173,1,0,PRMV0083553 HV BATT セル内部抵抗特性(放電/BATT温度-SOC-内部抵抗) －,A,45554.31703,0,0,EntryCondition,MBSE検討2回目,MBSE検討2回目,,JPN,2WD,,2,,2,SElist_[Kei]_JPN_2WD,,,,MAP,Variation#2-2,Variation#2-2,PRMV0083553,HV BATT,セル内部抵抗特性(放電/BATT温度-SOC-内部抵抗),－,C7A0743743214D49AE5FFB6973444FCE,PT構想審査,
1,481EAABAC1A7473090A3BDC9EAC9FDC1,1,0,PRMV0083554 MOT FAN PQ特性 －,A,45554.31703,0,0,EntryCondition,MBSE検討2回目,MBSE検討2回目,,JPN,2WD,,2,,2,SElist_[Kei]_JPN_2WD,,,,MAP,Variation#2-2,Variation#2-2,PRMV0083554,MOT FAN,PQ特性,－,C7A0743743214D49AE5FFB6973444FCE,PT構想審査,
1,56AC9E61BFBA4E21B5448E52E2378834,1,0,PRMV0083555 ePT ePT Sys熱容量 －,A,45554.31704,0,0,EntryCondition,MBSE検討2回目,MBSE検討2回目,,JPN,2WD,,2,,2,SElist_[Kei]_JPN_2WD,,,,MAP,Variation#2-2,Variation#2-2,PRMV0083555,ePT,ePT Sys熱容量,－,C7A0743743214D49AE5FFB6973444FCE,PT構想審査,
2,31880609DEE7441F8063E4C50C765B00,1,0,PRMV0082393 Vehicle Weight Min.C.W. －,A,45540.19213,0,0,EntryCondition,MBSE検討1回目,MBSE検討1回目,,JPN,4WD,,2,UU3:MIZOKOSHI KANATA,2,SElist_[Kei]_JPN_4WD,,1198,,kg,Variation#6,Variation#6,PRMV0082393,Vehicle Weight,Min.C.W.,－,C7A0743743214D49AE5FFB6973444FCE,PT構想審査,
2,577F5F216B7F410B98CE2420A30326EE,1,0,PRMV0082394 Vehicle Weight Max.C.W. －,A,45540.19214,0,0,EntryCondition,MBSE検討1回目,MBSE検討1回目,,JPN,4WD,,2,UU3:MIZOKOSHI KANATA,2,SElist_[Kei]_JPN_4WD,,1205,,kg,Variation#6,Variation#6,PRMV0082394,Vehicle Weight,Max.C.W.,－,C7A0743743214D49AE5FFB6973444FCE,PT構想審査,
2,9058D2F19C0B4160BF655A38EA860CA1,1,0,PRMV0082395 Vehicle Weight スペアタイヤ&工具  －,A,45540.19214,0,0,EntryCondition,MBSE検討1回目,MBSE検討1回目,,JPN,4WD,,2,UU3:MIZOKOSHI KANATA,2,SElist_[Kei]_JPN_4WD,,1.6,,kg,Variation#6,Variation#6,PRMV0082395,Vehicle Weight,スペアタイヤ&工具 ,－,C7A0743743214D49AE5FFB6973444FCE,PT構想審査,
2,D7AC3BE72F2343688CD4DCAA56556336,1,0,PRMV0082396 Vehicle Weight EPA届出重量 －,A,45540.19215,0,0,EntryCondition,MBSE検討1回目,MBSE検討1回目,,JPN,4WD,,2,UU3:MIZOKOSHI KANATA,2,SElist_[Kei]_JPN_4WD,,no App,,kg,Variation#6,Variation#6,PRMV0082396,Vehicle Weight,EPA届出重量,－,C7A0743743214D49AE5FFB6973444FCE,PT構想審査,
2,590EA61E037D4A5F804DD07C66A889A7,1,0,PRMV0082397 Vehicle Severe Weight PTW or GVWR －,A,45540.19216,0,0,EntryCondition,MBSE検討1回目,MBSE検討1回目,,JPN,4WD,,2,UU3:MIZOKOSHI KANATA,2,SElist_[Kei]_JPN_4WD,,1448,,kg,Variation#6,Variation#6,PRMV0082397,Vehicle Severe Weight,PTW or GVWR,－,C7A0743743214D49AE5FFB6973444FCE,PT構想審査,
2,6CAAF9511D4743A397795D4E4B7472D5,1,0,PRMV0082398 Vehicle Severe Weight GAWR FR －,A,45540.19216,0,0,EntryCondition,MBSE検討1回目,MBSE検討1回目,,JPN,4WD,,2,UU3:MIZOKOSHI KANATA,2,SElist_[Kei]_JPN_4WD,,n,,kg,Variation#6,Variation#6,PRMV0082398,Vehicle Severe Weight,GAWR FR,－,C7A0743743214D49AE5FFB6973444FCE,PT構想審査,
2,56A3D7F220D24DF698A090665C24A0FC,1,0,PRMV0082399 Vehicle Severe Weight GAWR RR －,A,45540.19218,0,0,EntryCondition,MBSE検討1回目,MBSE検討1回目,,JPN,4WD,,2,UU3:MIZOKOSHI KANATA,2,SElist_[Kei]_JPN_4WD,,n,,kg,Variation#6,Variation#6,PRMV0082399,Vehicle Severe Weight,GAWR RR,－,C7A0743743214D49AE5FFB6973444FCE,PT構想審査,
2,F861C63548FF49B180DE7438579C7CEB,1,0,PRMV0082400 Vehicle Severe Weight Towing －,A,45540.19219,0,0,EntryCondition,MBSE検討1回目,MBSE検討1回目,,JPN,4WD,,2,UU3:MIZOKOSHI KANATA,2,SElist_[Kei]_JPN_4WD,,no App,,kg,Variation#6,Variation#6,PRMV0082400,Vehicle Severe Weight,Towing,－,C7A0743743214D49AE5FFB6973444FCE,PT構想審査,
2,384E637919FB450D93218D09388BAC85,1,0,PRMV0082401 空力 Cd  －,A,45540.19219,0,0,EntryCondition,MBSE検討1回目,MBSE検討1回目,,JPN,4WD,,2,UU3:MIZOKOSHI KANATA,2,SElist_[Kei]_JPN_4WD,,0.398,,－,Variation#6,Variation#6,PRMV0082401,空力,Cd ,－,C7A0743743214D49AE5FFB6973444FCE,PT構想審査,
2,D335C062FE1D4E3595BF783A325ECB0E,1,0,PRMV0082402 空力 A －,A,45540.1922,0,0,EntryCondition,MBSE検討1回目,MBSE検討1回目,,JPN,4WD,,2,UU3:MIZOKOSHI KANATA,2,SElist_[Kei]_JPN_4WD,,2.2071,,m#00B2,Variation#6,Variation#6,PRMV0082402,空力,A,－,C7A0743743214D49AE5FFB6973444FCE,PT構想審査,
2,A42CC9FAAF6F4A38A332455F9CB613AA,1,0,PRMV0082403 空力 ΔCd (AGS閉→全開) －,A,45540.19221,0,0,EntryCondition,MBSE検討1回目,MBSE検討1回目,,JPN,4WD,,2,UU3:MIZOKOSHI KANATA,2,SElist_[Kei]_JPN_4WD,,n,,－,Variation#6,Variation#6,PRMV0082403,空力,ΔCd (AGS閉→全開),－,C7A0743743214D49AE5FFB6973444FCE,PT構想審査,
2,E7D92E8E60F74616A7B51B33114A8245,1,0,PRMV0082404 空力 Grill shutter車速閾値 高速側 (閉→開)/(開→閉) －,A,45540.19221,0,0,EntryCondition,MBSE検討1回目,MBSE検討1回目,,JPN,4WD,,2,UU3:MIZOKOSHI KANATA,2,SElist_[Kei]_JPN_4WD,,n,,kph,Variation#6,Variation#6,PRMV0082404,空力,Grill shutter車速閾値 高速側 (閉→開)/(開→閉),－,C7A0743743214D49AE5FFB6973444FCE,PT構想審査,
2,FF5BE429370D41B5971269E67ABD511E,1,0,PRMV0082405 空力 Grill shutter車速閾値 低速側 (閉→開)/(開→閉) －,A,45540.19222,0,0,EntryCondition,MBSE検討1回目,MBSE検討1回目,,JPN,4WD,,2,UU3:MIZOKOSHI KANATA,2,SElist_[Kei]_JPN_4WD,,n,,kph,Variation#6,Variation#6,PRMV0082405,空力,Grill shutter車速閾値 低速側 (閉→開)/(開→閉),－,C7A0743743214D49AE5FFB6973444FCE,PT構想審査,
2,1561184A44984A6F99DCD89DD8081F56,1,0,PRMV0082406 タイヤ FRサイズ －,A,45540.19223,0,0,EntryCondition,MBSE検討1回目,MBSE検討1回目,,JPN,4WD,,2,UU3:MIZOKOSHI KANATA,2,SElist_[Kei]_JPN_4WD,,165/60R15,,－,Variation#6,Variation#6,PRMV0082406,タイヤ,FRサイズ,－,C7A0743743214D49AE5FFB6973444FCE,PT構想審査,
2,C8E066E51C3740698032827DF4035DB5,1,0,PRMV0082407 タイヤ FR動半径 －,A,45540.19223,0,0,EntryCondition,MBSE検討1回目,MBSE検討1回目,,JPN,4WD,,2,UU3:MIZOKOSHI KANATA,2,SElist_[Kei]_JPN_4WD,,0.278,,m,Variation#6,Variation#6,PRMV0082407,タイヤ,FR動半径,－,C7A0743743214D49AE5FFB6973444FCE,PT構想審査,
2,87BEB5C65E624B9BB2E6C27B840B1F49,1,0,"PRMV0082408 タイヤ FR RRC (ISO 28560 80kmh,210kPa) －",A,45540.19225,0,0,EntryCondition,MBSE検討1回目,MBSE検討1回目,,JPN,4WD,,2,UU3:MIZOKOSHI KANATA,2,SElist_[Kei]_JPN_4WD,,7.2,,－,Variation#6,Variation#6,PRMV0082408,タイヤ,"FR RRC (ISO 28560 80kmh,210kPa)",－,C7A0743743214D49AE5FFB6973444FCE,PT構想審査,
2,1DDEF49BD21443EBB360985545E90362,1,0,PRMV0082409 タイヤ FR RRC (車両状態) －,A,45540.19226,0,0,EntryCondition,MBSE検討1回目,MBSE検討1回目,,JPN,4WD,,2,UU3:MIZOKOSHI KANATA,2,SElist_[Kei]_JPN_4WD,,68,,－,Variation#6,Variation#6,PRMV0082409,タイヤ,FR RRC (車両状態),－,C7A0743743214D49AE5FFB6973444FCE,PT構想審査,
2,AA30F7CF23B5453DB8AC18F3A9376D89,1,0,PRMV0082410 タイヤ FR RRC (車両状態)空気圧 －,A,45540.19226,0,0,EntryCondition,MBSE検討1回目,MBSE検討1回目,,JPN,4WD,,2,UU3:MIZOKOSHI KANATA,2,SElist_[Kei]_JPN_4WD,,240,,kPa,Variation#6,Variation#6,PRMV0082410,タイヤ,FR RRC (車両状態)空気圧,－,C7A0743743214D49AE5FFB6973444FCE,PT構想審査,
2,D38F1DD724C34E899A4E9737AD00F5CA,1,0,PRMV0082411 タイヤ FR イナーシャ(1本)  －,A,45540.19227,0,0,EntryCondition,MBSE検討1回目,MBSE検討1回目,,JPN,4WD,,2,UU3:MIZOKOSHI KANATA,2,SElist_[Kei]_JPN_4WD,,0.53,,kgm#00B2,Variation#6,Variation#6,PRMV0082411,タイヤ,FR イナーシャ(1本) ,－,C7A0743743214D49AE5FFB6973444FCE,PT構想審査,
2,6A536B570647416C86667AD1764ED9C3,1,0,PRMV0082412 タイヤ RRサイズ －,A,45540.19228,0,0,EntryCondition,MBSE検討1回目,MBSE検討1回目,,JPN,4WD,,2,UU3:MIZOKOSHI KANATA,2,SElist_[Kei]_JPN_4WD,,165/60R15,,－,Variation#6,Variation#6,PRMV0082412,タイヤ,RRサイズ,－,C7A0743743214D49AE5FFB6973444FCE,PT構想審査,
2,C83AF4D22D9248FCABB95A40C6A53EA8,1,0,PRMV0082413 タイヤ RR動半径 －,A,45540.19228,0,0,EntryCondition,MBSE検討1回目,MBSE検討1回目,,JPN,4WD,,2,UU3:MIZOKOSHI KANATA,2,SElist_[Kei]_JPN_4WD,,0.278,,m,Variation#6,Variation#6,PRMV0082413,タイヤ,RR動半径,－,C7A0743743214D49AE5FFB6973444FCE,PT構想審査,
2,93F190AB49AF4FDE9B6924FE76AAE066,1,0,"PRMV0082414 タイヤ RR RRC (ISO 28560 80kmh,210kPa) －",A,45540.19229,0,0,EntryCondition,MBSE検討1回目,MBSE検討1回目,,JPN,4WD,,2,UU3:MIZOKOSHI KANATA,2,SElist_[Kei]_JPN_4WD,,n,,－,Variation#6,Variation#6,PRMV0082414,タイヤ,"RR RRC (ISO 28560 80kmh,210kPa)",－,C7A0743743214D49AE5FFB6973444FCE,PT構想審査,
2,9CE553F07A1A4970A916963985DBF9EB,1,0,PRMV0082415 タイヤ RR RRC (車両状態) －,A,45540.19229,0,0,EntryCondition,MBSE検討1回目,MBSE検討1回目,,JPN,4WD,,2,UU3:MIZOKOSHI KANATA,2,SElist_[Kei]_JPN_4WD,,68,,－,Variation#6,Variation#6,PRMV0082415,タイヤ,RR RRC (車両状態),－,C7A0743743214D49AE5FFB6973444FCE,PT構想審査,
2,4795523C83074AACAB5D814B6B30105C,1,0,PRMV0082416 タイヤ RR RRC (車両状態)空気圧 －,A,45540.1923,0,0,EntryCondition,MBSE検討1回目,MBSE検討1回目,,JPN,4WD,,2,UU3:MIZOKOSHI KANATA,2,SElist_[Kei]_JPN_4WD,,240,,kPa,Variation#6,Variation#6,PRMV0082416,タイヤ,RR RRC (車両状態)空気圧,－,C7A0743743214D49AE5FFB6973444FCE,PT構想審査,
2,1B3501027EAD48558567D2DDB783DBE0,1,0,PRMV0082417 タイヤ RR イナーシャ(1本)  －,A,45540.19231,0,0,EntryCondition,MBSE検討1回目,MBSE検討1回目,,JPN,4WD,,2,UU3:MIZOKOSHI KANATA,2,SElist_[Kei]_JPN_4WD,,0.53,,kgm#00B2,Variation#6,Variation#6,PRMV0082417,タイヤ,RR イナーシャ(1本) ,－,C7A0743743214D49AE5FFB6973444FCE,PT構想審査,
2,ADE6C09061A54787B917857E4FBC0557,1,0,PRMV0082418 ホイール 仕様 －,A,45540.19231,0,0,EntryCondition,MBSE検討1回目,MBSE検討1回目,,JPN,4WD,,2,UU3:MIZOKOSHI KANATA,2,SElist_[Kei]_JPN_4WD,,n,,－,Variation#6,Variation#6,PRMV0082418,ホイール,仕様,－,C7A0743743214D49AE5FFB6973444FCE,PT構想審査,
2,10605AEC76C247EFB53738D4332738DF,1,0,PRMV0082419 ホイール イナーシャ(1本) －,A,45540.19233,0,0,EntryCondition,MBSE検討1回目,MBSE検討1回目,,JPN,4WD,,2,UU3:MIZOKOSHI KANATA,2,SElist_[Kei]_JPN_4WD,,no App,,kgm#00B2,Variation#6,Variation#6,PRMV0082419,ホイール,イナーシャ(1本),－,C7A0743743214D49AE5FFB6973444FCE,PT構想審査,
2,D1D7AFEEA25148E3AB231AFAF79A3579,1,0,PRMV0082420 HUB Total引き摺りトルク (@80km/h) －,A,45540.19234,0,0,EntryCondition,MBSE検討1回目,MBSE検討1回目,,JPN,4WD,,2,UU3:MIZOKOSHI KANATA,2,SElist_[Kei]_JPN_4WD,,3.86,,Nm/veh,Variation#6,Variation#6,PRMV0082420,HUB,Total引き摺りトルク (@80km/h),－,C7A0743743214D49AE5FFB6973444FCE,PT構想審査,
2,0D888561DC1347CB89DD898380B8D43A,1,0,PRMV0082421 HUB FR 引き摺りトルク (@80km/h) －,A,45540.19234,0,0,EntryCondition,MBSE検討1回目,MBSE検討1回目,,JPN,4WD,,2,UU3:MIZOKOSHI KANATA,2,SElist_[Kei]_JPN_4WD,,Totalに含む,,Nm/veh,Variation#6,Variation#6,PRMV0082421,HUB,FR 引き摺りトルク (@80km/h),－,C7A0743743214D49AE5FFB6973444FCE,PT構想審査,
2,375003B27F454D3290FFB108E766AA9F,1,0,PRMV0082422 HUB RR 引き摺りトルク (@80km/h) －,A,45540.19235,0,0,EntryCondition,MBSE検討1回目,MBSE検討1回目,,JPN,4WD,,2,UU3:MIZOKOSHI KANATA,2,SElist_[Kei]_JPN_4WD,,Totalに含む,,Nm/veh,Variation#6,Variation#6,PRMV0082422,HUB,RR 引き摺りトルク (@80km/h),－,C7A0743743214D49AE5FFB6973444FCE,PT構想審査,
2,D9B0C6329671442EB411A5815564F267,1,0,PRMV0082423 HUB FR イナーシャ －,A,45540.19236,0,0,EntryCondition,MBSE検討1回目,MBSE検討1回目,,JPN,4WD,,2,UU3:MIZOKOSHI KANATA,2,SElist_[Kei]_JPN_4WD,,n,,kgm#00B2,Variation#6,Variation#6,PRMV0082423,HUB,FR イナーシャ,－,C7A0743743214D49AE5FFB6973444FCE,PT構想審査,
2,C222FF819D7548EFA8F05F60F3F394B1,1,0,PRMV0082424 HUB RR イナーシャ －,A,45540.19236,0,0,EntryCondition,MBSE検討1回目,MBSE検討1回目,,JPN,4WD,,2,UU3:MIZOKOSHI KANATA,2,SElist_[Kei]_JPN_4WD,,n,,kgm#00B2,Variation#6,Variation#6,PRMV0082424,HUB,RR イナーシャ,－,C7A0743743214D49AE5FFB6973444FCE,PT構想審査,
2,70A634BC5C04427B89C5B33E78C7A3CE,1,0,PRMV0082425 ブレーキ 引き摺りトルク (＠経験圧3Mpa)  －,A,45540.19237,0,0,EntryCondition,MBSE検討1回目,MBSE検討1回目,,JPN,4WD,,2,UU3:MIZOKOSHI KANATA,2,SElist_[Kei]_JPN_4WD,,2.1,,Nm/veh,Variation#6,Variation#6,PRMV0082425,ブレーキ,引き摺りトルク (＠経験圧3Mpa) ,－,C7A0743743214D49AE5FFB6973444FCE,PT構想審査,
2,ED9EE7B19FEE4F479AEACC0176AA6FF3,1,0,PRMV0082426 ブレーキ FR引き摺りトルク (経験圧3Mpa＠60kph) －,A,45540.19237,0,0,EntryCondition,MBSE検討1回目,MBSE検討1回目,,JPN,4WD,,2,UU3:MIZOKOSHI KANATA,2,SElist_[Kei]_JPN_4WD,,－,,Nm/veh,Variation#6,Variation#6,PRMV0082426,ブレーキ,FR引き摺りトルク (経験圧3Mpa＠60kph),－,C7A0743743214D49AE5FFB6973444FCE,PT構想審査,
2,2E6B6FED228D4AD1B68CEAF24E91C897,1,0,PRMV0082427 ブレーキ RR引き摺りトルク(経験圧3Mpa＠60kph) －,A,45540.19238,0,0,EntryCondition,MBSE検討1回目,MBSE検討1回目,,JPN,4WD,,2,UU3:MIZOKOSHI KANATA,2,SElist_[Kei]_JPN_4WD,,－,,Nm/veh,Variation#6,Variation#6,PRMV0082427,ブレーキ,RR引き摺りトルク(経験圧3Mpa＠60kph),－,C7A0743743214D49AE5FFB6973444FCE,PT構想審査,
2,AB724E175883438FA2CB08B2C1AB8226,1,0,PRMV0082428 ブレーキ FRイナーシャ －,A,45540.1924,0,0,EntryCondition,MBSE検討1回目,MBSE検討1回目,,JPN,4WD,,2,UU3:MIZOKOSHI KANATA,2,SElist_[Kei]_JPN_4WD,,0,,kgm#00B2,Variation#6,Variation#6,PRMV0082428,ブレーキ,FRイナーシャ,－,C7A0743743214D49AE5FFB6973444FCE,PT構想審査,
2,8F422114ADD04BF1BC1A081A4DB7259F,1,0,PRMV0082429 ブレーキ RRイナーシャ －,A,45540.1924,0,0,EntryCondition,MBSE検討1回目,MBSE検討1回目,,JPN,4WD,,2,UU3:MIZOKOSHI KANATA,2,SElist_[Kei]_JPN_4WD,,0,,kgm#00B2,Variation#6,Variation#6,PRMV0082429,ブレーキ,RRイナーシャ,－,C7A0743743214D49AE5FFB6973444FCE,PT構想審査,
2,83B8C6A99EBA42E385816A1DECB5F926,1,0,PRMV0082430 車両姿勢 グランドクリアランスMin －,A,45540.19241,0,0,EntryCondition,MBSE検討1回目,MBSE検討1回目,,JPN,4WD,,2,UU3:MIZOKOSHI KANATA,2,SElist_[Kei]_JPN_4WD,,n,,mm,Variation#6,Variation#6,PRMV0082430,車両姿勢,グランドクリアランスMin,－,C7A0743743214D49AE5FFB6973444FCE,PT構想審査,
2,860CF72768434A9E9E47CFE251B66097,1,0,PRMV0082431 Test Weight 航続距離試験(ETW)Total －,A,45540.19242,0,0,EntryCondition,MBSE検討1回目,MBSE検討1回目,,JPN,4WD,,2,UU3:MIZOKOSHI KANATA,2,SElist_[Kei]_JPN_4WD,,1327.3,,kg,Variation#6,Variation#6,PRMV0082431,Test Weight,航続距離試験(ETW)Total,－,C7A0743743214D49AE5FFB6973444FCE,PT構想審査,
2,E0339E5F372F484E92BE8D147686C269,1,0,PRMV0082432 Test Weight 航続距離試験(ETW)FR －,A,45540.19242,0,0,EntryCondition,MBSE検討1回目,MBSE検討1回目,,JPN,4WD,,2,UU3:MIZOKOSHI KANATA,2,SElist_[Kei]_JPN_4WD,,TBD,,kg,Variation#6,Variation#6,PRMV0082432,Test Weight,航続距離試験(ETW)FR,－,C7A0743743214D49AE5FFB6973444FCE,PT構想審査,
2,6BF399DD2286400BA31F2E225BC4B442,1,0,PRMV0082433 Test Weight 航続距離試験(ETW)RR －,A,45540.19243,0,0,EntryCondition,MBSE検討1回目,MBSE検討1回目,,JPN,4WD,,2,UU3:MIZOKOSHI KANATA,2,SElist_[Kei]_JPN_4WD,,TBD,,kg,Variation#6,Variation#6,PRMV0082433,Test Weight,航続距離試験(ETW)RR,－,C7A0743743214D49AE5FFB6973444FCE,PT構想審査,
2,22B71547A7F74B5FA6F9189F31CC533B,1,0,PRMV0082434 Test Weight 動力当り前性能  －,A,45540.19243,0,0,EntryCondition,MBSE検討1回目,MBSE検討1回目,,JPN,4WD,,2,UU3:MIZOKOSHI KANATA,2,SElist_[Kei]_JPN_4WD,,1418,,kg,Variation#6,Variation#6,PRMV0082434,Test Weight,動力当り前性能 ,－,C7A0743743214D49AE5FFB6973444FCE,PT構想審査,
2,09D7730A8ABF4DE1B7C5E0FB63043A1B,1,0,PRMV0082435 Test Weight 動力Accerelation －,A,45540.19244,0,0,EntryCondition,MBSE検討1回目,MBSE検討1回目,,JPN,4WD,,2,UU3:MIZOKOSHI KANATA,2,SElist_[Kei]_JPN_4WD,,1343,,kg,Variation#6,Variation#6,PRMV0082435,Test Weight,動力Accerelation,－,C7A0743743214D49AE5FFB6973444FCE,PT構想審査,
2,0C840E0EF89844D3B6FA7BCD20D0E4D8,1,0,PRMV0082436 Test Weight 動力Vmax －,A,45540.19245,0,0,EntryCondition,MBSE検討1回目,MBSE検討1回目,,JPN,4WD,,2,UU3:MIZOKOSHI KANATA,2,SElist_[Kei]_JPN_4WD,,1343,,kg,Variation#6,Variation#6,PRMV0082436,Test Weight,動力Vmax,－,C7A0743743214D49AE5FFB6973444FCE,PT構想審査,
2,25946A5C6B3343B7AF69BB2F6DF9B05B,1,0,PRMV0082437 Test Weight 熱NEMシビアシーン －,A,45540.19245,0,0,EntryCondition,MBSE検討1回目,MBSE検討1回目,,JPN,4WD,,2,UU3:MIZOKOSHI KANATA,2,SElist_[Kei]_JPN_4WD,,1448,,kg,Variation#6,Variation#6,PRMV0082437,Test Weight,熱NEMシビアシーン,－,C7A0743743214D49AE5FFB6973444FCE,PT構想審査,
2,65A38464937A49D3846067BCB73D2B51,1,0,PRMV0082438 Test Weight 熱加減速繰り返し走行 －,A,45540.19247,0,0,EntryCondition,MBSE検討1回目,MBSE検討1回目,,JPN,4WD,,2,UU3:MIZOKOSHI KANATA,2,SElist_[Kei]_JPN_4WD,,1448,,kg,Variation#6,Variation#6,PRMV0082438,Test Weight,熱加減速繰り返し走行,－,C7A0743743214D49AE5FFB6973444FCE,PT構想審査,
2,ED52A5F4A1124FC8B30E7868BCAA15FA,1,0,PRMV0082439 Test Weight 熱Towing －,A,45540.19247,0,0,EntryCondition,MBSE検討1回目,MBSE検討1回目,,JPN,4WD,,2,UU3:MIZOKOSHI KANATA,2,SElist_[Kei]_JPN_4WD,,W/O,,kg,Variation#6,Variation#6,PRMV0082439,Test Weight,熱Towing,－,C7A0743743214D49AE5FFB6973444FCE,PT構想審査,
2,04C97581039845B5B5E9D4E176B41F34,1,0,PRMV0082440 Test Weight 熱低温性能 －,A,45540.19248,0,0,EntryCondition,MBSE検討1回目,MBSE検討1回目,,JPN,4WD,,2,UU3:MIZOKOSHI KANATA,2,SElist_[Kei]_JPN_4WD,,1448,,kg,Variation#6,Variation#6,PRMV0082440,Test Weight,熱低温性能,－,C7A0743743214D49AE5FFB6973444FCE,PT構想審査,
2,12FB3DEAB1E8428C8CE14212ED4CA8DE,1,0,PRMV0082441 走行抵抗 届出(Target Lset式) A0 －,A,45540.19248,0,0,EntryCondition,MBSE検討1回目,MBSE検討1回目,,JPN,4WD,,2,UU3:MIZOKOSHI KANATA,2,SElist_[Kei]_JPN_4WD,,94.864,,N,Variation#6,Variation#6,PRMV0082441,走行抵抗,届出(Target Lset式) A0,－,C7A0743743214D49AE5FFB6973444FCE,PT構想審査,
2,90DC93625D4C4D25AC304584F2B63A7D,1,0,PRMV0082442 走行抵抗 届出(Target Lset式) A1 －,A,45540.19249,0,0,EntryCondition,MBSE検討1回目,MBSE検討1回目,,JPN,4WD,,2,UU3:MIZOKOSHI KANATA,2,SElist_[Kei]_JPN_4WD,,-0.663,,N/kph,Variation#6,Variation#6,PRMV0082442,走行抵抗,届出(Target Lset式) A1,－,C7A0743743214D49AE5FFB6973444FCE,PT構想審査,
2,FD89AAD3BFB4418D9E7575CCF07B5F92,1,0,PRMV0082443 走行抵抗 届出(Target Lset式) A2 －,A,45540.1925,0,0,EntryCondition,MBSE検討1回目,MBSE検討1回目,,JPN,4WD,,2,UU3:MIZOKOSHI KANATA,2,SElist_[Kei]_JPN_4WD,,0.051,,N/kph#00B2,Variation#6,Variation#6,PRMV0082443,走行抵抗,届出(Target Lset式) A2,－,C7A0743743214D49AE5FFB6973444FCE,PT構想審査,
2,8295B8396C8448E4AA22E59CEC30528E,1,0,PRMV0082444 走行抵抗 届出(Target Lset式) IP －,A,45540.1925,0,0,EntryCondition,MBSE検討1回目,MBSE検討1回目,,JPN,4WD,,2,UU3:MIZOKOSHI KANATA,2,SElist_[Kei]_JPN_4WD,,1327,,lbs,Variation#6,Variation#6,PRMV0082444,走行抵抗,届出(Target Lset式) IP,－,C7A0743743214D49AE5FFB6973444FCE,PT構想審査,
2,CF2DE9203EB84AEDA8EE4C97CCE652A2,1,0,PRMV0082445 性能検討用走行抵抗式(ePT連れ回り排除) 航続距離(C/D車載状態)A0 －,A,45540.19251,0,0,EntryCondition,MBSE検討1回目,MBSE検討1回目,,JPN,4WD,,2,UU3:MIZOKOSHI KANATA,2,SElist_[Kei]_JPN_4WD,,101.08,,N,Variation#6,Variation#6,PRMV0082445,性能検討用走行抵抗式(ePT連れ回り排除),航続距離(C/D車載状態)A0,－,C7A0743743214D49AE5FFB6973444FCE,PT構想審査,
2,C57FC1C30FA8471EA05B0A48C8CA6493,1,0,PRMV0082446 性能検討用走行抵抗式(ePT連れ回り排除) 航続距離(C/D車載状態)A1 －,A,45540.19251,0,0,EntryCondition,MBSE検討1回目,MBSE検討1回目,,JPN,4WD,,2,UU3:MIZOKOSHI KANATA,2,SElist_[Kei]_JPN_4WD,,-0.487,,N/kph,Variation#6,Variation#6,PRMV0082446,性能検討用走行抵抗式(ePT連れ回り排除),航続距離(C/D車載状態)A1,－,C7A0743743214D49AE5FFB6973444FCE,PT構想審査,
2,816A192AB668470CA43175F0B2DBC359,1,0,PRMV0082447 性能検討用走行抵抗式(ePT連れ回り排除) 航続距離(C/D車載状態)A2 －,A,45540.19252,0,0,EntryCondition,MBSE検討1回目,MBSE検討1回目,,JPN,4WD,,2,UU3:MIZOKOSHI KANATA,2,SElist_[Kei]_JPN_4WD,,0.049,,N/kph#00B2,Variation#6,Variation#6,PRMV0082447,性能検討用走行抵抗式(ePT連れ回り排除),航続距離(C/D車載状態)A2,－,C7A0743743214D49AE5FFB6973444FCE,PT構想審査,
2,2B86378FFB7F45D8AD98C40E6C5F6B61,1,0,PRMV0082448 性能検討用走行抵抗式(ePT連れ回り排除) 航続距離(C/D車載状態)IP －,A,45540.19252,0,0,EntryCondition,MBSE検討1回目,MBSE検討1回目,,JPN,4WD,,2,UU3:MIZOKOSHI KANATA,2,SElist_[Kei]_JPN_4WD,,1327,,lbs,Variation#6,Variation#6,PRMV0082448,性能検討用走行抵抗式(ePT連れ回り排除),航続距離(C/D車載状態)IP,－,C7A0743743214D49AE5FFB6973444FCE,PT構想審査,
2,1E782AF3B8E745FAA150B1BD9C1797A9,1,0,PRMV0082449 性能検討用走行抵抗式(ePT連れ回り排除) 動力当り前性能A0 －,A,45540.19253,0,0,EntryCondition,MBSE検討1回目,MBSE検討1回目,,JPN,4WD,,2,UU3:MIZOKOSHI KANATA,2,SElist_[Kei]_JPN_4WD,,－,,N,Variation#6,Variation#6,PRMV0082449,性能検討用走行抵抗式(ePT連れ回り排除),動力当り前性能A0,－,C7A0743743214D49AE5FFB6973444FCE,PT構想審査,
2,71D74150D225417EB4ACBC1B5239D680,1,0,PRMV0082450 性能検討用走行抵抗式(ePT連れ回り排除) 動力当り前性能A1 －,A,45540.19255,0,0,EntryCondition,MBSE検討1回目,MBSE検討1回目,,JPN,4WD,,2,UU3:MIZOKOSHI KANATA,2,SElist_[Kei]_JPN_4WD,,－,,N/kph,Variation#6,Variation#6,PRMV0082450,性能検討用走行抵抗式(ePT連れ回り排除),動力当り前性能A1,－,C7A0743743214D49AE5FFB6973444FCE,PT構想審査,
2,EEB10F4F234E461587DCA6F72033715E,1,0,PRMV0082451 性能検討用走行抵抗式(ePT連れ回り排除) 動力当り前性能A2 －,A,45540.19255,0,0,EntryCondition,MBSE検討1回目,MBSE検討1回目,,JPN,4WD,,2,UU3:MIZOKOSHI KANATA,2,SElist_[Kei]_JPN_4WD,,－,,N/kph#00B2,Variation#6,Variation#6,PRMV0082451,性能検討用走行抵抗式(ePT連れ回り排除),動力当り前性能A2,－,C7A0743743214D49AE5FFB6973444FCE,PT構想審査,
2,696386A8BC0A40719CF2CC86287CA534,1,0,PRMV0082452 性能検討用走行抵抗式(ePT連れ回り排除) 動力当り前性能IP －,A,45540.19256,0,0,EntryCondition,MBSE検討1回目,MBSE検討1回目,,JPN,4WD,,2,UU3:MIZOKOSHI KANATA,2,SElist_[Kei]_JPN_4WD,,1418,,kg,Variation#6,Variation#6,PRMV0082452,性能検討用走行抵抗式(ePT連れ回り排除),動力当り前性能IP,－,C7A0743743214D49AE5FFB6973444FCE,PT構想審査,
2,9F0C370A3A3743B3A97CA857B4A8C745,1,0,PRMV0082453 性能検討用走行抵抗式(ePT連れ回り排除) 動力AccerelationA0 －,A,45540.19256,0,0,EntryCondition,MBSE検討1回目,MBSE検討1回目,,JPN,4WD,,2,UU3:MIZOKOSHI KANATA,2,SElist_[Kei]_JPN_4WD,,－,,N,Variation#6,Variation#6,PRMV0082453,性能検討用走行抵抗式(ePT連れ回り排除),動力AccerelationA0,－,C7A0743743214D49AE5FFB6973444FCE,PT構想審査,
2,0F02383442864B9D8289EC8686C7CACE,1,0,PRMV0082454 性能検討用走行抵抗式(ePT連れ回り排除) 動力AccerelationA1 －,A,45540.19257,0,0,EntryCondition,MBSE検討1回目,MBSE検討1回目,,JPN,4WD,,2,UU3:MIZOKOSHI KANATA,2,SElist_[Kei]_JPN_4WD,,－,,N/kph,Variation#6,Variation#6,PRMV0082454,性能検討用走行抵抗式(ePT連れ回り排除),動力AccerelationA1,－,C7A0743743214D49AE5FFB6973444FCE,PT構想審査,
2,12B4E1C4E89B4B9784EED07DD07D9E1E,1,0,PRMV0082455 性能検討用走行抵抗式(ePT連れ回り排除) 動力AccerelationA2 －,A,45540.19257,0,0,EntryCondition,MBSE検討1回目,MBSE検討1回目,,JPN,4WD,,2,UU3:MIZOKOSHI KANATA,2,SElist_[Kei]_JPN_4WD,,－,,N/kph#00B2,Variation#6,Variation#6,PRMV0082455,性能検討用走行抵抗式(ePT連れ回り排除),動力AccerelationA2,－,C7A0743743214D49AE5FFB6973444FCE,PT構想審査,
2,E664CF792CB14F9198A5D17870C905AB,1,0,PRMV0082456 性能検討用走行抵抗式(ePT連れ回り排除) 動力AccerelationIP －,A,45540.19258,0,0,EntryCondition,MBSE検討1回目,MBSE検討1回目,,JPN,4WD,,2,UU3:MIZOKOSHI KANATA,2,SElist_[Kei]_JPN_4WD,,1283,,kg,Variation#6,Variation#6,PRMV0082456,性能検討用走行抵抗式(ePT連れ回り排除),動力AccerelationIP,－,C7A0743743214D49AE5FFB6973444FCE,PT構想審査,
2,DF67B0AC291B4B1B933F00709A5B6D10,1,0,PRMV0082457 性能検討用走行抵抗式(ePT連れ回り排除) 動力VmaxA0 －,A,45540.19258,0,0,EntryCondition,MBSE検討1回目,MBSE検討1回目,,JPN,4WD,,2,UU3:MIZOKOSHI KANATA,2,SElist_[Kei]_JPN_4WD,,－,,N,Variation#6,Variation#6,PRMV0082457,性能検討用走行抵抗式(ePT連れ回り排除),動力VmaxA0,－,C7A0743743214D49AE5FFB6973444FCE,PT構想審査,
2,58BE4503D40E49838499DCF193E767EF,1,0,PRMV0082458 性能検討用走行抵抗式(ePT連れ回り排除) 動力VmaxA1 －,A,45540.19259,0,0,EntryCondition,MBSE検討1回目,MBSE検討1回目,,JPN,4WD,,2,UU3:MIZOKOSHI KANATA,2,SElist_[Kei]_JPN_4WD,,－,,N/kph,Variation#6,Variation#6,PRMV0082458,性能検討用走行抵抗式(ePT連れ回り排除),動力VmaxA1,－,C7A0743743214D49AE5FFB6973444FCE,PT構想審査,
2,75DC849E9DF44DB0A2BC8A13676E1411,1,0,PRMV0082459 性能検討用走行抵抗式(ePT連れ回り排除) 動力VmaxA2 －,A,45540.1926,0,0,EntryCondition,MBSE検討1回目,MBSE検討1回目,,JPN,4WD,,2,UU3:MIZOKOSHI KANATA,2,SElist_[Kei]_JPN_4WD,,－,,N/kph#00B2,Variation#6,Variation#6,PRMV0082459,性能検討用走行抵抗式(ePT連れ回り排除),動力VmaxA2,－,C7A0743743214D49AE5FFB6973444FCE,PT構想審査,
2,49F2EF8B1E5C42388CDAEC7A14162C9B,1,0,PRMV0082460 性能検討用走行抵抗式(ePT連れ回り排除) 動力VmaxIP －,A,45540.1926,0,0,EntryCondition,MBSE検討1回目,MBSE検討1回目,,JPN,4WD,,2,UU3:MIZOKOSHI KANATA,2,SElist_[Kei]_JPN_4WD,,1283,,kg,Variation#6,Variation#6,PRMV0082460,性能検討用走行抵抗式(ePT連れ回り排除),動力VmaxIP,－,C7A0743743214D49AE5FFB6973444FCE,PT構想審査,
2,D3F1AED6A77E4B4A84E86B28D954AA4B,1,0,PRMV0082461 性能検討用走行抵抗式(ePT連れ回り排除) 熱NEMシビアシーンA0 －,A,45540.19262,0,0,EntryCondition,MBSE検討1回目,MBSE検討1回目,,JPN,4WD,,2,UU3:MIZOKOSHI KANATA,2,SElist_[Kei]_JPN_4WD,,CDxA 0.398x2.19,,別紙,Variation#6,Variation#6,PRMV0082461,性能検討用走行抵抗式(ePT連れ回り排除),熱NEMシビアシーンA0,－,C7A0743743214D49AE5FFB6973444FCE,PT構想審査,
2,2E04EE13EFF642CC9ABF50A4460F370C,1,0,PRMV0082462 性能検討用走行抵抗式(ePT連れ回り排除) 熱加減速繰り返し走行A0 －,A,45540.19263,0,0,EntryCondition,MBSE検討1回目,MBSE検討1回目,,JPN,4WD,,2,UU3:MIZOKOSHI KANATA,2,SElist_[Kei]_JPN_4WD,,107.6,,N,Variation#6,Variation#6,PRMV0082462,性能検討用走行抵抗式(ePT連れ回り排除),熱加減速繰り返し走行A0,－,C7A0743743214D49AE5FFB6973444FCE,PT構想審査,
2,D9CBE8B5856145C29FE910CB71A6279C,1,0,PRMV0082463 性能検討用走行抵抗式(ePT連れ回り排除) 熱加減速繰り返し走行A1 －,A,45540.19263,0,0,EntryCondition,MBSE検討1回目,MBSE検討1回目,,JPN,4WD,,2,UU3:MIZOKOSHI KANATA,2,SElist_[Kei]_JPN_4WD,,-0.46,,N/kph,Variation#6,Variation#6,PRMV0082463,性能検討用走行抵抗式(ePT連れ回り排除),熱加減速繰り返し走行A1,－,C7A0743743214D49AE5FFB6973444FCE,PT構想審査,
2,D9FD8539B98345ADA1C3CDA6F7381659,1,0,PRMV0082464 性能検討用走行抵抗式(ePT連れ回り排除) 熱加減速繰り返し走行A2 －,A,45540.19264,0,0,EntryCondition,MBSE検討1回目,MBSE検討1回目,,JPN,4WD,,2,UU3:MIZOKOSHI KANATA,2,SElist_[Kei]_JPN_4WD,,0.048,,N/kph#00B2,Variation#6,Variation#6,PRMV0082464,性能検討用走行抵抗式(ePT連れ回り排除),熱加減速繰り返し走行A2,－,C7A0743743214D49AE5FFB6973444FCE,PT構想審査,
2,E8D29970E08E41CE8F3BE550C7A03BED,1,0,PRMV0082465 性能検討用走行抵抗式(ePT連れ回り排除) 熱加減速繰り返し走行IP －,A,45540.19264,0,0,EntryCondition,MBSE検討1回目,MBSE検討1回目,,JPN,4WD,,2,UU3:MIZOKOSHI KANATA,2,SElist_[Kei]_JPN_4WD,,1448,,kg,Variation#6,Variation#6,PRMV0082465,性能検討用走行抵抗式(ePT連れ回り排除),熱加減速繰り返し走行IP,－,C7A0743743214D49AE5FFB6973444FCE,PT構想審査,
2,BF664A320F994C64B7A69D26957989D5,1,0,PRMV0082466 性能検討用走行抵抗式(ePT連れ回り排除) 熱TowingA0 －,A,45540.19265,0,0,EntryCondition,MBSE検討1回目,MBSE検討1回目,,JPN,4WD,,2,UU3:MIZOKOSHI KANATA,2,SElist_[Kei]_JPN_4WD,,W/O,,N,Variation#6,Variation#6,PRMV0082466,性能検討用走行抵抗式(ePT連れ回り排除),熱TowingA0,－,C7A0743743214D49AE5FFB6973444FCE,PT構想審査,
2,F95D8E070BA445AD91551A8693FD1ECF,1,0,PRMV0082467 性能検討用走行抵抗式(ePT連れ回り排除) 熱TowingA1 －,A,45540.19266,0,0,EntryCondition,MBSE検討1回目,MBSE検討1回目,,JPN,4WD,,2,UU3:MIZOKOSHI KANATA,2,SElist_[Kei]_JPN_4WD,,W/O,,N/kph,Variation#6,Variation#6,PRMV0082467,性能検討用走行抵抗式(ePT連れ回り排除),熱TowingA1,－,C7A0743743214D49AE5FFB6973444FCE,PT構想審査,
2,DEF3D790268D42BFB14D4ED457D8A4D4,1,0,PRMV0082468 性能検討用走行抵抗式(ePT連れ回り排除) 熱TowingA2 －,A,45540.19266,0,0,EntryCondition,MBSE検討1回目,MBSE検討1回目,,JPN,4WD,,2,UU3:MIZOKOSHI KANATA,2,SElist_[Kei]_JPN_4WD,,W/O,,N/kph#00B2,Variation#6,Variation#6,PRMV0082468,性能検討用走行抵抗式(ePT連れ回り排除),熱TowingA2,－,C7A0743743214D49AE5FFB6973444FCE,PT構想審査,
2,5B9736B33AA349F5B371CC3A2337AC58,1,0,PRMV0082469 性能検討用走行抵抗式(ePT連れ回り排除) 熱TowingIP －,A,45540.19267,0,0,EntryCondition,MBSE検討1回目,MBSE検討1回目,,JPN,4WD,,2,UU3:MIZOKOSHI KANATA,2,SElist_[Kei]_JPN_4WD,,W/O,,kg,Variation#6,Variation#6,PRMV0082469,性能検討用走行抵抗式(ePT連れ回り排除),熱TowingIP,－,C7A0743743214D49AE5FFB6973444FCE,PT構想審査,
2,70695702AB0243248569B9C081C7088B,1,0,PRMV0082470 性能検討用走行抵抗式(ePT連れ回り排除) 熱低温性能A0 －,A,45540.19267,0,0,EntryCondition,MBSE検討1回目,MBSE検討1回目,,JPN,4WD,,2,UU3:MIZOKOSHI KANATA,2,SElist_[Kei]_JPN_4WD,,n,,N,Variation#6,Variation#6,PRMV0082470,性能検討用走行抵抗式(ePT連れ回り排除),熱低温性能A0,－,C7A0743743214D49AE5FFB6973444FCE,PT構想審査,
2,BE9417B7E9AD453B81D7FE25E0E79E5B,1,0,PRMV0082471 性能検討用走行抵抗式(ePT連れ回り排除) 熱低温性能A1 －,A,45540.19269,0,0,EntryCondition,MBSE検討1回目,MBSE検討1回目,,JPN,4WD,,2,UU3:MIZOKOSHI KANATA,2,SElist_[Kei]_JPN_4WD,,n,,N/kph,Variation#6,Variation#6,PRMV0082471,性能検討用走行抵抗式(ePT連れ回り排除),熱低温性能A1,－,C7A0743743214D49AE5FFB6973444FCE,PT構想審査,
2,9424D799A710446889253F20EA7C5755,1,0,PRMV0082472 性能検討用走行抵抗式(ePT連れ回り排除) 熱低温性能A2 －,A,45540.1927,0,0,EntryCondition,MBSE検討1回目,MBSE検討1回目,,JPN,4WD,,2,UU3:MIZOKOSHI KANATA,2,SElist_[Kei]_JPN_4WD,,n,,N/kph#00B2,Variation#6,Variation#6,PRMV0082472,性能検討用走行抵抗式(ePT連れ回り排除),熱低温性能A2,－,C7A0743743214D49AE5FFB6973444FCE,PT構想審査,
2,84CC956B9F3F4420B48DEE427CE47472,1,0,PRMV0082473 性能検討用走行抵抗式(ePT連れ回り排除) 熱低温性能IP －,A,45540.1927,0,0,EntryCondition,MBSE検討1回目,MBSE検討1回目,,JPN,4WD,,2,UU3:MIZOKOSHI KANATA,2,SElist_[Kei]_JPN_4WD,,n,,kg,Variation#6,Variation#6,PRMV0082473,性能検討用走行抵抗式(ePT連れ回り排除),熱低温性能IP,－,C7A0743743214D49AE5FFB6973444FCE,PT構想審査,
2,916D7721526846E598B68F742646B4CB,1,0,PRMV0082474 ePT 最高システム総合出力(公称） －,A,45540.19271,0,0,EntryCondition,MBSE検討1回目,MBSE検討1回目,,JPN,4WD,,2,UU3:MIZOKOSHI KANATA,2,SElist_[Kei]_JPN_4WD,,－,,kW,Variation#6,Variation#6,PRMV0082474,ePT,最高システム総合出力(公称）,－,C7A0743743214D49AE5FFB6973444FCE,PT構想審査,
2,CCD0D2C8C6224A1C8F34E79BD6DC2C7C,1,0,PRMV0082475 ePT FR MOTイナーシャ －,A,45540.19271,0,0,EntryCondition,MBSE検討1回目,MBSE検討1回目,,JPN,4WD,,2,UU3:MIZOKOSHI KANATA,2,SElist_[Kei]_JPN_4WD,,n,,kgm#00B2,Variation#6,Variation#6,PRMV0082475,ePT,FR MOTイナーシャ,－,C7A0743743214D49AE5FFB6973444FCE,PT構想審査,
2,5D790EE4FA68422F93AD77BEA1F9C336,1,0,PRMV0082476 ePT FR GBイナーシャ #6,A,45540.19272,0,0,EntryCondition,MBSE検討1回目,MBSE検討1回目,,JPN,4WD,,2,UU3:MIZOKOSHI KANATA,2,SElist_[Kei]_JPN_4WD,,0.134(DIFF軸上),,kgm#00B2,Variation#6,Variation#6,PRMV0082476,ePT,FR GBイナーシャ,#6,C7A0743743214D49AE5FFB6973444FCE,PT構想審査,
2,694A41C852284D6C861E99F2F1073FFA,1,0,PRMV0082477 ePT RR MOTイナーシャ －,A,45540.19272,0,0,EntryCondition,MBSE検討1回目,MBSE検討1回目,,JPN,4WD,,2,UU3:MIZOKOSHI KANATA,2,SElist_[Kei]_JPN_4WD,,n,,kgm#00B2,Variation#6,Variation#6,PRMV0082477,ePT,RR MOTイナーシャ,－,C7A0743743214D49AE5FFB6973444FCE,PT構想審査,
2,C4426E821A3D42A2AF49552E53F64F80,1,0,PRMV0082478 ePT RR GBイナーシャ #6,A,45540.19273,0,0,EntryCondition,MBSE検討1回目,MBSE検討1回目,,JPN,4WD,,2,UU3:MIZOKOSHI KANATA,2,SElist_[Kei]_JPN_4WD,,0.069(DIFF軸上),,kgm#00B2,Variation#6,Variation#6,PRMV0082478,ePT,RR GBイナーシャ,#6,C7A0743743214D49AE5FFB6973444FCE,PT構想審査,
2,CD7A1A54B5944CBA81D58EAE35A469B0,1,0,PRMV0082479 ePT FR MOT制限設定トルク上限(第一象限) #6,A,45540.19274,0,0,EntryCondition,MBSE検討1回目,MBSE検討1回目,,JPN,4WD,,2,UU3:MIZOKOSHI KANATA,2,SElist_[Kei]_JPN_4WD,,95,,Nm,Variation#6,Variation#6,PRMV0082479,ePT,FR MOT制限設定トルク上限(第一象限),#6,C7A0743743214D49AE5FFB6973444FCE,PT構想審査,
2,D8355955F4F245968691DB0E63D52326,1,0,PRMV0082480 ePT FR MOT制限設定トルク下限(第四象限) #6,A,45540.19274,0,0,EntryCondition,MBSE検討1回目,MBSE検討1回目,,JPN,4WD,,2,UU3:MIZOKOSHI KANATA,2,SElist_[Kei]_JPN_4WD,,-95,,Nm,Variation#6,Variation#6,PRMV0082480,ePT,FR MOT制限設定トルク下限(第四象限),#6,C7A0743743214D49AE5FFB6973444FCE,PT構想審査,
2,A63F91F5F5C4494980DF023C8733517A,1,0,PRMV0082481 ePT FR GB減速比 #6,A,45540.19275,0,0,EntryCondition,MBSE検討1回目,MBSE検討1回目,,JPN,4WD,,2,UU3:MIZOKOSHI KANATA,2,SElist_[Kei]_JPN_4WD,,12.728,,－,Variation#6,Variation#6,PRMV0082481,ePT,FR GB減速比,#6,C7A0743743214D49AE5FFB6973444FCE,PT構想審査,
2,5CDA8BAC17114C4688E28219227E81AA,1,0,PRMV0082482 ePT RR MOT制限設定トルク上限(第一象限) #6,A,45540.19277,0,0,EntryCondition,MBSE検討1回目,MBSE検討1回目,,JPN,4WD,,2,UU3:MIZOKOSHI KANATA,2,SElist_[Kei]_JPN_4WD,,95,,Nm,Variation#6,Variation#6,PRMV0082482,ePT,RR MOT制限設定トルク上限(第一象限),#6,C7A0743743214D49AE5FFB6973444FCE,PT構想審査,
2,E02FB27F7F704749835FF95055620D11,1,0,PRMV0082483 ePT RR MOT制限設定トルク下限(第四象限) #6,A,45540.19277,0,0,EntryCondition,MBSE検討1回目,MBSE検討1回目,,JPN,4WD,,2,UU3:MIZOKOSHI KANATA,2,SElist_[Kei]_JPN_4WD,,-95,,Nm,Variation#6,Variation#6,PRMV0082483,ePT,RR MOT制限設定トルク下限(第四象限),#6,C7A0743743214D49AE5FFB6973444FCE,PT構想審査,
2,4174CDF99C514CEBAC570A7D43553979,1,0,PRMV0082484 ePT RR GB減速比 #6,A,45540.19278,0,0,EntryCondition,MBSE検討1回目,MBSE検討1回目,,JPN,4WD,,2,UU3:MIZOKOSHI KANATA,2,SElist_[Kei]_JPN_4WD,,11.636,,－,Variation#6,Variation#6,PRMV0082484,ePT,RR GB減速比,#6,C7A0743743214D49AE5FFB6973444FCE,PT構想審査,
2,3050F334862C4126B085D76B0C1292E4,1,0,PRMV0082485 ドライブシャフト FR右ドライブシャフトイナーシャ －,A,45540.19278,0,0,EntryCondition,MBSE検討1回目,MBSE検討1回目,,JPN,4WD,,2,UU3:MIZOKOSHI KANATA,2,SElist_[Kei]_JPN_4WD,,1.853×10^-3,,kgm#00B2,Variation#6,Variation#6,PRMV0082485,ドライブシャフト,FR右ドライブシャフトイナーシャ,－,C7A0743743214D49AE5FFB6973444FCE,PT構想審査,
2,25C5B4B32F0944DBA48581917D19B09E,1,0,PRMV0082486 ドライブシャフト FR左ドライブシャフトイナーシャ －,A,45540.19279,0,0,EntryCondition,MBSE検討1回目,MBSE検討1回目,,JPN,4WD,,2,UU3:MIZOKOSHI KANATA,2,SElist_[Kei]_JPN_4WD,,1.844×10^-3,,kgm#00B2,Variation#6,Variation#6,PRMV0082486,ドライブシャフト,FR左ドライブシャフトイナーシャ,－,C7A0743743214D49AE5FFB6973444FCE,PT構想審査,
2,C1902E0EA1904BBD918475B27D87A1A2,1,0,PRMV0082487 ドライブシャフト RR右ドライブシャフトイナーシャ －,A,45540.1928,0,0,EntryCondition,MBSE検討1回目,MBSE検討1回目,,JPN,4WD,,2,UU3:MIZOKOSHI KANATA,2,SElist_[Kei]_JPN_4WD,,1.853×10^-3,,kgm#00B2,Variation#6,Variation#6,PRMV0082487,ドライブシャフト,RR右ドライブシャフトイナーシャ,－,C7A0743743214D49AE5FFB6973444FCE,PT構想審査,
2,11E8FE9C70724DF39085578B00E89723,1,0,PRMV0082488 ドライブシャフト RR左ドライブシャフトイナーシャ －,A,45540.1928,0,0,EntryCondition,MBSE検討1回目,MBSE検討1回目,,JPN,4WD,,2,UU3:MIZOKOSHI KANATA,2,SElist_[Kei]_JPN_4WD,,1.837×10^-3,,kgm#00B2,Variation#6,Variation#6,PRMV0082488,ドライブシャフト,RR左ドライブシャフトイナーシャ,－,C7A0743743214D49AE5FFB6973444FCE,PT構想審査,
2,26E1F4F3C46B499797B88E19D4AB9434,1,0,"PRMV0082489 DCDC DCDC効率(走行時弱電220W,355V入力(SOC20%),13V出力) －",A,45540.19281,0,0,EntryCondition,MBSE検討1回目,MBSE検討1回目,,JPN,4WD,,2,UU3:MIZOKOSHI KANATA,2,SElist_[Kei]_JPN_4WD,,75,,%,Variation#6,Variation#6,PRMV0082489,DCDC,"DCDC効率(走行時弱電220W,355V入力(SOC20%),13V出力)",－,C7A0743743214D49AE5FFB6973444FCE,PT構想審査,
2,D136BDB45E684D1786F98D9F56B2BF82,1,0,PRMV0082490 LV BATT 消費電力(電費試験時WLTCモード) －,A,45540.19281,0,0,EntryCondition,MBSE検討1回目,MBSE検討1回目,,JPN,4WD,,2,UU3:MIZOKOSHI KANATA,2,SElist_[Kei]_JPN_4WD,,n,,kW,Variation#6,Variation#6,PRMV0082490,LV BATT,消費電力(電費試験時WLTCモード),－,C7A0743743214D49AE5FFB6973444FCE,PT構想審査,
2,378A473D875B4B11B0832AB6499AA57E,1,0,PRMV0082491 HV BATT 直列セル数 －,A,45540.19282,0,0,EntryCondition,MBSE検討1回目,MBSE検討1回目,,JPN,4WD,,2,UU3:MIZOKOSHI KANATA,2,SElist_[Kei]_JPN_4WD,,96,,cell,Variation#6,Variation#6,PRMV0082491,HV BATT,直列セル数,－,C7A0743743214D49AE5FFB6973444FCE,PT構想審査,
2,CAB259D538384D49852DD3CAEFC6F5E5,1,0,PRMV0082492 HV BATT 並列セル数 －,A,45540.19282,0,0,EntryCondition,MBSE検討1回目,MBSE検討1回目,,JPN,4WD,,2,UU3:MIZOKOSHI KANATA,2,SElist_[Kei]_JPN_4WD,,1,,para,Variation#6,Variation#6,PRMV0082492,HV BATT,並列セル数,－,C7A0743743214D49AE5FFB6973444FCE,PT構想審査,
2,04C9E2AD39A747E6B5DCCCE259814123,1,0,PRMV0082493 HV BATT セル容量 －,A,45540.19284,0,0,EntryCondition,MBSE検討1回目,MBSE検討1回目,,JPN,4WD,,2,UU3:MIZOKOSHI KANATA,2,SElist_[Kei]_JPN_4WD,,72(usable),,Ah,Variation#6,Variation#6,PRMV0082493,HV BATT,セル容量,－,C7A0743743214D49AE5FFB6973444FCE,PT構想審査,
2,6AE0DFE199EF42ECAC515E1690E60FF1,1,0,PRMV0082494 HV BATT パック繋ぎ抵抗 －,A,45540.19285,0,0,EntryCondition,MBSE検討1回目,MBSE検討1回目,,JPN,4WD,,2,UU3:MIZOKOSHI KANATA,2,SElist_[Kei]_JPN_4WD,,0.01(TBD),,Ω,Variation#6,Variation#6,PRMV0082494,HV BATT,パック繋ぎ抵抗,－,C7A0743743214D49AE5FFB6973444FCE,PT構想審査,
2,47D0585F37CB4DF4ADAA4343F01DB90A,1,0,PRMV0082495 HV BATT DCハーネスの抵抗 －,A,45540.19285,0,0,EntryCondition,MBSE検討1回目,MBSE検討1回目,,JPN,4WD,,2,UU3:MIZOKOSHI KANATA,2,SElist_[Kei]_JPN_4WD,,TBD,,Ω,Variation#6,Variation#6,PRMV0082495,HV BATT,DCハーネスの抵抗,－,C7A0743743214D49AE5FFB6973444FCE,PT構想審査,
2,3BBF08515EF44BE1B38E6897033DB6F7,1,0,PRMV0082496 Vehicle Weight Min.C.W. －,A,45540.19286,0,0,EntryCondition,MBSE検討1回目,MBSE検討1回目,,JPN,4WD,,2,UU3:MIZOKOSHI KANATA,2,SElist_[Kei]_JPN_4WD,,1198,,kg,Variation#7,Variation#7,PRMV0082496,Vehicle Weight,Min.C.W.,－,C7A0743743214D49AE5FFB6973444FCE,PT構想審査,
2,2E05C1D3B77E4B86B2EC8FEA4EAC3A16,1,0,PRMV0082497 Vehicle Weight Max.C.W. －,A,45540.19286,0,0,EntryCondition,MBSE検討1回目,MBSE検討1回目,,JPN,4WD,,2,UU3:MIZOKOSHI KANATA,2,SElist_[Kei]_JPN_4WD,,1205,,kg,Variation#7,Variation#7,PRMV0082497,Vehicle Weight,Max.C.W.,－,C7A0743743214D49AE5FFB6973444FCE,PT構想審査,
2,EC5B8EE4388643D0B4434105281ED4DF,1,0,PRMV0082498 Vehicle Weight スペアタイヤ&工具  －,A,45540.19287,0,0,EntryCondition,MBSE検討1回目,MBSE検討1回目,,JPN,4WD,,2,UU3:MIZOKOSHI KANATA,2,SElist_[Kei]_JPN_4WD,,1.6,,kg,Variation#7,Variation#7,PRMV0082498,Vehicle Weight,スペアタイヤ&工具 ,－,C7A0743743214D49AE5FFB6973444FCE,PT構想審査,
2,0922E0247FAF4DDC8ECEAC839B93E1F3,1,0,PRMV0082499 Vehicle Weight EPA届出重量 －,A,45540.19288,0,0,EntryCondition,MBSE検討1回目,MBSE検討1回目,,JPN,4WD,,2,UU3:MIZOKOSHI KANATA,2,SElist_[Kei]_JPN_4WD,,no App,,kg,Variation#7,Variation#7,PRMV0082499,Vehicle Weight,EPA届出重量,－,C7A0743743214D49AE5FFB6973444FCE,PT構想審査,
2,98B90CEF2FA04EF88C9DE56AA9729ECE,1,0,PRMV0082500 Vehicle Severe Weight PTW or GVWR －,A,45540.19288,0,0,EntryCondition,MBSE検討1回目,MBSE検討1回目,,JPN,4WD,,2,UU3:MIZOKOSHI KANATA,2,SElist_[Kei]_JPN_4WD,,1448,,kg,Variation#7,Variation#7,PRMV0082500,Vehicle Severe Weight,PTW or GVWR,－,C7A0743743214D49AE5FFB6973444FCE,PT構想審査,
2,FE6AEA7152C2492C953B288B30A6AB12,1,0,PRMV0082501 Vehicle Severe Weight GAWR FR －,A,45540.19289,0,0,EntryCondition,MBSE検討1回目,MBSE検討1回目,,JPN,4WD,,2,UU3:MIZOKOSHI KANATA,2,SElist_[Kei]_JPN_4WD,,n,,kg,Variation#7,Variation#7,PRMV0082501,Vehicle Severe Weight,GAWR FR,－,C7A0743743214D49AE5FFB6973444FCE,PT構想審査,
2,DA0AC5D4B91240CBB8488B74C7E9B972,1,0,PRMV0082502 Vehicle Severe Weight GAWR RR －,A,45540.19291,0,0,EntryCondition,MBSE検討1回目,MBSE検討1回目,,JPN,4WD,,2,UU3:MIZOKOSHI KANATA,2,SElist_[Kei]_JPN_4WD,,n,,kg,Variation#7,Variation#7,PRMV0082502,Vehicle Severe Weight,GAWR RR,－,C7A0743743214D49AE5FFB6973444FCE,PT構想審査,
2,440703C841E346FE89DCD5A48E428B7E,1,0,PRMV0082503 Vehicle Severe Weight Towing －,A,45540.19291,0,0,EntryCondition,MBSE検討1回目,MBSE検討1回目,,JPN,4WD,,2,UU3:MIZOKOSHI KANATA,2,SElist_[Kei]_JPN_4WD,,no App,,kg,Variation#7,Variation#7,PRMV0082503,Vehicle Severe Weight,Towing,－,C7A0743743214D49AE5FFB6973444FCE,PT構想審査,
2,18E9A37558EE4B718192EF00BCD2575D,1,0,PRMV0082504 空力 Cd  －,A,45540.19292,0,0,EntryCondition,MBSE検討1回目,MBSE検討1回目,,JPN,4WD,,2,UU3:MIZOKOSHI KANATA,2,SElist_[Kei]_JPN_4WD,,0.398,,－,Variation#7,Variation#7,PRMV0082504,空力,Cd ,－,C7A0743743214D49AE5FFB6973444FCE,PT構想審査,
2,84F0F322DA9547D2909BA417FE84ABF4,1,0,PRMV0082505 空力 A －,A,45540.19292,0,0,EntryCondition,MBSE検討1回目,MBSE検討1回目,,JPN,4WD,,2,UU3:MIZOKOSHI KANATA,2,SElist_[Kei]_JPN_4WD,,2.2071,,m#00B2,Variation#7,Variation#7,PRMV0082505,空力,A,－,C7A0743743214D49AE5FFB6973444FCE,PT構想審査,
2,E118DBEEA6DE48E9B237B34E22D18B9F,1,0,PRMV0082506 空力 ΔCd (AGS閉→全開) －,A,45540.19293,0,0,EntryCondition,MBSE検討1回目,MBSE検討1回目,,JPN,4WD,,2,UU3:MIZOKOSHI KANATA,2,SElist_[Kei]_JPN_4WD,,n,,－,Variation#7,Variation#7,PRMV0082506,空力,ΔCd (AGS閉→全開),－,C7A0743743214D49AE5FFB6973444FCE,PT構想審査,
2,FFCD00D0B478485C951C9F32EC1A7656,1,0,PRMV0082507 空力 Grill shutter車速閾値 高速側 (閉→開)/(開→閉) －,A,45540.19294,0,0,EntryCondition,MBSE検討1回目,MBSE検討1回目,,JPN,4WD,,2,UU3:MIZOKOSHI KANATA,2,SElist_[Kei]_JPN_4WD,,n,,kph,Variation#7,Variation#7,PRMV0082507,空力,Grill shutter車速閾値 高速側 (閉→開)/(開→閉),－,C7A0743743214D49AE5FFB6973444FCE,PT構想審査,
2,F1EA429C634F461A9D8E0BE963A812F0,1,0,PRMV0082508 空力 Grill shutter車速閾値 低速側 (閉→開)/(開→閉) －,A,45540.19294,0,0,EntryCondition,MBSE検討1回目,MBSE検討1回目,,JPN,4WD,,2,UU3:MIZOKOSHI KANATA,2,SElist_[Kei]_JPN_4WD,,n,,kph,Variation#7,Variation#7,PRMV0082508,空力,Grill shutter車速閾値 低速側 (閉→開)/(開→閉),－,C7A0743743214D49AE5FFB6973444FCE,PT構想審査,
2,D6ECC7F6CDDF47DA8DD2C20E4F9F6FA2,1,0,PRMV0082509 タイヤ FRサイズ －,A,45540.19295,0,0,EntryCondition,MBSE検討1回目,MBSE検討1回目,,JPN,4WD,,2,UU3:MIZOKOSHI KANATA,2,SElist_[Kei]_JPN_4WD,,165/60R15,,－,Variation#7,Variation#7,PRMV0082509,タイヤ,FRサイズ,－,C7A0743743214D49AE5FFB6973444FCE,PT構想審査,
2,BB92BC6B8CF04A668703F1F21803163F,1,0,PRMV0082510 タイヤ FR動半径 －,A,45540.19296,0,0,EntryCondition,MBSE検討1回目,MBSE検討1回目,,JPN,4WD,,2,UU3:MIZOKOSHI KANATA,2,SElist_[Kei]_JPN_4WD,,0.278,,m,Variation#7,Variation#7,PRMV0082510,タイヤ,FR動半径,－,C7A0743743214D49AE5FFB6973444FCE,PT構想審査,
2,0EA955A5767445F7A0267441839DE5E8,1,0,"PRMV0082511 タイヤ FR RRC (ISO 28560 80kmh,210kPa) －",A,45540.19296,0,0,EntryCondition,MBSE検討1回目,MBSE検討1回目,,JPN,4WD,,2,UU3:MIZOKOSHI KANATA,2,SElist_[Kei]_JPN_4WD,,7.2,,－,Variation#7,Variation#7,PRMV0082511,タイヤ,"FR RRC (ISO 28560 80kmh,210kPa)",－,C7A0743743214D49AE5FFB6973444FCE,PT構想審査,
2,05DBB69AEA8947CC93C078E66693448F,1,0,PRMV0082512 タイヤ FR RRC (車両状態) －,A,45540.19297,0,0,EntryCondition,MBSE検討1回目,MBSE検討1回目,,JPN,4WD,,2,UU3:MIZOKOSHI KANATA,2,SElist_[Kei]_JPN_4WD,,68,,－,Variation#7,Variation#7,PRMV0082512,タイヤ,FR RRC (車両状態),－,C7A0743743214D49AE5FFB6973444FCE,PT構想審査,
2,56315309A56C44A998640C239AC44FA5,1,0,PRMV0082513 タイヤ FR RRC (車両状態)空気圧 －,A,45540.19299,0,0,EntryCondition,MBSE検討1回目,MBSE検討1回目,,JPN,4WD,,2,UU3:MIZOKOSHI KANATA,2,SElist_[Kei]_JPN_4WD,,240,,kPa,Variation#7,Variation#7,PRMV0082513,タイヤ,FR RRC (車両状態)空気圧,－,C7A0743743214D49AE5FFB6973444FCE,PT構想審査,
2,141222AD1FFD4AA69E40221AF2D429D2,1,0,PRMV0082514 タイヤ FR イナーシャ(1本)  －,A,45540.19299,0,0,EntryCondition,MBSE検討1回目,MBSE検討1回目,,JPN,4WD,,2,UU3:MIZOKOSHI KANATA,2,SElist_[Kei]_JPN_4WD,,0.53,,kgm#00B2,Variation#7,Variation#7,PRMV0082514,タイヤ,FR イナーシャ(1本) ,－,C7A0743743214D49AE5FFB6973444FCE,PT構想審査,
2,266B25D0183F456D95E9B109B53D352F,1,0,PRMV0082515 タイヤ RRサイズ －,A,45540.193,0,0,EntryCondition,MBSE検討1回目,MBSE検討1回目,,JPN,4WD,,2,UU3:MIZOKOSHI KANATA,2,SElist_[Kei]_JPN_4WD,,165/60R15,,－,Variation#7,Variation#7,PRMV0082515,タイヤ,RRサイズ,－,C7A0743743214D49AE5FFB6973444FCE,PT構想審査,
2,A19D2A2B55BD4D15800B4AEA5C2FCE97,1,0,PRMV0082516 タイヤ RR動半径 －,A,45540.19301,0,0,EntryCondition,MBSE検討1回目,MBSE検討1回目,,JPN,4WD,,2,UU3:MIZOKOSHI KANATA,2,SElist_[Kei]_JPN_4WD,,0.278,,m,Variation#7,Variation#7,PRMV0082516,タイヤ,RR動半径,－,C7A0743743214D49AE5FFB6973444FCE,PT構想審査,
2,985065C4D16B47CEBEA7A243B33F17A2,1,0,"PRMV0082517 タイヤ RR RRC (ISO 28560 80kmh,210kPa) －",A,45540.19301,0,0,EntryCondition,MBSE検討1回目,MBSE検討1回目,,JPN,4WD,,2,UU3:MIZOKOSHI KANATA,2,SElist_[Kei]_JPN_4WD,,n,,－,Variation#7,Variation#7,PRMV0082517,タイヤ,"RR RRC (ISO 28560 80kmh,210kPa)",－,C7A0743743214D49AE5FFB6973444FCE,PT構想審査,
2,5A023CD2AC8344DA8713438FE145D093,1,0,PRMV0082518 タイヤ RR RRC (車両状態) －,A,45540.19302,0,0,EntryCondition,MBSE検討1回目,MBSE検討1回目,,JPN,4WD,,2,UU3:MIZOKOSHI KANATA,2,SElist_[Kei]_JPN_4WD,,68,,－,Variation#7,Variation#7,PRMV0082518,タイヤ,RR RRC (車両状態),－,C7A0743743214D49AE5FFB6973444FCE,PT構想審査,
2,2EB30573DE5045EA909E49541AA86A43,1,0,PRMV0082519 タイヤ RR RRC (車両状態)空気圧 －,A,45540.19303,0,0,EntryCondition,MBSE検討1回目,MBSE検討1回目,,JPN,4WD,,2,UU3:MIZOKOSHI KANATA,2,SElist_[Kei]_JPN_4WD,,240,,kPa,Variation#7,Variation#7,PRMV0082519,タイヤ,RR RRC (車両状態)空気圧,－,C7A0743743214D49AE5FFB6973444FCE,PT構想審査,
2,70EBF575DB5340488D1179A36DBAD140,1,0,PRMV0082520 タイヤ RR イナーシャ(1本)  －,A,45540.19303,0,0,EntryCondition,MBSE検討1回目,MBSE検討1回目,,JPN,4WD,,2,UU3:MIZOKOSHI KANATA,2,SElist_[Kei]_JPN_4WD,,0.53,,kgm#00B2,Variation#7,Variation#7,PRMV0082520,タイヤ,RR イナーシャ(1本) ,－,C7A0743743214D49AE5FFB6973444FCE,PT構想審査,
2,57B1CA88D2514F14B75489EE3354A074,1,0,PRMV0082521 ホイール 仕様 －,A,45540.19304,0,0,EntryCondition,MBSE検討1回目,MBSE検討1回目,,JPN,4WD,,2,UU3:MIZOKOSHI KANATA,2,SElist_[Kei]_JPN_4WD,,n,,－,Variation#7,Variation#7,PRMV0082521,ホイール,仕様,－,C7A0743743214D49AE5FFB6973444FCE,PT構想審査,
2,A1519B8ED2524EF0840C87CCBB4CC452,1,0,PRMV0082522 ホイール イナーシャ(1本) －,A,45540.19306,0,0,EntryCondition,MBSE検討1回目,MBSE検討1回目,,JPN,4WD,,2,UU3:MIZOKOSHI KANATA,2,SElist_[Kei]_JPN_4WD,,no App,,kgm#00B2,Variation#7,Variation#7,PRMV0082522,ホイール,イナーシャ(1本),－,C7A0743743214D49AE5FFB6973444FCE,PT構想審査,
2,CD08A3F0D43047DF88F510A5823ADD2C,1,0,PRMV0082523 HUB Total引き摺りトルク (@80km/h) －,A,45540.19306,0,0,EntryCondition,MBSE検討1回目,MBSE検討1回目,,JPN,4WD,,2,UU3:MIZOKOSHI KANATA,2,SElist_[Kei]_JPN_4WD,,3.86,,Nm/veh,Variation#7,Variation#7,PRMV0082523,HUB,Total引き摺りトルク (@80km/h),－,C7A0743743214D49AE5FFB6973444FCE,PT構想審査,
2,85C47DDBDA1C4919848198FBB3F8B5DE,1,0,PRMV0082524 HUB FR 引き摺りトルク (@80km/h) －,A,45540.19307,0,0,EntryCondition,MBSE検討1回目,MBSE検討1回目,,JPN,4WD,,2,UU3:MIZOKOSHI KANATA,2,SElist_[Kei]_JPN_4WD,,Totalに含む,,Nm/veh,Variation#7,Variation#7,PRMV0082524,HUB,FR 引き摺りトルク (@80km/h),－,C7A0743743214D49AE5FFB6973444FCE,PT構想審査,
2,040068C07F2642ED94B7D066E471C12B,1,0,PRMV0082525 HUB RR 引き摺りトルク (@80km/h) －,A,45540.19308,0,0,EntryCondition,MBSE検討1回目,MBSE検討1回目,,JPN,4WD,,2,UU3:MIZOKOSHI KANATA,2,SElist_[Kei]_JPN_4WD,,Totalに含む,,Nm/veh,Variation#7,Variation#7,PRMV0082525,HUB,RR 引き摺りトルク (@80km/h),－,C7A0743743214D49AE5FFB6973444FCE,PT構想審査,
2,ABC45DE4F90A4C3199381895418F3C4F,1,0,PRMV0082526 HUB FR イナーシャ －,A,45540.19308,0,0,EntryCondition,MBSE検討1回目,MBSE検討1回目,,JPN,4WD,,2,UU3:MIZOKOSHI KANATA,2,SElist_[Kei]_JPN_4WD,,n,,kgm#00B2,Variation#7,Variation#7,PRMV0082526,HUB,FR イナーシャ,－,C7A0743743214D49AE5FFB6973444FCE,PT構想審査,
2,CF36C3702BC94A38B6486FE9A2EFB7FC,1,0,PRMV0082527 HUB RR イナーシャ －,A,45540.19309,0,0,EntryCondition,MBSE検討1回目,MBSE検討1回目,,JPN,4WD,,2,UU3:MIZOKOSHI KANATA,2,SElist_[Kei]_JPN_4WD,,n,,kgm#00B2,Variation#7,Variation#7,PRMV0082527,HUB,RR イナーシャ,－,C7A0743743214D49AE5FFB6973444FCE,PT構想審査,
2,48CB88A4F2DF472E99BAB6BF60294AAA,1,0,PRMV0082528 ブレーキ 引き摺りトルク (＠経験圧3Mpa)  －,A,45540.19309,0,0,EntryCondition,MBSE検討1回目,MBSE検討1回目,,JPN,4WD,,2,UU3:MIZOKOSHI KANATA,2,SElist_[Kei]_JPN_4WD,,2.1,,Nm/veh,Variation#7,Variation#7,PRMV0082528,ブレーキ,引き摺りトルク (＠経験圧3Mpa) ,－,C7A0743743214D49AE5FFB6973444FCE,PT構想審査,
2,DFF51863DE0F407D9ABB4192910111DE,1,0,PRMV0082529 ブレーキ FR引き摺りトルク (経験圧3Mpa＠60kph) －,A,45540.1931,0,0,EntryCondition,MBSE検討1回目,MBSE検討1回目,,JPN,4WD,,2,UU3:MIZOKOSHI KANATA,2,SElist_[Kei]_JPN_4WD,,－,,Nm/veh,Variation#7,Variation#7,PRMV0082529,ブレーキ,FR引き摺りトルク (経験圧3Mpa＠60kph),－,C7A0743743214D49AE5FFB6973444FCE,PT構想審査,
2,76D04ECCDFE34EE29B08565FA4978FD8,1,0,PRMV0082530 ブレーキ RR引き摺りトルク(経験圧3Mpa＠60kph) －,A,45540.19311,0,0,EntryCondition,MBSE検討1回目,MBSE検討1回目,,JPN,4WD,,2,UU3:MIZOKOSHI KANATA,2,SElist_[Kei]_JPN_4WD,,－,,Nm/veh,Variation#7,Variation#7,PRMV0082530,ブレーキ,RR引き摺りトルク(経験圧3Mpa＠60kph),－,C7A0743743214D49AE5FFB6973444FCE,PT構想審査,
2,34C205AC4DC440BFBD7205F0A12811FA,1,0,PRMV0082531 ブレーキ FRイナーシャ －,A,45540.19311,0,0,EntryCondition,MBSE検討1回目,MBSE検討1回目,,JPN,4WD,,2,UU3:MIZOKOSHI KANATA,2,SElist_[Kei]_JPN_4WD,,0,,kgm#00B2,Variation#7,Variation#7,PRMV0082531,ブレーキ,FRイナーシャ,－,C7A0743743214D49AE5FFB6973444FCE,PT構想審査,
2,CAA65F74DE1F44B7A09385F52CD95280,1,0,PRMV0082532 ブレーキ RRイナーシャ －,A,45540.19313,0,0,EntryCondition,MBSE検討1回目,MBSE検討1回目,,JPN,4WD,,2,UU3:MIZOKOSHI KANATA,2,SElist_[Kei]_JPN_4WD,,0,,kgm#00B2,Variation#7,Variation#7,PRMV0082532,ブレーキ,RRイナーシャ,－,C7A0743743214D49AE5FFB6973444FCE,PT構想審査,
2,2C70D9E7EAE14747B197D5712A527CE7,1,0,PRMV0082533 車両姿勢 グランドクリアランスMin －,A,45540.19314,0,0,EntryCondition,MBSE検討1回目,MBSE検討1回目,,JPN,4WD,,2,UU3:MIZOKOSHI KANATA,2,SElist_[Kei]_JPN_4WD,,n,,mm,Variation#7,Variation#7,PRMV0082533,車両姿勢,グランドクリアランスMin,－,C7A0743743214D49AE5FFB6973444FCE,PT構想審査,
2,080B5FF6CD624863ABAF055F6D593459,1,0,PRMV0082534 Test Weight 航続距離試験(ETW)Total －,A,45540.19314,0,0,EntryCondition,MBSE検討1回目,MBSE検討1回目,,JPN,4WD,,2,UU3:MIZOKOSHI KANATA,2,SElist_[Kei]_JPN_4WD,,1327.3,,kg,Variation#7,Variation#7,PRMV0082534,Test Weight,航続距離試験(ETW)Total,－,C7A0743743214D49AE5FFB6973444FCE,PT構想審査,
2,68C71D827A974927B12F030B2188B6CE,1,0,PRMV0082535 Test Weight 航続距離試験(ETW)FR －,A,45540.19315,0,0,EntryCondition,MBSE検討1回目,MBSE検討1回目,,JPN,4WD,,2,UU3:MIZOKOSHI KANATA,2,SElist_[Kei]_JPN_4WD,,TBD,,kg,Variation#7,Variation#7,PRMV0082535,Test Weight,航続距離試験(ETW)FR,－,C7A0743743214D49AE5FFB6973444FCE,PT構想審査,
2,9A2E829657984A20ACAB244023820B96,1,0,PRMV0082536 Test Weight 航続距離試験(ETW)RR －,A,45540.19315,0,0,EntryCondition,MBSE検討1回目,MBSE検討1回目,,JPN,4WD,,2,UU3:MIZOKOSHI KANATA,2,SElist_[Kei]_JPN_4WD,,TBD,,kg,Variation#7,Variation#7,PRMV0082536,Test Weight,航続距離試験(ETW)RR,－,C7A0743743214D49AE5FFB6973444FCE,PT構想審査,
2,285C1F09DC0741CBA0141128A8E08AAD,1,0,PRMV0082537 Test Weight 動力当り前性能  －,A,45540.19316,0,0,EntryCondition,MBSE検討1回目,MBSE検討1回目,,JPN,4WD,,2,UU3:MIZOKOSHI KANATA,2,SElist_[Kei]_JPN_4WD,,1418,,kg,Variation#7,Variation#7,PRMV0082537,Test Weight,動力当り前性能 ,－,C7A0743743214D49AE5FFB6973444FCE,PT構想審査,
2,54DDEC3937314BA88852682FB76BA052,1,0,PRMV0082538 Test Weight 動力Accerelation －,A,45540.19316,0,0,EntryCondition,MBSE検討1回目,MBSE検討1回目,,JPN,4WD,,2,UU3:MIZOKOSHI KANATA,2,SElist_[Kei]_JPN_4WD,,1343,,kg,Variation#7,Variation#7,PRMV0082538,Test Weight,動力Accerelation,－,C7A0743743214D49AE5FFB6973444FCE,PT構想審査,
2,14E4BFD9B04B44F2B5D330D1DD74D458,1,0,PRMV0082539 Test Weight 動力Vmax －,A,45540.19317,0,0,EntryCondition,MBSE検討1回目,MBSE検討1回目,,JPN,4WD,,2,UU3:MIZOKOSHI KANATA,2,SElist_[Kei]_JPN_4WD,,1343,,kg,Variation#7,Variation#7,PRMV0082539,Test Weight,動力Vmax,－,C7A0743743214D49AE5FFB6973444FCE,PT構想審査,
2,0CAE06C2611B459080A4E544B6CDB37A,1,0,PRMV0082540 Test Weight 熱NEMシビアシーン －,A,45540.19318,0,0,EntryCondition,MBSE検討1回目,MBSE検討1回目,,JPN,4WD,,2,UU3:MIZOKOSHI KANATA,2,SElist_[Kei]_JPN_4WD,,1448,,kg,Variation#7,Variation#7,PRMV0082540,Test Weight,熱NEMシビアシーン,－,C7A0743743214D49AE5FFB6973444FCE,PT構想審査,
2,B55228C4ED0D4711A4D6C24676B731A4,1,0,PRMV0082541 Test Weight 熱加減速繰り返し走行 －,A,45540.19318,0,0,EntryCondition,MBSE検討1回目,MBSE検討1回目,,JPN,4WD,,2,UU3:MIZOKOSHI KANATA,2,SElist_[Kei]_JPN_4WD,,1448,,kg,Variation#7,Variation#7,PRMV0082541,Test Weight,熱加減速繰り返し走行,－,C7A0743743214D49AE5FFB6973444FCE,PT構想審査,
2,A58B865D0C4A40E29369401E16735518,1,0,PRMV0082542 Test Weight 熱Towing －,A,45540.19319,0,0,EntryCondition,MBSE検討1回目,MBSE検討1回目,,JPN,4WD,,2,UU3:MIZOKOSHI KANATA,2,SElist_[Kei]_JPN_4WD,,W/O,,kg,Variation#7,Variation#7,PRMV0082542,Test Weight,熱Towing,－,C7A0743743214D49AE5FFB6973444FCE,PT構想審査,
2,01181F866EBF4CFF926CCCB02E3B00A3,1,0,PRMV0082543 Test Weight 熱低温性能 －,A,45540.19319,0,0,EntryCondition,MBSE検討1回目,MBSE検討1回目,,JPN,4WD,,2,UU3:MIZOKOSHI KANATA,2,SElist_[Kei]_JPN_4WD,,1448,,kg,Variation#7,Variation#7,PRMV0082543,Test Weight,熱低温性能,－,C7A0743743214D49AE5FFB6973444FCE,PT構想審査,
2,15D3CADEDCBE456A9AC01DD1F8D1286A,1,0,PRMV0082544 走行抵抗 届出(Target Lset式) A0 －,A,45540.19321,0,0,EntryCondition,MBSE検討1回目,MBSE検討1回目,,JPN,4WD,,2,UU3:MIZOKOSHI KANATA,2,SElist_[Kei]_JPN_4WD,,94.864,,N,Variation#7,Variation#7,PRMV0082544,走行抵抗,届出(Target Lset式) A0,－,C7A0743743214D49AE5FFB6973444FCE,PT構想審査,
2,D8907F5BFDAF42C28F06F885FF149993,1,0,PRMV0082545 走行抵抗 届出(Target Lset式) A1 －,A,45540.19322,0,0,EntryCondition,MBSE検討1回目,MBSE検討1回目,,JPN,4WD,,2,UU3:MIZOKOSHI KANATA,2,SElist_[Kei]_JPN_4WD,,-0.663,,N/kph,Variation#7,Variation#7,PRMV0082545,走行抵抗,届出(Target Lset式) A1,－,C7A0743743214D49AE5FFB6973444FCE,PT構想審査,
2,B52243D7E9434FE8BAD808660B204FFA,1,0,PRMV0082546 走行抵抗 届出(Target Lset式) A2 －,A,45540.19322,0,0,EntryCondition,MBSE検討1回目,MBSE検討1回目,,JPN,4WD,,2,UU3:MIZOKOSHI KANATA,2,SElist_[Kei]_JPN_4WD,,0.051,,N/kph#00B2,Variation#7,Variation#7,PRMV0082546,走行抵抗,届出(Target Lset式) A2,－,C7A0743743214D49AE5FFB6973444FCE,PT構想審査,
2,29C249DD0C66406A89221D840C007ABC,1,0,PRMV0082547 走行抵抗 届出(Target Lset式) IP －,A,45540.19323,0,0,EntryCondition,MBSE検討1回目,MBSE検討1回目,,JPN,4WD,,2,UU3:MIZOKOSHI KANATA,2,SElist_[Kei]_JPN_4WD,,1327,,lbs,Variation#7,Variation#7,PRMV0082547,走行抵抗,届出(Target Lset式) IP,－,C7A0743743214D49AE5FFB6973444FCE,PT構想審査,
2,9CE415B9274040B0BC9FF41B10735890,1,0,PRMV0082548 性能検討用走行抵抗式(ePT連れ回り排除) 航続距離(C/D車載状態)A0 －,A,45540.19323,0,0,EntryCondition,MBSE検討1回目,MBSE検討1回目,,JPN,4WD,,2,UU3:MIZOKOSHI KANATA,2,SElist_[Kei]_JPN_4WD,,101.08,,N,Variation#7,Variation#7,PRMV0082548,性能検討用走行抵抗式(ePT連れ回り排除),航続距離(C/D車載状態)A0,－,C7A0743743214D49AE5FFB6973444FCE,PT構想審査,
2,5622253F20A744B5A10EE3CB0BD511D5,1,0,PRMV0082549 性能検討用走行抵抗式(ePT連れ回り排除) 航続距離(C/D車載状態)A1 －,A,45540.19324,0,0,EntryCondition,MBSE検討1回目,MBSE検討1回目,,JPN,4WD,,2,UU3:MIZOKOSHI KANATA,2,SElist_[Kei]_JPN_4WD,,-0.487,,N/kph,Variation#7,Variation#7,PRMV0082549,性能検討用走行抵抗式(ePT連れ回り排除),航続距離(C/D車載状態)A1,－,C7A0743743214D49AE5FFB6973444FCE,PT構想審査,
2,2967C6205116489EA90A0BF03B13F4AC,1,0,PRMV0082550 性能検討用走行抵抗式(ePT連れ回り排除) 航続距離(C/D車載状態)A2 －,A,45540.19324,0,0,EntryCondition,MBSE検討1回目,MBSE検討1回目,,JPN,4WD,,2,UU3:MIZOKOSHI KANATA,2,SElist_[Kei]_JPN_4WD,,0.049,,N/kph#00B2,Variation#7,Variation#7,PRMV0082550,性能検討用走行抵抗式(ePT連れ回り排除),航続距離(C/D車載状態)A2,－,C7A0743743214D49AE5FFB6973444FCE,PT構想審査,
2,C6DF4DC0EE184F9FA86C0B3CD24F4898,1,0,PRMV0082551 性能検討用走行抵抗式(ePT連れ回り排除) 航続距離(C/D車載状態)IP －,A,45540.19325,0,0,EntryCondition,MBSE検討1回目,MBSE検討1回目,,JPN,4WD,,2,UU3:MIZOKOSHI KANATA,2,SElist_[Kei]_JPN_4WD,,1327,,lbs,Variation#7,Variation#7,PRMV0082551,性能検討用走行抵抗式(ePT連れ回り排除),航続距離(C/D車載状態)IP,－,C7A0743743214D49AE5FFB6973444FCE,PT構想審査,
2,CFCC202C5C5E40749CC44EEB55041995,1,0,PRMV0082552 性能検討用走行抵抗式(ePT連れ回り排除) 動力当り前性能A0 －,A,45540.19326,0,0,EntryCondition,MBSE検討1回目,MBSE検討1回目,,JPN,4WD,,2,UU3:MIZOKOSHI KANATA,2,SElist_[Kei]_JPN_4WD,,－,,N,Variation#7,Variation#7,PRMV0082552,性能検討用走行抵抗式(ePT連れ回り排除),動力当り前性能A0,－,C7A0743743214D49AE5FFB6973444FCE,PT構想審査,
2,B6FF4FDA4AC34FEAB61D1245FA8F164D,1,0,PRMV0082553 性能検討用走行抵抗式(ePT連れ回り排除) 動力当り前性能A1 －,A,45540.19326,0,0,EntryCondition,MBSE検討1回目,MBSE検討1回目,,JPN,4WD,,2,UU3:MIZOKOSHI KANATA,2,SElist_[Kei]_JPN_4WD,,－,,N/kph,Variation#7,Variation#7,PRMV0082553,性能検討用走行抵抗式(ePT連れ回り排除),動力当り前性能A1,－,C7A0743743214D49AE5FFB6973444FCE,PT構想審査,
2,4BF50B9527004FFD9B31D84E79D61903,1,0,PRMV0082554 性能検討用走行抵抗式(ePT連れ回り排除) 動力当り前性能A2 －,A,45540.19328,0,0,EntryCondition,MBSE検討1回目,MBSE検討1回目,,JPN,4WD,,2,UU3:MIZOKOSHI KANATA,2,SElist_[Kei]_JPN_4WD,,－,,N/kph#00B2,Variation#7,Variation#7,PRMV0082554,性能検討用走行抵抗式(ePT連れ回り排除),動力当り前性能A2,－,C7A0743743214D49AE5FFB6973444FCE,PT構想審査,
2,E51596BA52CB456DAAF704BA0850EA0E,1,0,PRMV0082555 性能検討用走行抵抗式(ePT連れ回り排除) 動力当り前性能IP －,A,45540.19328,0,0,EntryCondition,MBSE検討1回目,MBSE検討1回目,,JPN,4WD,,2,UU3:MIZOKOSHI KANATA,2,SElist_[Kei]_JPN_4WD,,1418,,kg,Variation#7,Variation#7,PRMV0082555,性能検討用走行抵抗式(ePT連れ回り排除),動力当り前性能IP,－,C7A0743743214D49AE5FFB6973444FCE,PT構想審査,
2,112382B6179A47E08B0F7561B38F6D46,1,0,PRMV0082556 性能検討用走行抵抗式(ePT連れ回り排除) 動力AccerelationA0 －,A,45540.19329,0,0,EntryCondition,MBSE検討1回目,MBSE検討1回目,,JPN,4WD,,2,UU3:MIZOKOSHI KANATA,2,SElist_[Kei]_JPN_4WD,,－,,N,Variation#7,Variation#7,PRMV0082556,性能検討用走行抵抗式(ePT連れ回り排除),動力AccerelationA0,－,C7A0743743214D49AE5FFB6973444FCE,PT構想審査,
2,450DA1DA667A48E2B827DD90A2E69D05,1,0,PRMV0082557 性能検討用走行抵抗式(ePT連れ回り排除) 動力AccerelationA1 －,A,45540.1933,0,0,EntryCondition,MBSE検討1回目,MBSE検討1回目,,JPN,4WD,,2,UU3:MIZOKOSHI KANATA,2,SElist_[Kei]_JPN_4WD,,－,,N/kph,Variation#7,Variation#7,PRMV0082557,性能検討用走行抵抗式(ePT連れ回り排除),動力AccerelationA1,－,C7A0743743214D49AE5FFB6973444FCE,PT構想審査,
2,137B5FF816BC4CA3B94552971E0A9346,1,0,PRMV0082558 性能検討用走行抵抗式(ePT連れ回り排除) 動力AccerelationA2 －,A,45540.1933,0,0,EntryCondition,MBSE検討1回目,MBSE検討1回目,,JPN,4WD,,2,UU3:MIZOKOSHI KANATA,2,SElist_[Kei]_JPN_4WD,,－,,N/kph#00B2,Variation#7,Variation#7,PRMV0082558,性能検討用走行抵抗式(ePT連れ回り排除),動力AccerelationA2,－,C7A0743743214D49AE5FFB6973444FCE,PT構想審査,
2,FF23228DB14046FF88FD4F9F4A766E50,1,0,PRMV0082559 性能検討用走行抵抗式(ePT連れ回り排除) 動力AccerelationIP －,A,45540.19331,0,0,EntryCondition,MBSE検討1回目,MBSE検討1回目,,JPN,4WD,,2,UU3:MIZOKOSHI KANATA,2,SElist_[Kei]_JPN_4WD,,1283,,kg,Variation#7,Variation#7,PRMV0082559,性能検討用走行抵抗式(ePT連れ回り排除),動力AccerelationIP,－,C7A0743743214D49AE5FFB6973444FCE,PT構想審査,
2,B9D1A2AF4A4B495E8008C8161733FE1A,1,0,PRMV0082560 性能検討用走行抵抗式(ePT連れ回り排除) 動力VmaxA0 －,A,45540.19332,0,0,EntryCondition,MBSE検討1回目,MBSE検討1回目,,JPN,4WD,,2,UU3:MIZOKOSHI KANATA,2,SElist_[Kei]_JPN_4WD,,－,,N,Variation#7,Variation#7,PRMV0082560,性能検討用走行抵抗式(ePT連れ回り排除),動力VmaxA0,－,C7A0743743214D49AE5FFB6973444FCE,PT構想審査,
2,EB78CFA2ECAD4434A7A16653430B558A,1,0,PRMV0082561 性能検討用走行抵抗式(ePT連れ回り排除) 動力VmaxA1 －,A,45540.19332,0,0,EntryCondition,MBSE検討1回目,MBSE検討1回目,,JPN,4WD,,2,UU3:MIZOKOSHI KANATA,2,SElist_[Kei]_JPN_4WD,,－,,N/kph,Variation#7,Variation#7,PRMV0082561,性能検討用走行抵抗式(ePT連れ回り排除),動力VmaxA1,－,C7A0743743214D49AE5FFB6973444FCE,PT構想審査,
2,E0577DF8288D48699E4930A45B62502E,1,0,PRMV0082562 性能検討用走行抵抗式(ePT連れ回り排除) 動力VmaxA2 －,A,45540.19333,0,0,EntryCondition,MBSE検討1回目,MBSE検討1回目,,JPN,4WD,,2,UU3:MIZOKOSHI KANATA,2,SElist_[Kei]_JPN_4WD,,－,,N/kph#00B2,Variation#7,Variation#7,PRMV0082562,性能検討用走行抵抗式(ePT連れ回り排除),動力VmaxA2,－,C7A0743743214D49AE5FFB6973444FCE,PT構想審査,
2,7D986A92DE3F4835BEF9E6803B85A9DF,1,0,PRMV0082563 性能検討用走行抵抗式(ePT連れ回り排除) 動力VmaxIP －,A,45540.19333,0,0,EntryCondition,MBSE検討1回目,MBSE検討1回目,,JPN,4WD,,2,UU3:MIZOKOSHI KANATA,2,SElist_[Kei]_JPN_4WD,,1283,,kg,Variation#7,Variation#7,PRMV0082563,性能検討用走行抵抗式(ePT連れ回り排除),動力VmaxIP,－,C7A0743743214D49AE5FFB6973444FCE,PT構想審査,
2,9855269F4EF04843A85F563681AA979A,1,0,PRMV0082564 性能検討用走行抵抗式(ePT連れ回り排除) 熱NEMシビアシーンA0 －,A,45540.19334,0,0,EntryCondition,MBSE検討1回目,MBSE検討1回目,,JPN,4WD,,2,UU3:MIZOKOSHI KANATA,2,SElist_[Kei]_JPN_4WD,,CDxA 0.398x2.19,,別紙,Variation#7,Variation#7,PRMV0082564,性能検討用走行抵抗式(ePT連れ回り排除),熱NEMシビアシーンA0,－,C7A0743743214D49AE5FFB6973444FCE,PT構想審査,
2,06DB37DA52634721AE41274FF534F425,1,0,PRMV0082565 性能検討用走行抵抗式(ePT連れ回り排除) 熱加減速繰り返し走行A0 －,A,45540.19334,0,0,EntryCondition,MBSE検討1回目,MBSE検討1回目,,JPN,4WD,,2,UU3:MIZOKOSHI KANATA,2,SElist_[Kei]_JPN_4WD,,107.6,,N,Variation#7,Variation#7,PRMV0082565,性能検討用走行抵抗式(ePT連れ回り排除),熱加減速繰り返し走行A0,－,C7A0743743214D49AE5FFB6973444FCE,PT構想審査,
2,CF723DA561564B78959BA84FB2CD1527,1,0,PRMV0082566 性能検討用走行抵抗式(ePT連れ回り排除) 熱加減速繰り返し走行A1 －,A,45540.19336,0,0,EntryCondition,MBSE検討1回目,MBSE検討1回目,,JPN,4WD,,2,UU3:MIZOKOSHI KANATA,2,SElist_[Kei]_JPN_4WD,,-0.46,,N/kph,Variation#7,Variation#7,PRMV0082566,性能検討用走行抵抗式(ePT連れ回り排除),熱加減速繰り返し走行A1,－,C7A0743743214D49AE5FFB6973444FCE,PT構想審査,
2,00134108BBDB43BA86F04CDD78C8EE66,1,0,PRMV0082567 性能検討用走行抵抗式(ePT連れ回り排除) 熱加減速繰り返し走行A2 －,A,45540.19337,0,0,EntryCondition,MBSE検討1回目,MBSE検討1回目,,JPN,4WD,,2,UU3:MIZOKOSHI KANATA,2,SElist_[Kei]_JPN_4WD,,0.048,,N/kph#00B2,Variation#7,Variation#7,PRMV0082567,性能検討用走行抵抗式(ePT連れ回り排除),熱加減速繰り返し走行A2,－,C7A0743743214D49AE5FFB6973444FCE,PT構想審査,
2,E64CC3554C554967936CE5015420FBB5,1,0,PRMV0082568 性能検討用走行抵抗式(ePT連れ回り排除) 熱加減速繰り返し走行IP －,A,45540.19337,0,0,EntryCondition,MBSE検討1回目,MBSE検討1回目,,JPN,4WD,,2,UU3:MIZOKOSHI KANATA,2,SElist_[Kei]_JPN_4WD,,1448,,kg,Variation#7,Variation#7,PRMV0082568,性能検討用走行抵抗式(ePT連れ回り排除),熱加減速繰り返し走行IP,－,C7A0743743214D49AE5FFB6973444FCE,PT構想審査,
2,2A35717D31944716A08E6CDF249369C7,1,0,PRMV0082569 性能検討用走行抵抗式(ePT連れ回り排除) 熱TowingA0 －,A,45540.19338,0,0,EntryCondition,MBSE検討1回目,MBSE検討1回目,,JPN,4WD,,2,UU3:MIZOKOSHI KANATA,2,SElist_[Kei]_JPN_4WD,,W/O,,N,Variation#7,Variation#7,PRMV0082569,性能検討用走行抵抗式(ePT連れ回り排除),熱TowingA0,－,C7A0743743214D49AE5FFB6973444FCE,PT構想審査,
2,21AAE3DFD5C4414C8CA01F6D7053192B,1,0,PRMV0082570 性能検討用走行抵抗式(ePT連れ回り排除) 熱TowingA1 －,A,45540.19338,0,0,EntryCondition,MBSE検討1回目,MBSE検討1回目,,JPN,4WD,,2,UU3:MIZOKOSHI KANATA,2,SElist_[Kei]_JPN_4WD,,W/O,,N/kph,Variation#7,Variation#7,PRMV0082570,性能検討用走行抵抗式(ePT連れ回り排除),熱TowingA1,－,C7A0743743214D49AE5FFB6973444FCE,PT構想審査,
2,24F7B8B96DC8459E9A9A7DC76DACADEA,1,0,PRMV0082571 性能検討用走行抵抗式(ePT連れ回り排除) 熱TowingA2 －,A,45540.19339,0,0,EntryCondition,MBSE検討1回目,MBSE検討1回目,,JPN,4WD,,2,UU3:MIZOKOSHI KANATA,2,SElist_[Kei]_JPN_4WD,,W/O,,N/kph#00B2,Variation#7,Variation#7,PRMV0082571,性能検討用走行抵抗式(ePT連れ回り排除),熱TowingA2,－,C7A0743743214D49AE5FFB6973444FCE,PT構想審査,
2,D6E5A83FC847483CBED82750B05FCD47,1,0,PRMV0082572 性能検討用走行抵抗式(ePT連れ回り排除) 熱TowingIP －,A,45540.1934,0,0,EntryCondition,MBSE検討1回目,MBSE検討1回目,,JPN,4WD,,2,UU3:MIZOKOSHI KANATA,2,SElist_[Kei]_JPN_4WD,,W/O,,kg,Variation#7,Variation#7,PRMV0082572,性能検討用走行抵抗式(ePT連れ回り排除),熱TowingIP,－,C7A0743743214D49AE5FFB6973444FCE,PT構想審査,
2,9D79E10CBB94436FB9A9D2ED7FDAB768,1,0,PRMV0082573 性能検討用走行抵抗式(ePT連れ回り排除) 熱低温性能A0 －,A,45540.1934,0,0,EntryCondition,MBSE検討1回目,MBSE検討1回目,,JPN,4WD,,2,UU3:MIZOKOSHI KANATA,2,SElist_[Kei]_JPN_4WD,,n,,N,Variation#7,Variation#7,PRMV0082573,性能検討用走行抵抗式(ePT連れ回り排除),熱低温性能A0,－,C7A0743743214D49AE5FFB6973444FCE,PT構想審査,
2,4BE9AA8CABD746F2B3D2211B7CA7A75C,1,0,PRMV0082574 性能検討用走行抵抗式(ePT連れ回り排除) 熱低温性能A1 －,A,45540.19341,0,0,EntryCondition,MBSE検討1回目,MBSE検討1回目,,JPN,4WD,,2,UU3:MIZOKOSHI KANATA,2,SElist_[Kei]_JPN_4WD,,n,,N/kph,Variation#7,Variation#7,PRMV0082574,性能検討用走行抵抗式(ePT連れ回り排除),熱低温性能A1,－,C7A0743743214D49AE5FFB6973444FCE,PT構想審査,
2,5DBF018739514CAAB2DFA92D7B622E5F,1,0,PRMV0082575 性能検討用走行抵抗式(ePT連れ回り排除) 熱低温性能A2 －,A,45540.19341,0,0,EntryCondition,MBSE検討1回目,MBSE検討1回目,,JPN,4WD,,2,UU3:MIZOKOSHI KANATA,2,SElist_[Kei]_JPN_4WD,,n,,N/kph#00B2,Variation#7,Variation#7,PRMV0082575,性能検討用走行抵抗式(ePT連れ回り排除),熱低温性能A2,－,C7A0743743214D49AE5FFB6973444FCE,PT構想審査,
2,5ECF454AF3F24151AA4CB3B0CD4E443F,1,0,PRMV0082576 性能検討用走行抵抗式(ePT連れ回り排除) 熱低温性能IP －,A,45540.19343,0,0,EntryCondition,MBSE検討1回目,MBSE検討1回目,,JPN,4WD,,2,UU3:MIZOKOSHI KANATA,2,SElist_[Kei]_JPN_4WD,,n,,kg,Variation#7,Variation#7,PRMV0082576,性能検討用走行抵抗式(ePT連れ回り排除),熱低温性能IP,－,C7A0743743214D49AE5FFB6973444FCE,PT構想審査,
2,DA00273AE2D247B7A5180047A34FC41F,1,0,PRMV0082577 ePT 最高システム総合出力(公称） －,A,45540.19343,0,0,EntryCondition,MBSE検討1回目,MBSE検討1回目,,JPN,4WD,,2,UU3:MIZOKOSHI KANATA,2,SElist_[Kei]_JPN_4WD,,－,,kW,Variation#7,Variation#7,PRMV0082577,ePT,最高システム総合出力(公称）,－,C7A0743743214D49AE5FFB6973444FCE,PT構想審査,
2,0A3D1F97C93F4CFB9805F58349FC6FF2,1,0,PRMV0082578 ePT FR MOTイナーシャ －,A,45540.19344,0,0,EntryCondition,MBSE検討1回目,MBSE検討1回目,,JPN,4WD,,2,UU3:MIZOKOSHI KANATA,2,SElist_[Kei]_JPN_4WD,,n,,kgm#00B2,Variation#7,Variation#7,PRMV0082578,ePT,FR MOTイナーシャ,－,C7A0743743214D49AE5FFB6973444FCE,PT構想審査,
2,1AE5296F3940469A83C2D2214E6BE1AC,1,0,PRMV0082579 ePT FR GBイナーシャ #7,A,45540.19345,0,0,EntryCondition,MBSE検討1回目,MBSE検討1回目,,JPN,4WD,,2,UU3:MIZOKOSHI KANATA,2,SElist_[Kei]_JPN_4WD,,0.134(DIFF軸上),,kgm#00B2,Variation#7,Variation#7,PRMV0082579,ePT,FR GBイナーシャ,#7,C7A0743743214D49AE5FFB6973444FCE,PT構想審査,
2,CC4CA34D1E2449F88667621ABE3D7399,1,0,PRMV0082580 ePT RR MOTイナーシャ －,A,45540.19345,0,0,EntryCondition,MBSE検討1回目,MBSE検討1回目,,JPN,4WD,,2,UU3:MIZOKOSHI KANATA,2,SElist_[Kei]_JPN_4WD,,n,,kgm#00B2,Variation#7,Variation#7,PRMV0082580,ePT,RR MOTイナーシャ,－,C7A0743743214D49AE5FFB6973444FCE,PT構想審査,
2,ADF147A2849F4972BC40B3017871DEF1,1,0,PRMV0082581 ePT RR GBイナーシャ #7,A,45540.19346,0,0,EntryCondition,MBSE検討1回目,MBSE検討1回目,,JPN,4WD,,2,UU3:MIZOKOSHI KANATA,2,SElist_[Kei]_JPN_4WD,,0.069(DIFF軸上),,kgm#00B2,Variation#7,Variation#7,PRMV0082581,ePT,RR GBイナーシャ,#7,C7A0743743214D49AE5FFB6973444FCE,PT構想審査,
2,7955E440209743EEA5E19A949C1A86BE,1,0,PRMV0082582 ePT FR MOT制限設定トルク上限(第一象限) #7,A,45540.19346,0,0,EntryCondition,MBSE検討1回目,MBSE検討1回目,,JPN,4WD,,2,UU3:MIZOKOSHI KANATA,2,SElist_[Kei]_JPN_4WD,,95,,Nm,Variation#7,Variation#7,PRMV0082582,ePT,FR MOT制限設定トルク上限(第一象限),#7,C7A0743743214D49AE5FFB6973444FCE,PT構想審査,
2,D34FA3235A0D4CC1B574FBECD4A50635,1,0,PRMV0082583 ePT FR MOT制限設定トルク下限(第四象限) #7,A,45540.19347,0,0,EntryCondition,MBSE検討1回目,MBSE検討1回目,,JPN,4WD,,2,UU3:MIZOKOSHI KANATA,2,SElist_[Kei]_JPN_4WD,,-95,,Nm,Variation#7,Variation#7,PRMV0082583,ePT,FR MOT制限設定トルク下限(第四象限),#7,C7A0743743214D49AE5FFB6973444FCE,PT構想審査,
2,7069A0F2F6CC470A982FCBDF71200AE5,1,0,PRMV0082584 ePT FR GB減速比 #7,A,45540.19348,0,0,EntryCondition,MBSE検討1回目,MBSE検討1回目,,JPN,4WD,,2,UU3:MIZOKOSHI KANATA,2,SElist_[Kei]_JPN_4WD,,12.728,,－,Variation#7,Variation#7,PRMV0082584,ePT,FR GB減速比,#7,C7A0743743214D49AE5FFB6973444FCE,PT構想審査,
2,2A67855395F74B4FA548D84334E41ABB,1,0,PRMV0082585 ePT RR MOT制限設定トルク上限(第一象限) #7,A,45540.19348,0,0,EntryCondition,MBSE検討1回目,MBSE検討1回目,,JPN,4WD,,2,UU3:MIZOKOSHI KANATA,2,SElist_[Kei]_JPN_4WD,,95,,Nm,Variation#7,Variation#7,PRMV0082585,ePT,RR MOT制限設定トルク上限(第一象限),#7,C7A0743743214D49AE5FFB6973444FCE,PT構想審査,
2,3E0C74746DEB4BE7BB54E646FD587203,1,0,PRMV0082586 ePT RR MOT制限設定トルク下限(第四象限) #7,A,45540.1935,0,0,EntryCondition,MBSE検討1回目,MBSE検討1回目,,JPN,4WD,,2,UU3:MIZOKOSHI KANATA,2,SElist_[Kei]_JPN_4WD,,-95,,Nm,Variation#7,Variation#7,PRMV0082586,ePT,RR MOT制限設定トルク下限(第四象限),#7,C7A0743743214D49AE5FFB6973444FCE,PT構想審査,
2,8FDCD52CC9BD4A9C88B1E6FC07E2FA62,1,0,PRMV0082587 ePT RR GB減速比 #7,A,45540.1935,0,0,EntryCondition,MBSE検討1回目,MBSE検討1回目,,JPN,4WD,,2,UU3:MIZOKOSHI KANATA,2,SElist_[Kei]_JPN_4WD,,11.636,,－,Variation#7,Variation#7,PRMV0082587,ePT,RR GB減速比,#7,C7A0743743214D49AE5FFB6973444FCE,PT構想審査,
2,FC8F73EAF8D94A61819AD03BEA0B9CC1,1,0,PRMV0082588 ドライブシャフト FR右ドライブシャフトイナーシャ －,A,45540.19351,0,0,EntryCondition,MBSE検討1回目,MBSE検討1回目,,JPN,4WD,,2,UU3:MIZOKOSHI KANATA,2,SElist_[Kei]_JPN_4WD,,1.853×10^-3,,kgm#00B2,Variation#7,Variation#7,PRMV0082588,ドライブシャフト,FR右ドライブシャフトイナーシャ,－,C7A0743743214D49AE5FFB6973444FCE,PT構想審査,
2,4098BD763E924E23A216FA36ABD17F54,1,0,PRMV0082589 ドライブシャフト FR左ドライブシャフトイナーシャ －,A,45540.19351,0,0,EntryCondition,MBSE検討1回目,MBSE検討1回目,,JPN,4WD,,2,UU3:MIZOKOSHI KANATA,2,SElist_[Kei]_JPN_4WD,,1.844×10^-3,,kgm#00B2,Variation#7,Variation#7,PRMV0082589,ドライブシャフト,FR左ドライブシャフトイナーシャ,－,C7A0743743214D49AE5FFB6973444FCE,PT構想審査,
2,7C855D1D7BC9442D93D7CBA9A1A571CE,1,0,PRMV0082590 ドライブシャフト RR右ドライブシャフトイナーシャ －,A,45540.19352,0,0,EntryCondition,MBSE検討1回目,MBSE検討1回目,,JPN,4WD,,2,UU3:MIZOKOSHI KANATA,2,SElist_[Kei]_JPN_4WD,,1.853×10^-3,,kgm#00B2,Variation#7,Variation#7,PRMV0082590,ドライブシャフト,RR右ドライブシャフトイナーシャ,－,C7A0743743214D49AE5FFB6973444FCE,PT構想審査,
2,A52FA1976C7D4DEE8128CAEA7FBE6BB9,1,0,PRMV0082591 ドライブシャフト RR左ドライブシャフトイナーシャ －,A,45540.19352,0,0,EntryCondition,MBSE検討1回目,MBSE検討1回目,,JPN,4WD,,2,UU3:MIZOKOSHI KANATA,2,SElist_[Kei]_JPN_4WD,,1.837×10^-3,,kgm#00B2,Variation#7,Variation#7,PRMV0082591,ドライブシャフト,RR左ドライブシャフトイナーシャ,－,C7A0743743214D49AE5FFB6973444FCE,PT構想審査,
2,02EBC1AB6C3F4700A1075086760F45B1,1,0,"PRMV0082592 DCDC DCDC効率(走行時弱電220W,355V入力(SOC20%),13V出力) －",A,45540.19353,0,0,EntryCondition,MBSE検討1回目,MBSE検討1回目,,JPN,4WD,,2,UU3:MIZOKOSHI KANATA,2,SElist_[Kei]_JPN_4WD,,75,,%,Variation#7,Variation#7,PRMV0082592,DCDC,"DCDC効率(走行時弱電220W,355V入力(SOC20%),13V出力)",－,C7A0743743214D49AE5FFB6973444FCE,PT構想審査,
2,331B13CB61114464A85EB218DB8E24A3,1,0,PRMV0082593 LV BATT 消費電力(電費試験時WLTCモード) －,A,45540.19354,0,0,EntryCondition,MBSE検討1回目,MBSE検討1回目,,JPN,4WD,,2,UU3:MIZOKOSHI KANATA,2,SElist_[Kei]_JPN_4WD,,n,,kW,Variation#7,Variation#7,PRMV0082593,LV BATT,消費電力(電費試験時WLTCモード),－,C7A0743743214D49AE5FFB6973444FCE,PT構想審査,
2,178564A143CD4A3FA71450CE4F691F0B,1,0,PRMV0082594 HV BATT 直列セル数 －,A,45540.19354,0,0,EntryCondition,MBSE検討1回目,MBSE検討1回目,,JPN,4WD,,2,UU3:MIZOKOSHI KANATA,2,SElist_[Kei]_JPN_4WD,,96,,cell,Variation#7,Variation#7,PRMV0082594,HV BATT,直列セル数,－,C7A0743743214D49AE5FFB6973444FCE,PT構想審査,
2,548DBFC82C594571AACEFD81EC32BACE,1,0,PRMV0082595 HV BATT 並列セル数 －,A,45540.19355,0,0,EntryCondition,MBSE検討1回目,MBSE検討1回目,,JPN,4WD,,2,UU3:MIZOKOSHI KANATA,2,SElist_[Kei]_JPN_4WD,,1,,para,Variation#7,Variation#7,PRMV0082595,HV BATT,並列セル数,－,C7A0743743214D49AE5FFB6973444FCE,PT構想審査,
2,3DEF137DB7DD4152A2D35102B0FA469D,1,0,PRMV0082596 HV BATT セル容量 －,A,45540.19355,0,0,EntryCondition,MBSE検討1回目,MBSE検討1回目,,JPN,4WD,,2,UU3:MIZOKOSHI KANATA,2,SElist_[Kei]_JPN_4WD,,72(usable),,Ah,Variation#7,Variation#7,PRMV0082596,HV BATT,セル容量,－,C7A0743743214D49AE5FFB6973444FCE,PT構想審査,
2,630F928F65F84617BCF458C1226170D5,1,0,PRMV0082597 HV BATT パック繋ぎ抵抗 －,A,45540.19356,0,0,EntryCondition,MBSE検討1回目,MBSE検討1回目,,JPN,4WD,,2,UU3:MIZOKOSHI KANATA,2,SElist_[Kei]_JPN_4WD,,0.01(TBD),,Ω,Variation#7,Variation#7,PRMV0082597,HV BATT,パック繋ぎ抵抗,－,C7A0743743214D49AE5FFB6973444FCE,PT構想審査,
2,8CD790EC0DE84992984D95163A338683,1,0,PRMV0082598 HV BATT DCハーネスの抵抗 －,A,45540.19358,0,0,EntryCondition,MBSE検討1回目,MBSE検討1回目,,JPN,4WD,,2,UU3:MIZOKOSHI KANATA,2,SElist_[Kei]_JPN_4WD,,TBD,,Ω,Variation#7,Variation#7,PRMV0082598,HV BATT,DCハーネスの抵抗,－,C7A0743743214D49AE5FFB6973444FCE,PT構想審査,
2,35D6A982AC1049D4A6957B9EDF5C88ED,1,0,PRMV0082599 Vehicle Weight Min.C.W. －,A,45540.19358,0,0,EntryCondition,MBSE検討1回目,MBSE検討1回目,,JPN,4WD,,2,UU3:MIZOKOSHI KANATA,2,SElist_[Kei]_JPN_4WD,,1198,,kg,Variation#8,Variation#8,PRMV0082599,Vehicle Weight,Min.C.W.,－,C7A0743743214D49AE5FFB6973444FCE,PT構想審査,
2,62147867EE44451591267B8299D11F58,1,0,PRMV0082600 Vehicle Weight Max.C.W. －,A,45540.19359,0,0,EntryCondition,MBSE検討1回目,MBSE検討1回目,,JPN,4WD,,2,UU3:MIZOKOSHI KANATA,2,SElist_[Kei]_JPN_4WD,,1205,,kg,Variation#8,Variation#8,PRMV0082600,Vehicle Weight,Max.C.W.,－,C7A0743743214D49AE5FFB6973444FCE,PT構想審査,
2,3A61C88FCC1E46DDB890FF9877E737EE,1,0,PRMV0082601 Vehicle Weight スペアタイヤ&工具  －,A,45540.19359,0,0,EntryCondition,MBSE検討1回目,MBSE検討1回目,,JPN,4WD,,2,UU3:MIZOKOSHI KANATA,2,SElist_[Kei]_JPN_4WD,,1.6,,kg,Variation#8,Variation#8,PRMV0082601,Vehicle Weight,スペアタイヤ&工具 ,－,C7A0743743214D49AE5FFB6973444FCE,PT構想審査,
2,6B50BF0C64BF48B6B6D278B3695DC60F,1,0,PRMV0082602 Vehicle Weight EPA届出重量 －,A,45540.1936,0,0,EntryCondition,MBSE検討1回目,MBSE検討1回目,,JPN,4WD,,2,UU3:MIZOKOSHI KANATA,2,SElist_[Kei]_JPN_4WD,,no App,,kg,Variation#8,Variation#8,PRMV0082602,Vehicle Weight,EPA届出重量,－,C7A0743743214D49AE5FFB6973444FCE,PT構想審査,
2,D059163E675A4FD5BCC64634BEF551F5,1,0,PRMV0082603 Vehicle Severe Weight PTW or GVWR －,A,45540.1936,0,0,EntryCondition,MBSE検討1回目,MBSE検討1回目,,JPN,4WD,,2,UU3:MIZOKOSHI KANATA,2,SElist_[Kei]_JPN_4WD,,1448,,kg,Variation#8,Variation#8,PRMV0082603,Vehicle Severe Weight,PTW or GVWR,－,C7A0743743214D49AE5FFB6973444FCE,PT構想審査,
2,4B4767A0B83842C991DACB86EEEE99BF,1,0,PRMV0082604 Vehicle Severe Weight GAWR FR －,A,45540.19361,0,0,EntryCondition,MBSE検討1回目,MBSE検討1回目,,JPN,4WD,,2,UU3:MIZOKOSHI KANATA,2,SElist_[Kei]_JPN_4WD,,n,,kg,Variation#8,Variation#8,PRMV0082604,Vehicle Severe Weight,GAWR FR,－,C7A0743743214D49AE5FFB6973444FCE,PT構想審査,
2,999B8E8B92684E93BEB026BECA8D5222,1,0,PRMV0082605 Vehicle Severe Weight GAWR RR －,A,45540.19361,0,0,EntryCondition,MBSE検討1回目,MBSE検討1回目,,JPN,4WD,,2,UU3:MIZOKOSHI KANATA,2,SElist_[Kei]_JPN_4WD,,n,,kg,Variation#8,Variation#8,PRMV0082605,Vehicle Severe Weight,GAWR RR,－,C7A0743743214D49AE5FFB6973444FCE,PT構想審査,
2,1F93C4629BB44055AFA85C37527C3D96,1,0,PRMV0082606 Vehicle Severe Weight Towing －,A,45540.19362,0,0,EntryCondition,MBSE検討1回目,MBSE検討1回目,,JPN,4WD,,2,UU3:MIZOKOSHI KANATA,2,SElist_[Kei]_JPN_4WD,,no App,,kg,Variation#8,Variation#8,PRMV0082606,Vehicle Severe Weight,Towing,－,C7A0743743214D49AE5FFB6973444FCE,PT構想審査,
2,2A3DB186EC3545F49740356A5C7012BD,1,0,PRMV0082607 空力 Cd  －,A,45540.19363,0,0,EntryCondition,MBSE検討1回目,MBSE検討1回目,,JPN,4WD,,2,UU3:MIZOKOSHI KANATA,2,SElist_[Kei]_JPN_4WD,,0.398,,－,Variation#8,Variation#8,PRMV0082607,空力,Cd ,－,C7A0743743214D49AE5FFB6973444FCE,PT構想審査,
2,BC5C1DAA0A12404D9CE458B34CAD3274,1,0,PRMV0082608 空力 A －,A,45540.19363,0,0,EntryCondition,MBSE検討1回目,MBSE検討1回目,,JPN,4WD,,2,UU3:MIZOKOSHI KANATA,2,SElist_[Kei]_JPN_4WD,,2.2071,,m#00B2,Variation#8,Variation#8,PRMV0082608,空力,A,－,C7A0743743214D49AE5FFB6973444FCE,PT構想審査,
2,7AF97743A2D3438785F6422AC5253EB6,1,0,PRMV0082609 空力 ΔCd (AGS閉→全開) －,A,45540.19365,0,0,EntryCondition,MBSE検討1回目,MBSE検討1回目,,JPN,4WD,,2,UU3:MIZOKOSHI KANATA,2,SElist_[Kei]_JPN_4WD,,n,,－,Variation#8,Variation#8,PRMV0082609,空力,ΔCd (AGS閉→全開),－,C7A0743743214D49AE5FFB6973444FCE,PT構想審査,
2,18A4A3B729994ACFBDA45E5444E514A4,1,0,PRMV0082610 空力 Grill shutter車速閾値 高速側 (閉→開)/(開→閉) －,A,45540.19365,0,0,EntryCondition,MBSE検討1回目,MBSE検討1回目,,JPN,4WD,,2,UU3:MIZOKOSHI KANATA,2,SElist_[Kei]_JPN_4WD,,n,,kph,Variation#8,Variation#8,PRMV0082610,空力,Grill shutter車速閾値 高速側 (閉→開)/(開→閉),－,C7A0743743214D49AE5FFB6973444FCE,PT構想審査,
2,F7EA215122364C02B0E94650C1A6594A,1,0,PRMV0082611 空力 Grill shutter車速閾値 低速側 (閉→開)/(開→閉) －,A,45540.19366,0,0,EntryCondition,MBSE検討1回目,MBSE検討1回目,,JPN,4WD,,2,UU3:MIZOKOSHI KANATA,2,SElist_[Kei]_JPN_4WD,,n,,kph,Variation#8,Variation#8,PRMV0082611,空力,Grill shutter車速閾値 低速側 (閉→開)/(開→閉),－,C7A0743743214D49AE5FFB6973444FCE,PT構想審査,
2,99ACFE40693D4CBEBD4A116F0DE15E62,1,0,PRMV0082612 タイヤ FRサイズ －,A,45540.19366,0,0,EntryCondition,MBSE検討1回目,MBSE検討1回目,,JPN,4WD,,2,UU3:MIZOKOSHI KANATA,2,SElist_[Kei]_JPN_4WD,,165/60R15,,－,Variation#8,Variation#8,PRMV0082612,タイヤ,FRサイズ,－,C7A0743743214D49AE5FFB6973444FCE,PT構想審査,
2,2A38BBDE7F0E4C23A1DDB6D5969CFC1D,1,0,PRMV0082613 タイヤ FR動半径 －,A,45540.19367,0,0,EntryCondition,MBSE検討1回目,MBSE検討1回目,,JPN,4WD,,2,UU3:MIZOKOSHI KANATA,2,SElist_[Kei]_JPN_4WD,,0.278,,m,Variation#8,Variation#8,PRMV0082613,タイヤ,FR動半径,－,C7A0743743214D49AE5FFB6973444FCE,PT構想審査,
2,A0098F994A50440997B311B71664ED71,1,0,"PRMV0082614 タイヤ FR RRC (ISO 28560 80kmh,210kPa) －",A,45540.19368,0,0,EntryCondition,MBSE検討1回目,MBSE検討1回目,,JPN,4WD,,2,UU3:MIZOKOSHI KANATA,2,SElist_[Kei]_JPN_4WD,,7.2,,－,Variation#8,Variation#8,PRMV0082614,タイヤ,"FR RRC (ISO 28560 80kmh,210kPa)",－,C7A0743743214D49AE5FFB6973444FCE,PT構想審査,
2,7F51094CC3EE4006B9548378C9699707,1,0,PRMV0082615 タイヤ FR RRC (車両状態) －,A,45540.19368,0,0,EntryCondition,MBSE検討1回目,MBSE検討1回目,,JPN,4WD,,2,UU3:MIZOKOSHI KANATA,2,SElist_[Kei]_JPN_4WD,,68,,－,Variation#8,Variation#8,PRMV0082615,タイヤ,FR RRC (車両状態),－,C7A0743743214D49AE5FFB6973444FCE,PT構想審査,
2,45280A56F27049ACA742C1C8C0CABDDD,1,0,PRMV0082616 タイヤ FR RRC (車両状態)空気圧 －,A,45540.19369,0,0,EntryCondition,MBSE検討1回目,MBSE検討1回目,,JPN,4WD,,2,UU3:MIZOKOSHI KANATA,2,SElist_[Kei]_JPN_4WD,,240,,kPa,Variation#8,Variation#8,PRMV0082616,タイヤ,FR RRC (車両状態)空気圧,－,C7A0743743214D49AE5FFB6973444FCE,PT構想審査,
2,C5C0DD15F93545359647ACCCA88AA404,1,0,PRMV0082617 タイヤ FR イナーシャ(1本)  －,A,45540.19369,0,0,EntryCondition,MBSE検討1回目,MBSE検討1回目,,JPN,4WD,,2,UU3:MIZOKOSHI KANATA,2,SElist_[Kei]_JPN_4WD,,0.53,,kgm#00B2,Variation#8,Variation#8,PRMV0082617,タイヤ,FR イナーシャ(1本) ,－,C7A0743743214D49AE5FFB6973444FCE,PT構想審査,
2,0417F0523D604E4399995C85221712E1,1,0,PRMV0082618 タイヤ RRサイズ －,A,45540.1937,0,0,EntryCondition,MBSE検討1回目,MBSE検討1回目,,JPN,4WD,,2,UU3:MIZOKOSHI KANATA,2,SElist_[Kei]_JPN_4WD,,165/60R15,,－,Variation#8,Variation#8,PRMV0082618,タイヤ,RRサイズ,－,C7A0743743214D49AE5FFB6973444FCE,PT構想審査,
2,02D397968B8F41FDA8AAEC9CED42DF93,1,0,PRMV0082619 タイヤ RR動半径 －,A,45540.1937,0,0,EntryCondition,MBSE検討1回目,MBSE検討1回目,,JPN,4WD,,2,UU3:MIZOKOSHI KANATA,2,SElist_[Kei]_JPN_4WD,,0.278,,m,Variation#8,Variation#8,PRMV0082619,タイヤ,RR動半径,－,C7A0743743214D49AE5FFB6973444FCE,PT構想審査,
2,F0687DDD9AF04444BA2376255BEECC75,1,0,"PRMV0082620 タイヤ RR RRC (ISO 28560 80kmh,210kPa) －",A,45540.19372,0,0,EntryCondition,MBSE検討1回目,MBSE検討1回目,,JPN,4WD,,2,UU3:MIZOKOSHI KANATA,2,SElist_[Kei]_JPN_4WD,,n,,－,Variation#8,Variation#8,PRMV0082620,タイヤ,"RR RRC (ISO 28560 80kmh,210kPa)",－,C7A0743743214D49AE5FFB6973444FCE,PT構想審査,
2,CE507A154D724F7786BB195C493DED4E,1,0,PRMV0082621 タイヤ RR RRC (車両状態) －,A,45540.19373,0,0,EntryCondition,MBSE検討1回目,MBSE検討1回目,,JPN,4WD,,2,UU3:MIZOKOSHI KANATA,2,SElist_[Kei]_JPN_4WD,,68,,－,Variation#8,Variation#8,PRMV0082621,タイヤ,RR RRC (車両状態),－,C7A0743743214D49AE5FFB6973444FCE,PT構想審査,
2,0D0501B5A8FD472799F646C70C3743E6,1,0,PRMV0082622 タイヤ RR RRC (車両状態)空気圧 －,A,45540.19373,0,0,EntryCondition,MBSE検討1回目,MBSE検討1回目,,JPN,4WD,,2,UU3:MIZOKOSHI KANATA,2,SElist_[Kei]_JPN_4WD,,240,,kPa,Variation#8,Variation#8,PRMV0082622,タイヤ,RR RRC (車両状態)空気圧,－,C7A0743743214D49AE5FFB6973444FCE,PT構想審査,
2,DD3E7F72477646B8923C266700FE8DCC,1,0,PRMV0082623 タイヤ RR イナーシャ(1本)  －,A,45540.19374,0,0,EntryCondition,MBSE検討1回目,MBSE検討1回目,,JPN,4WD,,2,UU3:MIZOKOSHI KANATA,2,SElist_[Kei]_JPN_4WD,,0.53,,kgm#00B2,Variation#8,Variation#8,PRMV0082623,タイヤ,RR イナーシャ(1本) ,－,C7A0743743214D49AE5FFB6973444FCE,PT構想審査,
2,DD9441B883D54662B89C627B1A77D07D,1,0,PRMV0082624 ホイール 仕様 －,A,45540.19374,0,0,EntryCondition,MBSE検討1回目,MBSE検討1回目,,JPN,4WD,,2,UU3:MIZOKOSHI KANATA,2,SElist_[Kei]_JPN_4WD,,n,,－,Variation#8,Variation#8,PRMV0082624,ホイール,仕様,－,C7A0743743214D49AE5FFB6973444FCE,PT構想審査,
2,963F6F0C54544B42BF05E883FDF32F9A,1,0,PRMV0082625 ホイール イナーシャ(1本) －,A,45540.19375,0,0,EntryCondition,MBSE検討1回目,MBSE検討1回目,,JPN,4WD,,2,UU3:MIZOKOSHI KANATA,2,SElist_[Kei]_JPN_4WD,,no App,,kgm#00B2,Variation#8,Variation#8,PRMV0082625,ホイール,イナーシャ(1本),－,C7A0743743214D49AE5FFB6973444FCE,PT構想審査,
2,D146D184260F4E768408482F8310BFE5,1,0,PRMV0082626 HUB Total引き摺りトルク (@80km/h) －,A,45540.19375,0,0,EntryCondition,MBSE検討1回目,MBSE検討1回目,,JPN,4WD,,2,UU3:MIZOKOSHI KANATA,2,SElist_[Kei]_JPN_4WD,,3.86,,Nm/veh,Variation#8,Variation#8,PRMV0082626,HUB,Total引き摺りトルク (@80km/h),－,C7A0743743214D49AE5FFB6973444FCE,PT構想審査,
2,D956D127789A46BDB0351BACF93BBEE8,1,0,PRMV0082627 HUB FR 引き摺りトルク (@80km/h) －,A,45540.19376,0,0,EntryCondition,MBSE検討1回目,MBSE検討1回目,,JPN,4WD,,2,UU3:MIZOKOSHI KANATA,2,SElist_[Kei]_JPN_4WD,,Totalに含む,,Nm/veh,Variation#8,Variation#8,PRMV0082627,HUB,FR 引き摺りトルク (@80km/h),－,C7A0743743214D49AE5FFB6973444FCE,PT構想審査,
2,7369B9FB3E4247F68BCBFE3CB2FB3D6D,1,0,PRMV0082628 HUB RR 引き摺りトルク (@80km/h) －,A,45540.19377,0,0,EntryCondition,MBSE検討1回目,MBSE検討1回目,,JPN,4WD,,2,UU3:MIZOKOSHI KANATA,2,SElist_[Kei]_JPN_4WD,,Totalに含む,,Nm/veh,Variation#8,Variation#8,PRMV0082628,HUB,RR 引き摺りトルク (@80km/h),－,C7A0743743214D49AE5FFB6973444FCE,PT構想審査,
2,8DB221F671264FD4AC2022AFCC7F7B97,1,0,PRMV0082629 HUB FR イナーシャ －,A,45540.19377,0,0,EntryCondition,MBSE検討1回目,MBSE検討1回目,,JPN,4WD,,2,UU3:MIZOKOSHI KANATA,2,SElist_[Kei]_JPN_4WD,,n,,kgm#00B2,Variation#8,Variation#8,PRMV0082629,HUB,FR イナーシャ,－,C7A0743743214D49AE5FFB6973444FCE,PT構想審査,
2,3C3B8BC52F2B44968DB22738D497808A,1,0,PRMV0082630 HUB RR イナーシャ －,A,45540.19378,0,0,EntryCondition,MBSE検討1回目,MBSE検討1回目,,JPN,4WD,,2,UU3:MIZOKOSHI KANATA,2,SElist_[Kei]_JPN_4WD,,n,,kgm#00B2,Variation#8,Variation#8,PRMV0082630,HUB,RR イナーシャ,－,C7A0743743214D49AE5FFB6973444FCE,PT構想審査,
2,09C077912C7B435BAA01C6BBF5816539,1,0,PRMV0082631 ブレーキ 引き摺りトルク (＠経験圧3Mpa)  －,A,45540.19378,0,0,EntryCondition,MBSE検討1回目,MBSE検討1回目,,JPN,4WD,,2,UU3:MIZOKOSHI KANATA,2,SElist_[Kei]_JPN_4WD,,2.1,,Nm/veh,Variation#8,Variation#8,PRMV0082631,ブレーキ,引き摺りトルク (＠経験圧3Mpa) ,－,C7A0743743214D49AE5FFB6973444FCE,PT構想審査,
2,5688ED06A4AD4F578802C518B15D1505,1,0,PRMV0082632 ブレーキ FR引き摺りトルク (経験圧3Mpa＠60kph) －,A,45540.1938,0,0,EntryCondition,MBSE検討1回目,MBSE検討1回目,,JPN,4WD,,2,UU3:MIZOKOSHI KANATA,2,SElist_[Kei]_JPN_4WD,,－,,Nm/veh,Variation#8,Variation#8,PRMV0082632,ブレーキ,FR引き摺りトルク (経験圧3Mpa＠60kph),－,C7A0743743214D49AE5FFB6973444FCE,PT構想審査,
2,A91E259947F54908888BF022C65BA97F,1,0,PRMV0082633 ブレーキ RR引き摺りトルク(経験圧3Mpa＠60kph) －,A,45540.1938,0,0,EntryCondition,MBSE検討1回目,MBSE検討1回目,,JPN,4WD,,2,UU3:MIZOKOSHI KANATA,2,SElist_[Kei]_JPN_4WD,,－,,Nm/veh,Variation#8,Variation#8,PRMV0082633,ブレーキ,RR引き摺りトルク(経験圧3Mpa＠60kph),－,C7A0743743214D49AE5FFB6973444FCE,PT構想審査,
2,754F71D2AA714498A480CF7032C5B89F,1,0,PRMV0082634 ブレーキ FRイナーシャ －,A,45540.19381,0,0,EntryCondition,MBSE検討1回目,MBSE検討1回目,,JPN,4WD,,2,UU3:MIZOKOSHI KANATA,2,SElist_[Kei]_JPN_4WD,,0,,kgm#00B2,Variation#8,Variation#8,PRMV0082634,ブレーキ,FRイナーシャ,－,C7A0743743214D49AE5FFB6973444FCE,PT構想審査,
2,15A6417C405D4477B8B9BB00F03D0868,1,0,PRMV0082635 ブレーキ RRイナーシャ －,A,45540.19381,0,0,EntryCondition,MBSE検討1回目,MBSE検討1回目,,JPN,4WD,,2,UU3:MIZOKOSHI KANATA,2,SElist_[Kei]_JPN_4WD,,0,,kgm#00B2,Variation#8,Variation#8,PRMV0082635,ブレーキ,RRイナーシャ,－,C7A0743743214D49AE5FFB6973444FCE,PT構想審査,
2,C8C57E3501424C37B51BF5DE1572CD60,1,0,PRMV0082636 車両姿勢 グランドクリアランスMin －,A,45540.19382,0,0,EntryCondition,MBSE検討1回目,MBSE検討1回目,,JPN,4WD,,2,UU3:MIZOKOSHI KANATA,2,SElist_[Kei]_JPN_4WD,,n,,mm,Variation#8,Variation#8,PRMV0082636,車両姿勢,グランドクリアランスMin,－,C7A0743743214D49AE5FFB6973444FCE,PT構想審査,
2,BD7FAC2F57C94069A658F6A7B3809B64,1,0,PRMV0082637 Test Weight 航続距離試験(ETW)Total －,A,45540.19383,0,0,EntryCondition,MBSE検討1回目,MBSE検討1回目,,JPN,4WD,,2,UU3:MIZOKOSHI KANATA,2,SElist_[Kei]_JPN_4WD,,1327.3,,kg,Variation#8,Variation#8,PRMV0082637,Test Weight,航続距離試験(ETW)Total,－,C7A0743743214D49AE5FFB6973444FCE,PT構想審査,
2,A5D9BC0EAD934E08BC574B563BD2CFA2,1,0,PRMV0082638 Test Weight 航続距離試験(ETW)FR －,A,45540.19383,0,0,EntryCondition,MBSE検討1回目,MBSE検討1回目,,JPN,4WD,,2,UU3:MIZOKOSHI KANATA,2,SElist_[Kei]_JPN_4WD,,TBD,,kg,Variation#8,Variation#8,PRMV0082638,Test Weight,航続距離試験(ETW)FR,－,C7A0743743214D49AE5FFB6973444FCE,PT構想審査,
2,953AC17D8DAF4F37A14741E4ABDE25EC,1,0,PRMV0082639 Test Weight 航続距離試験(ETW)RR －,A,45540.19384,0,0,EntryCondition,MBSE検討1回目,MBSE検討1回目,,JPN,4WD,,2,UU3:MIZOKOSHI KANATA,2,SElist_[Kei]_JPN_4WD,,TBD,,kg,Variation#8,Variation#8,PRMV0082639,Test Weight,航続距離試験(ETW)RR,－,C7A0743743214D49AE5FFB6973444FCE,PT構想審査,
2,2974D19F2254476EB5929BA0BC1F3CD0,1,0,PRMV0082640 Test Weight 動力当り前性能  －,A,45540.19384,0,0,EntryCondition,MBSE検討1回目,MBSE検討1回目,,JPN,4WD,,2,UU3:MIZOKOSHI KANATA,2,SElist_[Kei]_JPN_4WD,,1418,,kg,Variation#8,Variation#8,PRMV0082640,Test Weight,動力当り前性能 ,－,C7A0743743214D49AE5FFB6973444FCE,PT構想審査,
2,8F49620E45114D89A58B7A9F6D20E40B,1,0,PRMV0082641 Test Weight 動力Accerelation －,A,45540.19385,0,0,EntryCondition,MBSE検討1回目,MBSE検討1回目,,JPN,4WD,,2,UU3:MIZOKOSHI KANATA,2,SElist_[Kei]_JPN_4WD,,1343,,kg,Variation#8,Variation#8,PRMV0082641,Test Weight,動力Accerelation,－,C7A0743743214D49AE5FFB6973444FCE,PT構想審査,
2,B9E70C42C2164EF1B78AC335DE2F6086,1,0,PRMV0082642 Test Weight 動力Vmax －,A,45540.19387,0,0,EntryCondition,MBSE検討1回目,MBSE検討1回目,,JPN,4WD,,2,UU3:MIZOKOSHI KANATA,2,SElist_[Kei]_JPN_4WD,,1343,,kg,Variation#8,Variation#8,PRMV0082642,Test Weight,動力Vmax,－,C7A0743743214D49AE5FFB6973444FCE,PT構想審査,
2,5AE3745E382B4C68B60CEDF2C9DD0FF9,1,0,PRMV0082643 Test Weight 熱NEMシビアシーン －,A,45540.19387,0,0,EntryCondition,MBSE検討1回目,MBSE検討1回目,,JPN,4WD,,2,UU3:MIZOKOSHI KANATA,2,SElist_[Kei]_JPN_4WD,,1448,,kg,Variation#8,Variation#8,PRMV0082643,Test Weight,熱NEMシビアシーン,－,C7A0743743214D49AE5FFB6973444FCE,PT構想審査,
2,1B80BE43364D49A89B6A0FA896C562AA,1,0,PRMV0082644 Test Weight 熱加減速繰り返し走行 －,A,45540.19388,0,0,EntryCondition,MBSE検討1回目,MBSE検討1回目,,JPN,4WD,,2,UU3:MIZOKOSHI KANATA,2,SElist_[Kei]_JPN_4WD,,1448,,kg,Variation#8,Variation#8,PRMV0082644,Test Weight,熱加減速繰り返し走行,－,C7A0743743214D49AE5FFB6973444FCE,PT構想審査,
2,D0D8721275D64EC19EC3ED6206C97250,1,0,PRMV0082645 Test Weight 熱Towing －,A,45540.19388,0,0,EntryCondition,MBSE検討1回目,MBSE検討1回目,,JPN,4WD,,2,UU3:MIZOKOSHI KANATA,2,SElist_[Kei]_JPN_4WD,,W/O,,kg,Variation#8,Variation#8,PRMV0082645,Test Weight,熱Towing,－,C7A0743743214D49AE5FFB6973444FCE,PT構想審査,
2,9F1CAA1FA94A475CBBA05FDE83B4403C,1,0,PRMV0082646 Test Weight 熱低温性能 －,A,45540.19389,0,0,EntryCondition,MBSE検討1回目,MBSE検討1回目,,JPN,4WD,,2,UU3:MIZOKOSHI KANATA,2,SElist_[Kei]_JPN_4WD,,1448,,kg,Variation#8,Variation#8,PRMV0082646,Test Weight,熱低温性能,－,C7A0743743214D49AE5FFB6973444FCE,PT構想審査,
2,E99104CE942A4A8CA575DC16E57C3BE3,1,0,PRMV0082647 走行抵抗 届出(Target Lset式) A0 －,A,45540.19389,0,0,EntryCondition,MBSE検討1回目,MBSE検討1回目,,JPN,4WD,,2,UU3:MIZOKOSHI KANATA,2,SElist_[Kei]_JPN_4WD,,94.864,,N,Variation#8,Variation#8,PRMV0082647,走行抵抗,届出(Target Lset式) A0,－,C7A0743743214D49AE5FFB6973444FCE,PT構想審査,
2,4A7F8BB5E8CE44B5BD86AFFF26A3F655,1,0,PRMV0082648 走行抵抗 届出(Target Lset式) A1 －,A,45540.1939,0,0,EntryCondition,MBSE検討1回目,MBSE検討1回目,,JPN,4WD,,2,UU3:MIZOKOSHI KANATA,2,SElist_[Kei]_JPN_4WD,,-0.663,,N/kph,Variation#8,Variation#8,PRMV0082648,走行抵抗,届出(Target Lset式) A1,－,C7A0743743214D49AE5FFB6973444FCE,PT構想審査,
2,F17C9BEAC825442CA97C49D95D6DC9C1,1,0,PRMV0082649 走行抵抗 届出(Target Lset式) A2 －,A,45540.1939,0,0,EntryCondition,MBSE検討1回目,MBSE検討1回目,,JPN,4WD,,2,UU3:MIZOKOSHI KANATA,2,SElist_[Kei]_JPN_4WD,,0.051,,N/kph#00B2,Variation#8,Variation#8,PRMV0082649,走行抵抗,届出(Target Lset式) A2,－,C7A0743743214D49AE5FFB6973444FCE,PT構想審査,
2,3F315DB0FE144D76BB7BA9A53D04B2BD,1,0,PRMV0082650 走行抵抗 届出(Target Lset式) IP －,A,45540.19391,0,0,EntryCondition,MBSE検討1回目,MBSE検討1回目,,JPN,4WD,,2,UU3:MIZOKOSHI KANATA,2,SElist_[Kei]_JPN_4WD,,1327,,lbs,Variation#8,Variation#8,PRMV0082650,走行抵抗,届出(Target Lset式) IP,－,C7A0743743214D49AE5FFB6973444FCE,PT構想審査,
2,20A274720B804A04929EC1D71D4D2555,1,0,PRMV0082651 性能検討用走行抵抗式(ePT連れ回り排除) 航続距離(C/D車載状態)A0 －,A,45540.19392,0,0,EntryCondition,MBSE検討1回目,MBSE検討1回目,,JPN,4WD,,2,UU3:MIZOKOSHI KANATA,2,SElist_[Kei]_JPN_4WD,,101.08,,N,Variation#8,Variation#8,PRMV0082651,性能検討用走行抵抗式(ePT連れ回り排除),航続距離(C/D車載状態)A0,－,C7A0743743214D49AE5FFB6973444FCE,PT構想審査,
2,7D18193EFA574E79AA61AC5E35CA9F9B,1,0,PRMV0082652 性能検討用走行抵抗式(ePT連れ回り排除) 航続距離(C/D車載状態)A1 －,A,45540.19392,0,0,EntryCondition,MBSE検討1回目,MBSE検討1回目,,JPN,4WD,,2,UU3:MIZOKOSHI KANATA,2,SElist_[Kei]_JPN_4WD,,-0.487,,N/kph,Variation#8,Variation#8,PRMV0082652,性能検討用走行抵抗式(ePT連れ回り排除),航続距離(C/D車載状態)A1,－,C7A0743743214D49AE5FFB6973444FCE,PT構想審査,
2,0DBF6340607843A482607C0A1685CD3F,1,0,PRMV0082653 性能検討用走行抵抗式(ePT連れ回り排除) 航続距離(C/D車載状態)A2 －,A,45540.19394,0,0,EntryCondition,MBSE検討1回目,MBSE検討1回目,,JPN,4WD,,2,UU3:MIZOKOSHI KANATA,2,SElist_[Kei]_JPN_4WD,,0.049,,N/kph#00B2,Variation#8,Variation#8,PRMV0082653,性能検討用走行抵抗式(ePT連れ回り排除),航続距離(C/D車載状態)A2,－,C7A0743743214D49AE5FFB6973444FCE,PT構想審査,
2,C4CBA4D77E1C499294C4507A011D3466,1,0,PRMV0082654 性能検討用走行抵抗式(ePT連れ回り排除) 航続距離(C/D車載状態)IP －,A,45540.19394,0,0,EntryCondition,MBSE検討1回目,MBSE検討1回目,,JPN,4WD,,2,UU3:MIZOKOSHI KANATA,2,SElist_[Kei]_JPN_4WD,,1327,,lbs,Variation#8,Variation#8,PRMV0082654,性能検討用走行抵抗式(ePT連れ回り排除),航続距離(C/D車載状態)IP,－,C7A0743743214D49AE5FFB6973444FCE,PT構想審査,
2,B2D7A3938F01468CA0294F9760F7D982,1,0,PRMV0082655 性能検討用走行抵抗式(ePT連れ回り排除) 動力当り前性能A0 －,A,45540.19395,0,0,EntryCondition,MBSE検討1回目,MBSE検討1回目,,JPN,4WD,,2,UU3:MIZOKOSHI KANATA,2,SElist_[Kei]_JPN_4WD,,－,,N,Variation#8,Variation#8,PRMV0082655,性能検討用走行抵抗式(ePT連れ回り排除),動力当り前性能A0,－,C7A0743743214D49AE5FFB6973444FCE,PT構想審査,
2,EE6B25D0D5014635929212E70686D492,1,0,PRMV0082656 性能検討用走行抵抗式(ePT連れ回り排除) 動力当り前性能A1 －,A,45540.19395,0,0,EntryCondition,MBSE検討1回目,MBSE検討1回目,,JPN,4WD,,2,UU3:MIZOKOSHI KANATA,2,SElist_[Kei]_JPN_4WD,,－,,N/kph,Variation#8,Variation#8,PRMV0082656,性能検討用走行抵抗式(ePT連れ回り排除),動力当り前性能A1,－,C7A0743743214D49AE5FFB6973444FCE,PT構想審査,
2,CD774A5688244349B82D5BF781E8F4AA,1,0,PRMV0082657 性能検討用走行抵抗式(ePT連れ回り排除) 動力当り前性能A2 －,A,45540.19396,0,0,EntryCondition,MBSE検討1回目,MBSE検討1回目,,JPN,4WD,,2,UU3:MIZOKOSHI KANATA,2,SElist_[Kei]_JPN_4WD,,－,,N/kph#00B2,Variation#8,Variation#8,PRMV0082657,性能検討用走行抵抗式(ePT連れ回り排除),動力当り前性能A2,－,C7A0743743214D49AE5FFB6973444FCE,PT構想審査,
2,A485235B51F54111ABC4E1CBC2BF2484,1,0,PRMV0082658 性能検討用走行抵抗式(ePT連れ回り排除) 動力当り前性能IP －,A,45540.19397,0,0,EntryCondition,MBSE検討1回目,MBSE検討1回目,,JPN,4WD,,2,UU3:MIZOKOSHI KANATA,2,SElist_[Kei]_JPN_4WD,,1418,,kg,Variation#8,Variation#8,PRMV0082658,性能検討用走行抵抗式(ePT連れ回り排除),動力当り前性能IP,－,C7A0743743214D49AE5FFB6973444FCE,PT構想審査,
2,FC246024F6B84C3AACEA8901252CA558,1,0,PRMV0082659 性能検討用走行抵抗式(ePT連れ回り排除) 動力AccerelationA0 －,A,45540.19397,0,0,EntryCondition,MBSE検討1回目,MBSE検討1回目,,JPN,4WD,,2,UU3:MIZOKOSHI KANATA,2,SElist_[Kei]_JPN_4WD,,－,,N,Variation#8,Variation#8,PRMV0082659,性能検討用走行抵抗式(ePT連れ回り排除),動力AccerelationA0,－,C7A0743743214D49AE5FFB6973444FCE,PT構想審査,
2,5E90CEE3B2974036AF5150AC4B6575ED,1,0,PRMV0082660 性能検討用走行抵抗式(ePT連れ回り排除) 動力AccerelationA1 －,A,45540.19398,0,0,EntryCondition,MBSE検討1回目,MBSE検討1回目,,JPN,4WD,,2,UU3:MIZOKOSHI KANATA,2,SElist_[Kei]_JPN_4WD,,－,,N/kph,Variation#8,Variation#8,PRMV0082660,性能検討用走行抵抗式(ePT連れ回り排除),動力AccerelationA1,－,C7A0743743214D49AE5FFB6973444FCE,PT構想審査,
2,AF16161D55924B69BB403DE9E8CC7BB4,1,0,PRMV0082661 性能検討用走行抵抗式(ePT連れ回り排除) 動力AccerelationA2 －,A,45540.19398,0,0,EntryCondition,MBSE検討1回目,MBSE検討1回目,,JPN,4WD,,2,UU3:MIZOKOSHI KANATA,2,SElist_[Kei]_JPN_4WD,,－,,N/kph#00B2,Variation#8,Variation#8,PRMV0082661,性能検討用走行抵抗式(ePT連れ回り排除),動力AccerelationA2,－,C7A0743743214D49AE5FFB6973444FCE,PT構想審査,
2,AB144B9CBE26437DA8822DF229F2810D,1,0,PRMV0082662 性能検討用走行抵抗式(ePT連れ回り排除) 動力AccerelationIP －,A,45540.19399,0,0,EntryCondition,MBSE検討1回目,MBSE検討1回目,,JPN,4WD,,2,UU3:MIZOKOSHI KANATA,2,SElist_[Kei]_JPN_4WD,,1283,,kg,Variation#8,Variation#8,PRMV0082662,性能検討用走行抵抗式(ePT連れ回り排除),動力AccerelationIP,－,C7A0743743214D49AE5FFB6973444FCE,PT構想審査,
2,EE68AD6E577C400982008991048D9899,1,0,PRMV0082663 性能検討用走行抵抗式(ePT連れ回り排除) 動力VmaxA0 －,A,45540.19399,0,0,EntryCondition,MBSE検討1回目,MBSE検討1回目,,JPN,4WD,,2,UU3:MIZOKOSHI KANATA,2,SElist_[Kei]_JPN_4WD,,－,,N,Variation#8,Variation#8,PRMV0082663,性能検討用走行抵抗式(ePT連れ回り排除),動力VmaxA0,－,C7A0743743214D49AE5FFB6973444FCE,PT構想審査,
2,41507AE063534851A1ED96BDB1BDE955,1,0,PRMV0082664 性能検討用走行抵抗式(ePT連れ回り排除) 動力VmaxA1 －,A,45540.194,0,0,EntryCondition,MBSE検討1回目,MBSE検討1回目,,JPN,4WD,,2,UU3:MIZOKOSHI KANATA,2,SElist_[Kei]_JPN_4WD,,－,,N/kph,Variation#8,Variation#8,PRMV0082664,性能検討用走行抵抗式(ePT連れ回り排除),動力VmaxA1,－,C7A0743743214D49AE5FFB6973444FCE,PT構想審査,
2,DB884C04DEAF4219BA1847B34DB4A979,1,0,PRMV0082665 性能検討用走行抵抗式(ePT連れ回り排除) 動力VmaxA2 －,A,45540.194,0,0,EntryCondition,MBSE検討1回目,MBSE検討1回目,,JPN,4WD,,2,UU3:MIZOKOSHI KANATA,2,SElist_[Kei]_JPN_4WD,,－,,N/kph#00B2,Variation#8,Variation#8,PRMV0082665,性能検討用走行抵抗式(ePT連れ回り排除),動力VmaxA2,－,C7A0743743214D49AE5FFB6973444FCE,PT構想審査,
2,98BE56D17F8543D89F111CA906049525,1,0,PRMV0082666 性能検討用走行抵抗式(ePT連れ回り排除) 動力VmaxIP －,A,45540.19402,0,0,EntryCondition,MBSE検討1回目,MBSE検討1回目,,JPN,4WD,,2,UU3:MIZOKOSHI KANATA,2,SElist_[Kei]_JPN_4WD,,1283,,kg,Variation#8,Variation#8,PRMV0082666,性能検討用走行抵抗式(ePT連れ回り排除),動力VmaxIP,－,C7A0743743214D49AE5FFB6973444FCE,PT構想審査,
2,DD27B3B3F90E40278463B30F628BA094,1,0,PRMV0082667 性能検討用走行抵抗式(ePT連れ回り排除) 熱NEMシビアシーンA0 －,A,45540.19403,0,0,EntryCondition,MBSE検討1回目,MBSE検討1回目,,JPN,4WD,,2,UU3:MIZOKOSHI KANATA,2,SElist_[Kei]_JPN_4WD,,CDxA 0.398x2.19,,別紙,Variation#8,Variation#8,PRMV0082667,性能検討用走行抵抗式(ePT連れ回り排除),熱NEMシビアシーンA0,－,C7A0743743214D49AE5FFB6973444FCE,PT構想審査,
2,D56EC0778D344AF6B283A1ED240C2915,1,0,PRMV0082668 性能検討用走行抵抗式(ePT連れ回り排除) 熱加減速繰り返し走行A0 －,A,45540.19403,0,0,EntryCondition,MBSE検討1回目,MBSE検討1回目,,JPN,4WD,,2,UU3:MIZOKOSHI KANATA,2,SElist_[Kei]_JPN_4WD,,107.6,,N,Variation#8,Variation#8,PRMV0082668,性能検討用走行抵抗式(ePT連れ回り排除),熱加減速繰り返し走行A0,－,C7A0743743214D49AE5FFB6973444FCE,PT構想審査,
2,50C70FBE5FC147C1A04DA7130467C293,1,0,PRMV0082669 性能検討用走行抵抗式(ePT連れ回り排除) 熱加減速繰り返し走行A1 －,A,45540.19404,0,0,EntryCondition,MBSE検討1回目,MBSE検討1回目,,JPN,4WD,,2,UU3:MIZOKOSHI KANATA,2,SElist_[Kei]_JPN_4WD,,-0.46,,N/kph,Variation#8,Variation#8,PRMV0082669,性能検討用走行抵抗式(ePT連れ回り排除),熱加減速繰り返し走行A1,－,C7A0743743214D49AE5FFB6973444FCE,PT構想審査,
2,599CF604B6474105ADDED50009830ECD,1,0,PRMV0082670 性能検討用走行抵抗式(ePT連れ回り排除) 熱加減速繰り返し走行A2 －,A,45540.19405,0,0,EntryCondition,MBSE検討1回目,MBSE検討1回目,,JPN,4WD,,2,UU3:MIZOKOSHI KANATA,2,SElist_[Kei]_JPN_4WD,,0.048,,N/kph#00B2,Variation#8,Variation#8,PRMV0082670,性能検討用走行抵抗式(ePT連れ回り排除),熱加減速繰り返し走行A2,－,C7A0743743214D49AE5FFB6973444FCE,PT構想審査,
2,FA000AD4C0384A70BA1FB3A0E74F086C,1,0,PRMV0082671 性能検討用走行抵抗式(ePT連れ回り排除) 熱加減速繰り返し走行IP －,A,45540.19405,0,0,EntryCondition,MBSE検討1回目,MBSE検討1回目,,JPN,4WD,,2,UU3:MIZOKOSHI KANATA,2,SElist_[Kei]_JPN_4WD,,1448,,kg,Variation#8,Variation#8,PRMV0082671,性能検討用走行抵抗式(ePT連れ回り排除),熱加減速繰り返し走行IP,－,C7A0743743214D49AE5FFB6973444FCE,PT構想審査,
2,394A46D5E3AB46D9BC14B775E40FF4F2,1,0,PRMV0082672 性能検討用走行抵抗式(ePT連れ回り排除) 熱TowingA0 －,A,45540.19406,0,0,EntryCondition,MBSE検討1回目,MBSE検討1回目,,JPN,4WD,,2,UU3:MIZOKOSHI KANATA,2,SElist_[Kei]_JPN_4WD,,W/O,,N,Variation#8,Variation#8,PRMV0082672,性能検討用走行抵抗式(ePT連れ回り排除),熱TowingA0,－,C7A0743743214D49AE5FFB6973444FCE,PT構想審査,
2,AE45EB52A5C24BD298685366EFF16B65,1,0,PRMV0082673 性能検討用走行抵抗式(ePT連れ回り排除) 熱TowingA1 －,A,45540.19406,0,0,EntryCondition,MBSE検討1回目,MBSE検討1回目,,JPN,4WD,,2,UU3:MIZOKOSHI KANATA,2,SElist_[Kei]_JPN_4WD,,W/O,,N/kph,Variation#8,Variation#8,PRMV0082673,性能検討用走行抵抗式(ePT連れ回り排除),熱TowingA1,－,C7A0743743214D49AE5FFB6973444FCE,PT構想審査,
2,9ACBFB802EF3438E884DA8324668B650,1,0,PRMV0082674 性能検討用走行抵抗式(ePT連れ回り排除) 熱TowingA2 －,A,45540.19407,0,0,EntryCondition,MBSE検討1回目,MBSE検討1回目,,JPN,4WD,,2,UU3:MIZOKOSHI KANATA,2,SElist_[Kei]_JPN_4WD,,W/O,,N/kph#00B2,Variation#8,Variation#8,PRMV0082674,性能検討用走行抵抗式(ePT連れ回り排除),熱TowingA2,－,C7A0743743214D49AE5FFB6973444FCE,PT構想審査,
2,B6E35E64FE6E43848D18BD170729861D,1,0,PRMV0082675 性能検討用走行抵抗式(ePT連れ回り排除) 熱TowingIP －,A,45540.19409,0,0,EntryCondition,MBSE検討1回目,MBSE検討1回目,,JPN,4WD,,2,UU3:MIZOKOSHI KANATA,2,SElist_[Kei]_JPN_4WD,,W/O,,kg,Variation#8,Variation#8,PRMV0082675,性能検討用走行抵抗式(ePT連れ回り排除),熱TowingIP,－,C7A0743743214D49AE5FFB6973444FCE,PT構想審査,
2,A6477032A45149E2A8A77C076FE96620,1,0,PRMV0082676 性能検討用走行抵抗式(ePT連れ回り排除) 熱低温性能A0 －,A,45540.19409,0,0,EntryCondition,MBSE検討1回目,MBSE検討1回目,,JPN,4WD,,2,UU3:MIZOKOSHI KANATA,2,SElist_[Kei]_JPN_4WD,,n,,N,Variation#8,Variation#8,PRMV0082676,性能検討用走行抵抗式(ePT連れ回り排除),熱低温性能A0,－,C7A0743743214D49AE5FFB6973444FCE,PT構想審査,
2,8B03EF46C381450D980105F0E4E580E3,1,0,PRMV0082677 性能検討用走行抵抗式(ePT連れ回り排除) 熱低温性能A1 －,A,45540.1941,0,0,EntryCondition,MBSE検討1回目,MBSE検討1回目,,JPN,4WD,,2,UU3:MIZOKOSHI KANATA,2,SElist_[Kei]_JPN_4WD,,n,,N/kph,Variation#8,Variation#8,PRMV0082677,性能検討用走行抵抗式(ePT連れ回り排除),熱低温性能A1,－,C7A0743743214D49AE5FFB6973444FCE,PT構想審査,
2,ED854406F0B94DCDB2A626DD31F4537D,1,0,PRMV0082678 性能検討用走行抵抗式(ePT連れ回り排除) 熱低温性能A2 －,A,45540.1941,0,0,EntryCondition,MBSE検討1回目,MBSE検討1回目,,JPN,4WD,,2,UU3:MIZOKOSHI KANATA,2,SElist_[Kei]_JPN_4WD,,n,,N/kph#00B2,Variation#8,Variation#8,PRMV0082678,性能検討用走行抵抗式(ePT連れ回り排除),熱低温性能A2,－,C7A0743743214D49AE5FFB6973444FCE,PT構想審査,
2,04D6C5F70D1947D2B4BEBCE99C992DEA,1,0,PRMV0082679 性能検討用走行抵抗式(ePT連れ回り排除) 熱低温性能IP －,A,45540.19411,0,0,EntryCondition,MBSE検討1回目,MBSE検討1回目,,JPN,4WD,,2,UU3:MIZOKOSHI KANATA,2,SElist_[Kei]_JPN_4WD,,n,,kg,Variation#8,Variation#8,PRMV0082679,性能検討用走行抵抗式(ePT連れ回り排除),熱低温性能IP,－,C7A0743743214D49AE5FFB6973444FCE,PT構想審査,
2,4DE9B8E171424C7F8BEBB5029F78A6F3,1,0,PRMV0082680 ePT 最高システム総合出力(公称） －,A,45540.19412,0,0,EntryCondition,MBSE検討1回目,MBSE検討1回目,,JPN,4WD,,2,UU3:MIZOKOSHI KANATA,2,SElist_[Kei]_JPN_4WD,,－,,kW,Variation#8,Variation#8,PRMV0082680,ePT,最高システム総合出力(公称）,－,C7A0743743214D49AE5FFB6973444FCE,PT構想審査,
2,B60A0CB41B6F44A39C8B58303C178100,1,0,PRMV0082681 ePT FR MOTイナーシャ －,A,45540.19412,0,0,EntryCondition,MBSE検討1回目,MBSE検討1回目,,JPN,4WD,,2,UU3:MIZOKOSHI KANATA,2,SElist_[Kei]_JPN_4WD,,n,,kgm#00B2,Variation#8,Variation#8,PRMV0082681,ePT,FR MOTイナーシャ,－,C7A0743743214D49AE5FFB6973444FCE,PT構想審査,
2,E67D33B8E89C4D20816359554D3633B2,1,0,PRMV0082682 ePT FR GBイナーシャ #8,A,45540.19413,0,0,EntryCondition,MBSE検討1回目,MBSE検討1回目,,JPN,4WD,,2,UU3:MIZOKOSHI KANATA,2,SElist_[Kei]_JPN_4WD,,0.134(DIFF軸上),,kgm#00B2,Variation#8,Variation#8,PRMV0082682,ePT,FR GBイナーシャ,#8,C7A0743743214D49AE5FFB6973444FCE,PT構想審査,
2,D96E93BA0880487FAD47383652EEFC25,1,0,PRMV0082683 ePT RR MOTイナーシャ －,A,45540.19413,0,0,EntryCondition,MBSE検討1回目,MBSE検討1回目,,JPN,4WD,,2,UU3:MIZOKOSHI KANATA,2,SElist_[Kei]_JPN_4WD,,n,,kgm#00B2,Variation#8,Variation#8,PRMV0082683,ePT,RR MOTイナーシャ,－,C7A0743743214D49AE5FFB6973444FCE,PT構想審査,
2,367643A642D949FD826DA0A9B400AACF,1,0,PRMV0082684 ePT RR GBイナーシャ #8,A,45540.19414,0,0,EntryCondition,MBSE検討1回目,MBSE検討1回目,,JPN,4WD,,2,UU3:MIZOKOSHI KANATA,2,SElist_[Kei]_JPN_4WD,,0.069(DIFF軸上),,kgm#00B2,Variation#8,Variation#8,PRMV0082684,ePT,RR GBイナーシャ,#8,C7A0743743214D49AE5FFB6973444FCE,PT構想審査,
2,9E75F7AEE5FE45F5842C9F078B68EAF1,1,0,PRMV0082685 ePT FR MOT制限設定トルク上限(第一象限) #8,A,45540.19414,0,0,EntryCondition,MBSE検討1回目,MBSE検討1回目,,JPN,4WD,,2,UU3:MIZOKOSHI KANATA,2,SElist_[Kei]_JPN_4WD,,95,,Nm,Variation#8,Variation#8,PRMV0082685,ePT,FR MOT制限設定トルク上限(第一象限),#8,C7A0743743214D49AE5FFB6973444FCE,PT構想審査,
2,4BF6146CB3B94CCEBCF6BAEE5899221B,1,0,PRMV0082686 ePT FR MOT制限設定トルク下限(第四象限) #8,A,45540.19416,0,0,EntryCondition,MBSE検討1回目,MBSE検討1回目,,JPN,4WD,,2,UU3:MIZOKOSHI KANATA,2,SElist_[Kei]_JPN_4WD,,-95,,Nm,Variation#8,Variation#8,PRMV0082686,ePT,FR MOT制限設定トルク下限(第四象限),#8,C7A0743743214D49AE5FFB6973444FCE,PT構想審査,
2,0B02805682284A2286A2D87200783579,1,0,PRMV0082687 ePT FR GB減速比 #8,A,45540.19417,0,0,EntryCondition,MBSE検討1回目,MBSE検討1回目,,JPN,4WD,,2,UU3:MIZOKOSHI KANATA,2,SElist_[Kei]_JPN_4WD,,12.728,,－,Variation#8,Variation#8,PRMV0082687,ePT,FR GB減速比,#8,C7A0743743214D49AE5FFB6973444FCE,PT構想審査,
2,92909120BB604349A5A8E6F217E652F9,1,0,PRMV0082688 ePT RR MOT制限設定トルク上限(第一象限) #8,A,45540.19417,0,0,EntryCondition,MBSE検討1回目,MBSE検討1回目,,JPN,4WD,,2,UU3:MIZOKOSHI KANATA,2,SElist_[Kei]_JPN_4WD,,95,,Nm,Variation#8,Variation#8,PRMV0082688,ePT,RR MOT制限設定トルク上限(第一象限),#8,C7A0743743214D49AE5FFB6973444FCE,PT構想審査,
2,08477FB6ED004BBA8F50BB323DE22A1D,1,0,PRMV0082689 ePT RR MOT制限設定トルク下限(第四象限) #8,A,45540.19418,0,0,EntryCondition,MBSE検討1回目,MBSE検討1回目,,JPN,4WD,,2,UU3:MIZOKOSHI KANATA,2,SElist_[Kei]_JPN_4WD,,-95,,Nm,Variation#8,Variation#8,PRMV0082689,ePT,RR MOT制限設定トルク下限(第四象限),#8,C7A0743743214D49AE5FFB6973444FCE,PT構想審査,
2,B7F3784A7F8A4D73B02B1A5979AC264A,1,0,PRMV0082690 ePT RR GB減速比 #8,A,45540.19418,0,0,EntryCondition,MBSE検討1回目,MBSE検討1回目,,JPN,4WD,,2,UU3:MIZOKOSHI KANATA,2,SElist_[Kei]_JPN_4WD,,11.636,,－,Variation#8,Variation#8,PRMV0082690,ePT,RR GB減速比,#8,C7A0743743214D49AE5FFB6973444FCE,PT構想審査,
2,89D714DF81A74792BA6B8B7F555D25C2,1,0,PRMV0082691 ドライブシャフト FR右ドライブシャフトイナーシャ －,A,45540.19419,0,0,EntryCondition,MBSE検討1回目,MBSE検討1回目,,JPN,4WD,,2,UU3:MIZOKOSHI KANATA,2,SElist_[Kei]_JPN_4WD,,1.853×10^-3,,kgm#00B2,Variation#8,Variation#8,PRMV0082691,ドライブシャフト,FR右ドライブシャフトイナーシャ,－,C7A0743743214D49AE5FFB6973444FCE,PT構想審査,
2,1CD8BD97DE464250ADEE26E1C80617A9,1,0,PRMV0082692 ドライブシャフト FR左ドライブシャフトイナーシャ －,A,45540.1942,0,0,EntryCondition,MBSE検討1回目,MBSE検討1回目,,JPN,4WD,,2,UU3:MIZOKOSHI KANATA,2,SElist_[Kei]_JPN_4WD,,1.844×10^-3,,kgm#00B2,Variation#8,Variation#8,PRMV0082692,ドライブシャフト,FR左ドライブシャフトイナーシャ,－,C7A0743743214D49AE5FFB6973444FCE,PT構想審査,
2,A586ED713E144F1EBA1E6DC013940F11,1,0,PRMV0082693 ドライブシャフト RR右ドライブシャフトイナーシャ －,A,45540.1942,0,0,EntryCondition,MBSE検討1回目,MBSE検討1回目,,JPN,4WD,,2,UU3:MIZOKOSHI KANATA,2,SElist_[Kei]_JPN_4WD,,1.853×10^-3,,kgm#00B2,Variation#8,Variation#8,PRMV0082693,ドライブシャフト,RR右ドライブシャフトイナーシャ,－,C7A0743743214D49AE5FFB6973444FCE,PT構想審査,
2,E1C74DAA10E144ED8174EF77141EDA65,1,0,PRMV0082694 ドライブシャフト RR左ドライブシャフトイナーシャ －,A,45540.19421,0,0,EntryCondition,MBSE検討1回目,MBSE検討1回目,,JPN,4WD,,2,UU3:MIZOKOSHI KANATA,2,SElist_[Kei]_JPN_4WD,,1.837×10^-3,,kgm#00B2,Variation#8,Variation#8,PRMV0082694,ドライブシャフト,RR左ドライブシャフトイナーシャ,－,C7A0743743214D49AE5FFB6973444FCE,PT構想審査,
2,F74368C3B2FD4A04B98521BE507304F2,1,0,"PRMV0082695 DCDC DCDC効率(走行時弱電220W,355V入力(SOC20%),13V出力) －",A,45540.19421,0,0,EntryCondition,MBSE検討1回目,MBSE検討1回目,,JPN,4WD,,2,UU3:MIZOKOSHI KANATA,2,SElist_[Kei]_JPN_4WD,,75,,%,Variation#8,Variation#8,PRMV0082695,DCDC,"DCDC効率(走行時弱電220W,355V入力(SOC20%),13V出力)",－,C7A0743743214D49AE5FFB6973444FCE,PT構想審査,
2,986EDC806D5C48F9BFDB1708A3FCC336,1,0,PRMV0082696 LV BATT 消費電力(電費試験時WLTCモード) －,A,45540.19422,0,0,EntryCondition,MBSE検討1回目,MBSE検討1回目,,JPN,4WD,,2,UU3:MIZOKOSHI KANATA,2,SElist_[Kei]_JPN_4WD,,n,,kW,Variation#8,Variation#8,PRMV0082696,LV BATT,消費電力(電費試験時WLTCモード),－,C7A0743743214D49AE5FFB6973444FCE,PT構想審査,
2,7E06FE73254043FD8F7A03C25BC02158,1,0,PRMV0082697 HV BATT 直列セル数 －,A,45540.19422,0,0,EntryCondition,MBSE検討1回目,MBSE検討1回目,,JPN,4WD,,2,UU3:MIZOKOSHI KANATA,2,SElist_[Kei]_JPN_4WD,,96,,cell,Variation#8,Variation#8,PRMV0082697,HV BATT,直列セル数,－,C7A0743743214D49AE5FFB6973444FCE,PT構想審査,
2,736F146E2E9F48B0A11AF29E86B9A895,1,0,PRMV0082698 HV BATT 並列セル数 －,A,45540.19424,0,0,EntryCondition,MBSE検討1回目,MBSE検討1回目,,JPN,4WD,,2,UU3:MIZOKOSHI KANATA,2,SElist_[Kei]_JPN_4WD,,1,,para,Variation#8,Variation#8,PRMV0082698,HV BATT,並列セル数,－,C7A0743743214D49AE5FFB6973444FCE,PT構想審査,
2,9A732C7490094E9F8F704A745E1687BA,1,0,PRMV0082699 HV BATT セル容量 －,A,45540.19424,0,0,EntryCondition,MBSE検討1回目,MBSE検討1回目,,JPN,4WD,,2,UU3:MIZOKOSHI KANATA,2,SElist_[Kei]_JPN_4WD,,72(usable),,Ah,Variation#8,Variation#8,PRMV0082699,HV BATT,セル容量,－,C7A0743743214D49AE5FFB6973444FCE,PT構想審査,
2,D3E7FF95BCCA4FC6886E8BC5C4B7E11C,1,0,PRMV0082700 HV BATT パック繋ぎ抵抗 －,A,45540.19425,0,0,EntryCondition,MBSE検討1回目,MBSE検討1回目,,JPN,4WD,,2,UU3:MIZOKOSHI KANATA,2,SElist_[Kei]_JPN_4WD,,0.01(TBD),,Ω,Variation#8,Variation#8,PRMV0082700,HV BATT,パック繋ぎ抵抗,－,C7A0743743214D49AE5FFB6973444FCE,PT構想審査,
2,7A59155DF5964D37BD4D454845FB2849,1,0,PRMV0082701 HV BATT DCハーネスの抵抗 －,A,45540.19426,0,0,EntryCondition,MBSE検討1回目,MBSE検討1回目,,JPN,4WD,,2,UU3:MIZOKOSHI KANATA,2,SElist_[Kei]_JPN_4WD,,TBD,,Ω,Variation#8,Variation#8,PRMV0082701,HV BATT,DCハーネスの抵抗,－,C7A0743743214D49AE5FFB6973444FCE,PT構想審査,
2,95303A433A3A46A1A400404122E2D304,1,0,PRMV0082702 Vehicle Weight Min.C.W. －,A,45540.19426,0,0,EntryCondition,MBSE検討1回目,MBSE検討1回目,,JPN,4WD,,2,UU3:MIZOKOSHI KANATA,2,SElist_[Kei]_JPN_4WD,,1198,,kg,Variation#16,Variation#16,PRMV0082702,Vehicle Weight,Min.C.W.,－,C7A0743743214D49AE5FFB6973444FCE,PT構想審査,
2,3D62DB740D194D36BBB85A9A33608530,1,0,PRMV0082703 Vehicle Weight Max.C.W. －,A,45540.19427,0,0,EntryCondition,MBSE検討1回目,MBSE検討1回目,,JPN,4WD,,2,UU3:MIZOKOSHI KANATA,2,SElist_[Kei]_JPN_4WD,,1205,,kg,Variation#16,Variation#16,PRMV0082703,Vehicle Weight,Max.C.W.,－,C7A0743743214D49AE5FFB6973444FCE,PT構想審査,
2,6DECE276693D441A9E3EC91A592379ED,1,0,PRMV0082704 Vehicle Weight スペアタイヤ&工具  －,A,45540.19427,0,0,EntryCondition,MBSE検討1回目,MBSE検討1回目,,JPN,4WD,,2,UU3:MIZOKOSHI KANATA,2,SElist_[Kei]_JPN_4WD,,1.6,,kg,Variation#16,Variation#16,PRMV0082704,Vehicle Weight,スペアタイヤ&工具 ,－,C7A0743743214D49AE5FFB6973444FCE,PT構想審査,
2,C483B25266CA4C1BB4D69798EE468EA9,1,0,PRMV0082705 Vehicle Weight EPA届出重量 －,A,45540.19428,0,0,EntryCondition,MBSE検討1回目,MBSE検討1回目,,JPN,4WD,,2,UU3:MIZOKOSHI KANATA,2,SElist_[Kei]_JPN_4WD,,no App,,kg,Variation#16,Variation#16,PRMV0082705,Vehicle Weight,EPA届出重量,－,C7A0743743214D49AE5FFB6973444FCE,PT構想審査,
2,E07082519DBF4020BC6DE85BD4906634,1,0,PRMV0082706 Vehicle Severe Weight PTW or GVWR －,A,45540.19428,0,0,EntryCondition,MBSE検討1回目,MBSE検討1回目,,JPN,4WD,,2,UU3:MIZOKOSHI KANATA,2,SElist_[Kei]_JPN_4WD,,1448,,kg,Variation#16,Variation#16,PRMV0082706,Vehicle Severe Weight,PTW or GVWR,－,C7A0743743214D49AE5FFB6973444FCE,PT構想審査,
2,D3F627BA879940D0A8B0ED04B9DA3FA6,1,0,PRMV0082707 Vehicle Severe Weight GAWR FR －,A,45540.19429,0,0,EntryCondition,MBSE検討1回目,MBSE検討1回目,,JPN,4WD,,2,UU3:MIZOKOSHI KANATA,2,SElist_[Kei]_JPN_4WD,,n,,kg,Variation#16,Variation#16,PRMV0082707,Vehicle Severe Weight,GAWR FR,－,C7A0743743214D49AE5FFB6973444FCE,PT構想審査,
2,D050E31D4295467799228EA3D18BEF53,1,0,PRMV0082708 Vehicle Severe Weight GAWR RR －,A,45540.19429,0,0,EntryCondition,MBSE検討1回目,MBSE検討1回目,,JPN,4WD,,2,UU3:MIZOKOSHI KANATA,2,SElist_[Kei]_JPN_4WD,,n,,kg,Variation#16,Variation#16,PRMV0082708,Vehicle Severe Weight,GAWR RR,－,C7A0743743214D49AE5FFB6973444FCE,PT構想審査,
2,F42EED6347634E7585173841F8AFE384,1,0,PRMV0082709 Vehicle Severe Weight Towing －,A,45540.19431,0,0,EntryCondition,MBSE検討1回目,MBSE検討1回目,,JPN,4WD,,2,UU3:MIZOKOSHI KANATA,2,SElist_[Kei]_JPN_4WD,,no App,,kg,Variation#16,Variation#16,PRMV0082709,Vehicle Severe Weight,Towing,－,C7A0743743214D49AE5FFB6973444FCE,PT構想審査,
2,5D65AB5547724D00836A5DC7D2C4224A,1,0,PRMV0082710 空力 Cd  －,A,45540.19432,0,0,EntryCondition,MBSE検討1回目,MBSE検討1回目,,JPN,4WD,,2,UU3:MIZOKOSHI KANATA,2,SElist_[Kei]_JPN_4WD,,0.398,,－,Variation#16,Variation#16,PRMV0082710,空力,Cd ,－,C7A0743743214D49AE5FFB6973444FCE,PT構想審査,
2,E19C4EBFCC414B42A07D5C8561CE8DFC,1,0,PRMV0082711 空力 A －,A,45540.19432,0,0,EntryCondition,MBSE検討1回目,MBSE検討1回目,,JPN,4WD,,2,UU3:MIZOKOSHI KANATA,2,SElist_[Kei]_JPN_4WD,,2.2071,,m#00B2,Variation#16,Variation#16,PRMV0082711,空力,A,－,C7A0743743214D49AE5FFB6973444FCE,PT構想審査,
2,82C0C132AA09416BAEFCF155D2869E40,1,0,PRMV0082712 空力 ΔCd (AGS閉→全開) －,A,45540.19433,0,0,EntryCondition,MBSE検討1回目,MBSE検討1回目,,JPN,4WD,,2,UU3:MIZOKOSHI KANATA,2,SElist_[Kei]_JPN_4WD,,n,,－,Variation#16,Variation#16,PRMV0082712,空力,ΔCd (AGS閉→全開),－,C7A0743743214D49AE5FFB6973444FCE,PT構想審査,
2,A1A97B1975EC4A5285B0B438569DDE8C,1,0,PRMV0082713 空力 Grill shutter車速閾値 高速側 (閉→開)/(開→閉) －,A,45540.19434,0,0,EntryCondition,MBSE検討1回目,MBSE検討1回目,,JPN,4WD,,2,UU3:MIZOKOSHI KANATA,2,SElist_[Kei]_JPN_4WD,,n,,kph,Variation#16,Variation#16,PRMV0082713,空力,Grill shutter車速閾値 高速側 (閉→開)/(開→閉),－,C7A0743743214D49AE5FFB6973444FCE,PT構想審査,
2,29B7A86268AA41BDBDD56FB35EE0D867,1,0,PRMV0082714 空力 Grill shutter車速閾値 低速側 (閉→開)/(開→閉) －,A,45540.19434,0,0,EntryCondition,MBSE検討1回目,MBSE検討1回目,,JPN,4WD,,2,UU3:MIZOKOSHI KANATA,2,SElist_[Kei]_JPN_4WD,,n,,kph,Variation#16,Variation#16,PRMV0082714,空力,Grill shutter車速閾値 低速側 (閉→開)/(開→閉),－,C7A0743743214D49AE5FFB6973444FCE,PT構想審査,
2,6DD117AEA19849E3947CE91052651AD5,1,0,PRMV0082715 タイヤ FRサイズ －,A,45540.19435,0,0,EntryCondition,MBSE検討1回目,MBSE検討1回目,,JPN,4WD,,2,UU3:MIZOKOSHI KANATA,2,SElist_[Kei]_JPN_4WD,,165/60R15,,－,Variation#16,Variation#16,PRMV0082715,タイヤ,FRサイズ,－,C7A0743743214D49AE5FFB6973444FCE,PT構想審査,
2,7BAB5EEDF2034EB4B62416DA72915F30,1,0,PRMV0082716 タイヤ FR動半径 －,A,45540.19435,0,0,EntryCondition,MBSE検討1回目,MBSE検討1回目,,JPN,4WD,,2,UU3:MIZOKOSHI KANATA,2,SElist_[Kei]_JPN_4WD,,0.278,,m,Variation#16,Variation#16,PRMV0082716,タイヤ,FR動半径,－,C7A0743743214D49AE5FFB6973444FCE,PT構想審査,
2,ED0407D330F74D5F9C03C5040BCA74C9,1,0,"PRMV0082717 タイヤ FR RRC (ISO 28560 80kmh,210kPa) －",A,45540.19436,0,0,EntryCondition,MBSE検討1回目,MBSE検討1回目,,JPN,4WD,,2,UU3:MIZOKOSHI KANATA,2,SElist_[Kei]_JPN_4WD,,7.2,,－,Variation#16,Variation#16,PRMV0082717,タイヤ,"FR RRC (ISO 28560 80kmh,210kPa)",－,C7A0743743214D49AE5FFB6973444FCE,PT構想審査,
2,50595B25CBC244F38D253FF513CA7D08,1,0,PRMV0082718 タイヤ FR RRC (車両状態) －,A,45540.19438,0,0,EntryCondition,MBSE検討1回目,MBSE検討1回目,,JPN,4WD,,2,UU3:MIZOKOSHI KANATA,2,SElist_[Kei]_JPN_4WD,,68,,－,Variation#16,Variation#16,PRMV0082718,タイヤ,FR RRC (車両状態),－,C7A0743743214D49AE5FFB6973444FCE,PT構想審査,
2,4DBFC54AD1644ABB99DB4621427BD606,1,0,PRMV0082719 タイヤ FR RRC (車両状態)空気圧 －,A,45540.19438,0,0,EntryCondition,MBSE検討1回目,MBSE検討1回目,,JPN,4WD,,2,UU3:MIZOKOSHI KANATA,2,SElist_[Kei]_JPN_4WD,,240,,kPa,Variation#16,Variation#16,PRMV0082719,タイヤ,FR RRC (車両状態)空気圧,－,C7A0743743214D49AE5FFB6973444FCE,PT構想審査,
2,D08FA5F7FF264A04B5722CAF55081047,1,0,PRMV0082720 タイヤ FR イナーシャ(1本)  －,A,45540.19439,0,0,EntryCondition,MBSE検討1回目,MBSE検討1回目,,JPN,4WD,,2,UU3:MIZOKOSHI KANATA,2,SElist_[Kei]_JPN_4WD,,0.53,,kgm#00B2,Variation#16,Variation#16,PRMV0082720,タイヤ,FR イナーシャ(1本) ,－,C7A0743743214D49AE5FFB6973444FCE,PT構想審査,
2,890AD0D7E11B4E198E204ABCCEC0B97B,1,0,PRMV0082721 タイヤ RRサイズ －,A,45540.19439,0,0,EntryCondition,MBSE検討1回目,MBSE検討1回目,,JPN,4WD,,2,UU3:MIZOKOSHI KANATA,2,SElist_[Kei]_JPN_4WD,,165/60R15,,－,Variation#16,Variation#16,PRMV0082721,タイヤ,RRサイズ,－,C7A0743743214D49AE5FFB6973444FCE,PT構想審査,
2,08422725167A4D879733E0A26213DEAE,1,0,PRMV0082722 タイヤ RR動半径 －,A,45540.1944,0,0,EntryCondition,MBSE検討1回目,MBSE検討1回目,,JPN,4WD,,2,UU3:MIZOKOSHI KANATA,2,SElist_[Kei]_JPN_4WD,,0.278,,m,Variation#16,Variation#16,PRMV0082722,タイヤ,RR動半径,－,C7A0743743214D49AE5FFB6973444FCE,PT構想審査,
2,86F45DD1687A41ED9223885032DC979A,1,0,"PRMV0082723 タイヤ RR RRC (ISO 28560 80kmh,210kPa) －",A,45540.1944,0,0,EntryCondition,MBSE検討1回目,MBSE検討1回目,,JPN,4WD,,2,UU3:MIZOKOSHI KANATA,2,SElist_[Kei]_JPN_4WD,,n,,－,Variation#16,Variation#16,PRMV0082723,タイヤ,"RR RRC (ISO 28560 80kmh,210kPa)",－,C7A0743743214D49AE5FFB6973444FCE,PT構想審査,
2,575AEF70492D4959B046E1E6EA0431E7,1,0,PRMV0082724 タイヤ RR RRC (車両状態) －,A,45540.19441,0,0,EntryCondition,MBSE検討1回目,MBSE検討1回目,,JPN,4WD,,2,UU3:MIZOKOSHI KANATA,2,SElist_[Kei]_JPN_4WD,,68,,－,Variation#16,Variation#16,PRMV0082724,タイヤ,RR RRC (車両状態),－,C7A0743743214D49AE5FFB6973444FCE,PT構想審査,
2,666B123FE0014108940DA81D6D866AFF,1,0,PRMV0082725 タイヤ RR RRC (車両状態)空気圧 －,A,45540.19442,0,0,EntryCondition,MBSE検討1回目,MBSE検討1回目,,JPN,4WD,,2,UU3:MIZOKOSHI KANATA,2,SElist_[Kei]_JPN_4WD,,240,,kPa,Variation#16,Variation#16,PRMV0082725,タイヤ,RR RRC (車両状態)空気圧,－,C7A0743743214D49AE5FFB6973444FCE,PT構想審査,
2,B7967529BCB442CFB0B3F440C85A9005,1,0,PRMV0082726 タイヤ RR イナーシャ(1本)  －,A,45540.19442,0,0,EntryCondition,MBSE検討1回目,MBSE検討1回目,,JPN,4WD,,2,UU3:MIZOKOSHI KANATA,2,SElist_[Kei]_JPN_4WD,,0.53,,kgm#00B2,Variation#16,Variation#16,PRMV0082726,タイヤ,RR イナーシャ(1本) ,－,C7A0743743214D49AE5FFB6973444FCE,PT構想審査,
2,8D5D98EDE26F47D5BC0329EB6D96214C,1,0,PRMV0082727 ホイール 仕様 －,A,45540.19443,0,0,EntryCondition,MBSE検討1回目,MBSE検討1回目,,JPN,4WD,,2,UU3:MIZOKOSHI KANATA,2,SElist_[Kei]_JPN_4WD,,n,,－,Variation#16,Variation#16,PRMV0082727,ホイール,仕様,－,C7A0743743214D49AE5FFB6973444FCE,PT構想審査,
2,971DD87CDED1473294313ACCDD18042F,1,0,PRMV0082728 ホイール イナーシャ(1本) －,A,45540.19443,0,0,EntryCondition,MBSE検討1回目,MBSE検討1回目,,JPN,4WD,,2,UU3:MIZOKOSHI KANATA,2,SElist_[Kei]_JPN_4WD,,no App,,kgm#00B2,Variation#16,Variation#16,PRMV0082728,ホイール,イナーシャ(1本),－,C7A0743743214D49AE5FFB6973444FCE,PT構想審査,
2,1C2AD0F65E184E13BC19D9E62F6D6741,1,0,PRMV0082729 HUB Total引き摺りトルク (@80km/h) －,A,45540.19444,0,0,EntryCondition,MBSE検討1回目,MBSE検討1回目,,JPN,4WD,,2,UU3:MIZOKOSHI KANATA,2,SElist_[Kei]_JPN_4WD,,3.86,,Nm/veh,Variation#16,Variation#16,PRMV0082729,HUB,Total引き摺りトルク (@80km/h),－,C7A0743743214D49AE5FFB6973444FCE,PT構想審査,
2,A13DBDD3B7E243EC9DF901AD64079EA9,1,0,PRMV0082730 HUB FR 引き摺りトルク (@80km/h) －,A,45540.19444,0,0,EntryCondition,MBSE検討1回目,MBSE検討1回目,,JPN,4WD,,2,UU3:MIZOKOSHI KANATA,2,SElist_[Kei]_JPN_4WD,,Totalに含む,,Nm/veh,Variation#16,Variation#16,PRMV0082730,HUB,FR 引き摺りトルク (@80km/h),－,C7A0743743214D49AE5FFB6973444FCE,PT構想審査,
2,3882F8A141DD4AA58B9829847EBE42FD,1,0,PRMV0082731 HUB RR 引き摺りトルク (@80km/h) －,A,45540.19446,0,0,EntryCondition,MBSE検討1回目,MBSE検討1回目,,JPN,4WD,,2,UU3:MIZOKOSHI KANATA,2,SElist_[Kei]_JPN_4WD,,Totalに含む,,Nm/veh,Variation#16,Variation#16,PRMV0082731,HUB,RR 引き摺りトルク (@80km/h),－,C7A0743743214D49AE5FFB6973444FCE,PT構想審査,
2,1683FA4010DB46BBA8AC4D94A45D1D3E,1,0,PRMV0082732 HUB FR イナーシャ －,A,45540.19447,0,0,EntryCondition,MBSE検討1回目,MBSE検討1回目,,JPN,4WD,,2,UU3:MIZOKOSHI KANATA,2,SElist_[Kei]_JPN_4WD,,n,,kgm#00B2,Variation#16,Variation#16,PRMV0082732,HUB,FR イナーシャ,－,C7A0743743214D49AE5FFB6973444FCE,PT構想審査,
2,57DD6A270B704386BDF5B6D51EA1AC38,1,0,PRMV0082733 HUB RR イナーシャ －,A,45540.19447,0,0,EntryCondition,MBSE検討1回目,MBSE検討1回目,,JPN,4WD,,2,UU3:MIZOKOSHI KANATA,2,SElist_[Kei]_JPN_4WD,,n,,kgm#00B2,Variation#16,Variation#16,PRMV0082733,HUB,RR イナーシャ,－,C7A0743743214D49AE5FFB6973444FCE,PT構想審査,
2,5D5F4AD7D8F74DA6A72AA6ECC1620787,1,0,PRMV0082734 ブレーキ 引き摺りトルク (＠経験圧3Mpa)  －,A,45540.19448,0,0,EntryCondition,MBSE検討1回目,MBSE検討1回目,,JPN,4WD,,2,UU3:MIZOKOSHI KANATA,2,SElist_[Kei]_JPN_4WD,,2.1,,Nm/veh,Variation#16,Variation#16,PRMV0082734,ブレーキ,引き摺りトルク (＠経験圧3Mpa) ,－,C7A0743743214D49AE5FFB6973444FCE,PT構想審査,
2,F61B134857674368A5865ADA0555F129,1,0,PRMV0082735 ブレーキ FR引き摺りトルク (経験圧3Mpa＠60kph) －,A,45540.19448,0,0,EntryCondition,MBSE検討1回目,MBSE検討1回目,,JPN,4WD,,2,UU3:MIZOKOSHI KANATA,2,SElist_[Kei]_JPN_4WD,,－,,Nm/veh,Variation#16,Variation#16,PRMV0082735,ブレーキ,FR引き摺りトルク (経験圧3Mpa＠60kph),－,C7A0743743214D49AE5FFB6973444FCE,PT構想審査,
2,B26CEA255225490094303CFC8A7F004F,1,0,PRMV0082736 ブレーキ RR引き摺りトルク(経験圧3Mpa＠60kph) －,A,45540.19449,0,0,EntryCondition,MBSE検討1回目,MBSE検討1回目,,JPN,4WD,,2,UU3:MIZOKOSHI KANATA,2,SElist_[Kei]_JPN_4WD,,－,,Nm/veh,Variation#16,Variation#16,PRMV0082736,ブレーキ,RR引き摺りトルク(経験圧3Mpa＠60kph),－,C7A0743743214D49AE5FFB6973444FCE,PT構想審査,
2,67311BBF89854F5B94BC19B4819DC4DC,1,0,PRMV0082737 ブレーキ FRイナーシャ －,A,45540.1945,0,0,EntryCondition,MBSE検討1回目,MBSE検討1回目,,JPN,4WD,,2,UU3:MIZOKOSHI KANATA,2,SElist_[Kei]_JPN_4WD,,0,,kgm#00B2,Variation#16,Variation#16,PRMV0082737,ブレーキ,FRイナーシャ,－,C7A0743743214D49AE5FFB6973444FCE,PT構想審査,
2,E6C11122C875414C822A12EABEFA4614,1,0,PRMV0082738 ブレーキ RRイナーシャ －,A,45540.1945,0,0,EntryCondition,MBSE検討1回目,MBSE検討1回目,,JPN,4WD,,2,UU3:MIZOKOSHI KANATA,2,SElist_[Kei]_JPN_4WD,,0,,kgm#00B2,Variation#16,Variation#16,PRMV0082738,ブレーキ,RRイナーシャ,－,C7A0743743214D49AE5FFB6973444FCE,PT構想審査,
2,6BF70697BD3F45EC93F16AD2AB5EA365,1,0,PRMV0082739 車両姿勢 グランドクリアランスMin －,A,45540.19451,0,0,EntryCondition,MBSE検討1回目,MBSE検討1回目,,JPN,4WD,,2,UU3:MIZOKOSHI KANATA,2,SElist_[Kei]_JPN_4WD,,n,,mm,Variation#16,Variation#16,PRMV0082739,車両姿勢,グランドクリアランスMin,－,C7A0743743214D49AE5FFB6973444FCE,PT構想審査,
2,144DE30E4BD34768BBCA762BDA0D5990,1,0,PRMV0082740 Test Weight 航続距離試験(ETW)Total －,A,45540.19451,0,0,EntryCondition,MBSE検討1回目,MBSE検討1回目,,JPN,4WD,,2,UU3:MIZOKOSHI KANATA,2,SElist_[Kei]_JPN_4WD,,1327.3,,kg,Variation#16,Variation#16,PRMV0082740,Test Weight,航続距離試験(ETW)Total,－,C7A0743743214D49AE5FFB6973444FCE,PT構想審査,
2,E99B6FB199434D009E9515AC9C590267,1,0,PRMV0082741 Test Weight 航続距離試験(ETW)FR －,A,45540.19453,0,0,EntryCondition,MBSE検討1回目,MBSE検討1回目,,JPN,4WD,,2,UU3:MIZOKOSHI KANATA,2,SElist_[Kei]_JPN_4WD,,TBD,,kg,Variation#16,Variation#16,PRMV0082741,Test Weight,航続距離試験(ETW)FR,－,C7A0743743214D49AE5FFB6973444FCE,PT構想審査,
2,4E685BAC007A4E809BF640F9D25DC866,1,0,PRMV0082742 Test Weight 航続距離試験(ETW)RR －,A,45540.19453,0,0,EntryCondition,MBSE検討1回目,MBSE検討1回目,,JPN,4WD,,2,UU3:MIZOKOSHI KANATA,2,SElist_[Kei]_JPN_4WD,,TBD,,kg,Variation#16,Variation#16,PRMV0082742,Test Weight,航続距離試験(ETW)RR,－,C7A0743743214D49AE5FFB6973444FCE,PT構想審査,
2,10F89EC8982349B981FC3191CA6ED8AA,1,0,PRMV0082743 Test Weight 動力当り前性能  －,A,45540.19454,0,0,EntryCondition,MBSE検討1回目,MBSE検討1回目,,JPN,4WD,,2,UU3:MIZOKOSHI KANATA,2,SElist_[Kei]_JPN_4WD,,1418,,kg,Variation#16,Variation#16,PRMV0082743,Test Weight,動力当り前性能 ,－,C7A0743743214D49AE5FFB6973444FCE,PT構想審査,
2,EEE4D38839D84581A7A609B46BEEC003,1,0,PRMV0082744 Test Weight 動力Accerelation －,A,45540.19454,0,0,EntryCondition,MBSE検討1回目,MBSE検討1回目,,JPN,4WD,,2,UU3:MIZOKOSHI KANATA,2,SElist_[Kei]_JPN_4WD,,1343,,kg,Variation#16,Variation#16,PRMV0082744,Test Weight,動力Accerelation,－,C7A0743743214D49AE5FFB6973444FCE,PT構想審査,
2,65AC83369B784D89B0E68BB2F836F3F0,1,0,PRMV0082745 Test Weight 動力Vmax －,A,45540.19455,0,0,EntryCondition,MBSE検討1回目,MBSE検討1回目,,JPN,4WD,,2,UU3:MIZOKOSHI KANATA,2,SElist_[Kei]_JPN_4WD,,1343,,kg,Variation#16,Variation#16,PRMV0082745,Test Weight,動力Vmax,－,C7A0743743214D49AE5FFB6973444FCE,PT構想審査,
2,3829696094EC44E6AE6D06B1E57D4462,1,0,PRMV0082746 Test Weight 熱NEMシビアシーン －,A,45540.19456,0,0,EntryCondition,MBSE検討1回目,MBSE検討1回目,,JPN,4WD,,2,UU3:MIZOKOSHI KANATA,2,SElist_[Kei]_JPN_4WD,,1448,,kg,Variation#16,Variation#16,PRMV0082746,Test Weight,熱NEMシビアシーン,－,C7A0743743214D49AE5FFB6973444FCE,PT構想審査,
2,1E4CE25A2BB34C54B40448835DB480FE,1,0,PRMV0082747 Test Weight 熱加減速繰り返し走行 －,A,45540.19456,0,0,EntryCondition,MBSE検討1回目,MBSE検討1回目,,JPN,4WD,,2,UU3:MIZOKOSHI KANATA,2,SElist_[Kei]_JPN_4WD,,1448,,kg,Variation#16,Variation#16,PRMV0082747,Test Weight,熱加減速繰り返し走行,－,C7A0743743214D49AE5FFB6973444FCE,PT構想審査,
2,5BC8C6EB4C384C04A199FE2C9E30AC9C,1,0,PRMV0082748 Test Weight 熱Towing －,A,45540.19457,0,0,EntryCondition,MBSE検討1回目,MBSE検討1回目,,JPN,4WD,,2,UU3:MIZOKOSHI KANATA,2,SElist_[Kei]_JPN_4WD,,W/O,,kg,Variation#16,Variation#16,PRMV0082748,Test Weight,熱Towing,－,C7A0743743214D49AE5FFB6973444FCE,PT構想審査,
2,DBE8B798859A414194B8F44769A7799F,1,0,PRMV0082749 Test Weight 熱低温性能 －,A,45540.19457,0,0,EntryCondition,MBSE検討1回目,MBSE検討1回目,,JPN,4WD,,2,UU3:MIZOKOSHI KANATA,2,SElist_[Kei]_JPN_4WD,,1448,,kg,Variation#16,Variation#16,PRMV0082749,Test Weight,熱低温性能,－,C7A0743743214D49AE5FFB6973444FCE,PT構想審査,
2,1B5BD8E2DAD34F8880F063FEDA2ED226,1,0,PRMV0082750 走行抵抗 届出(Target Lset式) A0 －,A,45540.19458,0,0,EntryCondition,MBSE検討1回目,MBSE検討1回目,,JPN,4WD,,2,UU3:MIZOKOSHI KANATA,2,SElist_[Kei]_JPN_4WD,,94.864,,N,Variation#16,Variation#16,PRMV0082750,走行抵抗,届出(Target Lset式) A0,－,C7A0743743214D49AE5FFB6973444FCE,PT構想審査,
2,C49953840E1B4F14A3875C11A9F9E37F,1,0,PRMV0082751 走行抵抗 届出(Target Lset式) A1 －,A,45540.19458,0,0,EntryCondition,MBSE検討1回目,MBSE検討1回目,,JPN,4WD,,2,UU3:MIZOKOSHI KANATA,2,SElist_[Kei]_JPN_4WD,,-0.663,,N/kph,Variation#16,Variation#16,PRMV0082751,走行抵抗,届出(Target Lset式) A1,－,C7A0743743214D49AE5FFB6973444FCE,PT構想審査,
2,54FAB80D8AD24EFC85E7C53E6636E69D,1,0,PRMV0082752 走行抵抗 届出(Target Lset式) A2 －,A,45540.19459,0,0,EntryCondition,MBSE検討1回目,MBSE検討1回目,,JPN,4WD,,2,UU3:MIZOKOSHI KANATA,2,SElist_[Kei]_JPN_4WD,,0.051,,N/kph#00B2,Variation#16,Variation#16,PRMV0082752,走行抵抗,届出(Target Lset式) A2,－,C7A0743743214D49AE5FFB6973444FCE,PT構想審査,
2,8CF9268473CF49C487C6F1BA0C405367,1,0,PRMV0082753 走行抵抗 届出(Target Lset式) IP －,A,45540.19459,0,0,EntryCondition,MBSE検討1回目,MBSE検討1回目,,JPN,4WD,,2,UU3:MIZOKOSHI KANATA,2,SElist_[Kei]_JPN_4WD,,1327,,lbs,Variation#16,Variation#16,PRMV0082753,走行抵抗,届出(Target Lset式) IP,－,C7A0743743214D49AE5FFB6973444FCE,PT構想審査,
2,1B1F39C27CAB4CCBBF49525F45A5ABF3,1,0,PRMV0082754 性能検討用走行抵抗式(ePT連れ回り排除) 航続距離(C/D車載状態)A0 －,A,45540.19461,0,0,EntryCondition,MBSE検討1回目,MBSE検討1回目,,JPN,4WD,,2,UU3:MIZOKOSHI KANATA,2,SElist_[Kei]_JPN_4WD,,101.08,,N,Variation#16,Variation#16,PRMV0082754,性能検討用走行抵抗式(ePT連れ回り排除),航続距離(C/D車載状態)A0,－,C7A0743743214D49AE5FFB6973444FCE,PT構想審査,
2,7D7FE52D671547ADAD2C3AF10D29F195,1,0,PRMV0082755 性能検討用走行抵抗式(ePT連れ回り排除) 航続距離(C/D車載状態)A1 －,A,45540.19462,0,0,EntryCondition,MBSE検討1回目,MBSE検討1回目,,JPN,4WD,,2,UU3:MIZOKOSHI KANATA,2,SElist_[Kei]_JPN_4WD,,-0.487,,N/kph,Variation#16,Variation#16,PRMV0082755,性能検討用走行抵抗式(ePT連れ回り排除),航続距離(C/D車載状態)A1,－,C7A0743743214D49AE5FFB6973444FCE,PT構想審査,
2,F1B2490385894ED7B96DD32B9F95C297,1,0,PRMV0082756 性能検討用走行抵抗式(ePT連れ回り排除) 航続距離(C/D車載状態)A2 －,A,45540.19462,0,0,EntryCondition,MBSE検討1回目,MBSE検討1回目,,JPN,4WD,,2,UU3:MIZOKOSHI KANATA,2,SElist_[Kei]_JPN_4WD,,0.049,,N/kph#00B2,Variation#16,Variation#16,PRMV0082756,性能検討用走行抵抗式(ePT連れ回り排除),航続距離(C/D車載状態)A2,－,C7A0743743214D49AE5FFB6973444FCE,PT構想審査,
2,8CEA8CD0D8964726B9DD0E36A5C3D13F,1,0,PRMV0082757 性能検討用走行抵抗式(ePT連れ回り排除) 航続距離(C/D車載状態)IP －,A,45540.19463,0,0,EntryCondition,MBSE検討1回目,MBSE検討1回目,,JPN,4WD,,2,UU3:MIZOKOSHI KANATA,2,SElist_[Kei]_JPN_4WD,,1327,,lbs,Variation#16,Variation#16,PRMV0082757,性能検討用走行抵抗式(ePT連れ回り排除),航続距離(C/D車載状態)IP,－,C7A0743743214D49AE5FFB6973444FCE,PT構想審査,
2,895885BEF7F84BA9BC31BA3814C9CDA4,1,0,PRMV0082758 性能検討用走行抵抗式(ePT連れ回り排除) 動力当り前性能A0 －,A,45540.19463,0,0,EntryCondition,MBSE検討1回目,MBSE検討1回目,,JPN,4WD,,2,UU3:MIZOKOSHI KANATA,2,SElist_[Kei]_JPN_4WD,,－,,N,Variation#16,Variation#16,PRMV0082758,性能検討用走行抵抗式(ePT連れ回り排除),動力当り前性能A0,－,C7A0743743214D49AE5FFB6973444FCE,PT構想審査,
2,937DF84FDFF34EF39F8740B65B9E4E8B,1,0,PRMV0082759 性能検討用走行抵抗式(ePT連れ回り排除) 動力当り前性能A1 －,A,45540.19464,0,0,EntryCondition,MBSE検討1回目,MBSE検討1回目,,JPN,4WD,,2,UU3:MIZOKOSHI KANATA,2,SElist_[Kei]_JPN_4WD,,－,,N/kph,Variation#16,Variation#16,PRMV0082759,性能検討用走行抵抗式(ePT連れ回り排除),動力当り前性能A1,－,C7A0743743214D49AE5FFB6973444FCE,PT構想審査,
2,AC5F6E0829F0437684C64EC208048E3D,1,0,PRMV0082760 性能検討用走行抵抗式(ePT連れ回り排除) 動力当り前性能A2 －,A,45540.19464,0,0,EntryCondition,MBSE検討1回目,MBSE検討1回目,,JPN,4WD,,2,UU3:MIZOKOSHI KANATA,2,SElist_[Kei]_JPN_4WD,,－,,N/kph#00B2,Variation#16,Variation#16,PRMV0082760,性能検討用走行抵抗式(ePT連れ回り排除),動力当り前性能A2,－,C7A0743743214D49AE5FFB6973444FCE,PT構想審査,
2,F48D145FB39240FC9D4BDF106C8C5699,1,0,PRMV0082761 性能検討用走行抵抗式(ePT連れ回り排除) 動力当り前性能IP －,A,45540.19465,0,0,EntryCondition,MBSE検討1回目,MBSE検討1回目,,JPN,4WD,,2,UU3:MIZOKOSHI KANATA,2,SElist_[Kei]_JPN_4WD,,1418,,kg,Variation#16,Variation#16,PRMV0082761,性能検討用走行抵抗式(ePT連れ回り排除),動力当り前性能IP,－,C7A0743743214D49AE5FFB6973444FCE,PT構想審査,
2,3945C3ABFA6A4731A7BA246FAD80AFA0,1,0,PRMV0082762 性能検討用走行抵抗式(ePT連れ回り排除) 動力AccerelationA0 －,A,45540.19465,0,0,EntryCondition,MBSE検討1回目,MBSE検討1回目,,JPN,4WD,,2,UU3:MIZOKOSHI KANATA,2,SElist_[Kei]_JPN_4WD,,－,,N,Variation#16,Variation#16,PRMV0082762,性能検討用走行抵抗式(ePT連れ回り排除),動力AccerelationA0,－,C7A0743743214D49AE5FFB6973444FCE,PT構想審査,
2,F96C6703F798407C8AE148F0E7E03165,1,0,PRMV0082763 性能検討用走行抵抗式(ePT連れ回り排除) 動力AccerelationA1 －,A,45540.19466,0,0,EntryCondition,MBSE検討1回目,MBSE検討1回目,,JPN,4WD,,2,UU3:MIZOKOSHI KANATA,2,SElist_[Kei]_JPN_4WD,,－,,N/kph,Variation#16,Variation#16,PRMV0082763,性能検討用走行抵抗式(ePT連れ回り排除),動力AccerelationA1,－,C7A0743743214D49AE5FFB6973444FCE,PT構想審査,
2,8FAE200C5D0B44D28D027D68AEBD1E10,1,0,PRMV0082764 性能検討用走行抵抗式(ePT連れ回り排除) 動力AccerelationA2 －,A,45540.19468,0,0,EntryCondition,MBSE検討1回目,MBSE検討1回目,,JPN,4WD,,2,UU3:MIZOKOSHI KANATA,2,SElist_[Kei]_JPN_4WD,,－,,N/kph#00B2,Variation#16,Variation#16,PRMV0082764,性能検討用走行抵抗式(ePT連れ回り排除),動力AccerelationA2,－,C7A0743743214D49AE5FFB6973444FCE,PT構想審査,
2,5E1FE007E79A47B299A5D268F766610D,1,0,PRMV0082765 性能検討用走行抵抗式(ePT連れ回り排除) 動力AccerelationIP －,A,45540.19468,0,0,EntryCondition,MBSE検討1回目,MBSE検討1回目,,JPN,4WD,,2,UU3:MIZOKOSHI KANATA,2,SElist_[Kei]_JPN_4WD,,1283,,kg,Variation#16,Variation#16,PRMV0082765,性能検討用走行抵抗式(ePT連れ回り排除),動力AccerelationIP,－,C7A0743743214D49AE5FFB6973444FCE,PT構想審査,
2,2983E33469664F3DAB40B9603B19D0C0,1,0,PRMV0082766 性能検討用走行抵抗式(ePT連れ回り排除) 動力VmaxA0 －,A,45540.19469,0,0,EntryCondition,MBSE検討1回目,MBSE検討1回目,,JPN,4WD,,2,UU3:MIZOKOSHI KANATA,2,SElist_[Kei]_JPN_4WD,,－,,N,Variation#16,Variation#16,PRMV0082766,性能検討用走行抵抗式(ePT連れ回り排除),動力VmaxA0,－,C7A0743743214D49AE5FFB6973444FCE,PT構想審査,
2,910CC7D19E604638A5C498DC5FF81299,1,0,PRMV0082767 性能検討用走行抵抗式(ePT連れ回り排除) 動力VmaxA1 －,A,45540.19469,0,0,EntryCondition,MBSE検討1回目,MBSE検討1回目,,JPN,4WD,,2,UU3:MIZOKOSHI KANATA,2,SElist_[Kei]_JPN_4WD,,－,,N/kph,Variation#16,Variation#16,PRMV0082767,性能検討用走行抵抗式(ePT連れ回り排除),動力VmaxA1,－,C7A0743743214D49AE5FFB6973444FCE,PT構想審査,
2,178F5F4111AA4077A837A6789EC4C339,1,0,PRMV0082768 性能検討用走行抵抗式(ePT連れ回り排除) 動力VmaxA2 －,A,45540.1947,0,0,EntryCondition,MBSE検討1回目,MBSE検討1回目,,JPN,4WD,,2,UU3:MIZOKOSHI KANATA,2,SElist_[Kei]_JPN_4WD,,－,,N/kph#00B2,Variation#16,Variation#16,PRMV0082768,性能検討用走行抵抗式(ePT連れ回り排除),動力VmaxA2,－,C7A0743743214D49AE5FFB6973444FCE,PT構想審査,
2,F10475CB938C4154A16789A619C55287,1,0,PRMV0082769 性能検討用走行抵抗式(ePT連れ回り排除) 動力VmaxIP －,A,45540.19471,0,0,EntryCondition,MBSE検討1回目,MBSE検討1回目,,JPN,4WD,,2,UU3:MIZOKOSHI KANATA,2,SElist_[Kei]_JPN_4WD,,1283,,kg,Variation#16,Variation#16,PRMV0082769,性能検討用走行抵抗式(ePT連れ回り排除),動力VmaxIP,－,C7A0743743214D49AE5FFB6973444FCE,PT構想審査,
2,7AFF62246C454EF6B133603DB928B1D9,1,0,PRMV0082770 性能検討用走行抵抗式(ePT連れ回り排除) 熱NEMシビアシーンA0 －,A,45540.19471,0,0,EntryCondition,MBSE検討1回目,MBSE検討1回目,,JPN,4WD,,2,UU3:MIZOKOSHI KANATA,2,SElist_[Kei]_JPN_4WD,,CDxA 0.398x2.19,,別紙,Variation#16,Variation#16,PRMV0082770,性能検討用走行抵抗式(ePT連れ回り排除),熱NEMシビアシーンA0,－,C7A0743743214D49AE5FFB6973444FCE,PT構想審査,
2,104F08981CA54E5DA2A1721536F6AE4B,1,0,PRMV0082771 性能検討用走行抵抗式(ePT連れ回り排除) 熱加減速繰り返し走行A0 －,A,45540.19472,0,0,EntryCondition,MBSE検討1回目,MBSE検討1回目,,JPN,4WD,,2,UU3:MIZOKOSHI KANATA,2,SElist_[Kei]_JPN_4WD,,107.6,,N,Variation#16,Variation#16,PRMV0082771,性能検討用走行抵抗式(ePT連れ回り排除),熱加減速繰り返し走行A0,－,C7A0743743214D49AE5FFB6973444FCE,PT構想審査,
2,DBB0E29059184F7195F85E12DDC1C3D5,1,0,PRMV0082772 性能検討用走行抵抗式(ePT連れ回り排除) 熱加減速繰り返し走行A1 －,A,45540.19472,0,0,EntryCondition,MBSE検討1回目,MBSE検討1回目,,JPN,4WD,,2,UU3:MIZOKOSHI KANATA,2,SElist_[Kei]_JPN_4WD,,-0.46,,N/kph,Variation#16,Variation#16,PRMV0082772,性能検討用走行抵抗式(ePT連れ回り排除),熱加減速繰り返し走行A1,－,C7A0743743214D49AE5FFB6973444FCE,PT構想審査,
2,651EF3E77C1549B0876CEBCA58BA24DC,1,0,PRMV0082773 性能検討用走行抵抗式(ePT連れ回り排除) 熱加減速繰り返し走行A2 －,A,45540.19473,0,0,EntryCondition,MBSE検討1回目,MBSE検討1回目,,JPN,4WD,,2,UU3:MIZOKOSHI KANATA,2,SElist_[Kei]_JPN_4WD,,0.048,,N/kph#00B2,Variation#16,Variation#16,PRMV0082773,性能検討用走行抵抗式(ePT連れ回り排除),熱加減速繰り返し走行A2,－,C7A0743743214D49AE5FFB6973444FCE,PT構想審査,
2,939695D22F574E00A689D6E20D5EB9C7,1,0,PRMV0082774 性能検討用走行抵抗式(ePT連れ回り排除) 熱加減速繰り返し走行IP －,A,45540.19473,0,0,EntryCondition,MBSE検討1回目,MBSE検討1回目,,JPN,4WD,,2,UU3:MIZOKOSHI KANATA,2,SElist_[Kei]_JPN_4WD,,1448,,kg,Variation#16,Variation#16,PRMV0082774,性能検討用走行抵抗式(ePT連れ回り排除),熱加減速繰り返し走行IP,－,C7A0743743214D49AE5FFB6973444FCE,PT構想審査,
2,C119BAF1E26D49119818329FD053EAE7,1,0,PRMV0082775 性能検討用走行抵抗式(ePT連れ回り排除) 熱TowingA0 －,A,45540.19475,0,0,EntryCondition,MBSE検討1回目,MBSE検討1回目,,JPN,4WD,,2,UU3:MIZOKOSHI KANATA,2,SElist_[Kei]_JPN_4WD,,W/O,,N,Variation#16,Variation#16,PRMV0082775,性能検討用走行抵抗式(ePT連れ回り排除),熱TowingA0,－,C7A0743743214D49AE5FFB6973444FCE,PT構想審査,
2,FF741B9816F94A1DAA1867759C0D2AF3,1,0,PRMV0082776 性能検討用走行抵抗式(ePT連れ回り排除) 熱TowingA1 －,A,45540.19476,0,0,EntryCondition,MBSE検討1回目,MBSE検討1回目,,JPN,4WD,,2,UU3:MIZOKOSHI KANATA,2,SElist_[Kei]_JPN_4WD,,W/O,,N/kph,Variation#16,Variation#16,PRMV0082776,性能検討用走行抵抗式(ePT連れ回り排除),熱TowingA1,－,C7A0743743214D49AE5FFB6973444FCE,PT構想審査,
2,817041FCF58E4998A4A07CACE1AED5BB,1,0,PRMV0082777 性能検討用走行抵抗式(ePT連れ回り排除) 熱TowingA2 －,A,45540.19476,0,0,EntryCondition,MBSE検討1回目,MBSE検討1回目,,JPN,4WD,,2,UU3:MIZOKOSHI KANATA,2,SElist_[Kei]_JPN_4WD,,W/O,,N/kph#00B2,Variation#16,Variation#16,PRMV0082777,性能検討用走行抵抗式(ePT連れ回り排除),熱TowingA2,－,C7A0743743214D49AE5FFB6973444FCE,PT構想審査,
2,2C39EC6FC755489DBCD0A5B739B82E55,1,0,PRMV0082778 性能検討用走行抵抗式(ePT連れ回り排除) 熱TowingIP －,A,45540.19477,0,0,EntryCondition,MBSE検討1回目,MBSE検討1回目,,JPN,4WD,,2,UU3:MIZOKOSHI KANATA,2,SElist_[Kei]_JPN_4WD,,W/O,,kg,Variation#16,Variation#16,PRMV0082778,性能検討用走行抵抗式(ePT連れ回り排除),熱TowingIP,－,C7A0743743214D49AE5FFB6973444FCE,PT構想審査,
2,6237A907D4C34C1EBB5EAFCF8501F0B7,1,0,PRMV0082779 性能検討用走行抵抗式(ePT連れ回り排除) 熱低温性能A0 －,A,45540.19477,0,0,EntryCondition,MBSE検討1回目,MBSE検討1回目,,JPN,4WD,,2,UU3:MIZOKOSHI KANATA,2,SElist_[Kei]_JPN_4WD,,n,,N,Variation#16,Variation#16,PRMV0082779,性能検討用走行抵抗式(ePT連れ回り排除),熱低温性能A0,－,C7A0743743214D49AE5FFB6973444FCE,PT構想審査,
2,2ACEB92D955C4EDB92DB8923DD88B5AD,1,0,PRMV0082780 性能検討用走行抵抗式(ePT連れ回り排除) 熱低温性能A1 －,A,45540.19478,0,0,EntryCondition,MBSE検討1回目,MBSE検討1回目,,JPN,4WD,,2,UU3:MIZOKOSHI KANATA,2,SElist_[Kei]_JPN_4WD,,n,,N/kph,Variation#16,Variation#16,PRMV0082780,性能検討用走行抵抗式(ePT連れ回り排除),熱低温性能A1,－,C7A0743743214D49AE5FFB6973444FCE,PT構想審査,
2,D6647B9BD24C48B086BABE88C99F717B,1,0,PRMV0082781 性能検討用走行抵抗式(ePT連れ回り排除) 熱低温性能A2 －,A,45540.19479,0,0,EntryCondition,MBSE検討1回目,MBSE検討1回目,,JPN,4WD,,2,UU3:MIZOKOSHI KANATA,2,SElist_[Kei]_JPN_4WD,,n,,N/kph#00B2,Variation#16,Variation#16,PRMV0082781,性能検討用走行抵抗式(ePT連れ回り排除),熱低温性能A2,－,C7A0743743214D49AE5FFB6973444FCE,PT構想審査,
2,D7148FAD74A6438CA9A63C8559C50FEF,1,0,PRMV0082782 性能検討用走行抵抗式(ePT連れ回り排除) 熱低温性能IP －,A,45540.19479,0,0,EntryCondition,MBSE検討1回目,MBSE検討1回目,,JPN,4WD,,2,UU3:MIZOKOSHI KANATA,2,SElist_[Kei]_JPN_4WD,,n,,kg,Variation#16,Variation#16,PRMV0082782,性能検討用走行抵抗式(ePT連れ回り排除),熱低温性能IP,－,C7A0743743214D49AE5FFB6973444FCE,PT構想審査,
2,8DE80A3A1A7C43E8AEA470CC22593A1D,1,0,PRMV0082783 ePT 最高システム総合出力(公称） －,A,45540.1948,0,0,EntryCondition,MBSE検討1回目,MBSE検討1回目,,JPN,4WD,,2,UU3:MIZOKOSHI KANATA,2,SElist_[Kei]_JPN_4WD,,－,,kW,Variation#16,Variation#16,PRMV0082783,ePT,最高システム総合出力(公称）,－,C7A0743743214D49AE5FFB6973444FCE,PT構想審査,
2,1393B74FAA5B429CAF112B9B9BD2AE3D,1,0,PRMV0082784 ePT FR MOTイナーシャ －,A,45540.1948,0,0,EntryCondition,MBSE検討1回目,MBSE検討1回目,,JPN,4WD,,2,UU3:MIZOKOSHI KANATA,2,SElist_[Kei]_JPN_4WD,,n,,kgm#00B2,Variation#16,Variation#16,PRMV0082784,ePT,FR MOTイナーシャ,－,C7A0743743214D49AE5FFB6973444FCE,PT構想審査,
2,3D3907B05B6140D3BE8C0891623D33E5,1,0,PRMV0082785 ePT FR GBイナーシャ #16,A,45540.19481,0,0,EntryCondition,MBSE検討1回目,MBSE検討1回目,,JPN,4WD,,2,UU3:MIZOKOSHI KANATA,2,SElist_[Kei]_JPN_4WD,,0.134(DIFF軸上),,kgm#00B2,Variation#16,Variation#16,PRMV0082785,ePT,FR GBイナーシャ,#16,C7A0743743214D49AE5FFB6973444FCE,PT構想審査,
2,101E1130709E457686DCE7F662A78102,1,0,PRMV0082786 ePT RR MOTイナーシャ －,A,45540.19481,0,0,EntryCondition,MBSE検討1回目,MBSE検討1回目,,JPN,4WD,,2,UU3:MIZOKOSHI KANATA,2,SElist_[Kei]_JPN_4WD,,n,,kgm#00B2,Variation#16,Variation#16,PRMV0082786,ePT,RR MOTイナーシャ,－,C7A0743743214D49AE5FFB6973444FCE,PT構想審査,
2,66DC81C5E3BC49F3959CF920A7F2E6C2,1,0,PRMV0082787 ePT RR GBイナーシャ #16,A,45540.19483,0,0,EntryCondition,MBSE検討1回目,MBSE検討1回目,,JPN,4WD,,2,UU3:MIZOKOSHI KANATA,2,SElist_[Kei]_JPN_4WD,,0.069(DIFF軸上),,kgm#00B2,Variation#16,Variation#16,PRMV0082787,ePT,RR GBイナーシャ,#16,C7A0743743214D49AE5FFB6973444FCE,PT構想審査,
2,D4C2AC6CBCA34B06B58DE9E41B2885B3,1,0,PRMV0082788 ePT FR MOT制限設定トルク上限(第一象限) #16,A,45540.19483,0,0,EntryCondition,MBSE検討1回目,MBSE検討1回目,,JPN,4WD,,2,UU3:MIZOKOSHI KANATA,2,SElist_[Kei]_JPN_4WD,,95,,Nm,Variation#16,Variation#16,PRMV0082788,ePT,FR MOT制限設定トルク上限(第一象限),#16,C7A0743743214D49AE5FFB6973444FCE,PT構想審査,
2,48BF3B15AB1B4960822AD15365A00B51,1,0,PRMV0082789 ePT FR MOT制限設定トルク下限(第四象限) #16,A,45540.19484,0,0,EntryCondition,MBSE検討1回目,MBSE検討1回目,,JPN,4WD,,2,UU3:MIZOKOSHI KANATA,2,SElist_[Kei]_JPN_4WD,,-95,,Nm,Variation#16,Variation#16,PRMV0082789,ePT,FR MOT制限設定トルク下限(第四象限),#16,C7A0743743214D49AE5FFB6973444FCE,PT構想審査,
2,E036129E2FAC488098E317B584B42C52,1,0,PRMV0082790 ePT FR GB減速比 #16,A,45540.19485,0,0,EntryCondition,MBSE検討1回目,MBSE検討1回目,,JPN,4WD,,2,UU3:MIZOKOSHI KANATA,2,SElist_[Kei]_JPN_4WD,,12.728,,－,Variation#16,Variation#16,PRMV0082790,ePT,FR GB減速比,#16,C7A0743743214D49AE5FFB6973444FCE,PT構想審査,
2,41C50B616DD541DF9F4AD7DDB2EA6111,1,0,PRMV0082791 ePT RR MOT制限設定トルク上限(第一象限) #16,A,45540.19485,0,0,EntryCondition,MBSE検討1回目,MBSE検討1回目,,JPN,4WD,,2,UU3:MIZOKOSHI KANATA,2,SElist_[Kei]_JPN_4WD,,95,,Nm,Variation#16,Variation#16,PRMV0082791,ePT,RR MOT制限設定トルク上限(第一象限),#16,C7A0743743214D49AE5FFB6973444FCE,PT構想審査,
2,31A2CE2A8BB2447F990AE83CE5576E20,1,0,PRMV0082792 ePT RR MOT制限設定トルク下限(第四象限) #16,A,45540.19486,0,0,EntryCondition,MBSE検討1回目,MBSE検討1回目,,JPN,4WD,,2,UU3:MIZOKOSHI KANATA,2,SElist_[Kei]_JPN_4WD,,-95,,Nm,Variation#16,Variation#16,PRMV0082792,ePT,RR MOT制限設定トルク下限(第四象限),#16,C7A0743743214D49AE5FFB6973444FCE,PT構想審査,
2,5C83340544044D0A964CD7C446FF559D,1,0,PRMV0082793 ePT RR GB減速比 #16,A,45540.19487,0,0,EntryCondition,MBSE検討1回目,MBSE検討1回目,,JPN,4WD,,2,UU3:MIZOKOSHI KANATA,2,SElist_[Kei]_JPN_4WD,,11.636,,－,Variation#16,Variation#16,PRMV0082793,ePT,RR GB減速比,#16,C7A0743743214D49AE5FFB6973444FCE,PT構想審査,
2,B8A56A10AB6046A2B132AEE0D2D4CE9F,1,0,PRMV0082794 ドライブシャフト FR右ドライブシャフトイナーシャ －,A,45540.19487,0,0,EntryCondition,MBSE検討1回目,MBSE検討1回目,,JPN,4WD,,2,UU3:MIZOKOSHI KANATA,2,SElist_[Kei]_JPN_4WD,,1.853×10^-3,,kgm#00B2,Variation#16,Variation#16,PRMV0082794,ドライブシャフト,FR右ドライブシャフトイナーシャ,－,C7A0743743214D49AE5FFB6973444FCE,PT構想審査,
2,A3EEDA68C1A941E78A7326F2ED103FC2,1,0,PRMV0082795 ドライブシャフト FR左ドライブシャフトイナーシャ －,A,45540.19488,0,0,EntryCondition,MBSE検討1回目,MBSE検討1回目,,JPN,4WD,,2,UU3:MIZOKOSHI KANATA,2,SElist_[Kei]_JPN_4WD,,1.844×10^-3,,kgm#00B2,Variation#16,Variation#16,PRMV0082795,ドライブシャフト,FR左ドライブシャフトイナーシャ,－,C7A0743743214D49AE5FFB6973444FCE,PT構想審査,
2,5944CC626BAD4358929D497E8FB3F0AF,1,0,PRMV0082796 ドライブシャフト RR右ドライブシャフトイナーシャ －,A,45540.1949,0,0,EntryCondition,MBSE検討1回目,MBSE検討1回目,,JPN,4WD,,2,UU3:MIZOKOSHI KANATA,2,SElist_[Kei]_JPN_4WD,,1.853×10^-3,,kgm#00B2,Variation#16,Variation#16,PRMV0082796,ドライブシャフト,RR右ドライブシャフトイナーシャ,－,C7A0743743214D49AE5FFB6973444FCE,PT構想審査,
2,EAF981639E6B4347A0288EDB620E0A73,1,0,PRMV0082797 ドライブシャフト RR左ドライブシャフトイナーシャ －,A,45540.1949,0,0,EntryCondition,MBSE検討1回目,MBSE検討1回目,,JPN,4WD,,2,UU3:MIZOKOSHI KANATA,2,SElist_[Kei]_JPN_4WD,,1.837×10^-3,,kgm#00B2,Variation#16,Variation#16,PRMV0082797,ドライブシャフト,RR左ドライブシャフトイナーシャ,－,C7A0743743214D49AE5FFB6973444FCE,PT構想審査,
2,03087F1916FD497BAB99F7192AFD3A22,1,0,"PRMV0082798 DCDC DCDC効率(走行時弱電220W,355V入力(SOC20%),13V出力) －",A,45540.19491,0,0,EntryCondition,MBSE検討1回目,MBSE検討1回目,,JPN,4WD,,2,UU3:MIZOKOSHI KANATA,2,SElist_[Kei]_JPN_4WD,,75,,%,Variation#16,Variation#16,PRMV0082798,DCDC,"DCDC効率(走行時弱電220W,355V入力(SOC20%),13V出力)",－,C7A0743743214D49AE5FFB6973444FCE,PT構想審査,
2,2AF881C7338D4068AB84B3C92A193D16,1,0,PRMV0082799 LV BATT 消費電力(電費試験時WLTCモード) －,A,45540.19492,0,0,EntryCondition,MBSE検討1回目,MBSE検討1回目,,JPN,4WD,,2,UU3:MIZOKOSHI KANATA,2,SElist_[Kei]_JPN_4WD,,n,,kW,Variation#16,Variation#16,PRMV0082799,LV BATT,消費電力(電費試験時WLTCモード),－,C7A0743743214D49AE5FFB6973444FCE,PT構想審査,
2,2BF3C0FBEC5C4C5C92D7CB77904F660E,1,0,PRMV0082800 HV BATT 直列セル数 －,A,45540.19492,0,0,EntryCondition,MBSE検討1回目,MBSE検討1回目,,JPN,4WD,,2,UU3:MIZOKOSHI KANATA,2,SElist_[Kei]_JPN_4WD,,96,,cell,Variation#16,Variation#16,PRMV0082800,HV BATT,直列セル数,－,C7A0743743214D49AE5FFB6973444FCE,PT構想審査,
2,6071E2B04F8A4209BD9DEF5CF04FE850,1,0,PRMV0082801 HV BATT 並列セル数 －,A,45540.19493,0,0,EntryCondition,MBSE検討1回目,MBSE検討1回目,,JPN,4WD,,2,UU3:MIZOKOSHI KANATA,2,SElist_[Kei]_JPN_4WD,,1,,para,Variation#16,Variation#16,PRMV0082801,HV BATT,並列セル数,－,C7A0743743214D49AE5FFB6973444FCE,PT構想審査,
2,76B0D312B43B4502A8F69D53C04A226D,1,0,PRMV0082802 HV BATT セル容量 －,A,45540.19493,0,0,EntryCondition,MBSE検討1回目,MBSE検討1回目,,JPN,4WD,,2,UU3:MIZOKOSHI KANATA,2,SElist_[Kei]_JPN_4WD,,72(usable),,Ah,Variation#16,Variation#16,PRMV0082802,HV BATT,セル容量,－,C7A0743743214D49AE5FFB6973444FCE,PT構想審査,
2,74A7D4753C59499884C343EA49C75866,1,0,PRMV0082803 HV BATT パック繋ぎ抵抗 －,A,45540.19494,0,0,EntryCondition,MBSE検討1回目,MBSE検討1回目,,JPN,4WD,,2,UU3:MIZOKOSHI KANATA,2,SElist_[Kei]_JPN_4WD,,0.01(TBD),,Ω,Variation#16,Variation#16,PRMV0082803,HV BATT,パック繋ぎ抵抗,－,C7A0743743214D49AE5FFB6973444FCE,PT構想審査,
2,E3901D5C8F2E4972A472A073BE197F8A,1,0,PRMV0082804 HV BATT DCハーネスの抵抗 －,A,45540.19495,0,0,EntryCondition,MBSE検討1回目,MBSE検討1回目,,JPN,4WD,,2,UU3:MIZOKOSHI KANATA,2,SElist_[Kei]_JPN_4WD,,TBD,,Ω,Variation#16,Variation#16,PRMV0082804,HV BATT,DCハーネスの抵抗,－,C7A0743743214D49AE5FFB6973444FCE,PT構想審査,
2,B404AF46B45347A6A6636C6A3BDA190D,1,0,PRMV0082805 Vehicle Weight Min.C.W. －,A,45540.19495,0,0,EntryCondition,MBSE検討1回目,MBSE検討1回目,,JPN,4WD,,2,UU3:MIZOKOSHI KANATA,2,SElist_[Kei]_JPN_4WD,,1198,,kg,Variation#18,Variation#18,PRMV0082805,Vehicle Weight,Min.C.W.,－,C7A0743743214D49AE5FFB6973444FCE,PT構想審査,
2,E374CD4F6F7D4F718595876E8B8B8950,1,0,PRMV0082806 Vehicle Weight Max.C.W. －,A,45540.19497,0,0,EntryCondition,MBSE検討1回目,MBSE検討1回目,,JPN,4WD,,2,UU3:MIZOKOSHI KANATA,2,SElist_[Kei]_JPN_4WD,,1205,,kg,Variation#18,Variation#18,PRMV0082806,Vehicle Weight,Max.C.W.,－,C7A0743743214D49AE5FFB6973444FCE,PT構想審査,
2,6402A805C340461B81B7F15393FB66F1,1,0,PRMV0082807 Vehicle Weight スペアタイヤ&工具  －,A,45540.19497,0,0,EntryCondition,MBSE検討1回目,MBSE検討1回目,,JPN,4WD,,2,UU3:MIZOKOSHI KANATA,2,SElist_[Kei]_JPN_4WD,,1.6,,kg,Variation#18,Variation#18,PRMV0082807,Vehicle Weight,スペアタイヤ&工具 ,－,C7A0743743214D49AE5FFB6973444FCE,PT構想審査,
2,1302A34805F24B3085293480941C433B,1,0,PRMV0082808 Vehicle Weight EPA届出重量 －,A,45540.19498,0,0,EntryCondition,MBSE検討1回目,MBSE検討1回目,,JPN,4WD,,2,UU3:MIZOKOSHI KANATA,2,SElist_[Kei]_JPN_4WD,,no App,,kg,Variation#18,Variation#18,PRMV0082808,Vehicle Weight,EPA届出重量,－,C7A0743743214D49AE5FFB6973444FCE,PT構想審査,
2,D48533B126EE48858205A10181DB90A7,1,0,PRMV0082809 Vehicle Severe Weight PTW or GVWR －,A,45540.19498,0,0,EntryCondition,MBSE検討1回目,MBSE検討1回目,,JPN,4WD,,2,UU3:MIZOKOSHI KANATA,2,SElist_[Kei]_JPN_4WD,,1448,,kg,Variation#18,Variation#18,PRMV0082809,Vehicle Severe Weight,PTW or GVWR,－,C7A0743743214D49AE5FFB6973444FCE,PT構想審査,
2,3C5164C1C7E742E0AA8AB021F4358317,1,0,PRMV0082810 Vehicle Severe Weight GAWR FR －,A,45540.19499,0,0,EntryCondition,MBSE検討1回目,MBSE検討1回目,,JPN,4WD,,2,UU3:MIZOKOSHI KANATA,2,SElist_[Kei]_JPN_4WD,,n,,kg,Variation#18,Variation#18,PRMV0082810,Vehicle Severe Weight,GAWR FR,－,C7A0743743214D49AE5FFB6973444FCE,PT構想審査,
2,DA231288BBBC4A6CA5ADE56783FE7D7E,1,0,PRMV0082811 Vehicle Severe Weight GAWR RR －,A,45540.19499,0,0,EntryCondition,MBSE検討1回目,MBSE検討1回目,,JPN,4WD,,2,UU3:MIZOKOSHI KANATA,2,SElist_[Kei]_JPN_4WD,,n,,kg,Variation#18,Variation#18,PRMV0082811,Vehicle Severe Weight,GAWR RR,－,C7A0743743214D49AE5FFB6973444FCE,PT構想審査,
2,504DE2A70E9E45F5892A23583ED642E9,1,0,PRMV0082812 Vehicle Severe Weight Towing －,A,45540.195,0,0,EntryCondition,MBSE検討1回目,MBSE検討1回目,,JPN,4WD,,2,UU3:MIZOKOSHI KANATA,2,SElist_[Kei]_JPN_4WD,,no App,,kg,Variation#18,Variation#18,PRMV0082812,Vehicle Severe Weight,Towing,－,C7A0743743214D49AE5FFB6973444FCE,PT構想審査,
2,00916B502A59479C9A73796F889F74CD,1,0,PRMV0082813 空力 Cd  －,A,45540.19501,0,0,EntryCondition,MBSE検討1回目,MBSE検討1回目,,JPN,4WD,,2,UU3:MIZOKOSHI KANATA,2,SElist_[Kei]_JPN_4WD,,0.398,,－,Variation#18,Variation#18,PRMV0082813,空力,Cd ,－,C7A0743743214D49AE5FFB6973444FCE,PT構想審査,
2,7467B91530294B0E97D6EC3708CDC94A,1,0,PRMV0082814 空力 A －,A,45540.19502,0,0,EntryCondition,MBSE検討1回目,MBSE検討1回目,,JPN,4WD,,2,UU3:MIZOKOSHI KANATA,2,SElist_[Kei]_JPN_4WD,,2.2071,,m#00B2,Variation#18,Variation#18,PRMV0082814,空力,A,－,C7A0743743214D49AE5FFB6973444FCE,PT構想審査,
2,9D267B83CD634C8C95E614BC1DB3F7AE,1,0,PRMV0082815 空力 ΔCd (AGS閉→全開) －,A,45540.19502,0,0,EntryCondition,MBSE検討1回目,MBSE検討1回目,,JPN,4WD,,2,UU3:MIZOKOSHI KANATA,2,SElist_[Kei]_JPN_4WD,,n,,－,Variation#18,Variation#18,PRMV0082815,空力,ΔCd (AGS閉→全開),－,C7A0743743214D49AE5FFB6973444FCE,PT構想審査,
2,E2783CFE7C1F4B3EAC228446D611D338,1,0,PRMV0082816 空力 Grill shutter車速閾値 高速側 (閉→開)/(開→閉) －,A,45540.19503,0,0,EntryCondition,MBSE検討1回目,MBSE検討1回目,,JPN,4WD,,2,UU3:MIZOKOSHI KANATA,2,SElist_[Kei]_JPN_4WD,,n,,kph,Variation#18,Variation#18,PRMV0082816,空力,Grill shutter車速閾値 高速側 (閉→開)/(開→閉),－,C7A0743743214D49AE5FFB6973444FCE,PT構想審査,
2,F98B96CA87AF45AFBE5D81097A99B002,1,0,PRMV0082817 空力 Grill shutter車速閾値 低速側 (閉→開)/(開→閉) －,A,45540.19505,0,0,EntryCondition,MBSE検討1回目,MBSE検討1回目,,JPN,4WD,,2,UU3:MIZOKOSHI KANATA,2,SElist_[Kei]_JPN_4WD,,n,,kph,Variation#18,Variation#18,PRMV0082817,空力,Grill shutter車速閾値 低速側 (閉→開)/(開→閉),－,C7A0743743214D49AE5FFB6973444FCE,PT構想審査,
2,9A2AFBF2575143E98E0D204A67B7DFD3,1,0,PRMV0082818 タイヤ FRサイズ －,A,45540.19505,0,0,EntryCondition,MBSE検討1回目,MBSE検討1回目,,JPN,4WD,,2,UU3:MIZOKOSHI KANATA,2,SElist_[Kei]_JPN_4WD,,165/60R15,,－,Variation#18,Variation#18,PRMV0082818,タイヤ,FRサイズ,－,C7A0743743214D49AE5FFB6973444FCE,PT構想審査,
2,C9E2B7AE460249009BE7DD095220D965,1,0,PRMV0082819 タイヤ FR動半径 －,A,45540.19506,0,0,EntryCondition,MBSE検討1回目,MBSE検討1回目,,JPN,4WD,,2,UU3:MIZOKOSHI KANATA,2,SElist_[Kei]_JPN_4WD,,0.278,,m,Variation#18,Variation#18,PRMV0082819,タイヤ,FR動半径,－,C7A0743743214D49AE5FFB6973444FCE,PT構想審査,
2,E42C89DAFC404878AEB175B526E8AAEC,1,0,"PRMV0082820 タイヤ FR RRC (ISO 28560 80kmh,210kPa) －",A,45540.19506,0,0,EntryCondition,MBSE検討1回目,MBSE検討1回目,,JPN,4WD,,2,UU3:MIZOKOSHI KANATA,2,SElist_[Kei]_JPN_4WD,,7.2,,－,Variation#18,Variation#18,PRMV0082820,タイヤ,"FR RRC (ISO 28560 80kmh,210kPa)",－,C7A0743743214D49AE5FFB6973444FCE,PT構想審査,
2,8968B108542D452FA66342BC1CCEED5E,1,0,PRMV0082821 タイヤ FR RRC (車両状態) －,A,45540.19507,0,0,EntryCondition,MBSE検討1回目,MBSE検討1回目,,JPN,4WD,,2,UU3:MIZOKOSHI KANATA,2,SElist_[Kei]_JPN_4WD,,68,,－,Variation#18,Variation#18,PRMV0082821,タイヤ,FR RRC (車両状態),－,C7A0743743214D49AE5FFB6973444FCE,PT構想審査,
2,1F3D74F935354DDC854BE529244E9DF7,1,0,PRMV0082822 タイヤ FR RRC (車両状態)空気圧 －,A,45540.19508,0,0,EntryCondition,MBSE検討1回目,MBSE検討1回目,,JPN,4WD,,2,UU3:MIZOKOSHI KANATA,2,SElist_[Kei]_JPN_4WD,,240,,kPa,Variation#18,Variation#18,PRMV0082822,タイヤ,FR RRC (車両状態)空気圧,－,C7A0743743214D49AE5FFB6973444FCE,PT構想審査,
2,D0C9E674117045B788299E6F53C1AFD1,1,0,PRMV0082823 タイヤ FR イナーシャ(1本)  －,A,45540.19508,0,0,EntryCondition,MBSE検討1回目,MBSE検討1回目,,JPN,4WD,,2,UU3:MIZOKOSHI KANATA,2,SElist_[Kei]_JPN_4WD,,0.53,,kgm#00B2,Variation#18,Variation#18,PRMV0082823,タイヤ,FR イナーシャ(1本) ,－,C7A0743743214D49AE5FFB6973444FCE,PT構想審査,
2,A8A0E9617BED443897D465A54E3B0A40,1,0,PRMV0082824 タイヤ RRサイズ －,A,45540.19509,0,0,EntryCondition,MBSE検討1回目,MBSE検討1回目,,JPN,4WD,,2,UU3:MIZOKOSHI KANATA,2,SElist_[Kei]_JPN_4WD,,165/60R15,,－,Variation#18,Variation#18,PRMV0082824,タイヤ,RRサイズ,－,C7A0743743214D49AE5FFB6973444FCE,PT構想審査,
2,AEFC2D4CF2F54C5383E764504D20DCDD,1,0,PRMV0082825 タイヤ RR動半径 －,A,45540.19509,0,0,EntryCondition,MBSE検討1回目,MBSE検討1回目,,JPN,4WD,,2,UU3:MIZOKOSHI KANATA,2,SElist_[Kei]_JPN_4WD,,0.278,,m,Variation#18,Variation#18,PRMV0082825,タイヤ,RR動半径,－,C7A0743743214D49AE5FFB6973444FCE,PT構想審査,
2,D7AACF1868004626977A27A93FB20C18,1,0,"PRMV0082826 タイヤ RR RRC (ISO 28560 80kmh,210kPa) －",A,45540.1951,0,0,EntryCondition,MBSE検討1回目,MBSE検討1回目,,JPN,4WD,,2,UU3:MIZOKOSHI KANATA,2,SElist_[Kei]_JPN_4WD,,n,,－,Variation#18,Variation#18,PRMV0082826,タイヤ,"RR RRC (ISO 28560 80kmh,210kPa)",－,C7A0743743214D49AE5FFB6973444FCE,PT構想審査,
2,B8B6E5DC9128453CA5FAA4CE99B8FCB9,1,0,PRMV0082827 タイヤ RR RRC (車両状態) －,A,45540.1951,0,0,EntryCondition,MBSE検討1回目,MBSE検討1回目,,JPN,4WD,,2,UU3:MIZOKOSHI KANATA,2,SElist_[Kei]_JPN_4WD,,68,,－,Variation#18,Variation#18,PRMV0082827,タイヤ,RR RRC (車両状態),－,C7A0743743214D49AE5FFB6973444FCE,PT構想審査,
2,5ECADE663B814E0AAD428298232AAA52,1,0,PRMV0082828 タイヤ RR RRC (車両状態)空気圧 －,A,45540.19512,0,0,EntryCondition,MBSE検討1回目,MBSE検討1回目,,JPN,4WD,,2,UU3:MIZOKOSHI KANATA,2,SElist_[Kei]_JPN_4WD,,240,,kPa,Variation#18,Variation#18,PRMV0082828,タイヤ,RR RRC (車両状態)空気圧,－,C7A0743743214D49AE5FFB6973444FCE,PT構想審査,
2,D5CFFA5D8D9B4CFAB04EA81747194592,1,0,PRMV0082829 タイヤ RR イナーシャ(1本)  －,A,45540.19513,0,0,EntryCondition,MBSE検討1回目,MBSE検討1回目,,JPN,4WD,,2,UU3:MIZOKOSHI KANATA,2,SElist_[Kei]_JPN_4WD,,0.53,,kgm#00B2,Variation#18,Variation#18,PRMV0082829,タイヤ,RR イナーシャ(1本) ,－,C7A0743743214D49AE5FFB6973444FCE,PT構想審査,
2,97BE39CC0D5242FDBCEBF2602AF74F4A,1,0,PRMV0082830 ホイール 仕様 －,A,45540.19513,0,0,EntryCondition,MBSE検討1回目,MBSE検討1回目,,JPN,4WD,,2,UU3:MIZOKOSHI KANATA,2,SElist_[Kei]_JPN_4WD,,n,,－,Variation#18,Variation#18,PRMV0082830,ホイール,仕様,－,C7A0743743214D49AE5FFB6973444FCE,PT構想審査,
2,5169E7552C1847839C412539C5169C66,1,0,PRMV0082831 ホイール イナーシャ(1本) －,A,45540.19514,0,0,EntryCondition,MBSE検討1回目,MBSE検討1回目,,JPN,4WD,,2,UU3:MIZOKOSHI KANATA,2,SElist_[Kei]_JPN_4WD,,no App,,kgm#00B2,Variation#18,Variation#18,PRMV0082831,ホイール,イナーシャ(1本),－,C7A0743743214D49AE5FFB6973444FCE,PT構想審査,
2,7FDBC51D8D6E403185998A8E9E2498E1,1,0,PRMV0082832 HUB Total引き摺りトルク (@80km/h) －,A,45540.19514,0,0,EntryCondition,MBSE検討1回目,MBSE検討1回目,,JPN,4WD,,2,UU3:MIZOKOSHI KANATA,2,SElist_[Kei]_JPN_4WD,,3.86,,Nm/veh,Variation#18,Variation#18,PRMV0082832,HUB,Total引き摺りトルク (@80km/h),－,C7A0743743214D49AE5FFB6973444FCE,PT構想審査,
2,D1DAE1D3739E44C9867AE51876A62E00,1,0,PRMV0082833 HUB FR 引き摺りトルク (@80km/h) －,A,45540.19515,0,0,EntryCondition,MBSE検討1回目,MBSE検討1回目,,JPN,4WD,,2,UU3:MIZOKOSHI KANATA,2,SElist_[Kei]_JPN_4WD,,Totalに含む,,Nm/veh,Variation#18,Variation#18,PRMV0082833,HUB,FR 引き摺りトルク (@80km/h),－,C7A0743743214D49AE5FFB6973444FCE,PT構想審査,
2,6C84FE4EA5604F46B80B8BCAB4C60BD6,1,0,PRMV0082834 HUB RR 引き摺りトルク (@80km/h) －,A,45540.19516,0,0,EntryCondition,MBSE検討1回目,MBSE検討1回目,,JPN,4WD,,2,UU3:MIZOKOSHI KANATA,2,SElist_[Kei]_JPN_4WD,,Totalに含む,,Nm/veh,Variation#18,Variation#18,PRMV0082834,HUB,RR 引き摺りトルク (@80km/h),－,C7A0743743214D49AE5FFB6973444FCE,PT構想審査,
2,8960464A47BA43158EC37AE9606D9BAA,1,0,PRMV0082835 HUB FR イナーシャ －,A,45540.19516,0,0,EntryCondition,MBSE検討1回目,MBSE検討1回目,,JPN,4WD,,2,UU3:MIZOKOSHI KANATA,2,SElist_[Kei]_JPN_4WD,,n,,kgm#00B2,Variation#18,Variation#18,PRMV0082835,HUB,FR イナーシャ,－,C7A0743743214D49AE5FFB6973444FCE,PT構想審査,
2,27B68A08A9C049018697B6068841011E,1,0,PRMV0082836 HUB RR イナーシャ －,A,45540.19517,0,0,EntryCondition,MBSE検討1回目,MBSE検討1回目,,JPN,4WD,,2,UU3:MIZOKOSHI KANATA,2,SElist_[Kei]_JPN_4WD,,n,,kgm#00B2,Variation#18,Variation#18,PRMV0082836,HUB,RR イナーシャ,－,C7A0743743214D49AE5FFB6973444FCE,PT構想審査,
2,8257FAF8D47E460D8E4E38B4EFFD0DB8,1,0,PRMV0082837 ブレーキ 引き摺りトルク (＠経験圧3Mpa)  －,A,45540.19517,0,0,EntryCondition,MBSE検討1回目,MBSE検討1回目,,JPN,4WD,,2,UU3:MIZOKOSHI KANATA,2,SElist_[Kei]_JPN_4WD,,2.1,,Nm/veh,Variation#18,Variation#18,PRMV0082837,ブレーキ,引き摺りトルク (＠経験圧3Mpa) ,－,C7A0743743214D49AE5FFB6973444FCE,PT構想審査,
2,D1EFC7197B3A42F098717D6E949571CF,1,0,PRMV0082838 ブレーキ FR引き摺りトルク (経験圧3Mpa＠60kph) －,A,45540.19519,0,0,EntryCondition,MBSE検討1回目,MBSE検討1回目,,JPN,4WD,,2,UU3:MIZOKOSHI KANATA,2,SElist_[Kei]_JPN_4WD,,－,,Nm/veh,Variation#18,Variation#18,PRMV0082838,ブレーキ,FR引き摺りトルク (経験圧3Mpa＠60kph),－,C7A0743743214D49AE5FFB6973444FCE,PT構想審査,
2,C74209075D3243D3811FD5AE0CE157EF,1,0,PRMV0082839 ブレーキ RR引き摺りトルク(経験圧3Mpa＠60kph) －,A,45540.19519,0,0,EntryCondition,MBSE検討1回目,MBSE検討1回目,,JPN,4WD,,2,UU3:MIZOKOSHI KANATA,2,SElist_[Kei]_JPN_4WD,,－,,Nm/veh,Variation#18,Variation#18,PRMV0082839,ブレーキ,RR引き摺りトルク(経験圧3Mpa＠60kph),－,C7A0743743214D49AE5FFB6973444FCE,PT構想審査,
2,C7BFF5F7B8E84E8ABD87F526AB916265,1,0,PRMV0082840 ブレーキ FRイナーシャ －,A,45540.1952,0,0,EntryCondition,MBSE検討1回目,MBSE検討1回目,,JPN,4WD,,2,UU3:MIZOKOSHI KANATA,2,SElist_[Kei]_JPN_4WD,,0,,kgm#00B2,Variation#18,Variation#18,PRMV0082840,ブレーキ,FRイナーシャ,－,C7A0743743214D49AE5FFB6973444FCE,PT構想審査,
2,0A178E1C012C4353B03BADDD99E83FAA,1,0,PRMV0082841 ブレーキ RRイナーシャ －,A,45540.1952,0,0,EntryCondition,MBSE検討1回目,MBSE検討1回目,,JPN,4WD,,2,UU3:MIZOKOSHI KANATA,2,SElist_[Kei]_JPN_4WD,,0,,kgm#00B2,Variation#18,Variation#18,PRMV0082841,ブレーキ,RRイナーシャ,－,C7A0743743214D49AE5FFB6973444FCE,PT構想審査,
2,5934E0A7B0E14877B19D197E2FCFB546,1,0,PRMV0082842 車両姿勢 グランドクリアランスMin －,A,45540.19521,0,0,EntryCondition,MBSE検討1回目,MBSE検討1回目,,JPN,4WD,,2,UU3:MIZOKOSHI KANATA,2,SElist_[Kei]_JPN_4WD,,n,,mm,Variation#18,Variation#18,PRMV0082842,車両姿勢,グランドクリアランスMin,－,C7A0743743214D49AE5FFB6973444FCE,PT構想審査,
2,13E4FA55852745D7BCA71E78AEE1B19A,1,0,PRMV0082843 Test Weight 航続距離試験(ETW)Total －,A,45540.19522,0,0,EntryCondition,MBSE検討1回目,MBSE検討1回目,,JPN,4WD,,2,UU3:MIZOKOSHI KANATA,2,SElist_[Kei]_JPN_4WD,,1327.3,,kg,Variation#18,Variation#18,PRMV0082843,Test Weight,航続距離試験(ETW)Total,－,C7A0743743214D49AE5FFB6973444FCE,PT構想審査,
2,DBF018A3068A4A0EBBE1B19C8E86D83B,1,0,PRMV0082844 Test Weight 航続距離試験(ETW)FR －,A,45540.19522,0,0,EntryCondition,MBSE検討1回目,MBSE検討1回目,,JPN,4WD,,2,UU3:MIZOKOSHI KANATA,2,SElist_[Kei]_JPN_4WD,,TBD,,kg,Variation#18,Variation#18,PRMV0082844,Test Weight,航続距離試験(ETW)FR,－,C7A0743743214D49AE5FFB6973444FCE,PT構想審査,
2,FFD12AEEEF2A40BFAD4094FDFDC51B34,1,0,PRMV0082845 Test Weight 航続距離試験(ETW)RR －,A,45540.19523,0,0,EntryCondition,MBSE検討1回目,MBSE検討1回目,,JPN,4WD,,2,UU3:MIZOKOSHI KANATA,2,SElist_[Kei]_JPN_4WD,,TBD,,kg,Variation#18,Variation#18,PRMV0082845,Test Weight,航続距離試験(ETW)RR,－,C7A0743743214D49AE5FFB6973444FCE,PT構想審査,
2,9EC2D275D9AB4772A9CD396221E21882,1,0,PRMV0082846 Test Weight 動力当り前性能  －,A,45540.19523,0,0,EntryCondition,MBSE検討1回目,MBSE検討1回目,,JPN,4WD,,2,UU3:MIZOKOSHI KANATA,2,SElist_[Kei]_JPN_4WD,,1418,,kg,Variation#18,Variation#18,PRMV0082846,Test Weight,動力当り前性能 ,－,C7A0743743214D49AE5FFB6973444FCE,PT構想審査,
2,B783D70AA7BF4719BF69BC2A82AE28F6,1,0,PRMV0082847 Test Weight 動力Accerelation －,A,45540.19524,0,0,EntryCondition,MBSE検討1回目,MBSE検討1回目,,JPN,4WD,,2,UU3:MIZOKOSHI KANATA,2,SElist_[Kei]_JPN_4WD,,1343,,kg,Variation#18,Variation#18,PRMV0082847,Test Weight,動力Accerelation,－,C7A0743743214D49AE5FFB6973444FCE,PT構想審査,
2,FCC646348C81483F8A87E77305E559CE,1,0,PRMV0082848 Test Weight 動力Vmax －,A,45540.19524,0,0,EntryCondition,MBSE検討1回目,MBSE検討1回目,,JPN,4WD,,2,UU3:MIZOKOSHI KANATA,2,SElist_[Kei]_JPN_4WD,,1343,,kg,Variation#18,Variation#18,PRMV0082848,Test Weight,動力Vmax,－,C7A0743743214D49AE5FFB6973444FCE,PT構想審査,
2,CDDD75ADBFA24A21A3892515E78D5503,1,0,PRMV0082849 Test Weight 熱NEMシビアシーン －,A,45540.19525,0,0,EntryCondition,MBSE検討1回目,MBSE検討1回目,,JPN,4WD,,2,UU3:MIZOKOSHI KANATA,2,SElist_[Kei]_JPN_4WD,,1448,,kg,Variation#18,Variation#18,PRMV0082849,Test Weight,熱NEMシビアシーン,－,C7A0743743214D49AE5FFB6973444FCE,PT構想審査,
2,A75B9549D7AC40FCB5AD33C7A499C13B,1,0,PRMV0082850 Test Weight 熱加減速繰り返し走行 －,A,45540.19525,0,0,EntryCondition,MBSE検討1回目,MBSE検討1回目,,JPN,4WD,,2,UU3:MIZOKOSHI KANATA,2,SElist_[Kei]_JPN_4WD,,1448,,kg,Variation#18,Variation#18,PRMV0082850,Test Weight,熱加減速繰り返し走行,－,C7A0743743214D49AE5FFB6973444FCE,PT構想審査,
2,05E6536ECC6247648E45B245EA19A44A,1,0,PRMV0082851 Test Weight 熱Towing －,A,45540.19527,0,0,EntryCondition,MBSE検討1回目,MBSE検討1回目,,JPN,4WD,,2,UU3:MIZOKOSHI KANATA,2,SElist_[Kei]_JPN_4WD,,W/O,,kg,Variation#18,Variation#18,PRMV0082851,Test Weight,熱Towing,－,C7A0743743214D49AE5FFB6973444FCE,PT構想審査,
2,7D011B4AD622451295CFEE07C98E5CD5,1,0,PRMV0082852 Test Weight 熱低温性能 －,A,45540.19528,0,0,EntryCondition,MBSE検討1回目,MBSE検討1回目,,JPN,4WD,,2,UU3:MIZOKOSHI KANATA,2,SElist_[Kei]_JPN_4WD,,1448,,kg,Variation#18,Variation#18,PRMV0082852,Test Weight,熱低温性能,－,C7A0743743214D49AE5FFB6973444FCE,PT構想審査,
2,1700453A991143D1917DAE9258F6252A,1,0,PRMV0082853 走行抵抗 届出(Target Lset式) A0 －,A,45540.19528,0,0,EntryCondition,MBSE検討1回目,MBSE検討1回目,,JPN,4WD,,2,UU3:MIZOKOSHI KANATA,2,SElist_[Kei]_JPN_4WD,,94.864,,N,Variation#18,Variation#18,PRMV0082853,走行抵抗,届出(Target Lset式) A0,－,C7A0743743214D49AE5FFB6973444FCE,PT構想審査,
2,C1DE10A76C7942888533B169953E734D,1,0,PRMV0082854 走行抵抗 届出(Target Lset式) A1 －,A,45540.19529,0,0,EntryCondition,MBSE検討1回目,MBSE検討1回目,,JPN,4WD,,2,UU3:MIZOKOSHI KANATA,2,SElist_[Kei]_JPN_4WD,,-0.663,,N/kph,Variation#18,Variation#18,PRMV0082854,走行抵抗,届出(Target Lset式) A1,－,C7A0743743214D49AE5FFB6973444FCE,PT構想審査,
2,D08651B10A7A427698AE4C4B5376B0CA,1,0,PRMV0082855 走行抵抗 届出(Target Lset式) A2 －,A,45540.19529,0,0,EntryCondition,MBSE検討1回目,MBSE検討1回目,,JPN,4WD,,2,UU3:MIZOKOSHI KANATA,2,SElist_[Kei]_JPN_4WD,,0.051,,N/kph#00B2,Variation#18,Variation#18,PRMV0082855,走行抵抗,届出(Target Lset式) A2,－,C7A0743743214D49AE5FFB6973444FCE,PT構想審査,
2,83FA39E00AEC4E06BF833FBEEF9A0970,1,0,PRMV0082856 走行抵抗 届出(Target Lset式) IP －,A,45540.1953,0,0,EntryCondition,MBSE検討1回目,MBSE検討1回目,,JPN,4WD,,2,UU3:MIZOKOSHI KANATA,2,SElist_[Kei]_JPN_4WD,,1327,,lbs,Variation#18,Variation#18,PRMV0082856,走行抵抗,届出(Target Lset式) IP,－,C7A0743743214D49AE5FFB6973444FCE,PT構想審査,
2,F3338703D009400CAC26DDBEBD957B75,1,0,PRMV0082857 性能検討用走行抵抗式(ePT連れ回り排除) 航続距離(C/D車載状態)A0 －,A,45540.1953,0,0,EntryCondition,MBSE検討1回目,MBSE検討1回目,,JPN,4WD,,2,UU3:MIZOKOSHI KANATA,2,SElist_[Kei]_JPN_4WD,,101.08,,N,Variation#18,Variation#18,PRMV0082857,性能検討用走行抵抗式(ePT連れ回り排除),航続距離(C/D車載状態)A0,－,C7A0743743214D49AE5FFB6973444FCE,PT構想審査,
2,4364FAEF55024D348D5EC1636112F855,1,0,PRMV0082858 性能検討用走行抵抗式(ePT連れ回り排除) 航続距離(C/D車載状態)A1 －,A,45540.19531,0,0,EntryCondition,MBSE検討1回目,MBSE検討1回目,,JPN,4WD,,2,UU3:MIZOKOSHI KANATA,2,SElist_[Kei]_JPN_4WD,,-0.487,,N/kph,Variation#18,Variation#18,PRMV0082858,性能検討用走行抵抗式(ePT連れ回り排除),航続距離(C/D車載状態)A1,－,C7A0743743214D49AE5FFB6973444FCE,PT構想審査,
2,7B638FA3061048C88B8C81F4BA45B7C0,1,0,PRMV0082859 性能検討用走行抵抗式(ePT連れ回り排除) 航続距離(C/D車載状態)A2 －,A,45540.19532,0,0,EntryCondition,MBSE検討1回目,MBSE検討1回目,,JPN,4WD,,2,UU3:MIZOKOSHI KANATA,2,SElist_[Kei]_JPN_4WD,,0.049,,N/kph#00B2,Variation#18,Variation#18,PRMV0082859,性能検討用走行抵抗式(ePT連れ回り排除),航続距離(C/D車載状態)A2,－,C7A0743743214D49AE5FFB6973444FCE,PT構想審査,
2,D3F8FBF57EA144DBB6A094C53E078BB9,1,0,PRMV0082860 性能検討用走行抵抗式(ePT連れ回り排除) 航続距離(C/D車載状態)IP －,A,45540.19532,0,0,EntryCondition,MBSE検討1回目,MBSE検討1回目,,JPN,4WD,,2,UU3:MIZOKOSHI KANATA,2,SElist_[Kei]_JPN_4WD,,1327,,lbs,Variation#18,Variation#18,PRMV0082860,性能検討用走行抵抗式(ePT連れ回り排除),航続距離(C/D車載状態)IP,－,C7A0743743214D49AE5FFB6973444FCE,PT構想審査,
2,05DDE633C18E4C66BA471B9A1F70BD02,1,0,PRMV0082861 性能検討用走行抵抗式(ePT連れ回り排除) 動力当り前性能A0 －,A,45540.19534,0,0,EntryCondition,MBSE検討1回目,MBSE検討1回目,,JPN,4WD,,2,UU3:MIZOKOSHI KANATA,2,SElist_[Kei]_JPN_4WD,,－,,N,Variation#18,Variation#18,PRMV0082861,性能検討用走行抵抗式(ePT連れ回り排除),動力当り前性能A0,－,C7A0743743214D49AE5FFB6973444FCE,PT構想審査,
2,218D891C0E664615AE39A21EF374BB2E,1,0,PRMV0082862 性能検討用走行抵抗式(ePT連れ回り排除) 動力当り前性能A1 －,A,45540.19534,0,0,EntryCondition,MBSE検討1回目,MBSE検討1回目,,JPN,4WD,,2,UU3:MIZOKOSHI KANATA,2,SElist_[Kei]_JPN_4WD,,－,,N/kph,Variation#18,Variation#18,PRMV0082862,性能検討用走行抵抗式(ePT連れ回り排除),動力当り前性能A1,－,C7A0743743214D49AE5FFB6973444FCE,PT構想審査,
2,0930BFA996DC42E38417FF0CAC1AE0AA,1,0,PRMV0082863 性能検討用走行抵抗式(ePT連れ回り排除) 動力当り前性能A2 －,A,45540.19535,0,0,EntryCondition,MBSE検討1回目,MBSE検討1回目,,JPN,4WD,,2,UU3:MIZOKOSHI KANATA,2,SElist_[Kei]_JPN_4WD,,－,,N/kph#00B2,Variation#18,Variation#18,PRMV0082863,性能検討用走行抵抗式(ePT連れ回り排除),動力当り前性能A2,－,C7A0743743214D49AE5FFB6973444FCE,PT構想審査,
2,1C73C9D56AF44E3B8A99F5234F488030,1,0,PRMV0082864 性能検討用走行抵抗式(ePT連れ回り排除) 動力当り前性能IP －,A,45540.19536,0,0,EntryCondition,MBSE検討1回目,MBSE検討1回目,,JPN,4WD,,2,UU3:MIZOKOSHI KANATA,2,SElist_[Kei]_JPN_4WD,,1418,,kg,Variation#18,Variation#18,PRMV0082864,性能検討用走行抵抗式(ePT連れ回り排除),動力当り前性能IP,－,C7A0743743214D49AE5FFB6973444FCE,PT構想審査,
2,3E497FBC597A4F728E39C45153765AAC,1,0,PRMV0082865 性能検討用走行抵抗式(ePT連れ回り排除) 動力AccerelationA0 －,A,45540.19536,0,0,EntryCondition,MBSE検討1回目,MBSE検討1回目,,JPN,4WD,,2,UU3:MIZOKOSHI KANATA,2,SElist_[Kei]_JPN_4WD,,－,,N,Variation#18,Variation#18,PRMV0082865,性能検討用走行抵抗式(ePT連れ回り排除),動力AccerelationA0,－,C7A0743743214D49AE5FFB6973444FCE,PT構想審査,
2,92FA2C953AC544DDB71E37E4F805F66A,1,0,PRMV0082866 性能検討用走行抵抗式(ePT連れ回り排除) 動力AccerelationA1 －,A,45540.19537,0,0,EntryCondition,MBSE検討1回目,MBSE検討1回目,,JPN,4WD,,2,UU3:MIZOKOSHI KANATA,2,SElist_[Kei]_JPN_4WD,,－,,N/kph,Variation#18,Variation#18,PRMV0082866,性能検討用走行抵抗式(ePT連れ回り排除),動力AccerelationA1,－,C7A0743743214D49AE5FFB6973444FCE,PT構想審査,
2,334E3605F2BF47C29C35060DF9E83274,1,0,PRMV0082867 性能検討用走行抵抗式(ePT連れ回り排除) 動力AccerelationA2 －,A,45540.19537,0,0,EntryCondition,MBSE検討1回目,MBSE検討1回目,,JPN,4WD,,2,UU3:MIZOKOSHI KANATA,2,SElist_[Kei]_JPN_4WD,,－,,N/kph#00B2,Variation#18,Variation#18,PRMV0082867,性能検討用走行抵抗式(ePT連れ回り排除),動力AccerelationA2,－,C7A0743743214D49AE5FFB6973444FCE,PT構想審査,
2,2B3B6F7A4FA64C09A00C2181C85E4293,1,0,PRMV0082868 性能検討用走行抵抗式(ePT連れ回り排除) 動力AccerelationIP －,A,45540.19538,0,0,EntryCondition,MBSE検討1回目,MBSE検討1回目,,JPN,4WD,,2,UU3:MIZOKOSHI KANATA,2,SElist_[Kei]_JPN_4WD,,1283,,kg,Variation#18,Variation#18,PRMV0082868,性能検討用走行抵抗式(ePT連れ回り排除),動力AccerelationIP,－,C7A0743743214D49AE5FFB6973444FCE,PT構想審査,
2,E03CFEAF9B464499B6308300C48601C7,1,0,PRMV0082869 性能検討用走行抵抗式(ePT連れ回り排除) 動力VmaxA0 －,A,45540.19539,0,0,EntryCondition,MBSE検討1回目,MBSE検討1回目,,JPN,4WD,,2,UU3:MIZOKOSHI KANATA,2,SElist_[Kei]_JPN_4WD,,－,,N,Variation#18,Variation#18,PRMV0082869,性能検討用走行抵抗式(ePT連れ回り排除),動力VmaxA0,－,C7A0743743214D49AE5FFB6973444FCE,PT構想審査,
2,8D224A1EA5F34399B1DC02A11C4D3FDC,1,0,PRMV0082870 性能検討用走行抵抗式(ePT連れ回り排除) 動力VmaxA1 －,A,45540.19539,0,0,EntryCondition,MBSE検討1回目,MBSE検討1回目,,JPN,4WD,,2,UU3:MIZOKOSHI KANATA,2,SElist_[Kei]_JPN_4WD,,－,,N/kph,Variation#18,Variation#18,PRMV0082870,性能検討用走行抵抗式(ePT連れ回り排除),動力VmaxA1,－,C7A0743743214D49AE5FFB6973444FCE,PT構想審査,
2,0975B282F5CC4274AC2F98A2D0F89950,1,0,PRMV0082871 性能検討用走行抵抗式(ePT連れ回り排除) 動力VmaxA2 －,A,45540.19541,0,0,EntryCondition,MBSE検討1回目,MBSE検討1回目,,JPN,4WD,,2,UU3:MIZOKOSHI KANATA,2,SElist_[Kei]_JPN_4WD,,－,,N/kph#00B2,Variation#18,Variation#18,PRMV0082871,性能検討用走行抵抗式(ePT連れ回り排除),動力VmaxA2,－,C7A0743743214D49AE5FFB6973444FCE,PT構想審査,
2,789C35F108E8427BA40FBD624865EB07,1,0,PRMV0082872 性能検討用走行抵抗式(ePT連れ回り排除) 動力VmaxIP －,A,45540.19541,0,0,EntryCondition,MBSE検討1回目,MBSE検討1回目,,JPN,4WD,,2,UU3:MIZOKOSHI KANATA,2,SElist_[Kei]_JPN_4WD,,1283,,kg,Variation#18,Variation#18,PRMV0082872,性能検討用走行抵抗式(ePT連れ回り排除),動力VmaxIP,－,C7A0743743214D49AE5FFB6973444FCE,PT構想審査,
2,A036E260235B4D2990225580FA872F76,1,0,PRMV0082873 性能検討用走行抵抗式(ePT連れ回り排除) 熱NEMシビアシーンA0 －,A,45540.19542,0,0,EntryCondition,MBSE検討1回目,MBSE検討1回目,,JPN,4WD,,2,UU3:MIZOKOSHI KANATA,2,SElist_[Kei]_JPN_4WD,,CDxA 0.398x2.19,,別紙,Variation#18,Variation#18,PRMV0082873,性能検討用走行抵抗式(ePT連れ回り排除),熱NEMシビアシーンA0,－,C7A0743743214D49AE5FFB6973444FCE,PT構想審査,
2,FF8F7D0F5CBE4E2D900B1C4F1F63E205,1,0,PRMV0082874 性能検討用走行抵抗式(ePT連れ回り排除) 熱加減速繰り返し走行A0 －,A,45540.19542,0,0,EntryCondition,MBSE検討1回目,MBSE検討1回目,,JPN,4WD,,2,UU3:MIZOKOSHI KANATA,2,SElist_[Kei]_JPN_4WD,,107.6,,N,Variation#18,Variation#18,PRMV0082874,性能検討用走行抵抗式(ePT連れ回り排除),熱加減速繰り返し走行A0,－,C7A0743743214D49AE5FFB6973444FCE,PT構想審査,
2,285880AEF9DC47EFA944CCEA8E5154B8,1,0,PRMV0082875 性能検討用走行抵抗式(ePT連れ回り排除) 熱加減速繰り返し走行A1 －,A,45540.19543,0,0,EntryCondition,MBSE検討1回目,MBSE検討1回目,,JPN,4WD,,2,UU3:MIZOKOSHI KANATA,2,SElist_[Kei]_JPN_4WD,,-0.46,,N/kph,Variation#18,Variation#18,PRMV0082875,性能検討用走行抵抗式(ePT連れ回り排除),熱加減速繰り返し走行A1,－,C7A0743743214D49AE5FFB6973444FCE,PT構想審査,
2,4C33B6E2CC6C4D64846B9EF168D95D96,1,0,PRMV0082876 性能検討用走行抵抗式(ePT連れ回り排除) 熱加減速繰り返し走行A2 －,A,45540.19543,0,0,EntryCondition,MBSE検討1回目,MBSE検討1回目,,JPN,4WD,,2,UU3:MIZOKOSHI KANATA,2,SElist_[Kei]_JPN_4WD,,0.048,,N/kph#00B2,Variation#18,Variation#18,PRMV0082876,性能検討用走行抵抗式(ePT連れ回り排除),熱加減速繰り返し走行A2,－,C7A0743743214D49AE5FFB6973444FCE,PT構想審査,
2,AE7CBAC32E4A413F95B5CD60AA557D2B,1,0,PRMV0082877 性能検討用走行抵抗式(ePT連れ回り排除) 熱加減速繰り返し走行IP －,A,45540.19544,0,0,EntryCondition,MBSE検討1回目,MBSE検討1回目,,JPN,4WD,,2,UU3:MIZOKOSHI KANATA,2,SElist_[Kei]_JPN_4WD,,1448,,kg,Variation#18,Variation#18,PRMV0082877,性能検討用走行抵抗式(ePT連れ回り排除),熱加減速繰り返し走行IP,－,C7A0743743214D49AE5FFB6973444FCE,PT構想審査,
2,48627212D24E4152AD33A8B81105D5FC,1,0,PRMV0082878 性能検討用走行抵抗式(ePT連れ回り排除) 熱TowingA0 －,A,45540.19545,0,0,EntryCondition,MBSE検討1回目,MBSE検討1回目,,JPN,4WD,,2,UU3:MIZOKOSHI KANATA,2,SElist_[Kei]_JPN_4WD,,W/O,,N,Variation#18,Variation#18,PRMV0082878,性能検討用走行抵抗式(ePT連れ回り排除),熱TowingA0,－,C7A0743743214D49AE5FFB6973444FCE,PT構想審査,
2,AA61321C8CCD40E1A25522AFCD4CAAAF,1,0,PRMV0082879 性能検討用走行抵抗式(ePT連れ回り排除) 熱TowingA1 －,A,45540.19545,0,0,EntryCondition,MBSE検討1回目,MBSE検討1回目,,JPN,4WD,,2,UU3:MIZOKOSHI KANATA,2,SElist_[Kei]_JPN_4WD,,W/O,,N/kph,Variation#18,Variation#18,PRMV0082879,性能検討用走行抵抗式(ePT連れ回り排除),熱TowingA1,－,C7A0743743214D49AE5FFB6973444FCE,PT構想審査,
2,B0DDDBD43631430A8CFCD369D0E5CCCE,1,0,PRMV0082880 性能検討用走行抵抗式(ePT連れ回り排除) 熱TowingA2 －,A,45540.19546,0,0,EntryCondition,MBSE検討1回目,MBSE検討1回目,,JPN,4WD,,2,UU3:MIZOKOSHI KANATA,2,SElist_[Kei]_JPN_4WD,,W/O,,N/kph#00B2,Variation#18,Variation#18,PRMV0082880,性能検討用走行抵抗式(ePT連れ回り排除),熱TowingA2,－,C7A0743743214D49AE5FFB6973444FCE,PT構想審査,
2,DB536BD974DF42B4B677D6B577692023,1,0,PRMV0082881 性能検討用走行抵抗式(ePT連れ回り排除) 熱TowingIP －,A,45540.19546,0,0,EntryCondition,MBSE検討1回目,MBSE検討1回目,,JPN,4WD,,2,UU3:MIZOKOSHI KANATA,2,SElist_[Kei]_JPN_4WD,,W/O,,kg,Variation#18,Variation#18,PRMV0082881,性能検討用走行抵抗式(ePT連れ回り排除),熱TowingIP,－,C7A0743743214D49AE5FFB6973444FCE,PT構想審査,
2,EA4A7CD2E2B946EA981E0278F391857A,1,0,PRMV0082882 性能検討用走行抵抗式(ePT連れ回り排除) 熱低温性能A0 －,A,45540.19547,0,0,EntryCondition,MBSE検討1回目,MBSE検討1回目,,JPN,4WD,,2,UU3:MIZOKOSHI KANATA,2,SElist_[Kei]_JPN_4WD,,n,,N,Variation#18,Variation#18,PRMV0082882,性能検討用走行抵抗式(ePT連れ回り排除),熱低温性能A0,－,C7A0743743214D49AE5FFB6973444FCE,PT構想審査,
2,8C213D67338E4245B73E281ACEA08B73,1,0,PRMV0082883 性能検討用走行抵抗式(ePT連れ回り排除) 熱低温性能A1 －,A,45540.19547,0,0,EntryCondition,MBSE検討1回目,MBSE検討1回目,,JPN,4WD,,2,UU3:MIZOKOSHI KANATA,2,SElist_[Kei]_JPN_4WD,,n,,N/kph,Variation#18,Variation#18,PRMV0082883,性能検討用走行抵抗式(ePT連れ回り排除),熱低温性能A1,－,C7A0743743214D49AE5FFB6973444FCE,PT構想審査,
2,71B72648860247839B391E27ACC86B5E,1,0,PRMV0082884 性能検討用走行抵抗式(ePT連れ回り排除) 熱低温性能A2 －,A,45540.19549,0,0,EntryCondition,MBSE検討1回目,MBSE検討1回目,,JPN,4WD,,2,UU3:MIZOKOSHI KANATA,2,SElist_[Kei]_JPN_4WD,,n,,N/kph#00B2,Variation#18,Variation#18,PRMV0082884,性能検討用走行抵抗式(ePT連れ回り排除),熱低温性能A2,－,C7A0743743214D49AE5FFB6973444FCE,PT構想審査,
2,34003F8A8A484130ACD89FE00312160E,1,0,PRMV0082885 性能検討用走行抵抗式(ePT連れ回り排除) 熱低温性能IP －,A,45540.1955,0,0,EntryCondition,MBSE検討1回目,MBSE検討1回目,,JPN,4WD,,2,UU3:MIZOKOSHI KANATA,2,SElist_[Kei]_JPN_4WD,,n,,kg,Variation#18,Variation#18,PRMV0082885,性能検討用走行抵抗式(ePT連れ回り排除),熱低温性能IP,－,C7A0743743214D49AE5FFB6973444FCE,PT構想審査,
2,70E9A4E977F74707A8170BB501D187F0,1,0,PRMV0082886 ePT 最高システム総合出力(公称） －,A,45540.1955,0,0,EntryCondition,MBSE検討1回目,MBSE検討1回目,,JPN,4WD,,2,UU3:MIZOKOSHI KANATA,2,SElist_[Kei]_JPN_4WD,,－,,kW,Variation#18,Variation#18,PRMV0082886,ePT,最高システム総合出力(公称）,－,C7A0743743214D49AE5FFB6973444FCE,PT構想審査,
2,9086920A4649449FBE1DEE9FB912B708,1,0,PRMV0082887 ePT FR MOTイナーシャ －,A,45540.19551,0,0,EntryCondition,MBSE検討1回目,MBSE検討1回目,,JPN,4WD,,2,UU3:MIZOKOSHI KANATA,2,SElist_[Kei]_JPN_4WD,,n,,kgm#00B2,Variation#18,Variation#18,PRMV0082887,ePT,FR MOTイナーシャ,－,C7A0743743214D49AE5FFB6973444FCE,PT構想審査,
2,343F6D4A945745DCA33BC2FBED467DD6,1,0,PRMV0082888 ePT FR GBイナーシャ #18,A,45540.19551,0,0,EntryCondition,MBSE検討1回目,MBSE検討1回目,,JPN,4WD,,2,UU3:MIZOKOSHI KANATA,2,SElist_[Kei]_JPN_4WD,,0.134(DIFF軸上),,kgm#00B2,Variation#18,Variation#18,PRMV0082888,ePT,FR GBイナーシャ,#18,C7A0743743214D49AE5FFB6973444FCE,PT構想審査,
2,F002C7E79A564C15B3E53008D2BABE12,1,0,PRMV0082889 ePT RR MOTイナーシャ －,A,45540.19552,0,0,EntryCondition,MBSE検討1回目,MBSE検討1回目,,JPN,4WD,,2,UU3:MIZOKOSHI KANATA,2,SElist_[Kei]_JPN_4WD,,n,,kgm#00B2,Variation#18,Variation#18,PRMV0082889,ePT,RR MOTイナーシャ,－,C7A0743743214D49AE5FFB6973444FCE,PT構想審査,
2,13A2EB25D1BE4F37B317B5CBE93AC6CD,1,0,PRMV0082890 ePT RR GBイナーシャ #18,A,45540.19553,0,0,EntryCondition,MBSE検討1回目,MBSE検討1回目,,JPN,4WD,,2,UU3:MIZOKOSHI KANATA,2,SElist_[Kei]_JPN_4WD,,0.069(DIFF軸上),,kgm#00B2,Variation#18,Variation#18,PRMV0082890,ePT,RR GBイナーシャ,#18,C7A0743743214D49AE5FFB6973444FCE,PT構想審査,
2,2EA90FF3FF5C4640A48A0C0D60794BD5,1,0,PRMV0082891 ePT FR MOT制限設定トルク上限(第一象限) #18,A,45540.19553,0,0,EntryCondition,MBSE検討1回目,MBSE検討1回目,,JPN,4WD,,2,UU3:MIZOKOSHI KANATA,2,SElist_[Kei]_JPN_4WD,,95,,Nm,Variation#18,Variation#18,PRMV0082891,ePT,FR MOT制限設定トルク上限(第一象限),#18,C7A0743743214D49AE5FFB6973444FCE,PT構想審査,
2,91BD296FB0324270A4CD509C5832038F,1,0,PRMV0082892 ePT FR MOT制限設定トルク下限(第四象限) #18,A,45540.19554,0,0,EntryCondition,MBSE検討1回目,MBSE検討1回目,,JPN,4WD,,2,UU3:MIZOKOSHI KANATA,2,SElist_[Kei]_JPN_4WD,,-95,,Nm,Variation#18,Variation#18,PRMV0082892,ePT,FR MOT制限設定トルク下限(第四象限),#18,C7A0743743214D49AE5FFB6973444FCE,PT構想審査,
2,B74C8448643B42B5B37C05FB2726B58B,1,0,PRMV0082893 ePT FR GB減速比 #18,A,45540.19554,0,0,EntryCondition,MBSE検討1回目,MBSE検討1回目,,JPN,4WD,,2,UU3:MIZOKOSHI KANATA,2,SElist_[Kei]_JPN_4WD,,12.728,,－,Variation#18,Variation#18,PRMV0082893,ePT,FR GB減速比,#18,C7A0743743214D49AE5FFB6973444FCE,PT構想審査,
2,CB1D19509EF243BC85F6220D783F02EF,1,0,PRMV0082894 ePT RR MOT制限設定トルク上限(第一象限) #18,A,45540.19556,0,0,EntryCondition,MBSE検討1回目,MBSE検討1回目,,JPN,4WD,,2,UU3:MIZOKOSHI KANATA,2,SElist_[Kei]_JPN_4WD,,95,,Nm,Variation#18,Variation#18,PRMV0082894,ePT,RR MOT制限設定トルク上限(第一象限),#18,C7A0743743214D49AE5FFB6973444FCE,PT構想審査,
2,9F0B6AFD24BC4D46B9A625C78E9B4A78,1,0,PRMV0082895 ePT RR MOT制限設定トルク下限(第四象限) #18,A,45540.19557,0,0,EntryCondition,MBSE検討1回目,MBSE検討1回目,,JPN,4WD,,2,UU3:MIZOKOSHI KANATA,2,SElist_[Kei]_JPN_4WD,,-95,,Nm,Variation#18,Variation#18,PRMV0082895,ePT,RR MOT制限設定トルク下限(第四象限),#18,C7A0743743214D49AE5FFB6973444FCE,PT構想審査,
2,9E6085C8A05E4490961470744822D727,1,0,PRMV0082896 ePT RR GB減速比 #18,A,45540.19557,0,0,EntryCondition,MBSE検討1回目,MBSE検討1回目,,JPN,4WD,,2,UU3:MIZOKOSHI KANATA,2,SElist_[Kei]_JPN_4WD,,11.636,,－,Variation#18,Variation#18,PRMV0082896,ePT,RR GB減速比,#18,C7A0743743214D49AE5FFB6973444FCE,PT構想審査,
2,24CBFC39A6BB4CCC9FC9D8BD6E116E4C,1,0,PRMV0082897 ドライブシャフト FR右ドライブシャフトイナーシャ －,A,45540.19558,0,0,EntryCondition,MBSE検討1回目,MBSE検討1回目,,JPN,4WD,,2,UU3:MIZOKOSHI KANATA,2,SElist_[Kei]_JPN_4WD,,1.853×10^-3,,kgm#00B2,Variation#18,Variation#18,PRMV0082897,ドライブシャフト,FR右ドライブシャフトイナーシャ,－,C7A0743743214D49AE5FFB6973444FCE,PT構想審査,
2,737157684C5C4FCBB6A0C355C0A0B92B,1,0,PRMV0082898 ドライブシャフト FR左ドライブシャフトイナーシャ －,A,45540.19558,0,0,EntryCondition,MBSE検討1回目,MBSE検討1回目,,JPN,4WD,,2,UU3:MIZOKOSHI KANATA,2,SElist_[Kei]_JPN_4WD,,1.844×10^-3,,kgm#00B2,Variation#18,Variation#18,PRMV0082898,ドライブシャフト,FR左ドライブシャフトイナーシャ,－,C7A0743743214D49AE5FFB6973444FCE,PT構想審査,
2,3B8A4D4662014EB49D76C8EF2F9F4D03,1,0,PRMV0082899 ドライブシャフト RR右ドライブシャフトイナーシャ －,A,45540.19559,0,0,EntryCondition,MBSE検討1回目,MBSE検討1回目,,JPN,4WD,,2,UU3:MIZOKOSHI KANATA,2,SElist_[Kei]_JPN_4WD,,1.853×10^-3,,kgm#00B2,Variation#18,Variation#18,PRMV0082899,ドライブシャフト,RR右ドライブシャフトイナーシャ,－,C7A0743743214D49AE5FFB6973444FCE,PT構想審査,
2,422549188BEC474EB8E49689627D04D3,1,0,PRMV0082900 ドライブシャフト RR左ドライブシャフトイナーシャ －,A,45540.19559,0,0,EntryCondition,MBSE検討1回目,MBSE検討1回目,,JPN,4WD,,2,UU3:MIZOKOSHI KANATA,2,SElist_[Kei]_JPN_4WD,,1.837×10^-3,,kgm#00B2,Variation#18,Variation#18,PRMV0082900,ドライブシャフト,RR左ドライブシャフトイナーシャ,－,C7A0743743214D49AE5FFB6973444FCE,PT構想審査,
2,7B7274E6363941CEB17B0AF9358E24B3,1,0,"PRMV0082901 DCDC DCDC効率(走行時弱電220W,355V入力(SOC20%),13V出力) －",A,45540.1956,0,0,EntryCondition,MBSE検討1回目,MBSE検討1回目,,JPN,4WD,,2,UU3:MIZOKOSHI KANATA,2,SElist_[Kei]_JPN_4WD,,75,,%,Variation#18,Variation#18,PRMV0082901,DCDC,"DCDC効率(走行時弱電220W,355V入力(SOC20%),13V出力)",－,C7A0743743214D49AE5FFB6973444FCE,PT構想審査,
2,C7DD81150C1446A0BA0110190408C59D,1,0,PRMV0082902 LV BATT 消費電力(電費試験時WLTCモード) －,A,45540.1956,0,0,EntryCondition,MBSE検討1回目,MBSE検討1回目,,JPN,4WD,,2,UU3:MIZOKOSHI KANATA,2,SElist_[Kei]_JPN_4WD,,n,,kW,Variation#18,Variation#18,PRMV0082902,LV BATT,消費電力(電費試験時WLTCモード),－,C7A0743743214D49AE5FFB6973444FCE,PT構想審査,
2,C406947747604630B34CB7332443ADA0,1,0,PRMV0082903 HV BATT 直列セル数 －,A,45540.19561,0,0,EntryCondition,MBSE検討1回目,MBSE検討1回目,,JPN,4WD,,2,UU3:MIZOKOSHI KANATA,2,SElist_[Kei]_JPN_4WD,,96,,cell,Variation#18,Variation#18,PRMV0082903,HV BATT,直列セル数,－,C7A0743743214D49AE5FFB6973444FCE,PT構想審査,
2,52344778F97342A99296D1488E438DA4,1,0,PRMV0082904 HV BATT 並列セル数 －,A,45540.19563,0,0,EntryCondition,MBSE検討1回目,MBSE検討1回目,,JPN,4WD,,2,UU3:MIZOKOSHI KANATA,2,SElist_[Kei]_JPN_4WD,,1,,para,Variation#18,Variation#18,PRMV0082904,HV BATT,並列セル数,－,C7A0743743214D49AE5FFB6973444FCE,PT構想審査,
2,35F5C4F7B64544EA86D1AA78DA485249,1,0,PRMV0082905 HV BATT セル容量 －,A,45540.19564,0,0,EntryCondition,MBSE検討1回目,MBSE検討1回目,,JPN,4WD,,2,UU3:MIZOKOSHI KANATA,2,SElist_[Kei]_JPN_4WD,,72(usable),,Ah,Variation#18,Variation#18,PRMV0082905,HV BATT,セル容量,－,C7A0743743214D49AE5FFB6973444FCE,PT構想審査,
2,3A7464C0F9754453BF1753383804E8A9,1,0,PRMV0082906 HV BATT パック繋ぎ抵抗 －,A,45540.19564,0,0,EntryCondition,MBSE検討1回目,MBSE検討1回目,,JPN,4WD,,2,UU3:MIZOKOSHI KANATA,2,SElist_[Kei]_JPN_4WD,,0.01(TBD),,Ω,Variation#18,Variation#18,PRMV0082906,HV BATT,パック繋ぎ抵抗,－,C7A0743743214D49AE5FFB6973444FCE,PT構想審査,
2,121016DDB7AC414E89B80FBA05FF1124,1,0,PRMV0082907 HV BATT DCハーネスの抵抗 －,A,45540.19565,0,0,EntryCondition,MBSE検討1回目,MBSE検討1回目,,JPN,4WD,,2,UU3:MIZOKOSHI KANATA,2,SElist_[Kei]_JPN_4WD,,TBD,,Ω,Variation#18,Variation#18,PRMV0082907,HV BATT,DCハーネスの抵抗,－,C7A0743743214D49AE5FFB6973444FCE,PT構想審査,
2,A8AEC3D95710460FA9F0CFB12BB0B9B7,1,0,PRMV0082908 Vehicle Weight Min.C.W. －,A,45540.19565,0,0,EntryCondition,MBSE検討1回目,MBSE検討1回目,,JPN,4WD,,2,UU3:MIZOKOSHI KANATA,2,SElist_[Kei]_JPN_4WD,,1198,,kg,Variation#19,Variation#19,PRMV0082908,Vehicle Weight,Min.C.W.,－,C7A0743743214D49AE5FFB6973444FCE,PT構想審査,
2,A7BA564D37144601B076F287F5FE8EB9,1,0,PRMV0082909 Vehicle Weight Max.C.W. －,A,45540.19566,0,0,EntryCondition,MBSE検討1回目,MBSE検討1回目,,JPN,4WD,,2,UU3:MIZOKOSHI KANATA,2,SElist_[Kei]_JPN_4WD,,1205,,kg,Variation#19,Variation#19,PRMV0082909,Vehicle Weight,Max.C.W.,－,C7A0743743214D49AE5FFB6973444FCE,PT構想審査,
2,6191F2C33A0941B8B265F5C48BB1D46B,1,0,PRMV0082910 Vehicle Weight スペアタイヤ&工具  －,A,45540.19566,0,0,EntryCondition,MBSE検討1回目,MBSE検討1回目,,JPN,4WD,,2,UU3:MIZOKOSHI KANATA,2,SElist_[Kei]_JPN_4WD,,1.6,,kg,Variation#19,Variation#19,PRMV0082910,Vehicle Weight,スペアタイヤ&工具 ,－,C7A0743743214D49AE5FFB6973444FCE,PT構想審査,
2,D4503E06CF104E77A716F5B9D38CDCBE,1,0,PRMV0082911 Vehicle Weight EPA届出重量 －,A,45540.19567,0,0,EntryCondition,MBSE検討1回目,MBSE検討1回目,,JPN,4WD,,2,UU3:MIZOKOSHI KANATA,2,SElist_[Kei]_JPN_4WD,,no App,,kg,Variation#19,Variation#19,PRMV0082911,Vehicle Weight,EPA届出重量,－,C7A0743743214D49AE5FFB6973444FCE,PT構想審査,
2,E9B6CDE8FE9B415C8BB24C5C013755A0,1,0,PRMV0082912 Vehicle Severe Weight PTW or GVWR －,A,45540.19568,0,0,EntryCondition,MBSE検討1回目,MBSE検討1回目,,JPN,4WD,,2,UU3:MIZOKOSHI KANATA,2,SElist_[Kei]_JPN_4WD,,1448,,kg,Variation#19,Variation#19,PRMV0082912,Vehicle Severe Weight,PTW or GVWR,－,C7A0743743214D49AE5FFB6973444FCE,PT構想審査,
2,AD1502DF266246A391A359A82B8BAF73,1,0,PRMV0082913 Vehicle Severe Weight GAWR FR －,A,45540.19568,0,0,EntryCondition,MBSE検討1回目,MBSE検討1回目,,JPN,4WD,,2,UU3:MIZOKOSHI KANATA,2,SElist_[Kei]_JPN_4WD,,n,,kg,Variation#19,Variation#19,PRMV0082913,Vehicle Severe Weight,GAWR FR,－,C7A0743743214D49AE5FFB6973444FCE,PT構想審査,
2,D0976CF5E7254DAF83A7176BCA45DD08,1,0,PRMV0082914 Vehicle Severe Weight GAWR RR －,A,45540.19569,0,0,EntryCondition,MBSE検討1回目,MBSE検討1回目,,JPN,4WD,,2,UU3:MIZOKOSHI KANATA,2,SElist_[Kei]_JPN_4WD,,n,,kg,Variation#19,Variation#19,PRMV0082914,Vehicle Severe Weight,GAWR RR,－,C7A0743743214D49AE5FFB6973444FCE,PT構想審査,
2,5E2F4A0D1B9649A19149C49D5E6BABCE,1,0,PRMV0082915 Vehicle Severe Weight Towing －,A,45540.19569,0,0,EntryCondition,MBSE検討1回目,MBSE検討1回目,,JPN,4WD,,2,UU3:MIZOKOSHI KANATA,2,SElist_[Kei]_JPN_4WD,,no App,,kg,Variation#19,Variation#19,PRMV0082915,Vehicle Severe Weight,Towing,－,C7A0743743214D49AE5FFB6973444FCE,PT構想審査,
2,0522A950DCE742B2B2738AB77DB53FDC,1,0,PRMV0082916 空力 Cd  －,A,45540.19571,0,0,EntryCondition,MBSE検討1回目,MBSE検討1回目,,JPN,4WD,,2,UU3:MIZOKOSHI KANATA,2,SElist_[Kei]_JPN_4WD,,0.398,,－,Variation#19,Variation#19,PRMV0082916,空力,Cd ,－,C7A0743743214D49AE5FFB6973444FCE,PT構想審査,
2,DBA0A55773A94E6FA43BA4EA8F368AC1,1,0,PRMV0082917 空力 A －,A,45540.19571,0,0,EntryCondition,MBSE検討1回目,MBSE検討1回目,,JPN,4WD,,2,UU3:MIZOKOSHI KANATA,2,SElist_[Kei]_JPN_4WD,,2.2071,,m#00B2,Variation#19,Variation#19,PRMV0082917,空力,A,－,C7A0743743214D49AE5FFB6973444FCE,PT構想審査,
2,FCB886E691034855A5344701C4980C20,1,0,PRMV0082918 空力 ΔCd (AGS閉→全開) －,A,45540.19572,0,0,EntryCondition,MBSE検討1回目,MBSE検討1回目,,JPN,4WD,,2,UU3:MIZOKOSHI KANATA,2,SElist_[Kei]_JPN_4WD,,n,,－,Variation#19,Variation#19,PRMV0082918,空力,ΔCd (AGS閉→全開),－,C7A0743743214D49AE5FFB6973444FCE,PT構想審査,
2,C54FCF4665F3441BB2D5D20C2A146E40,1,0,PRMV0082919 空力 Grill shutter車速閾値 高速側 (閉→開)/(開→閉) －,A,45540.19573,0,0,EntryCondition,MBSE検討1回目,MBSE検討1回目,,JPN,4WD,,2,UU3:MIZOKOSHI KANATA,2,SElist_[Kei]_JPN_4WD,,n,,kph,Variation#19,Variation#19,PRMV0082919,空力,Grill shutter車速閾値 高速側 (閉→開)/(開→閉),－,C7A0743743214D49AE5FFB6973444FCE,PT構想審査,
2,0FC8D603A20F4DBFB11080289A738629,1,0,PRMV0082920 空力 Grill shutter車速閾値 低速側 (閉→開)/(開→閉) －,A,45540.19573,0,0,EntryCondition,MBSE検討1回目,MBSE検討1回目,,JPN,4WD,,2,UU3:MIZOKOSHI KANATA,2,SElist_[Kei]_JPN_4WD,,n,,kph,Variation#19,Variation#19,PRMV0082920,空力,Grill shutter車速閾値 低速側 (閉→開)/(開→閉),－,C7A0743743214D49AE5FFB6973444FCE,PT構想審査,
2,564E71B88AD94ADEB10E4D685A67B567,1,0,PRMV0082921 タイヤ FRサイズ －,A,45540.19574,0,0,EntryCondition,MBSE検討1回目,MBSE検討1回目,,JPN,4WD,,2,UU3:MIZOKOSHI KANATA,2,SElist_[Kei]_JPN_4WD,,165/60R15,,－,Variation#19,Variation#19,PRMV0082921,タイヤ,FRサイズ,－,C7A0743743214D49AE5FFB6973444FCE,PT構想審査,
2,05679042004649D9A373EF0A9067A954,1,0,PRMV0082922 タイヤ FR動半径 －,A,45540.19574,0,0,EntryCondition,MBSE検討1回目,MBSE検討1回目,,JPN,4WD,,2,UU3:MIZOKOSHI KANATA,2,SElist_[Kei]_JPN_4WD,,0.278,,m,Variation#19,Variation#19,PRMV0082922,タイヤ,FR動半径,－,C7A0743743214D49AE5FFB6973444FCE,PT構想審査,
2,2407E8B115C1465A8104808499D0DA5D,1,0,"PRMV0082923 タイヤ FR RRC (ISO 28560 80kmh,210kPa) －",A,45540.19575,0,0,EntryCondition,MBSE検討1回目,MBSE検討1回目,,JPN,4WD,,2,UU3:MIZOKOSHI KANATA,2,SElist_[Kei]_JPN_4WD,,7.2,,－,Variation#19,Variation#19,PRMV0082923,タイヤ,"FR RRC (ISO 28560 80kmh,210kPa)",－,C7A0743743214D49AE5FFB6973444FCE,PT構想審査,
2,3F3AF8292FEC4FCF92362A2FB85C6AFF,1,0,PRMV0082924 タイヤ FR RRC (車両状態) －,A,45540.19575,0,0,EntryCondition,MBSE検討1回目,MBSE検討1回目,,JPN,4WD,,2,UU3:MIZOKOSHI KANATA,2,SElist_[Kei]_JPN_4WD,,68,,－,Variation#19,Variation#19,PRMV0082924,タイヤ,FR RRC (車両状態),－,C7A0743743214D49AE5FFB6973444FCE,PT構想審査,
2,DDBAAB9B1D884AE4855CEF411F6638A5,1,0,PRMV0082925 タイヤ FR RRC (車両状態)空気圧 －,A,45540.19576,0,0,EntryCondition,MBSE検討1回目,MBSE検討1回目,,JPN,4WD,,2,UU3:MIZOKOSHI KANATA,2,SElist_[Kei]_JPN_4WD,,240,,kPa,Variation#19,Variation#19,PRMV0082925,タイヤ,FR RRC (車両状態)空気圧,－,C7A0743743214D49AE5FFB6973444FCE,PT構想審査,
2,7F69E5B7806742E6B894C387B1FB9486,1,0,PRMV0082926 タイヤ FR イナーシャ(1本)  －,A,45540.19576,0,0,EntryCondition,MBSE検討1回目,MBSE検討1回目,,JPN,4WD,,2,UU3:MIZOKOSHI KANATA,2,SElist_[Kei]_JPN_4WD,,0.53,,kgm#00B2,Variation#19,Variation#19,PRMV0082926,タイヤ,FR イナーシャ(1本) ,－,C7A0743743214D49AE5FFB6973444FCE,PT構想審査,
2,220FF419E0E74B32AF9F9AE23CB61E32,1,0,PRMV0082927 タイヤ RRサイズ －,A,45540.19578,0,0,EntryCondition,MBSE検討1回目,MBSE検討1回目,,JPN,4WD,,2,UU3:MIZOKOSHI KANATA,2,SElist_[Kei]_JPN_4WD,,165/60R15,,－,Variation#19,Variation#19,PRMV0082927,タイヤ,RRサイズ,－,C7A0743743214D49AE5FFB6973444FCE,PT構想審査,
2,191B4BBEB1ED4F3B94F0F8A4B0A5745A,1,0,PRMV0082928 タイヤ RR動半径 －,A,45540.19579,0,0,EntryCondition,MBSE検討1回目,MBSE検討1回目,,JPN,4WD,,2,UU3:MIZOKOSHI KANATA,2,SElist_[Kei]_JPN_4WD,,0.278,,m,Variation#19,Variation#19,PRMV0082928,タイヤ,RR動半径,－,C7A0743743214D49AE5FFB6973444FCE,PT構想審査,
2,32E3510E5B6144ADA31C84E203780AC6,1,0,"PRMV0082929 タイヤ RR RRC (ISO 28560 80kmh,210kPa) －",A,45540.19579,0,0,EntryCondition,MBSE検討1回目,MBSE検討1回目,,JPN,4WD,,2,UU3:MIZOKOSHI KANATA,2,SElist_[Kei]_JPN_4WD,,n,,－,Variation#19,Variation#19,PRMV0082929,タイヤ,"RR RRC (ISO 28560 80kmh,210kPa)",－,C7A0743743214D49AE5FFB6973444FCE,PT構想審査,
2,4E4A1D252C734910945ED561514D82E7,1,0,PRMV0082930 タイヤ RR RRC (車両状態) －,A,45540.1958,0,0,EntryCondition,MBSE検討1回目,MBSE検討1回目,,JPN,4WD,,2,UU3:MIZOKOSHI KANATA,2,SElist_[Kei]_JPN_4WD,,68,,－,Variation#19,Variation#19,PRMV0082930,タイヤ,RR RRC (車両状態),－,C7A0743743214D49AE5FFB6973444FCE,PT構想審査,
2,CD6C8B072AA34F4DA901DC09F66FB0AB,1,0,PRMV0082931 タイヤ RR RRC (車両状態)空気圧 －,A,45540.1958,0,0,EntryCondition,MBSE検討1回目,MBSE検討1回目,,JPN,4WD,,2,UU3:MIZOKOSHI KANATA,2,SElist_[Kei]_JPN_4WD,,240,,kPa,Variation#19,Variation#19,PRMV0082931,タイヤ,RR RRC (車両状態)空気圧,－,C7A0743743214D49AE5FFB6973444FCE,PT構想審査,
2,0DD990AC03C740EAB8142E2891934B06,1,0,PRMV0082932 タイヤ RR イナーシャ(1本)  －,A,45540.19581,0,0,EntryCondition,MBSE検討1回目,MBSE検討1回目,,JPN,4WD,,2,UU3:MIZOKOSHI KANATA,2,SElist_[Kei]_JPN_4WD,,0.53,,kgm#00B2,Variation#19,Variation#19,PRMV0082932,タイヤ,RR イナーシャ(1本) ,－,C7A0743743214D49AE5FFB6973444FCE,PT構想審査,
2,A58684A241E04A349B3178FE8CA4E8D1,1,0,PRMV0082933 ホイール 仕様 －,A,45540.19581,0,0,EntryCondition,MBSE検討1回目,MBSE検討1回目,,JPN,4WD,,2,UU3:MIZOKOSHI KANATA,2,SElist_[Kei]_JPN_4WD,,n,,－,Variation#19,Variation#19,PRMV0082933,ホイール,仕様,－,C7A0743743214D49AE5FFB6973444FCE,PT構想審査,
2,6D300E63570D4EAA9178821128F588A6,1,0,PRMV0082934 ホイール イナーシャ(1本) －,A,45540.19582,0,0,EntryCondition,MBSE検討1回目,MBSE検討1回目,,JPN,4WD,,2,UU3:MIZOKOSHI KANATA,2,SElist_[Kei]_JPN_4WD,,no App,,kgm#00B2,Variation#19,Variation#19,PRMV0082934,ホイール,イナーシャ(1本),－,C7A0743743214D49AE5FFB6973444FCE,PT構想審査,
2,2EF7EB5B638745A582F15849BF4B685A,1,0,PRMV0082935 HUB Total引き摺りトルク (@80km/h) －,A,45540.19582,0,0,EntryCondition,MBSE検討1回目,MBSE検討1回目,,JPN,4WD,,2,UU3:MIZOKOSHI KANATA,2,SElist_[Kei]_JPN_4WD,,3.86,,Nm/veh,Variation#19,Variation#19,PRMV0082935,HUB,Total引き摺りトルク (@80km/h),－,C7A0743743214D49AE5FFB6973444FCE,PT構想審査,
2,535A68E4E1B44B68B0F07F5ED99397C8,1,0,PRMV0082936 HUB FR 引き摺りトルク (@80km/h) －,A,45540.19583,0,0,EntryCondition,MBSE検討1回目,MBSE検討1回目,,JPN,4WD,,2,UU3:MIZOKOSHI KANATA,2,SElist_[Kei]_JPN_4WD,,Totalに含む,,Nm/veh,Variation#19,Variation#19,PRMV0082936,HUB,FR 引き摺りトルク (@80km/h),－,C7A0743743214D49AE5FFB6973444FCE,PT構想審査,
2,7E41377D1CF3463F9C88094A8DAB83CD,1,0,PRMV0082937 HUB RR 引き摺りトルク (@80km/h) －,A,45540.19584,0,0,EntryCondition,MBSE検討1回目,MBSE検討1回目,,JPN,4WD,,2,UU3:MIZOKOSHI KANATA,2,SElist_[Kei]_JPN_4WD,,Totalに含む,,Nm/veh,Variation#19,Variation#19,PRMV0082937,HUB,RR 引き摺りトルク (@80km/h),－,C7A0743743214D49AE5FFB6973444FCE,PT構想審査,
2,7D0224A8F2B1422AB770578550874CBF,1,0,PRMV0082938 HUB FR イナーシャ －,A,45540.19584,0,0,EntryCondition,MBSE検討1回目,MBSE検討1回目,,JPN,4WD,,2,UU3:MIZOKOSHI KANATA,2,SElist_[Kei]_JPN_4WD,,n,,kgm#00B2,Variation#19,Variation#19,PRMV0082938,HUB,FR イナーシャ,－,C7A0743743214D49AE5FFB6973444FCE,PT構想審査,
2,C346684887C84E598C3DBD518AE8A55E,1,0,PRMV0082939 HUB RR イナーシャ －,A,45540.19586,0,0,EntryCondition,MBSE検討1回目,MBSE検討1回目,,JPN,4WD,,2,UU3:MIZOKOSHI KANATA,2,SElist_[Kei]_JPN_4WD,,n,,kgm#00B2,Variation#19,Variation#19,PRMV0082939,HUB,RR イナーシャ,－,C7A0743743214D49AE5FFB6973444FCE,PT構想審査,
2,A0D938C546A14DE7A8094A5308CFB67B,1,0,PRMV0082940 ブレーキ 引き摺りトルク (＠経験圧3Mpa)  －,A,45540.19586,0,0,EntryCondition,MBSE検討1回目,MBSE検討1回目,,JPN,4WD,,2,UU3:MIZOKOSHI KANATA,2,SElist_[Kei]_JPN_4WD,,2.1,,Nm/veh,Variation#19,Variation#19,PRMV0082940,ブレーキ,引き摺りトルク (＠経験圧3Mpa) ,－,C7A0743743214D49AE5FFB6973444FCE,PT構想審査,
2,538A06D3ECD343AEB930D3EE91A6DEA7,1,0,PRMV0082941 ブレーキ FR引き摺りトルク (経験圧3Mpa＠60kph) －,A,45540.19587,0,0,EntryCondition,MBSE検討1回目,MBSE検討1回目,,JPN,4WD,,2,UU3:MIZOKOSHI KANATA,2,SElist_[Kei]_JPN_4WD,,－,,Nm/veh,Variation#19,Variation#19,PRMV0082941,ブレーキ,FR引き摺りトルク (経験圧3Mpa＠60kph),－,C7A0743743214D49AE5FFB6973444FCE,PT構想審査,
2,73F17F6DD3034E0AAFDA5A8DCE06B027,1,0,PRMV0082942 ブレーキ RR引き摺りトルク(経験圧3Mpa＠60kph) －,A,45540.19587,0,0,EntryCondition,MBSE検討1回目,MBSE検討1回目,,JPN,4WD,,2,UU3:MIZOKOSHI KANATA,2,SElist_[Kei]_JPN_4WD,,－,,Nm/veh,Variation#19,Variation#19,PRMV0082942,ブレーキ,RR引き摺りトルク(経験圧3Mpa＠60kph),－,C7A0743743214D49AE5FFB6973444FCE,PT構想審査,
2,14190524C3EB42C09B06BDFE013A636D,1,0,PRMV0082943 ブレーキ FRイナーシャ －,A,45540.19588,0,0,EntryCondition,MBSE検討1回目,MBSE検討1回目,,JPN,4WD,,2,UU3:MIZOKOSHI KANATA,2,SElist_[Kei]_JPN_4WD,,0,,kgm#00B2,Variation#19,Variation#19,PRMV0082943,ブレーキ,FRイナーシャ,－,C7A0743743214D49AE5FFB6973444FCE,PT構想審査,
2,5E21DA0DAD0B498482D4B822F9D918FF,1,0,PRMV0082944 ブレーキ RRイナーシャ －,A,45540.19589,0,0,EntryCondition,MBSE検討1回目,MBSE検討1回目,,JPN,4WD,,2,UU3:MIZOKOSHI KANATA,2,SElist_[Kei]_JPN_4WD,,0,,kgm#00B2,Variation#19,Variation#19,PRMV0082944,ブレーキ,RRイナーシャ,－,C7A0743743214D49AE5FFB6973444FCE,PT構想審査,
2,A38418186DEB4E4C8820DE4F29DFD2B1,1,0,PRMV0082945 車両姿勢 グランドクリアランスMin －,A,45540.19589,0,0,EntryCondition,MBSE検討1回目,MBSE検討1回目,,JPN,4WD,,2,UU3:MIZOKOSHI KANATA,2,SElist_[Kei]_JPN_4WD,,n,,mm,Variation#19,Variation#19,PRMV0082945,車両姿勢,グランドクリアランスMin,－,C7A0743743214D49AE5FFB6973444FCE,PT構想審査,
2,53C3400497604F8580736219078FC50D,1,0,PRMV0082946 Test Weight 航続距離試験(ETW)Total －,A,45540.1959,0,0,EntryCondition,MBSE検討1回目,MBSE検討1回目,,JPN,4WD,,2,UU3:MIZOKOSHI KANATA,2,SElist_[Kei]_JPN_4WD,,1327.3,,kg,Variation#19,Variation#19,PRMV0082946,Test Weight,航続距離試験(ETW)Total,－,C7A0743743214D49AE5FFB6973444FCE,PT構想審査,
2,442191816B724B09996924E2B18AF278,1,0,PRMV0082947 Test Weight 航続距離試験(ETW)FR －,A,45540.1959,0,0,EntryCondition,MBSE検討1回目,MBSE検討1回目,,JPN,4WD,,2,UU3:MIZOKOSHI KANATA,2,SElist_[Kei]_JPN_4WD,,TBD,,kg,Variation#19,Variation#19,PRMV0082947,Test Weight,航続距離試験(ETW)FR,－,C7A0743743214D49AE5FFB6973444FCE,PT構想審査,
2,1B74F5DB6C9D4893A00F3DE168B2C8B2,1,0,PRMV0082948 Test Weight 航続距離試験(ETW)RR －,A,45540.19591,0,0,EntryCondition,MBSE検討1回目,MBSE検討1回目,,JPN,4WD,,2,UU3:MIZOKOSHI KANATA,2,SElist_[Kei]_JPN_4WD,,TBD,,kg,Variation#19,Variation#19,PRMV0082948,Test Weight,航続距離試験(ETW)RR,－,C7A0743743214D49AE5FFB6973444FCE,PT構想審査,
2,D5481D275EE6487B8FC7AF692C2E3844,1,0,PRMV0082949 Test Weight 動力当り前性能  －,A,45540.19591,0,0,EntryCondition,MBSE検討1回目,MBSE検討1回目,,JPN,4WD,,2,UU3:MIZOKOSHI KANATA,2,SElist_[Kei]_JPN_4WD,,1418,,kg,Variation#19,Variation#19,PRMV0082949,Test Weight,動力当り前性能 ,－,C7A0743743214D49AE5FFB6973444FCE,PT構想審査,
2,811576DB24B840E6A34DCB79F7702830,1,0,PRMV0082950 Test Weight 動力Accerelation －,A,45540.19593,0,0,EntryCondition,MBSE検討1回目,MBSE検討1回目,,JPN,4WD,,2,UU3:MIZOKOSHI KANATA,2,SElist_[Kei]_JPN_4WD,,1343,,kg,Variation#19,Variation#19,PRMV0082950,Test Weight,動力Accerelation,－,C7A0743743214D49AE5FFB6973444FCE,PT構想審査,
2,84C2340910154DD4850AC3AE11FFC9A8,1,0,PRMV0082951 Test Weight 動力Vmax －,A,45540.19594,0,0,EntryCondition,MBSE検討1回目,MBSE検討1回目,,JPN,4WD,,2,UU3:MIZOKOSHI KANATA,2,SElist_[Kei]_JPN_4WD,,1343,,kg,Variation#19,Variation#19,PRMV0082951,Test Weight,動力Vmax,－,C7A0743743214D49AE5FFB6973444FCE,PT構想審査,
2,B618334C96EA4715AB3FB348B639B1C0,1,0,PRMV0082952 Test Weight 熱NEMシビアシーン －,A,45540.19594,0,0,EntryCondition,MBSE検討1回目,MBSE検討1回目,,JPN,4WD,,2,UU3:MIZOKOSHI KANATA,2,SElist_[Kei]_JPN_4WD,,1448,,kg,Variation#19,Variation#19,PRMV0082952,Test Weight,熱NEMシビアシーン,－,C7A0743743214D49AE5FFB6973444FCE,PT構想審査,
2,406583FD38704B1D906D9D8A00896513,1,0,PRMV0082953 Test Weight 熱加減速繰り返し走行 －,A,45540.19595,0,0,EntryCondition,MBSE検討1回目,MBSE検討1回目,,JPN,4WD,,2,UU3:MIZOKOSHI KANATA,2,SElist_[Kei]_JPN_4WD,,1448,,kg,Variation#19,Variation#19,PRMV0082953,Test Weight,熱加減速繰り返し走行,－,C7A0743743214D49AE5FFB6973444FCE,PT構想審査,
2,480E227E59314DFC90BA4E4DE94922B5,1,0,PRMV0082954 Test Weight 熱Towing －,A,45540.19595,0,0,EntryCondition,MBSE検討1回目,MBSE検討1回目,,JPN,4WD,,2,UU3:MIZOKOSHI KANATA,2,SElist_[Kei]_JPN_4WD,,W/O,,kg,Variation#19,Variation#19,PRMV0082954,Test Weight,熱Towing,－,C7A0743743214D49AE5FFB6973444FCE,PT構想審査,
2,00782136320C43E980000744248B9D9B,1,0,PRMV0082955 Test Weight 熱低温性能 －,A,45540.19596,0,0,EntryCondition,MBSE検討1回目,MBSE検討1回目,,JPN,4WD,,2,UU3:MIZOKOSHI KANATA,2,SElist_[Kei]_JPN_4WD,,1448,,kg,Variation#19,Variation#19,PRMV0082955,Test Weight,熱低温性能,－,C7A0743743214D49AE5FFB6973444FCE,PT構想審査,
2,8A61DA7A3AF745CA93280ECBE9C390ED,1,0,PRMV0082956 走行抵抗 届出(Target Lset式) A0 －,A,45540.19596,0,0,EntryCondition,MBSE検討1回目,MBSE検討1回目,,JPN,4WD,,2,UU3:MIZOKOSHI KANATA,2,SElist_[Kei]_JPN_4WD,,94.864,,N,Variation#19,Variation#19,PRMV0082956,走行抵抗,届出(Target Lset式) A0,－,C7A0743743214D49AE5FFB6973444FCE,PT構想審査,
2,4D24869C49404603907AE52D8E44AC1F,1,0,PRMV0082957 走行抵抗 届出(Target Lset式) A1 －,A,45540.19597,0,0,EntryCondition,MBSE検討1回目,MBSE検討1回目,,JPN,4WD,,2,UU3:MIZOKOSHI KANATA,2,SElist_[Kei]_JPN_4WD,,-0.663,,N/kph,Variation#19,Variation#19,PRMV0082957,走行抵抗,届出(Target Lset式) A1,－,C7A0743743214D49AE5FFB6973444FCE,PT構想審査,
2,1C2BE1E0E59548DCB7CD576DC24CD00F,1,0,PRMV0082958 走行抵抗 届出(Target Lset式) A2 －,A,45540.19597,0,0,EntryCondition,MBSE検討1回目,MBSE検討1回目,,JPN,4WD,,2,UU3:MIZOKOSHI KANATA,2,SElist_[Kei]_JPN_4WD,,0.051,,N/kph#00B2,Variation#19,Variation#19,PRMV0082958,走行抵抗,届出(Target Lset式) A2,－,C7A0743743214D49AE5FFB6973444FCE,PT構想審査,
2,23449981702240D7BC16FD833255F929,1,0,PRMV0082959 走行抵抗 届出(Target Lset式) IP －,A,45540.19598,0,0,EntryCondition,MBSE検討1回目,MBSE検討1回目,,JPN,4WD,,2,UU3:MIZOKOSHI KANATA,2,SElist_[Kei]_JPN_4WD,,1327,,lbs,Variation#19,Variation#19,PRMV0082959,走行抵抗,届出(Target Lset式) IP,－,C7A0743743214D49AE5FFB6973444FCE,PT構想審査,
2,A7C8BB3111D545028E7A3A810A8627F0,1,0,PRMV0082960 性能検討用走行抵抗式(ePT連れ回り排除) 航続距離(C/D車載状態)A0 －,A,45540.196,0,0,EntryCondition,MBSE検討1回目,MBSE検討1回目,,JPN,4WD,,2,UU3:MIZOKOSHI KANATA,2,SElist_[Kei]_JPN_4WD,,101.08,,N,Variation#19,Variation#19,PRMV0082960,性能検討用走行抵抗式(ePT連れ回り排除),航続距離(C/D車載状態)A0,－,C7A0743743214D49AE5FFB6973444FCE,PT構想審査,
2,C02AC84B9AC347ADAB0D0273D67ED6CD,1,0,PRMV0082961 性能検討用走行抵抗式(ePT連れ回り排除) 航続距離(C/D車載状態)A1 －,A,45540.196,0,0,EntryCondition,MBSE検討1回目,MBSE検討1回目,,JPN,4WD,,2,UU3:MIZOKOSHI KANATA,2,SElist_[Kei]_JPN_4WD,,-0.487,,N/kph,Variation#19,Variation#19,PRMV0082961,性能検討用走行抵抗式(ePT連れ回り排除),航続距離(C/D車載状態)A1,－,C7A0743743214D49AE5FFB6973444FCE,PT構想審査,
2,089279F366C64E28BBE5C2E8E5BA5F86,1,0,PRMV0082962 性能検討用走行抵抗式(ePT連れ回り排除) 航続距離(C/D車載状態)A2 －,A,45540.19601,0,0,EntryCondition,MBSE検討1回目,MBSE検討1回目,,JPN,4WD,,2,UU3:MIZOKOSHI KANATA,2,SElist_[Kei]_JPN_4WD,,0.049,,N/kph#00B2,Variation#19,Variation#19,PRMV0082962,性能検討用走行抵抗式(ePT連れ回り排除),航続距離(C/D車載状態)A2,－,C7A0743743214D49AE5FFB6973444FCE,PT構想審査,
2,7306D93604F64F6F80AC3ABED7175E0B,1,0,PRMV0082963 性能検討用走行抵抗式(ePT連れ回り排除) 航続距離(C/D車載状態)IP －,A,45540.19601,0,0,EntryCondition,MBSE検討1回目,MBSE検討1回目,,JPN,4WD,,2,UU3:MIZOKOSHI KANATA,2,SElist_[Kei]_JPN_4WD,,1327,,lbs,Variation#19,Variation#19,PRMV0082963,性能検討用走行抵抗式(ePT連れ回り排除),航続距離(C/D車載状態)IP,－,C7A0743743214D49AE5FFB6973444FCE,PT構想審査,
2,126CED1DB7E148AD80A0735471F93CFE,1,0,PRMV0082964 性能検討用走行抵抗式(ePT連れ回り排除) 動力当り前性能A0 －,A,45540.19602,0,0,EntryCondition,MBSE検討1回目,MBSE検討1回目,,JPN,4WD,,2,UU3:MIZOKOSHI KANATA,2,SElist_[Kei]_JPN_4WD,,－,,N,Variation#19,Variation#19,PRMV0082964,性能検討用走行抵抗式(ePT連れ回り排除),動力当り前性能A0,－,C7A0743743214D49AE5FFB6973444FCE,PT構想審査,
2,F99F057C03A04531A9D7873B56645385,1,0,PRMV0082965 性能検討用走行抵抗式(ePT連れ回り排除) 動力当り前性能A1 －,A,45540.19602,0,0,EntryCondition,MBSE検討1回目,MBSE検討1回目,,JPN,4WD,,2,UU3:MIZOKOSHI KANATA,2,SElist_[Kei]_JPN_4WD,,－,,N/kph,Variation#19,Variation#19,PRMV0082965,性能検討用走行抵抗式(ePT連れ回り排除),動力当り前性能A1,－,C7A0743743214D49AE5FFB6973444FCE,PT構想審査,
2,005C7059362645B683BD336E5CE5D618,1,0,PRMV0082966 性能検討用走行抵抗式(ePT連れ回り排除) 動力当り前性能A2 －,A,45540.19603,0,0,EntryCondition,MBSE検討1回目,MBSE検討1回目,,JPN,4WD,,2,UU3:MIZOKOSHI KANATA,2,SElist_[Kei]_JPN_4WD,,－,,N/kph#00B2,Variation#19,Variation#19,PRMV0082966,性能検討用走行抵抗式(ePT連れ回り排除),動力当り前性能A2,－,C7A0743743214D49AE5FFB6973444FCE,PT構想審査,
2,E1C6DC36B7D74A6A981787D45D53A539,1,0,PRMV0082967 性能検討用走行抵抗式(ePT連れ回り排除) 動力当り前性能IP －,A,45540.19604,0,0,EntryCondition,MBSE検討1回目,MBSE検討1回目,,JPN,4WD,,2,UU3:MIZOKOSHI KANATA,2,SElist_[Kei]_JPN_4WD,,1418,,kg,Variation#19,Variation#19,PRMV0082967,性能検討用走行抵抗式(ePT連れ回り排除),動力当り前性能IP,－,C7A0743743214D49AE5FFB6973444FCE,PT構想審査,
2,E1E57DB4ACE54994B66D5871E1525CB0,1,0,PRMV0082968 性能検討用走行抵抗式(ePT連れ回り排除) 動力AccerelationA0 －,A,45540.19604,0,0,EntryCondition,MBSE検討1回目,MBSE検討1回目,,JPN,4WD,,2,UU3:MIZOKOSHI KANATA,2,SElist_[Kei]_JPN_4WD,,－,,N,Variation#19,Variation#19,PRMV0082968,性能検討用走行抵抗式(ePT連れ回り排除),動力AccerelationA0,－,C7A0743743214D49AE5FFB6973444FCE,PT構想審査,
2,51A4AA46C6A1426A939E1B7F29DB8885,1,0,PRMV0082969 性能検討用走行抵抗式(ePT連れ回り排除) 動力AccerelationA1 －,A,45540.19605,0,0,EntryCondition,MBSE検討1回目,MBSE検討1回目,,JPN,4WD,,2,UU3:MIZOKOSHI KANATA,2,SElist_[Kei]_JPN_4WD,,－,,N/kph,Variation#19,Variation#19,PRMV0082969,性能検討用走行抵抗式(ePT連れ回り排除),動力AccerelationA1,－,C7A0743743214D49AE5FFB6973444FCE,PT構想審査,
2,44AF27DD48AD44E589D8B6A2E41C49D9,1,0,PRMV0082970 性能検討用走行抵抗式(ePT連れ回り排除) 動力AccerelationA2 －,A,45540.19605,0,0,EntryCondition,MBSE検討1回目,MBSE検討1回目,,JPN,4WD,,2,UU3:MIZOKOSHI KANATA,2,SElist_[Kei]_JPN_4WD,,－,,N/kph#00B2,Variation#19,Variation#19,PRMV0082970,性能検討用走行抵抗式(ePT連れ回り排除),動力AccerelationA2,－,C7A0743743214D49AE5FFB6973444FCE,PT構想審査,
2,E38099A8FB2340C59760C277A1134F9B,1,0,PRMV0082971 性能検討用走行抵抗式(ePT連れ回り排除) 動力AccerelationIP －,A,45540.19606,0,0,EntryCondition,MBSE検討1回目,MBSE検討1回目,,JPN,4WD,,2,UU3:MIZOKOSHI KANATA,2,SElist_[Kei]_JPN_4WD,,1283,,kg,Variation#19,Variation#19,PRMV0082971,性能検討用走行抵抗式(ePT連れ回り排除),動力AccerelationIP,－,C7A0743743214D49AE5FFB6973444FCE,PT構想審査,
2,7C99E1A881E143DFA5002DE38881596D,1,0,PRMV0082972 性能検討用走行抵抗式(ePT連れ回り排除) 動力VmaxA0 －,A,45540.19608,0,0,EntryCondition,MBSE検討1回目,MBSE検討1回目,,JPN,4WD,,2,UU3:MIZOKOSHI KANATA,2,SElist_[Kei]_JPN_4WD,,－,,N,Variation#19,Variation#19,PRMV0082972,性能検討用走行抵抗式(ePT連れ回り排除),動力VmaxA0,－,C7A0743743214D49AE5FFB6973444FCE,PT構想審査,
2,99058E5E1BA146599F591358DF6D0D7C,1,0,PRMV0082973 性能検討用走行抵抗式(ePT連れ回り排除) 動力VmaxA1 －,A,45540.19608,0,0,EntryCondition,MBSE検討1回目,MBSE検討1回目,,JPN,4WD,,2,UU3:MIZOKOSHI KANATA,2,SElist_[Kei]_JPN_4WD,,－,,N/kph,Variation#19,Variation#19,PRMV0082973,性能検討用走行抵抗式(ePT連れ回り排除),動力VmaxA1,－,C7A0743743214D49AE5FFB6973444FCE,PT構想審査,
2,AB89C5A827E4410EA58A9825CA0A2558,1,0,PRMV0082974 性能検討用走行抵抗式(ePT連れ回り排除) 動力VmaxA2 －,A,45540.19609,0,0,EntryCondition,MBSE検討1回目,MBSE検討1回目,,JPN,4WD,,2,UU3:MIZOKOSHI KANATA,2,SElist_[Kei]_JPN_4WD,,－,,N/kph#00B2,Variation#19,Variation#19,PRMV0082974,性能検討用走行抵抗式(ePT連れ回り排除),動力VmaxA2,－,C7A0743743214D49AE5FFB6973444FCE,PT構想審査,
2,30AACC8F46FA48D4AF71C9B15D586AC5,1,0,PRMV0082975 性能検討用走行抵抗式(ePT連れ回り排除) 動力VmaxIP －,A,45540.1961,0,0,EntryCondition,MBSE検討1回目,MBSE検討1回目,,JPN,4WD,,2,UU3:MIZOKOSHI KANATA,2,SElist_[Kei]_JPN_4WD,,1283,,kg,Variation#19,Variation#19,PRMV0082975,性能検討用走行抵抗式(ePT連れ回り排除),動力VmaxIP,－,C7A0743743214D49AE5FFB6973444FCE,PT構想審査,
2,06B9AA817602474486C051FE35E287F7,1,0,PRMV0082976 性能検討用走行抵抗式(ePT連れ回り排除) 熱NEMシビアシーンA0 －,A,45540.1961,0,0,EntryCondition,MBSE検討1回目,MBSE検討1回目,,JPN,4WD,,2,UU3:MIZOKOSHI KANATA,2,SElist_[Kei]_JPN_4WD,,CDxA 0.398x2.19,,別紙,Variation#19,Variation#19,PRMV0082976,性能検討用走行抵抗式(ePT連れ回り排除),熱NEMシビアシーンA0,－,C7A0743743214D49AE5FFB6973444FCE,PT構想審査,
2,A8771278BD4D4EDCBA9D256ECB42F312,1,0,PRMV0082977 性能検討用走行抵抗式(ePT連れ回り排除) 熱加減速繰り返し走行A0 －,A,45540.19611,0,0,EntryCondition,MBSE検討1回目,MBSE検討1回目,,JPN,4WD,,2,UU3:MIZOKOSHI KANATA,2,SElist_[Kei]_JPN_4WD,,107.6,,N,Variation#19,Variation#19,PRMV0082977,性能検討用走行抵抗式(ePT連れ回り排除),熱加減速繰り返し走行A0,－,C7A0743743214D49AE5FFB6973444FCE,PT構想審査,
2,2DBC689EC4744BDBBCFD7686F7868A83,1,0,PRMV0082978 性能検討用走行抵抗式(ePT連れ回り排除) 熱加減速繰り返し走行A1 －,A,45540.19611,0,0,EntryCondition,MBSE検討1回目,MBSE検討1回目,,JPN,4WD,,2,UU3:MIZOKOSHI KANATA,2,SElist_[Kei]_JPN_4WD,,-0.46,,N/kph,Variation#19,Variation#19,PRMV0082978,性能検討用走行抵抗式(ePT連れ回り排除),熱加減速繰り返し走行A1,－,C7A0743743214D49AE5FFB6973444FCE,PT構想審査,
2,3B5A27D261E046D987C142E31824D983,1,0,PRMV0082979 性能検討用走行抵抗式(ePT連れ回り排除) 熱加減速繰り返し走行A2 －,A,45540.19612,0,0,EntryCondition,MBSE検討1回目,MBSE検討1回目,,JPN,4WD,,2,UU3:MIZOKOSHI KANATA,2,SElist_[Kei]_JPN_4WD,,0.048,,N/kph#00B2,Variation#19,Variation#19,PRMV0082979,性能検討用走行抵抗式(ePT連れ回り排除),熱加減速繰り返し走行A2,－,C7A0743743214D49AE5FFB6973444FCE,PT構想審査,
2,3CABEBBA8D7044C79C1EB2D54C6A1230,1,0,PRMV0082980 性能検討用走行抵抗式(ePT連れ回り排除) 熱加減速繰り返し走行IP －,A,45540.19613,0,0,EntryCondition,MBSE検討1回目,MBSE検討1回目,,JPN,4WD,,2,UU3:MIZOKOSHI KANATA,2,SElist_[Kei]_JPN_4WD,,1448,,kg,Variation#19,Variation#19,PRMV0082980,性能検討用走行抵抗式(ePT連れ回り排除),熱加減速繰り返し走行IP,－,C7A0743743214D49AE5FFB6973444FCE,PT構想審査,
2,0FA67BC9D5854A6F9E0142A8FC9A262C,1,0,PRMV0082981 性能検討用走行抵抗式(ePT連れ回り排除) 熱TowingA0 －,A,45540.19613,0,0,EntryCondition,MBSE検討1回目,MBSE検討1回目,,JPN,4WD,,2,UU3:MIZOKOSHI KANATA,2,SElist_[Kei]_JPN_4WD,,W/O,,N,Variation#19,Variation#19,PRMV0082981,性能検討用走行抵抗式(ePT連れ回り排除),熱TowingA0,－,C7A0743743214D49AE5FFB6973444FCE,PT構想審査,
2,21268C8B2FF94210B04230BA3851270E,1,0,PRMV0082982 性能検討用走行抵抗式(ePT連れ回り排除) 熱TowingA1 －,A,45540.19615,0,0,EntryCondition,MBSE検討1回目,MBSE検討1回目,,JPN,4WD,,2,UU3:MIZOKOSHI KANATA,2,SElist_[Kei]_JPN_4WD,,W/O,,N/kph,Variation#19,Variation#19,PRMV0082982,性能検討用走行抵抗式(ePT連れ回り排除),熱TowingA1,－,C7A0743743214D49AE5FFB6973444FCE,PT構想審査,
2,7C415DBB962A40DAAD03E72131296A7A,1,0,PRMV0082983 性能検討用走行抵抗式(ePT連れ回り排除) 熱TowingA2 －,A,45540.19616,0,0,EntryCondition,MBSE検討1回目,MBSE検討1回目,,JPN,4WD,,2,UU3:MIZOKOSHI KANATA,2,SElist_[Kei]_JPN_4WD,,W/O,,N/kph#00B2,Variation#19,Variation#19,PRMV0082983,性能検討用走行抵抗式(ePT連れ回り排除),熱TowingA2,－,C7A0743743214D49AE5FFB6973444FCE,PT構想審査,
2,5FF3A8F42D8D443AB0EEBB8D91A4888F,1,0,PRMV0082984 性能検討用走行抵抗式(ePT連れ回り排除) 熱TowingIP －,A,45540.19616,0,0,EntryCondition,MBSE検討1回目,MBSE検討1回目,,JPN,4WD,,2,UU3:MIZOKOSHI KANATA,2,SElist_[Kei]_JPN_4WD,,W/O,,kg,Variation#19,Variation#19,PRMV0082984,性能検討用走行抵抗式(ePT連れ回り排除),熱TowingIP,－,C7A0743743214D49AE5FFB6973444FCE,PT構想審査,
2,AC0BFCF6D63945C3AE319A46B2942153,1,0,PRMV0082985 性能検討用走行抵抗式(ePT連れ回り排除) 熱低温性能A0 －,A,45540.19617,0,0,EntryCondition,MBSE検討1回目,MBSE検討1回目,,JPN,4WD,,2,UU3:MIZOKOSHI KANATA,2,SElist_[Kei]_JPN_4WD,,n,,N,Variation#19,Variation#19,PRMV0082985,性能検討用走行抵抗式(ePT連れ回り排除),熱低温性能A0,－,C7A0743743214D49AE5FFB6973444FCE,PT構想審査,
2,3C11E1C3794E4058A5CAC8FD9AE18CF0,1,0,PRMV0082986 性能検討用走行抵抗式(ePT連れ回り排除) 熱低温性能A1 －,A,45540.19617,0,0,EntryCondition,MBSE検討1回目,MBSE検討1回目,,JPN,4WD,,2,UU3:MIZOKOSHI KANATA,2,SElist_[Kei]_JPN_4WD,,n,,N/kph,Variation#19,Variation#19,PRMV0082986,性能検討用走行抵抗式(ePT連れ回り排除),熱低温性能A1,－,C7A0743743214D49AE5FFB6973444FCE,PT構想審査,
2,057481390E4D4C51B2C3DC279316B18D,1,0,PRMV0082987 性能検討用走行抵抗式(ePT連れ回り排除) 熱低温性能A2 －,A,45540.19618,0,0,EntryCondition,MBSE検討1回目,MBSE検討1回目,,JPN,4WD,,2,UU3:MIZOKOSHI KANATA,2,SElist_[Kei]_JPN_4WD,,n,,N/kph#00B2,Variation#19,Variation#19,PRMV0082987,性能検討用走行抵抗式(ePT連れ回り排除),熱低温性能A2,－,C7A0743743214D49AE5FFB6973444FCE,PT構想審査,
2,2AFBB9E4190F43408A22DD1330399B8D,1,0,PRMV0082988 性能検討用走行抵抗式(ePT連れ回り排除) 熱低温性能IP －,A,45540.19619,0,0,EntryCondition,MBSE検討1回目,MBSE検討1回目,,JPN,4WD,,2,UU3:MIZOKOSHI KANATA,2,SElist_[Kei]_JPN_4WD,,n,,kg,Variation#19,Variation#19,PRMV0082988,性能検討用走行抵抗式(ePT連れ回り排除),熱低温性能IP,－,C7A0743743214D49AE5FFB6973444FCE,PT構想審査,
2,561D9497E6B64125A1700CBD2E30AA85,1,0,PRMV0082989 ePT 最高システム総合出力(公称） －,A,45540.19619,0,0,EntryCondition,MBSE検討1回目,MBSE検討1回目,,JPN,4WD,,2,UU3:MIZOKOSHI KANATA,2,SElist_[Kei]_JPN_4WD,,－,,kW,Variation#19,Variation#19,PRMV0082989,ePT,最高システム総合出力(公称）,－,C7A0743743214D49AE5FFB6973444FCE,PT構想審査,
2,2AEB5BD0B2E1422085FD1EE2E34E018A,1,0,PRMV0082990 ePT FR MOTイナーシャ －,A,45540.1962,0,0,EntryCondition,MBSE検討1回目,MBSE検討1回目,,JPN,4WD,,2,UU3:MIZOKOSHI KANATA,2,SElist_[Kei]_JPN_4WD,,n,,kgm#00B2,Variation#19,Variation#19,PRMV0082990,ePT,FR MOTイナーシャ,－,C7A0743743214D49AE5FFB6973444FCE,PT構想審査,
2,7CCB60954B874AFD86DA8586FBE43061,1,0,PRMV0082991 ePT FR GBイナーシャ #19,A,45540.19622,0,0,EntryCondition,MBSE検討1回目,MBSE検討1回目,,JPN,4WD,,2,UU3:MIZOKOSHI KANATA,2,SElist_[Kei]_JPN_4WD,,0.134(DIFF軸上),,kgm#00B2,Variation#19,Variation#19,PRMV0082991,ePT,FR GBイナーシャ,#19,C7A0743743214D49AE5FFB6973444FCE,PT構想審査,
2,2B984E848DD34882842DC716F21D0299,1,0,PRMV0082992 ePT RR MOTイナーシャ －,A,45540.19622,0,0,EntryCondition,MBSE検討1回目,MBSE検討1回目,,JPN,4WD,,2,UU3:MIZOKOSHI KANATA,2,SElist_[Kei]_JPN_4WD,,n,,kgm#00B2,Variation#19,Variation#19,PRMV0082992,ePT,RR MOTイナーシャ,－,C7A0743743214D49AE5FFB6973444FCE,PT構想審査,
2,888322DB5B1B47F7A1665A5BBBF2D006,1,0,PRMV0082993 ePT RR GBイナーシャ #19,A,45540.19623,0,0,EntryCondition,MBSE検討1回目,MBSE検討1回目,,JPN,4WD,,2,UU3:MIZOKOSHI KANATA,2,SElist_[Kei]_JPN_4WD,,0.069(DIFF軸上),,kgm#00B2,Variation#19,Variation#19,PRMV0082993,ePT,RR GBイナーシャ,#19,C7A0743743214D49AE5FFB6973444FCE,PT構想審査,
2,BCDA9958A7A04454BCA41B33B315508E,1,0,PRMV0082994 ePT FR MOT制限設定トルク上限(第一象限) #19,A,45540.19623,0,0,EntryCondition,MBSE検討1回目,MBSE検討1回目,,JPN,4WD,,2,UU3:MIZOKOSHI KANATA,2,SElist_[Kei]_JPN_4WD,,95,,Nm,Variation#19,Variation#19,PRMV0082994,ePT,FR MOT制限設定トルク上限(第一象限),#19,C7A0743743214D49AE5FFB6973444FCE,PT構想審査,
2,1EA2DEEE9F184FC7A9C3DBC8AC51469F,1,0,PRMV0082995 ePT FR MOT制限設定トルク下限(第四象限) #19,A,45540.19624,0,0,EntryCondition,MBSE検討1回目,MBSE検討1回目,,JPN,4WD,,2,UU3:MIZOKOSHI KANATA,2,SElist_[Kei]_JPN_4WD,,-95,,Nm,Variation#19,Variation#19,PRMV0082995,ePT,FR MOT制限設定トルク下限(第四象限),#19,C7A0743743214D49AE5FFB6973444FCE,PT構想審査,
2,5558AD46BA654AD1B019C8A0B90A12EE,1,0,PRMV0082996 ePT FR GB減速比 #19,A,45540.19624,0,0,EntryCondition,MBSE検討1回目,MBSE検討1回目,,JPN,4WD,,2,UU3:MIZOKOSHI KANATA,2,SElist_[Kei]_JPN_4WD,,12.728,,－,Variation#19,Variation#19,PRMV0082996,ePT,FR GB減速比,#19,C7A0743743214D49AE5FFB6973444FCE,PT構想審査,
2,648CC162CF9C4A538DD4FE0186A830B3,1,0,PRMV0082997 ePT RR MOT制限設定トルク上限(第一象限) #19,A,45540.19625,0,0,EntryCondition,MBSE検討1回目,MBSE検討1回目,,JPN,4WD,,2,UU3:MIZOKOSHI KANATA,2,SElist_[Kei]_JPN_4WD,,95,,Nm,Variation#19,Variation#19,PRMV0082997,ePT,RR MOT制限設定トルク上限(第一象限),#19,C7A0743743214D49AE5FFB6973444FCE,PT構想審査,
2,FF5D46C73ECC40EA8E931574EDABB4C7,1,0,PRMV0082998 ePT RR MOT制限設定トルク下限(第四象限) #19,A,45540.19626,0,0,EntryCondition,MBSE検討1回目,MBSE検討1回目,,JPN,4WD,,2,UU3:MIZOKOSHI KANATA,2,SElist_[Kei]_JPN_4WD,,-95,,Nm,Variation#19,Variation#19,PRMV0082998,ePT,RR MOT制限設定トルク下限(第四象限),#19,C7A0743743214D49AE5FFB6973444FCE,PT構想審査,
2,55CF1C0ADA394507A38D7C50115347D2,1,0,PRMV0082999 ePT RR GB減速比 #19,A,45540.19626,0,0,EntryCondition,MBSE検討1回目,MBSE検討1回目,,JPN,4WD,,2,UU3:MIZOKOSHI KANATA,2,SElist_[Kei]_JPN_4WD,,11.636,,－,Variation#19,Variation#19,PRMV0082999,ePT,RR GB減速比,#19,C7A0743743214D49AE5FFB6973444FCE,PT構想審査,
2,9FC5ACCD58214C9BB9ACBFE684018727,1,0,PRMV0083000 ドライブシャフト FR右ドライブシャフトイナーシャ －,A,45540.19627,0,0,EntryCondition,MBSE検討1回目,MBSE検討1回目,,JPN,4WD,,2,UU3:MIZOKOSHI KANATA,2,SElist_[Kei]_JPN_4WD,,1.853×10^-3,,kgm#00B2,Variation#19,Variation#19,PRMV0083000,ドライブシャフト,FR右ドライブシャフトイナーシャ,－,C7A0743743214D49AE5FFB6973444FCE,PT構想審査,
2,43597F5D4E964C2D888C5ECBB2B81570,1,0,PRMV0083001 ドライブシャフト FR左ドライブシャフトイナーシャ －,A,45540.19627,0,0,EntryCondition,MBSE検討1回目,MBSE検討1回目,,JPN,4WD,,2,UU3:MIZOKOSHI KANATA,2,SElist_[Kei]_JPN_4WD,,1.844×10^-3,,kgm#00B2,Variation#19,Variation#19,PRMV0083001,ドライブシャフト,FR左ドライブシャフトイナーシャ,－,C7A0743743214D49AE5FFB6973444FCE,PT構想審査,
2,9E04BD344D9944AD9D4EE3955BCAEFFC,1,0,PRMV0083002 ドライブシャフト RR右ドライブシャフトイナーシャ －,A,45540.19628,0,0,EntryCondition,MBSE検討1回目,MBSE検討1回目,,JPN,4WD,,2,UU3:MIZOKOSHI KANATA,2,SElist_[Kei]_JPN_4WD,,1.853×10^-3,,kgm#00B2,Variation#19,Variation#19,PRMV0083002,ドライブシャフト,RR右ドライブシャフトイナーシャ,－,C7A0743743214D49AE5FFB6973444FCE,PT構想審査,
2,82FF0BE071DA442692867B5DCFDBFBBE,1,0,PRMV0083003 ドライブシャフト RR左ドライブシャフトイナーシャ －,A,45540.1963,0,0,EntryCondition,MBSE検討1回目,MBSE検討1回目,,JPN,4WD,,2,UU3:MIZOKOSHI KANATA,2,SElist_[Kei]_JPN_4WD,,1.837×10^-3,,kgm#00B2,Variation#19,Variation#19,PRMV0083003,ドライブシャフト,RR左ドライブシャフトイナーシャ,－,C7A0743743214D49AE5FFB6973444FCE,PT構想審査,
2,9E022767BCCF40B29A3526F3F73AE7EE,1,0,"PRMV0083004 DCDC DCDC効率(走行時弱電220W,355V入力(SOC20%),13V出力) －",A,45540.1963,0,0,EntryCondition,MBSE検討1回目,MBSE検討1回目,,JPN,4WD,,2,UU3:MIZOKOSHI KANATA,2,SElist_[Kei]_JPN_4WD,,75,,%,Variation#19,Variation#19,PRMV0083004,DCDC,"DCDC効率(走行時弱電220W,355V入力(SOC20%),13V出力)",－,C7A0743743214D49AE5FFB6973444FCE,PT構想審査,
2,B612236A743B42029863601BB8DF7476,1,0,PRMV0083005 LV BATT 消費電力(電費試験時WLTCモード) －,A,45540.19631,0,0,EntryCondition,MBSE検討1回目,MBSE検討1回目,,JPN,4WD,,2,UU3:MIZOKOSHI KANATA,2,SElist_[Kei]_JPN_4WD,,n,,kW,Variation#19,Variation#19,PRMV0083005,LV BATT,消費電力(電費試験時WLTCモード),－,C7A0743743214D49AE5FFB6973444FCE,PT構想審査,
2,B0E2868F20BF46F0BECC806DD82012DB,1,0,PRMV0083006 HV BATT 直列セル数 －,A,45540.19631,0,0,EntryCondition,MBSE検討1回目,MBSE検討1回目,,JPN,4WD,,2,UU3:MIZOKOSHI KANATA,2,SElist_[Kei]_JPN_4WD,,96,,cell,Variation#19,Variation#19,PRMV0083006,HV BATT,直列セル数,－,C7A0743743214D49AE5FFB6973444FCE,PT構想審査,
2,DB146A37CD0B4D378972491A75DD48DD,1,0,PRMV0083007 HV BATT 並列セル数 －,A,45540.19632,0,0,EntryCondition,MBSE検討1回目,MBSE検討1回目,,JPN,4WD,,2,UU3:MIZOKOSHI KANATA,2,SElist_[Kei]_JPN_4WD,,1,,para,Variation#19,Variation#19,PRMV0083007,HV BATT,並列セル数,－,C7A0743743214D49AE5FFB6973444FCE,PT構想審査,
2,8D269BEC6AE046D09AE0C77D92F46F1D,1,0,PRMV0083008 HV BATT セル容量 －,A,45540.19632,0,0,EntryCondition,MBSE検討1回目,MBSE検討1回目,,JPN,4WD,,2,UU3:MIZOKOSHI KANATA,2,SElist_[Kei]_JPN_4WD,,72(usable),,Ah,Variation#19,Variation#19,PRMV0083008,HV BATT,セル容量,－,C7A0743743214D49AE5FFB6973444FCE,PT構想審査,
2,37B7409D3B484E04AE034337F46DFE10,1,0,PRMV0083009 HV BATT パック繋ぎ抵抗 －,A,45540.19633,0,0,EntryCondition,MBSE検討1回目,MBSE検討1回目,,JPN,4WD,,2,UU3:MIZOKOSHI KANATA,2,SElist_[Kei]_JPN_4WD,,0.01(TBD),,Ω,Variation#19,Variation#19,PRMV0083009,HV BATT,パック繋ぎ抵抗,－,C7A0743743214D49AE5FFB6973444FCE,PT構想審査,
2,1A7BB74023FD4577A7BA3D1F5202309A,1,0,PRMV0083010 HV BATT DCハーネスの抵抗 －,A,45540.19633,0,0,EntryCondition,MBSE検討1回目,MBSE検討1回目,,JPN,4WD,,2,UU3:MIZOKOSHI KANATA,2,SElist_[Kei]_JPN_4WD,,TBD,,Ω,Variation#19,Variation#19,PRMV0083010,HV BATT,DCハーネスの抵抗,－,C7A0743743214D49AE5FFB6973444FCE,PT構想審査,
2,968293D255074D27A4D555DA0D5136F9,1,0,PRMV0083011 Vehicle Weight Min.C.W. －,A,45540.19634,0,0,EntryCondition,MBSE検討1回目,MBSE検討1回目,,JPN,4WD,,2,UU3:MIZOKOSHI KANATA,2,SElist_[Kei]_JPN_4WD,,1198,,kg,Variation#20,Variation#20,PRMV0083011,Vehicle Weight,Min.C.W.,－,C7A0743743214D49AE5FFB6973444FCE,PT構想審査,
2,D863C65F9512495490EB929DEE52482C,1,0,PRMV0083012 Vehicle Weight Max.C.W. －,A,45540.19635,0,0,EntryCondition,MBSE検討1回目,MBSE検討1回目,,JPN,4WD,,2,UU3:MIZOKOSHI KANATA,2,SElist_[Kei]_JPN_4WD,,1205,,kg,Variation#20,Variation#20,PRMV0083012,Vehicle Weight,Max.C.W.,－,C7A0743743214D49AE5FFB6973444FCE,PT構想審査,
2,001BA7335F0045BA9843AA28867BC1C7,1,0,PRMV0083013 Vehicle Weight スペアタイヤ&工具  －,A,45540.19637,0,0,EntryCondition,MBSE検討1回目,MBSE検討1回目,,JPN,4WD,,2,UU3:MIZOKOSHI KANATA,2,SElist_[Kei]_JPN_4WD,,1.6,,kg,Variation#20,Variation#20,PRMV0083013,Vehicle Weight,スペアタイヤ&工具 ,－,C7A0743743214D49AE5FFB6973444FCE,PT構想審査,
2,865602CFCEE24FFC84E4DF8BC9C48FA6,1,0,PRMV0083014 Vehicle Weight EPA届出重量 －,A,45540.19637,0,0,EntryCondition,MBSE検討1回目,MBSE検討1回目,,JPN,4WD,,2,UU3:MIZOKOSHI KANATA,2,SElist_[Kei]_JPN_4WD,,no App,,kg,Variation#20,Variation#20,PRMV0083014,Vehicle Weight,EPA届出重量,－,C7A0743743214D49AE5FFB6973444FCE,PT構想審査,
2,BD11FCC4EDB34E40B0C903C65664F99E,1,0,PRMV0083015 Vehicle Severe Weight PTW or GVWR －,A,45540.19638,0,0,EntryCondition,MBSE検討1回目,MBSE検討1回目,,JPN,4WD,,2,UU3:MIZOKOSHI KANATA,2,SElist_[Kei]_JPN_4WD,,1448,,kg,Variation#20,Variation#20,PRMV0083015,Vehicle Severe Weight,PTW or GVWR,－,C7A0743743214D49AE5FFB6973444FCE,PT構想審査,
2,E0272D0921AF4150903B5BBA2AF650D2,1,0,PRMV0083016 Vehicle Severe Weight GAWR FR －,A,45540.19638,0,0,EntryCondition,MBSE検討1回目,MBSE検討1回目,,JPN,4WD,,2,UU3:MIZOKOSHI KANATA,2,SElist_[Kei]_JPN_4WD,,n,,kg,Variation#20,Variation#20,PRMV0083016,Vehicle Severe Weight,GAWR FR,－,C7A0743743214D49AE5FFB6973444FCE,PT構想審査,
2,7599D7A759514D648A406C84F1A36162,1,0,PRMV0083017 Vehicle Severe Weight GAWR RR －,A,45540.19639,0,0,EntryCondition,MBSE検討1回目,MBSE検討1回目,,JPN,4WD,,2,UU3:MIZOKOSHI KANATA,2,SElist_[Kei]_JPN_4WD,,n,,kg,Variation#20,Variation#20,PRMV0083017,Vehicle Severe Weight,GAWR RR,－,C7A0743743214D49AE5FFB6973444FCE,PT構想審査,
2,9C9A578A45B54BB2883D0E4524BFC61D,1,0,PRMV0083018 Vehicle Severe Weight Towing －,A,45540.19639,0,0,EntryCondition,MBSE検討1回目,MBSE検討1回目,,JPN,4WD,,2,UU3:MIZOKOSHI KANATA,2,SElist_[Kei]_JPN_4WD,,no App,,kg,Variation#20,Variation#20,PRMV0083018,Vehicle Severe Weight,Towing,－,C7A0743743214D49AE5FFB6973444FCE,PT構想審査,
2,4CE6E3887B3F46558403A7804B58E894,1,0,PRMV0083019 空力 Cd  －,A,45540.1964,0,0,EntryCondition,MBSE検討1回目,MBSE検討1回目,,JPN,4WD,,2,UU3:MIZOKOSHI KANATA,2,SElist_[Kei]_JPN_4WD,,0.398,,－,Variation#20,Variation#20,PRMV0083019,空力,Cd ,－,C7A0743743214D49AE5FFB6973444FCE,PT構想審査,
2,01840085770A40148B2BED17A0FA304E,1,0,PRMV0083020 空力 A －,A,45540.19641,0,0,EntryCondition,MBSE検討1回目,MBSE検討1回目,,JPN,4WD,,2,UU3:MIZOKOSHI KANATA,2,SElist_[Kei]_JPN_4WD,,2.2071,,m#00B2,Variation#20,Variation#20,PRMV0083020,空力,A,－,C7A0743743214D49AE5FFB6973444FCE,PT構想審査,
2,5990218DB94B4FAE9F6ADBA59732DFA8,1,0,PRMV0083021 空力 ΔCd (AGS閉→全開) －,A,45540.19641,0,0,EntryCondition,MBSE検討1回目,MBSE検討1回目,,JPN,4WD,,2,UU3:MIZOKOSHI KANATA,2,SElist_[Kei]_JPN_4WD,,n,,－,Variation#20,Variation#20,PRMV0083021,空力,ΔCd (AGS閉→全開),－,C7A0743743214D49AE5FFB6973444FCE,PT構想審査,
2,646EF12F57EB4F74A0AD9CB54BCE3B5D,1,0,PRMV0083022 空力 Grill shutter車速閾値 高速側 (閉→開)/(開→閉) －,A,45540.19642,0,0,EntryCondition,MBSE検討1回目,MBSE検討1回目,,JPN,4WD,,2,UU3:MIZOKOSHI KANATA,2,SElist_[Kei]_JPN_4WD,,n,,kph,Variation#20,Variation#20,PRMV0083022,空力,Grill shutter車速閾値 高速側 (閉→開)/(開→閉),－,C7A0743743214D49AE5FFB6973444FCE,PT構想審査,
2,14E3CCEE3EAF47DBA73934DBC7674A5C,1,0,PRMV0083023 空力 Grill shutter車速閾値 低速側 (閉→開)/(開→閉) －,A,45540.19642,0,0,EntryCondition,MBSE検討1回目,MBSE検討1回目,,JPN,4WD,,2,UU3:MIZOKOSHI KANATA,2,SElist_[Kei]_JPN_4WD,,n,,kph,Variation#20,Variation#20,PRMV0083023,空力,Grill shutter車速閾値 低速側 (閉→開)/(開→閉),－,C7A0743743214D49AE5FFB6973444FCE,PT構想審査,
2,40F92E5B1C5146519EA2C66C191AF698,1,0,PRMV0083024 タイヤ FRサイズ －,A,45540.19644,0,0,EntryCondition,MBSE検討1回目,MBSE検討1回目,,JPN,4WD,,2,UU3:MIZOKOSHI KANATA,2,SElist_[Kei]_JPN_4WD,,165/60R15,,－,Variation#20,Variation#20,PRMV0083024,タイヤ,FRサイズ,－,C7A0743743214D49AE5FFB6973444FCE,PT構想審査,
2,5D1D5DDD49C14FFAB3AD31F23ED0401E,1,0,PRMV0083025 タイヤ FR動半径 －,A,45540.19644,0,0,EntryCondition,MBSE検討1回目,MBSE検討1回目,,JPN,4WD,,2,UU3:MIZOKOSHI KANATA,2,SElist_[Kei]_JPN_4WD,,0.278,,m,Variation#20,Variation#20,PRMV0083025,タイヤ,FR動半径,－,C7A0743743214D49AE5FFB6973444FCE,PT構想審査,
2,EB4660EF7F17470D9B9300501761A9D9,1,0,"PRMV0083026 タイヤ FR RRC (ISO 28560 80kmh,210kPa) －",A,45540.19645,0,0,EntryCondition,MBSE検討1回目,MBSE検討1回目,,JPN,4WD,,2,UU3:MIZOKOSHI KANATA,2,SElist_[Kei]_JPN_4WD,,7.2,,－,Variation#20,Variation#20,PRMV0083026,タイヤ,"FR RRC (ISO 28560 80kmh,210kPa)",－,C7A0743743214D49AE5FFB6973444FCE,PT構想審査,
2,A067F5BD272F4CA983E56B896B469F39,1,0,PRMV0083027 タイヤ FR RRC (車両状態) －,A,45540.19646,0,0,EntryCondition,MBSE検討1回目,MBSE検討1回目,,JPN,4WD,,2,UU3:MIZOKOSHI KANATA,2,SElist_[Kei]_JPN_4WD,,68,,－,Variation#20,Variation#20,PRMV0083027,タイヤ,FR RRC (車両状態),－,C7A0743743214D49AE5FFB6973444FCE,PT構想審査,
2,3078F0E8CE7D4DEEB40D6E25705BCC31,1,0,PRMV0083028 タイヤ FR RRC (車両状態)空気圧 －,A,45540.19646,0,0,EntryCondition,MBSE検討1回目,MBSE検討1回目,,JPN,4WD,,2,UU3:MIZOKOSHI KANATA,2,SElist_[Kei]_JPN_4WD,,240,,kPa,Variation#20,Variation#20,PRMV0083028,タイヤ,FR RRC (車両状態)空気圧,－,C7A0743743214D49AE5FFB6973444FCE,PT構想審査,
2,B06DD4381CFA42A59EAE64DE64A53E07,1,0,PRMV0083029 タイヤ FR イナーシャ(1本)  －,A,45540.19647,0,0,EntryCondition,MBSE検討1回目,MBSE検討1回目,,JPN,4WD,,2,UU3:MIZOKOSHI KANATA,2,SElist_[Kei]_JPN_4WD,,0.53,,kgm#00B2,Variation#20,Variation#20,PRMV0083029,タイヤ,FR イナーシャ(1本) ,－,C7A0743743214D49AE5FFB6973444FCE,PT構想審査,
2,9D22DD5C3CDA4DFFA15B62BFCBE3C4F3,1,0,PRMV0083030 タイヤ RRサイズ －,A,45540.19648,0,0,EntryCondition,MBSE検討1回目,MBSE検討1回目,,JPN,4WD,,2,UU3:MIZOKOSHI KANATA,2,SElist_[Kei]_JPN_4WD,,165/60R15,,－,Variation#20,Variation#20,PRMV0083030,タイヤ,RRサイズ,－,C7A0743743214D49AE5FFB6973444FCE,PT構想審査,
2,2909C49977EF4EA592CD37BB9B08C53A,1,0,PRMV0083031 タイヤ RR動半径 －,A,45540.19648,0,0,EntryCondition,MBSE検討1回目,MBSE検討1回目,,JPN,4WD,,2,UU3:MIZOKOSHI KANATA,2,SElist_[Kei]_JPN_4WD,,0.278,,m,Variation#20,Variation#20,PRMV0083031,タイヤ,RR動半径,－,C7A0743743214D49AE5FFB6973444FCE,PT構想審査,
2,8A2196E5D1E84E33AA4930F54F727F4B,1,0,"PRMV0083032 タイヤ RR RRC (ISO 28560 80kmh,210kPa) －",A,45540.19649,0,0,EntryCondition,MBSE検討1回目,MBSE検討1回目,,JPN,4WD,,2,UU3:MIZOKOSHI KANATA,2,SElist_[Kei]_JPN_4WD,,n,,－,Variation#20,Variation#20,PRMV0083032,タイヤ,"RR RRC (ISO 28560 80kmh,210kPa)",－,C7A0743743214D49AE5FFB6973444FCE,PT構想審査,
2,E6B9ADEECBB64AF8B53088FB3D651734,1,0,PRMV0083033 タイヤ RR RRC (車両状態) －,A,45540.19649,0,0,EntryCondition,MBSE検討1回目,MBSE検討1回目,,JPN,4WD,,2,UU3:MIZOKOSHI KANATA,2,SElist_[Kei]_JPN_4WD,,68,,－,Variation#20,Variation#20,PRMV0083033,タイヤ,RR RRC (車両状態),－,C7A0743743214D49AE5FFB6973444FCE,PT構想審査,
2,5528D7BD87A046B3BC4078198ED6E762,1,0,PRMV0083034 タイヤ RR RRC (車両状態)空気圧 －,A,45540.1965,0,0,EntryCondition,MBSE検討1回目,MBSE検討1回目,,JPN,4WD,,2,UU3:MIZOKOSHI KANATA,2,SElist_[Kei]_JPN_4WD,,240,,kPa,Variation#20,Variation#20,PRMV0083034,タイヤ,RR RRC (車両状態)空気圧,－,C7A0743743214D49AE5FFB6973444FCE,PT構想審査,
2,FD2A77C6AB4E4BCB98A2991EC86B367C,1,0,PRMV0083035 タイヤ RR イナーシャ(1本)  －,A,45540.1965,0,0,EntryCondition,MBSE検討1回目,MBSE検討1回目,,JPN,4WD,,2,UU3:MIZOKOSHI KANATA,2,SElist_[Kei]_JPN_4WD,,0.53,,kgm#00B2,Variation#20,Variation#20,PRMV0083035,タイヤ,RR イナーシャ(1本) ,－,C7A0743743214D49AE5FFB6973444FCE,PT構想審査,
2,9AB42216DC3C456FAF125A6DC6703191,1,0,PRMV0083036 ホイール 仕様 －,A,45540.19652,0,0,EntryCondition,MBSE検討1回目,MBSE検討1回目,,JPN,4WD,,2,UU3:MIZOKOSHI KANATA,2,SElist_[Kei]_JPN_4WD,,n,,－,Variation#20,Variation#20,PRMV0083036,ホイール,仕様,－,C7A0743743214D49AE5FFB6973444FCE,PT構想審査,
2,148FF141A076468E9D087D2C455A7A09,1,0,PRMV0083037 ホイール イナーシャ(1本) －,A,45540.19653,0,0,EntryCondition,MBSE検討1回目,MBSE検討1回目,,JPN,4WD,,2,UU3:MIZOKOSHI KANATA,2,SElist_[Kei]_JPN_4WD,,no App,,kgm#00B2,Variation#20,Variation#20,PRMV0083037,ホイール,イナーシャ(1本),－,C7A0743743214D49AE5FFB6973444FCE,PT構想審査,
2,9FBE90D3072F43EFB4FAECC95AD25381,1,0,PRMV0083038 HUB Total引き摺りトルク (@80km/h) －,A,45540.19653,0,0,EntryCondition,MBSE検討1回目,MBSE検討1回目,,JPN,4WD,,2,UU3:MIZOKOSHI KANATA,2,SElist_[Kei]_JPN_4WD,,3.86,,Nm/veh,Variation#20,Variation#20,PRMV0083038,HUB,Total引き摺りトルク (@80km/h),－,C7A0743743214D49AE5FFB6973444FCE,PT構想審査,
2,438AD5A7927A4B54A6B14699D5A5AC4A,1,0,PRMV0083039 HUB FR 引き摺りトルク (@80km/h) －,A,45540.19654,0,0,EntryCondition,MBSE検討1回目,MBSE検討1回目,,JPN,4WD,,2,UU3:MIZOKOSHI KANATA,2,SElist_[Kei]_JPN_4WD,,Totalに含む,,Nm/veh,Variation#20,Variation#20,PRMV0083039,HUB,FR 引き摺りトルク (@80km/h),－,C7A0743743214D49AE5FFB6973444FCE,PT構想審査,
2,270CEA6C4EE6463DA8BEA86FDF0EBB41,1,0,PRMV0083040 HUB RR 引き摺りトルク (@80km/h) －,A,45540.19654,0,0,EntryCondition,MBSE検討1回目,MBSE検討1回目,,JPN,4WD,,2,UU3:MIZOKOSHI KANATA,2,SElist_[Kei]_JPN_4WD,,Totalに含む,,Nm/veh,Variation#20,Variation#20,PRMV0083040,HUB,RR 引き摺りトルク (@80km/h),－,C7A0743743214D49AE5FFB6973444FCE,PT構想審査,
2,1EA77A09E1804187916F039166B821E1,1,0,PRMV0083041 HUB FR イナーシャ －,A,45540.19655,0,0,EntryCondition,MBSE検討1回目,MBSE検討1回目,,JPN,4WD,,2,UU3:MIZOKOSHI KANATA,2,SElist_[Kei]_JPN_4WD,,n,,kgm#00B2,Variation#20,Variation#20,PRMV0083041,HUB,FR イナーシャ,－,C7A0743743214D49AE5FFB6973444FCE,PT構想審査,
2,CB4C927F80E64CEF9C825DEA2B6FFDDD,1,0,PRMV0083042 HUB RR イナーシャ －,A,45540.19655,0,0,EntryCondition,MBSE検討1回目,MBSE検討1回目,,JPN,4WD,,2,UU3:MIZOKOSHI KANATA,2,SElist_[Kei]_JPN_4WD,,n,,kgm#00B2,Variation#20,Variation#20,PRMV0083042,HUB,RR イナーシャ,－,C7A0743743214D49AE5FFB6973444FCE,PT構想審査,
2,E520859DD63C41799108225826899381,1,0,PRMV0083043 ブレーキ 引き摺りトルク (＠経験圧3Mpa)  －,A,45540.19656,0,0,EntryCondition,MBSE検討1回目,MBSE検討1回目,,JPN,4WD,,2,UU3:MIZOKOSHI KANATA,2,SElist_[Kei]_JPN_4WD,,2.1,,Nm/veh,Variation#20,Variation#20,PRMV0083043,ブレーキ,引き摺りトルク (＠経験圧3Mpa) ,－,C7A0743743214D49AE5FFB6973444FCE,PT構想審査,
2,1BBD50A3A70945BE9B0CDEE1E79DC7CF,1,0,PRMV0083044 ブレーキ FR引き摺りトルク (経験圧3Mpa＠60kph) －,A,45540.19656,0,0,EntryCondition,MBSE検討1回目,MBSE検討1回目,,JPN,4WD,,2,UU3:MIZOKOSHI KANATA,2,SElist_[Kei]_JPN_4WD,,－,,Nm/veh,Variation#20,Variation#20,PRMV0083044,ブレーキ,FR引き摺りトルク (経験圧3Mpa＠60kph),－,C7A0743743214D49AE5FFB6973444FCE,PT構想審査,
2,E0EBD292E7DE4CBE90AC7E0B116174C7,1,0,PRMV0083045 ブレーキ RR引き摺りトルク(経験圧3Mpa＠60kph) －,A,45540.19657,0,0,EntryCondition,MBSE検討1回目,MBSE検討1回目,,JPN,4WD,,2,UU3:MIZOKOSHI KANATA,2,SElist_[Kei]_JPN_4WD,,－,,Nm/veh,Variation#20,Variation#20,PRMV0083045,ブレーキ,RR引き摺りトルク(経験圧3Mpa＠60kph),－,C7A0743743214D49AE5FFB6973444FCE,PT構想審査,
2,DD43AD24563D49D0A4FFD92C70C7F85A,1,0,PRMV0083046 ブレーキ FRイナーシャ －,A,45540.19659,0,0,EntryCondition,MBSE検討1回目,MBSE検討1回目,,JPN,4WD,,2,UU3:MIZOKOSHI KANATA,2,SElist_[Kei]_JPN_4WD,,0,,kgm#00B2,Variation#20,Variation#20,PRMV0083046,ブレーキ,FRイナーシャ,－,C7A0743743214D49AE5FFB6973444FCE,PT構想審査,
2,946C62F32C6E4CF6AAC19B1F81CE578A,1,0,PRMV0083047 ブレーキ RRイナーシャ －,A,45540.19659,0,0,EntryCondition,MBSE検討1回目,MBSE検討1回目,,JPN,4WD,,2,UU3:MIZOKOSHI KANATA,2,SElist_[Kei]_JPN_4WD,,0,,kgm#00B2,Variation#20,Variation#20,PRMV0083047,ブレーキ,RRイナーシャ,－,C7A0743743214D49AE5FFB6973444FCE,PT構想審査,
2,EE67D26ECFB1477BAC8BEBDCFD1347B9,1,0,PRMV0083048 車両姿勢 グランドクリアランスMin －,A,45540.1966,0,0,EntryCondition,MBSE検討1回目,MBSE検討1回目,,JPN,4WD,,2,UU3:MIZOKOSHI KANATA,2,SElist_[Kei]_JPN_4WD,,n,,mm,Variation#20,Variation#20,PRMV0083048,車両姿勢,グランドクリアランスMin,－,C7A0743743214D49AE5FFB6973444FCE,PT構想審査,
2,FC0B2F5F9E1942EEB4B247B855F2D975,1,0,PRMV0083049 Test Weight 航続距離試験(ETW)Total －,A,45540.1966,0,0,EntryCondition,MBSE検討1回目,MBSE検討1回目,,JPN,4WD,,2,UU3:MIZOKOSHI KANATA,2,SElist_[Kei]_JPN_4WD,,1327.3,,kg,Variation#20,Variation#20,PRMV0083049,Test Weight,航続距離試験(ETW)Total,－,C7A0743743214D49AE5FFB6973444FCE,PT構想審査,
2,48A50E5B12724393A73AD6BEC7C576A6,1,0,PRMV0083050 Test Weight 航続距離試験(ETW)FR －,A,45540.19661,0,0,EntryCondition,MBSE検討1回目,MBSE検討1回目,,JPN,4WD,,2,UU3:MIZOKOSHI KANATA,2,SElist_[Kei]_JPN_4WD,,TBD,,kg,Variation#20,Variation#20,PRMV0083050,Test Weight,航続距離試験(ETW)FR,－,C7A0743743214D49AE5FFB6973444FCE,PT構想審査,
2,D2840AA5A38B49D59CAF75325B16321B,1,0,PRMV0083051 Test Weight 航続距離試験(ETW)RR －,A,45540.19661,0,0,EntryCondition,MBSE検討1回目,MBSE検討1回目,,JPN,4WD,,2,UU3:MIZOKOSHI KANATA,2,SElist_[Kei]_JPN_4WD,,TBD,,kg,Variation#20,Variation#20,PRMV0083051,Test Weight,航続距離試験(ETW)RR,－,C7A0743743214D49AE5FFB6973444FCE,PT構想審査,
2,66F56E23D740436591C4897C17FF013A,1,0,PRMV0083052 Test Weight 動力当り前性能  －,A,45540.19662,0,0,EntryCondition,MBSE検討1回目,MBSE検討1回目,,JPN,4WD,,2,UU3:MIZOKOSHI KANATA,2,SElist_[Kei]_JPN_4WD,,1418,,kg,Variation#20,Variation#20,PRMV0083052,Test Weight,動力当り前性能 ,－,C7A0743743214D49AE5FFB6973444FCE,PT構想審査,
2,33D1972C950044C79E2C18ADEC14AE62,1,0,PRMV0083053 Test Weight 動力Accerelation －,A,45540.19662,0,0,EntryCondition,MBSE検討1回目,MBSE検討1回目,,JPN,4WD,,2,UU3:MIZOKOSHI KANATA,2,SElist_[Kei]_JPN_4WD,,1343,,kg,Variation#20,Variation#20,PRMV0083053,Test Weight,動力Accerelation,－,C7A0743743214D49AE5FFB6973444FCE,PT構想審査,
2,98432E13D5EF439D9ABA162B5E2854E9,1,0,PRMV0083054 Test Weight 動力Vmax －,A,45540.19663,0,0,EntryCondition,MBSE検討1回目,MBSE検討1回目,,JPN,4WD,,2,UU3:MIZOKOSHI KANATA,2,SElist_[Kei]_JPN_4WD,,1343,,kg,Variation#20,Variation#20,PRMV0083054,Test Weight,動力Vmax,－,C7A0743743214D49AE5FFB6973444FCE,PT構想審査,
2,9F41DFDC34A444BAB600531092A14E97,1,0,PRMV0083055 Test Weight 熱NEMシビアシーン －,A,45540.19664,0,0,EntryCondition,MBSE検討1回目,MBSE検討1回目,,JPN,4WD,,2,UU3:MIZOKOSHI KANATA,2,SElist_[Kei]_JPN_4WD,,1448,,kg,Variation#20,Variation#20,PRMV0083055,Test Weight,熱NEMシビアシーン,－,C7A0743743214D49AE5FFB6973444FCE,PT構想審査,
2,665B441F25A74CF9960530B6114342F5,1,0,PRMV0083056 Test Weight 熱加減速繰り返し走行 －,A,45540.19664,0,0,EntryCondition,MBSE検討1回目,MBSE検討1回目,,JPN,4WD,,2,UU3:MIZOKOSHI KANATA,2,SElist_[Kei]_JPN_4WD,,1448,,kg,Variation#20,Variation#20,PRMV0083056,Test Weight,熱加減速繰り返し走行,－,C7A0743743214D49AE5FFB6973444FCE,PT構想審査,
2,A3A37EA8E86542489BAEB797BEFAD056,1,0,PRMV0083057 Test Weight 熱Towing －,A,45540.19666,0,0,EntryCondition,MBSE検討1回目,MBSE検討1回目,,JPN,4WD,,2,UU3:MIZOKOSHI KANATA,2,SElist_[Kei]_JPN_4WD,,W/O,,kg,Variation#20,Variation#20,PRMV0083057,Test Weight,熱Towing,－,C7A0743743214D49AE5FFB6973444FCE,PT構想審査,
2,8DC9CB3C49E44AD09F44E9EABBE57AC6,1,0,PRMV0083058 Test Weight 熱低温性能 －,A,45540.19666,0,0,EntryCondition,MBSE検討1回目,MBSE検討1回目,,JPN,4WD,,2,UU3:MIZOKOSHI KANATA,2,SElist_[Kei]_JPN_4WD,,1448,,kg,Variation#20,Variation#20,PRMV0083058,Test Weight,熱低温性能,－,C7A0743743214D49AE5FFB6973444FCE,PT構想審査,
2,FBA49F7BB01A40C5A8E83B48254974BF,1,0,PRMV0083059 走行抵抗 届出(Target Lset式) A0 －,A,45540.19667,0,0,EntryCondition,MBSE検討1回目,MBSE検討1回目,,JPN,4WD,,2,UU3:MIZOKOSHI KANATA,2,SElist_[Kei]_JPN_4WD,,94.864,,N,Variation#20,Variation#20,PRMV0083059,走行抵抗,届出(Target Lset式) A0,－,C7A0743743214D49AE5FFB6973444FCE,PT構想審査,
2,45F23438CD974D149EF046711FBB170B,1,0,PRMV0083060 走行抵抗 届出(Target Lset式) A1 －,A,45540.19668,0,0,EntryCondition,MBSE検討1回目,MBSE検討1回目,,JPN,4WD,,2,UU3:MIZOKOSHI KANATA,2,SElist_[Kei]_JPN_4WD,,-0.663,,N/kph,Variation#20,Variation#20,PRMV0083060,走行抵抗,届出(Target Lset式) A1,－,C7A0743743214D49AE5FFB6973444FCE,PT構想審査,
2,11F00C2537EA4812A0E1EE025762C23F,1,0,PRMV0083061 走行抵抗 届出(Target Lset式) A2 －,A,45540.19668,0,0,EntryCondition,MBSE検討1回目,MBSE検討1回目,,JPN,4WD,,2,UU3:MIZOKOSHI KANATA,2,SElist_[Kei]_JPN_4WD,,0.051,,N/kph#00B2,Variation#20,Variation#20,PRMV0083061,走行抵抗,届出(Target Lset式) A2,－,C7A0743743214D49AE5FFB6973444FCE,PT構想審査,
2,910C987DD2E047E894C20D1EFF3592DA,1,0,PRMV0083062 走行抵抗 届出(Target Lset式) IP －,A,45540.19669,0,0,EntryCondition,MBSE検討1回目,MBSE検討1回目,,JPN,4WD,,2,UU3:MIZOKOSHI KANATA,2,SElist_[Kei]_JPN_4WD,,1327,,lbs,Variation#20,Variation#20,PRMV0083062,走行抵抗,届出(Target Lset式) IP,－,C7A0743743214D49AE5FFB6973444FCE,PT構想審査,
2,0048050E59D24BFF90F7F2C3D96B5819,1,0,PRMV0083063 性能検討用走行抵抗式(ePT連れ回り排除) 航続距離(C/D車載状態)A0 －,A,45540.19669,0,0,EntryCondition,MBSE検討1回目,MBSE検討1回目,,JPN,4WD,,2,UU3:MIZOKOSHI KANATA,2,SElist_[Kei]_JPN_4WD,,101.08,,N,Variation#20,Variation#20,PRMV0083063,性能検討用走行抵抗式(ePT連れ回り排除),航続距離(C/D車載状態)A0,－,C7A0743743214D49AE5FFB6973444FCE,PT構想審査,
2,36E3BB1BB1DF49B0B33EC01D9EE77B5C,1,0,PRMV0083064 性能検討用走行抵抗式(ePT連れ回り排除) 航続距離(C/D車載状態)A1 －,A,45540.1967,0,0,EntryCondition,MBSE検討1回目,MBSE検討1回目,,JPN,4WD,,2,UU3:MIZOKOSHI KANATA,2,SElist_[Kei]_JPN_4WD,,-0.487,,N/kph,Variation#20,Variation#20,PRMV0083064,性能検討用走行抵抗式(ePT連れ回り排除),航続距離(C/D車載状態)A1,－,C7A0743743214D49AE5FFB6973444FCE,PT構想審査,
2,2BC819F34FDA499FAF1DDEF07154A68E,1,0,PRMV0083065 性能検討用走行抵抗式(ePT連れ回り排除) 航続距離(C/D車載状態)A2 －,A,45540.1967,0,0,EntryCondition,MBSE検討1回目,MBSE検討1回目,,JPN,4WD,,2,UU3:MIZOKOSHI KANATA,2,SElist_[Kei]_JPN_4WD,,0.049,,N/kph#00B2,Variation#20,Variation#20,PRMV0083065,性能検討用走行抵抗式(ePT連れ回り排除),航続距離(C/D車載状態)A2,－,C7A0743743214D49AE5FFB6973444FCE,PT構想審査,
2,79B5DA197BC849FAB5F0CE5D30A8DE87,1,0,PRMV0083066 性能検討用走行抵抗式(ePT連れ回り排除) 航続距離(C/D車載状態)IP －,A,45540.19671,0,0,EntryCondition,MBSE検討1回目,MBSE検討1回目,,JPN,4WD,,2,UU3:MIZOKOSHI KANATA,2,SElist_[Kei]_JPN_4WD,,1327,,lbs,Variation#20,Variation#20,PRMV0083066,性能検討用走行抵抗式(ePT連れ回り排除),航続距離(C/D車載状態)IP,－,C7A0743743214D49AE5FFB6973444FCE,PT構想審査,
2,9ED9637183124B5784E000E5DD19BB9B,1,0,PRMV0083067 性能検討用走行抵抗式(ePT連れ回り排除) 動力当り前性能A0 －,A,45540.19671,0,0,EntryCondition,MBSE検討1回目,MBSE検討1回目,,JPN,4WD,,2,UU3:MIZOKOSHI KANATA,2,SElist_[Kei]_JPN_4WD,,－,,N,Variation#20,Variation#20,PRMV0083067,性能検討用走行抵抗式(ePT連れ回り排除),動力当り前性能A0,－,C7A0743743214D49AE5FFB6973444FCE,PT構想審査,
2,D7E1EF6212CB404DBB4CB0865664F806,1,0,PRMV0083068 性能検討用走行抵抗式(ePT連れ回り排除) 動力当り前性能A1 －,A,45540.19672,0,0,EntryCondition,MBSE検討1回目,MBSE検討1回目,,JPN,4WD,,2,UU3:MIZOKOSHI KANATA,2,SElist_[Kei]_JPN_4WD,,－,,N/kph,Variation#20,Variation#20,PRMV0083068,性能検討用走行抵抗式(ePT連れ回り排除),動力当り前性能A1,－,C7A0743743214D49AE5FFB6973444FCE,PT構想審査,
2,E56101DC860B45B088968696E269CE40,1,0,PRMV0083069 性能検討用走行抵抗式(ePT連れ回り排除) 動力当り前性能A2 －,A,45540.19674,0,0,EntryCondition,MBSE検討1回目,MBSE検討1回目,,JPN,4WD,,2,UU3:MIZOKOSHI KANATA,2,SElist_[Kei]_JPN_4WD,,－,,N/kph#00B2,Variation#20,Variation#20,PRMV0083069,性能検討用走行抵抗式(ePT連れ回り排除),動力当り前性能A2,－,C7A0743743214D49AE5FFB6973444FCE,PT構想審査,
2,73665BD52B094EA98445DF065D3E1D52,1,0,PRMV0083070 性能検討用走行抵抗式(ePT連れ回り排除) 動力当り前性能IP －,A,45540.19674,0,0,EntryCondition,MBSE検討1回目,MBSE検討1回目,,JPN,4WD,,2,UU3:MIZOKOSHI KANATA,2,SElist_[Kei]_JPN_4WD,,1418,,kg,Variation#20,Variation#20,PRMV0083070,性能検討用走行抵抗式(ePT連れ回り排除),動力当り前性能IP,－,C7A0743743214D49AE5FFB6973444FCE,PT構想審査,
2,0345464632F44C12A6DB18367BE6CC4D,1,0,PRMV0083071 性能検討用走行抵抗式(ePT連れ回り排除) 動力AccerelationA0 －,A,45540.19675,0,0,EntryCondition,MBSE検討1回目,MBSE検討1回目,,JPN,4WD,,2,UU3:MIZOKOSHI KANATA,2,SElist_[Kei]_JPN_4WD,,－,,N,Variation#20,Variation#20,PRMV0083071,性能検討用走行抵抗式(ePT連れ回り排除),動力AccerelationA0,－,C7A0743743214D49AE5FFB6973444FCE,PT構想審査,
2,968A9238E9DB4C7CAC3FC21D24D3F5DF,1,0,PRMV0083072 性能検討用走行抵抗式(ePT連れ回り排除) 動力AccerelationA1 －,A,45540.19675,0,0,EntryCondition,MBSE検討1回目,MBSE検討1回目,,JPN,4WD,,2,UU3:MIZOKOSHI KANATA,2,SElist_[Kei]_JPN_4WD,,－,,N/kph,Variation#20,Variation#20,PRMV0083072,性能検討用走行抵抗式(ePT連れ回り排除),動力AccerelationA1,－,C7A0743743214D49AE5FFB6973444FCE,PT構想審査,
2,6102B4B3AAEB403EA4C60FD86483B657,1,0,PRMV0083073 性能検討用走行抵抗式(ePT連れ回り排除) 動力AccerelationA2 －,A,45540.19676,0,0,EntryCondition,MBSE検討1回目,MBSE検討1回目,,JPN,4WD,,2,UU3:MIZOKOSHI KANATA,2,SElist_[Kei]_JPN_4WD,,－,,N/kph#00B2,Variation#20,Variation#20,PRMV0083073,性能検討用走行抵抗式(ePT連れ回り排除),動力AccerelationA2,－,C7A0743743214D49AE5FFB6973444FCE,PT構想審査,
2,4A4FDF45B5A04DA9A535B452E6B14B37,1,0,PRMV0083074 性能検討用走行抵抗式(ePT連れ回り排除) 動力AccerelationIP －,A,45540.19677,0,0,EntryCondition,MBSE検討1回目,MBSE検討1回目,,JPN,4WD,,2,UU3:MIZOKOSHI KANATA,2,SElist_[Kei]_JPN_4WD,,1283,,kg,Variation#20,Variation#20,PRMV0083074,性能検討用走行抵抗式(ePT連れ回り排除),動力AccerelationIP,－,C7A0743743214D49AE5FFB6973444FCE,PT構想審査,
2,FA531348B56049B08F1CE2AC7F4A8CBC,1,0,PRMV0083075 性能検討用走行抵抗式(ePT連れ回り排除) 動力VmaxA0 －,A,45540.19677,0,0,EntryCondition,MBSE検討1回目,MBSE検討1回目,,JPN,4WD,,2,UU3:MIZOKOSHI KANATA,2,SElist_[Kei]_JPN_4WD,,－,,N,Variation#20,Variation#20,PRMV0083075,性能検討用走行抵抗式(ePT連れ回り排除),動力VmaxA0,－,C7A0743743214D49AE5FFB6973444FCE,PT構想審査,
2,44921851F0BB41818CD274B11F191F13,1,0,PRMV0083076 性能検討用走行抵抗式(ePT連れ回り排除) 動力VmaxA1 －,A,45540.19678,0,0,EntryCondition,MBSE検討1回目,MBSE検討1回目,,JPN,4WD,,2,UU3:MIZOKOSHI KANATA,2,SElist_[Kei]_JPN_4WD,,－,,N/kph,Variation#20,Variation#20,PRMV0083076,性能検討用走行抵抗式(ePT連れ回り排除),動力VmaxA1,－,C7A0743743214D49AE5FFB6973444FCE,PT構想審査,
2,7F024205E9844A32AC8CFF5E171A2FC4,1,0,PRMV0083077 性能検討用走行抵抗式(ePT連れ回り排除) 動力VmaxA2 －,A,45540.19678,0,0,EntryCondition,MBSE検討1回目,MBSE検討1回目,,JPN,4WD,,2,UU3:MIZOKOSHI KANATA,2,SElist_[Kei]_JPN_4WD,,－,,N/kph#00B2,Variation#20,Variation#20,PRMV0083077,性能検討用走行抵抗式(ePT連れ回り排除),動力VmaxA2,－,C7A0743743214D49AE5FFB6973444FCE,PT構想審査,
2,7B8661ABAC4E486D9131BA64E8A11266,1,0,PRMV0083078 性能検討用走行抵抗式(ePT連れ回り排除) 動力VmaxIP －,A,45540.19679,0,0,EntryCondition,MBSE検討1回目,MBSE検討1回目,,JPN,4WD,,2,UU3:MIZOKOSHI KANATA,2,SElist_[Kei]_JPN_4WD,,1283,,kg,Variation#20,Variation#20,PRMV0083078,性能検討用走行抵抗式(ePT連れ回り排除),動力VmaxIP,－,C7A0743743214D49AE5FFB6973444FCE,PT構想審査,
2,4E293CA1D496493080BD6E8DF6C6D41B,1,0,PRMV0083079 性能検討用走行抵抗式(ePT連れ回り排除) 熱NEMシビアシーンA0 －,A,45540.19679,0,0,EntryCondition,MBSE検討1回目,MBSE検討1回目,,JPN,4WD,,2,UU3:MIZOKOSHI KANATA,2,SElist_[Kei]_JPN_4WD,,CDxA 0.398x2.19,,別紙,Variation#20,Variation#20,PRMV0083079,性能検討用走行抵抗式(ePT連れ回り排除),熱NEMシビアシーンA0,－,C7A0743743214D49AE5FFB6973444FCE,PT構想審査,
2,830D38D9FAA34264901A6860DC9AFDF7,1,0,PRMV0083080 性能検討用走行抵抗式(ePT連れ回り排除) 熱加減速繰り返し走行A0 －,A,45540.19681,0,0,EntryCondition,MBSE検討1回目,MBSE検討1回目,,JPN,4WD,,2,UU3:MIZOKOSHI KANATA,2,SElist_[Kei]_JPN_4WD,,107.6,,N,Variation#20,Variation#20,PRMV0083080,性能検討用走行抵抗式(ePT連れ回り排除),熱加減速繰り返し走行A0,－,C7A0743743214D49AE5FFB6973444FCE,PT構想審査,
2,A7BE8557E3884094A2E04F405B81FF4A,1,0,PRMV0083081 性能検討用走行抵抗式(ePT連れ回り排除) 熱加減速繰り返し走行A1 －,A,45540.19681,0,0,EntryCondition,MBSE検討1回目,MBSE検討1回目,,JPN,4WD,,2,UU3:MIZOKOSHI KANATA,2,SElist_[Kei]_JPN_4WD,,-0.46,,N/kph,Variation#20,Variation#20,PRMV0083081,性能検討用走行抵抗式(ePT連れ回り排除),熱加減速繰り返し走行A1,－,C7A0743743214D49AE5FFB6973444FCE,PT構想審査,
2,F54EE811D0B44A45959B32AFB42D836A,1,0,PRMV0083082 性能検討用走行抵抗式(ePT連れ回り排除) 熱加減速繰り返し走行A2 －,A,45540.19682,0,0,EntryCondition,MBSE検討1回目,MBSE検討1回目,,JPN,4WD,,2,UU3:MIZOKOSHI KANATA,2,SElist_[Kei]_JPN_4WD,,0.048,,N/kph#00B2,Variation#20,Variation#20,PRMV0083082,性能検討用走行抵抗式(ePT連れ回り排除),熱加減速繰り返し走行A2,－,C7A0743743214D49AE5FFB6973444FCE,PT構想審査,
2,4772039EAE9F42AEA67CAB340ACF5E66,1,0,PRMV0083083 性能検討用走行抵抗式(ePT連れ回り排除) 熱加減速繰り返し走行IP －,A,45540.19683,0,0,EntryCondition,MBSE検討1回目,MBSE検討1回目,,JPN,4WD,,2,UU3:MIZOKOSHI KANATA,2,SElist_[Kei]_JPN_4WD,,1448,,kg,Variation#20,Variation#20,PRMV0083083,性能検討用走行抵抗式(ePT連れ回り排除),熱加減速繰り返し走行IP,－,C7A0743743214D49AE5FFB6973444FCE,PT構想審査,
2,4A468D049D764AB4902CCD77A0DB0B34,1,0,PRMV0083084 性能検討用走行抵抗式(ePT連れ回り排除) 熱TowingA0 －,A,45540.19683,0,0,EntryCondition,MBSE検討1回目,MBSE検討1回目,,JPN,4WD,,2,UU3:MIZOKOSHI KANATA,2,SElist_[Kei]_JPN_4WD,,W/O,,N,Variation#20,Variation#20,PRMV0083084,性能検討用走行抵抗式(ePT連れ回り排除),熱TowingA0,－,C7A0743743214D49AE5FFB6973444FCE,PT構想審査,
2,FA0BD77D451F4263892A019594211B95,1,0,PRMV0083085 性能検討用走行抵抗式(ePT連れ回り排除) 熱TowingA1 －,A,45540.19684,0,0,EntryCondition,MBSE検討1回目,MBSE検討1回目,,JPN,4WD,,2,UU3:MIZOKOSHI KANATA,2,SElist_[Kei]_JPN_4WD,,W/O,,N/kph,Variation#20,Variation#20,PRMV0083085,性能検討用走行抵抗式(ePT連れ回り排除),熱TowingA1,－,C7A0743743214D49AE5FFB6973444FCE,PT構想審査,
2,4A593AD30E43492493F3B158B0BBE329,1,0,PRMV0083086 性能検討用走行抵抗式(ePT連れ回り排除) 熱TowingA2 －,A,45540.19684,0,0,EntryCondition,MBSE検討1回目,MBSE検討1回目,,JPN,4WD,,2,UU3:MIZOKOSHI KANATA,2,SElist_[Kei]_JPN_4WD,,W/O,,N/kph#00B2,Variation#20,Variation#20,PRMV0083086,性能検討用走行抵抗式(ePT連れ回り排除),熱TowingA2,－,C7A0743743214D49AE5FFB6973444FCE,PT構想審査,
2,941F093D1A944916A097881AC52973B3,1,0,PRMV0083087 性能検討用走行抵抗式(ePT連れ回り排除) 熱TowingIP －,A,45540.19685,0,0,EntryCondition,MBSE検討1回目,MBSE検討1回目,,JPN,4WD,,2,UU3:MIZOKOSHI KANATA,2,SElist_[Kei]_JPN_4WD,,W/O,,kg,Variation#20,Variation#20,PRMV0083087,性能検討用走行抵抗式(ePT連れ回り排除),熱TowingIP,－,C7A0743743214D49AE5FFB6973444FCE,PT構想審査,
2,95F9EDFA984F41FFB0AED786BBA73453,1,0,PRMV0083088 性能検討用走行抵抗式(ePT連れ回り排除) 熱低温性能A0 －,A,45540.19685,0,0,EntryCondition,MBSE検討1回目,MBSE検討1回目,,JPN,4WD,,2,UU3:MIZOKOSHI KANATA,2,SElist_[Kei]_JPN_4WD,,n,,N,Variation#20,Variation#20,PRMV0083088,性能検討用走行抵抗式(ePT連れ回り排除),熱低温性能A0,－,C7A0743743214D49AE5FFB6973444FCE,PT構想審査,
2,FB8F6CAD0B114F0ABE1576CE61F3A61F,1,0,PRMV0083089 性能検討用走行抵抗式(ePT連れ回り排除) 熱低温性能A1 －,A,45540.19686,0,0,EntryCondition,MBSE検討1回目,MBSE検討1回目,,JPN,4WD,,2,UU3:MIZOKOSHI KANATA,2,SElist_[Kei]_JPN_4WD,,n,,N/kph,Variation#20,Variation#20,PRMV0083089,性能検討用走行抵抗式(ePT連れ回り排除),熱低温性能A1,－,C7A0743743214D49AE5FFB6973444FCE,PT構想審査,
2,CEB752836A3F4B06B876E30208D80B13,1,0,PRMV0083090 性能検討用走行抵抗式(ePT連れ回り排除) 熱低温性能A2 －,A,45540.19688,0,0,EntryCondition,MBSE検討1回目,MBSE検討1回目,,JPN,4WD,,2,UU3:MIZOKOSHI KANATA,2,SElist_[Kei]_JPN_4WD,,n,,N/kph#00B2,Variation#20,Variation#20,PRMV0083090,性能検討用走行抵抗式(ePT連れ回り排除),熱低温性能A2,－,C7A0743743214D49AE5FFB6973444FCE,PT構想審査,
2,3A1771EFAD49454E837B65232C5A8496,1,0,PRMV0083091 性能検討用走行抵抗式(ePT連れ回り排除) 熱低温性能IP －,A,45540.19688,0,0,EntryCondition,MBSE検討1回目,MBSE検討1回目,,JPN,4WD,,2,UU3:MIZOKOSHI KANATA,2,SElist_[Kei]_JPN_4WD,,n,,kg,Variation#20,Variation#20,PRMV0083091,性能検討用走行抵抗式(ePT連れ回り排除),熱低温性能IP,－,C7A0743743214D49AE5FFB6973444FCE,PT構想審査,
2,FD3A3CE79454495480CF7B9BC5739106,1,0,PRMV0083092 ePT 最高システム総合出力(公称） －,A,45540.19689,0,0,EntryCondition,MBSE検討1回目,MBSE検討1回目,,JPN,4WD,,2,UU3:MIZOKOSHI KANATA,2,SElist_[Kei]_JPN_4WD,,－,,kW,Variation#20,Variation#20,PRMV0083092,ePT,最高システム総合出力(公称）,－,C7A0743743214D49AE5FFB6973444FCE,PT構想審査,
2,C87F5FA4FF5C45B0842D10C733D8FDD5,1,0,PRMV0083093 ePT FR MOTイナーシャ －,A,45540.19689,0,0,EntryCondition,MBSE検討1回目,MBSE検討1回目,,JPN,4WD,,2,UU3:MIZOKOSHI KANATA,2,SElist_[Kei]_JPN_4WD,,n,,kgm#00B2,Variation#20,Variation#20,PRMV0083093,ePT,FR MOTイナーシャ,－,C7A0743743214D49AE5FFB6973444FCE,PT構想審査,
2,B278954CF9704061864544242BF0D7C3,1,0,PRMV0083094 ePT FR GBイナーシャ #20,A,45540.1969,0,0,EntryCondition,MBSE検討1回目,MBSE検討1回目,,JPN,4WD,,2,UU3:MIZOKOSHI KANATA,2,SElist_[Kei]_JPN_4WD,,0.134(DIFF軸上),,kgm#00B2,Variation#20,Variation#20,PRMV0083094,ePT,FR GBイナーシャ,#20,C7A0743743214D49AE5FFB6973444FCE,PT構想審査,
2,162711063859477EB5EB40FD0E2FD6CE,1,0,PRMV0083095 ePT RR MOTイナーシャ －,A,45540.1969,0,0,EntryCondition,MBSE検討1回目,MBSE検討1回目,,JPN,4WD,,2,UU3:MIZOKOSHI KANATA,2,SElist_[Kei]_JPN_4WD,,n,,kgm#00B2,Variation#20,Variation#20,PRMV0083095,ePT,RR MOTイナーシャ,－,C7A0743743214D49AE5FFB6973444FCE,PT構想審査,
2,07BA06ABFB70411D86EDA3019A616BAD,1,0,PRMV0083096 ePT RR GBイナーシャ #20,A,45540.19691,0,0,EntryCondition,MBSE検討1回目,MBSE検討1回目,,JPN,4WD,,2,UU3:MIZOKOSHI KANATA,2,SElist_[Kei]_JPN_4WD,,0.069(DIFF軸上),,kgm#00B2,Variation#20,Variation#20,PRMV0083096,ePT,RR GBイナーシャ,#20,C7A0743743214D49AE5FFB6973444FCE,PT構想審査,
2,E806143A60404598A781C7F60CDA295B,1,0,PRMV0083097 ePT FR MOT制限設定トルク上限(第一象限) #20,A,45540.19692,0,0,EntryCondition,MBSE検討1回目,MBSE検討1回目,,JPN,4WD,,2,UU3:MIZOKOSHI KANATA,2,SElist_[Kei]_JPN_4WD,,95,,Nm,Variation#20,Variation#20,PRMV0083097,ePT,FR MOT制限設定トルク上限(第一象限),#20,C7A0743743214D49AE5FFB6973444FCE,PT構想審査,
2,926CE422F8284785A1278B3AD5153D0F,1,0,PRMV0083098 ePT FR MOT制限設定トルク下限(第四象限) #20,A,45540.19692,0,0,EntryCondition,MBSE検討1回目,MBSE検討1回目,,JPN,4WD,,2,UU3:MIZOKOSHI KANATA,2,SElist_[Kei]_JPN_4WD,,-95,,Nm,Variation#20,Variation#20,PRMV0083098,ePT,FR MOT制限設定トルク下限(第四象限),#20,C7A0743743214D49AE5FFB6973444FCE,PT構想審査,
2,E1C37CE2A80244C78625608507227E3D,1,0,PRMV0083099 ePT FR GB減速比 #20,A,45540.19693,0,0,EntryCondition,MBSE検討1回目,MBSE検討1回目,,JPN,4WD,,2,UU3:MIZOKOSHI KANATA,2,SElist_[Kei]_JPN_4WD,,12.728,,－,Variation#20,Variation#20,PRMV0083099,ePT,FR GB減速比,#20,C7A0743743214D49AE5FFB6973444FCE,PT構想審査,
2,653769115F9B41B0974CAFB26192C22D,1,0,PRMV0083100 ePT RR MOT制限設定トルク上限(第一象限) #20,A,45540.19693,0,0,EntryCondition,MBSE検討1回目,MBSE検討1回目,,JPN,4WD,,2,UU3:MIZOKOSHI KANATA,2,SElist_[Kei]_JPN_4WD,,95,,Nm,Variation#20,Variation#20,PRMV0083100,ePT,RR MOT制限設定トルク上限(第一象限),#20,C7A0743743214D49AE5FFB6973444FCE,PT構想審査,
2,2626392234AD4194BD080E178553F904,1,0,PRMV0083101 ePT RR MOT制限設定トルク下限(第四象限) #20,A,45540.19694,0,0,EntryCondition,MBSE検討1回目,MBSE検討1回目,,JPN,4WD,,2,UU3:MIZOKOSHI KANATA,2,SElist_[Kei]_JPN_4WD,,-95,,Nm,Variation#20,Variation#20,PRMV0083101,ePT,RR MOT制限設定トルク下限(第四象限),#20,C7A0743743214D49AE5FFB6973444FCE,PT構想審査,
2,BAA630CB2B86405C84A3082B8BE3573B,1,0,PRMV0083102 ePT RR GB減速比 #20,A,45540.19694,0,0,EntryCondition,MBSE検討1回目,MBSE検討1回目,,JPN,4WD,,2,UU3:MIZOKOSHI KANATA,2,SElist_[Kei]_JPN_4WD,,11.636,,－,Variation#20,Variation#20,PRMV0083102,ePT,RR GB減速比,#20,C7A0743743214D49AE5FFB6973444FCE,PT構想審査,
2,B108FC31A66B4FF1B4A7929F37CBD443,1,0,PRMV0083103 ドライブシャフト FR右ドライブシャフトイナーシャ －,A,45540.19696,0,0,EntryCondition,MBSE検討1回目,MBSE検討1回目,,JPN,4WD,,2,UU3:MIZOKOSHI KANATA,2,SElist_[Kei]_JPN_4WD,,1.853×10^-3,,kgm#00B2,Variation#20,Variation#20,PRMV0083103,ドライブシャフト,FR右ドライブシャフトイナーシャ,－,C7A0743743214D49AE5FFB6973444FCE,PT構想審査,
2,72A3D039114C40D3A864A5C9B7F5C6D1,1,0,PRMV0083104 ドライブシャフト FR左ドライブシャフトイナーシャ －,A,45540.19697,0,0,EntryCondition,MBSE検討1回目,MBSE検討1回目,,JPN,4WD,,2,UU3:MIZOKOSHI KANATA,2,SElist_[Kei]_JPN_4WD,,1.844×10^-3,,kgm#00B2,Variation#20,Variation#20,PRMV0083104,ドライブシャフト,FR左ドライブシャフトイナーシャ,－,C7A0743743214D49AE5FFB6973444FCE,PT構想審査,
2,7F2AE557FEFE479FA194925E1F48EBC1,1,0,PRMV0083105 ドライブシャフト RR右ドライブシャフトイナーシャ －,A,45540.19697,0,0,EntryCondition,MBSE検討1回目,MBSE検討1回目,,JPN,4WD,,2,UU3:MIZOKOSHI KANATA,2,SElist_[Kei]_JPN_4WD,,1.853×10^-3,,kgm#00B2,Variation#20,Variation#20,PRMV0083105,ドライブシャフト,RR右ドライブシャフトイナーシャ,－,C7A0743743214D49AE5FFB6973444FCE,PT構想審査,
2,57701C04D9094779B7653C28936BCC1B,1,0,PRMV0083106 ドライブシャフト RR左ドライブシャフトイナーシャ －,A,45540.19698,0,0,EntryCondition,MBSE検討1回目,MBSE検討1回目,,JPN,4WD,,2,UU3:MIZOKOSHI KANATA,2,SElist_[Kei]_JPN_4WD,,1.837×10^-3,,kgm#00B2,Variation#20,Variation#20,PRMV0083106,ドライブシャフト,RR左ドライブシャフトイナーシャ,－,C7A0743743214D49AE5FFB6973444FCE,PT構想審査,
2,82E81279B5FE4C5392A1401BA860DE4F,1,0,"PRMV0083107 DCDC DCDC効率(走行時弱電220W,355V入力(SOC20%),13V出力) －",A,45540.19698,0,0,EntryCondition,MBSE検討1回目,MBSE検討1回目,,JPN,4WD,,2,UU3:MIZOKOSHI KANATA,2,SElist_[Kei]_JPN_4WD,,75,,%,Variation#20,Variation#20,PRMV0083107,DCDC,"DCDC効率(走行時弱電220W,355V入力(SOC20%),13V出力)",－,C7A0743743214D49AE5FFB6973444FCE,PT構想審査,
2,FED9095B3F944957998115D35B43196B,1,0,PRMV0083108 LV BATT 消費電力(電費試験時WLTCモード) －,A,45540.19699,0,0,EntryCondition,MBSE検討1回目,MBSE検討1回目,,JPN,4WD,,2,UU3:MIZOKOSHI KANATA,2,SElist_[Kei]_JPN_4WD,,n,,kW,Variation#20,Variation#20,PRMV0083108,LV BATT,消費電力(電費試験時WLTCモード),－,C7A0743743214D49AE5FFB6973444FCE,PT構想審査,
2,9644282314BE421D9D1A9D1359FF5D7E,1,0,PRMV0083109 HV BATT 直列セル数 －,A,45540.19699,0,0,EntryCondition,MBSE検討1回目,MBSE検討1回目,,JPN,4WD,,2,UU3:MIZOKOSHI KANATA,2,SElist_[Kei]_JPN_4WD,,96,,cell,Variation#20,Variation#20,PRMV0083109,HV BATT,直列セル数,－,C7A0743743214D49AE5FFB6973444FCE,PT構想審査,
2,C7A522E5510047C590B2D7A8ED71417D,1,0,PRMV0083110 HV BATT 並列セル数 －,A,45540.197,0,0,EntryCondition,MBSE検討1回目,MBSE検討1回目,,JPN,4WD,,2,UU3:MIZOKOSHI KANATA,2,SElist_[Kei]_JPN_4WD,,1,,para,Variation#20,Variation#20,PRMV0083110,HV BATT,並列セル数,－,C7A0743743214D49AE5FFB6973444FCE,PT構想審査,
2,E4BAD8BBBAF44B1C87D1EA3FEEA3ECDB,1,0,PRMV0083111 HV BATT セル容量 －,A,45540.197,0,0,EntryCondition,MBSE検討1回目,MBSE検討1回目,,JPN,4WD,,2,UU3:MIZOKOSHI KANATA,2,SElist_[Kei]_JPN_4WD,,72(usable),,Ah,Variation#20,Variation#20,PRMV0083111,HV BATT,セル容量,－,C7A0743743214D49AE5FFB6973444FCE,PT構想審査,
2,A30B9D1DD25149859EF1F26B34A0C613,1,0,PRMV0083112 HV BATT パック繋ぎ抵抗 －,A,45540.19701,0,0,EntryCondition,MBSE検討1回目,MBSE検討1回目,,JPN,4WD,,2,UU3:MIZOKOSHI KANATA,2,SElist_[Kei]_JPN_4WD,,0.01(TBD),,Ω,Variation#20,Variation#20,PRMV0083112,HV BATT,パック繋ぎ抵抗,－,C7A0743743214D49AE5FFB6973444FCE,PT構想審査,
2,BD05B0BAD3944D279FE185A48D6A779A,1,0,PRMV0083113 HV BATT DCハーネスの抵抗 －,A,45540.19703,0,0,EntryCondition,MBSE検討1回目,MBSE検討1回目,,JPN,4WD,,2,UU3:MIZOKOSHI KANATA,2,SElist_[Kei]_JPN_4WD,,TBD,,Ω,Variation#20,Variation#20,PRMV0083113,HV BATT,DCハーネスの抵抗,－,C7A0743743214D49AE5FFB6973444FCE,PT構想審査,
2,66154475D39042609E9A142ED5F0270B,1,0,PRMV0083114 Vehicle Weight Min.C.W. －,A,45540.19703,0,0,EntryCondition,MBSE検討1回目,MBSE検討1回目,,JPN,4WD,,2,UU3:MIZOKOSHI KANATA,2,SElist_[Kei]_JPN_4WD,,1198,,kg,Variation#21,Variation#21,PRMV0083114,Vehicle Weight,Min.C.W.,－,C7A0743743214D49AE5FFB6973444FCE,PT構想審査,
2,0344795ABDD34859B2DBFEF9B486E46C,1,0,PRMV0083115 Vehicle Weight Max.C.W. －,A,45540.19704,0,0,EntryCondition,MBSE検討1回目,MBSE検討1回目,,JPN,4WD,,2,UU3:MIZOKOSHI KANATA,2,SElist_[Kei]_JPN_4WD,,1205,,kg,Variation#21,Variation#21,PRMV0083115,Vehicle Weight,Max.C.W.,－,C7A0743743214D49AE5FFB6973444FCE,PT構想審査,
2,ED1AF390A94B49318003B8CE8AFCFD16,1,0,PRMV0083116 Vehicle Weight スペアタイヤ&工具  －,A,45540.19704,0,0,EntryCondition,MBSE検討1回目,MBSE検討1回目,,JPN,4WD,,2,UU3:MIZOKOSHI KANATA,2,SElist_[Kei]_JPN_4WD,,1.6,,kg,Variation#21,Variation#21,PRMV0083116,Vehicle Weight,スペアタイヤ&工具 ,－,C7A0743743214D49AE5FFB6973444FCE,PT構想審査,
2,5A625D9D9F434B9FB8CD9D482E6AB2EB,1,0,PRMV0083117 Vehicle Weight EPA届出重量 －,A,45540.19705,0,0,EntryCondition,MBSE検討1回目,MBSE検討1回目,,JPN,4WD,,2,UU3:MIZOKOSHI KANATA,2,SElist_[Kei]_JPN_4WD,,no App,,kg,Variation#21,Variation#21,PRMV0083117,Vehicle Weight,EPA届出重量,－,C7A0743743214D49AE5FFB6973444FCE,PT構想審査,
2,52FE9327A13F43DD9947100CE76A4704,1,0,PRMV0083118 Vehicle Severe Weight PTW or GVWR －,A,45540.19705,0,0,EntryCondition,MBSE検討1回目,MBSE検討1回目,,JPN,4WD,,2,UU3:MIZOKOSHI KANATA,2,SElist_[Kei]_JPN_4WD,,1448,,kg,Variation#21,Variation#21,PRMV0083118,Vehicle Severe Weight,PTW or GVWR,－,C7A0743743214D49AE5FFB6973444FCE,PT構想審査,
2,B534B237BC7F4BC996FB058144232736,1,0,PRMV0083119 Vehicle Severe Weight GAWR FR －,A,45540.19706,0,0,EntryCondition,MBSE検討1回目,MBSE検討1回目,,JPN,4WD,,2,UU3:MIZOKOSHI KANATA,2,SElist_[Kei]_JPN_4WD,,n,,kg,Variation#21,Variation#21,PRMV0083119,Vehicle Severe Weight,GAWR FR,－,C7A0743743214D49AE5FFB6973444FCE,PT構想審査,
2,0D9B7C7483504B40AA7295FDD3E4FFA6,1,0,PRMV0083120 Vehicle Severe Weight GAWR RR －,A,45540.19706,0,0,EntryCondition,MBSE検討1回目,MBSE検討1回目,,JPN,4WD,,2,UU3:MIZOKOSHI KANATA,2,SElist_[Kei]_JPN_4WD,,n,,kg,Variation#21,Variation#21,PRMV0083120,Vehicle Severe Weight,GAWR RR,－,C7A0743743214D49AE5FFB6973444FCE,PT構想審査,
2,0C32AAC3B853428AB0153E4FF71BE792,1,0,PRMV0083121 Vehicle Severe Weight Towing －,A,45540.19707,0,0,EntryCondition,MBSE検討1回目,MBSE検討1回目,,JPN,4WD,,2,UU3:MIZOKOSHI KANATA,2,SElist_[Kei]_JPN_4WD,,no App,,kg,Variation#21,Variation#21,PRMV0083121,Vehicle Severe Weight,Towing,－,C7A0743743214D49AE5FFB6973444FCE,PT構想審査,
2,A74FB1D225C340BFA19A7033F2CFC435,1,0,PRMV0083122 空力 Cd  －,A,45540.19708,0,0,EntryCondition,MBSE検討1回目,MBSE検討1回目,,JPN,4WD,,2,UU3:MIZOKOSHI KANATA,2,SElist_[Kei]_JPN_4WD,,0.398,,－,Variation#21,Variation#21,PRMV0083122,空力,Cd ,－,C7A0743743214D49AE5FFB6973444FCE,PT構想審査,
2,317A5D58080E49959D732053F38E2B09,1,0,PRMV0083123 空力 A －,A,45540.19708,0,0,EntryCondition,MBSE検討1回目,MBSE検討1回目,,JPN,4WD,,2,UU3:MIZOKOSHI KANATA,2,SElist_[Kei]_JPN_4WD,,2.2071,,m#00B2,Variation#21,Variation#21,PRMV0083123,空力,A,－,C7A0743743214D49AE5FFB6973444FCE,PT構想審査,
2,9B0AEF7299A843FA9B6C8201D2E31CB0,1,0,PRMV0083124 空力 ΔCd (AGS閉→全開) －,A,45540.19709,0,0,EntryCondition,MBSE検討1回目,MBSE検討1回目,,JPN,4WD,,2,UU3:MIZOKOSHI KANATA,2,SElist_[Kei]_JPN_4WD,,n,,－,Variation#21,Variation#21,PRMV0083124,空力,ΔCd (AGS閉→全開),－,C7A0743743214D49AE5FFB6973444FCE,PT構想審査,
2,CEF5D8655BD944CF8122AB135A0E96FD,1,0,PRMV0083125 空力 Grill shutter車速閾値 高速側 (閉→開)/(開→閉) －,A,45540.19709,0,0,EntryCondition,MBSE検討1回目,MBSE検討1回目,,JPN,4WD,,2,UU3:MIZOKOSHI KANATA,2,SElist_[Kei]_JPN_4WD,,n,,kph,Variation#21,Variation#21,PRMV0083125,空力,Grill shutter車速閾値 高速側 (閉→開)/(開→閉),－,C7A0743743214D49AE5FFB6973444FCE,PT構想審査,
2,BBDC9120CF44496FA3C96507F036850C,1,0,PRMV0083126 空力 Grill shutter車速閾値 低速側 (閉→開)/(開→閉) －,A,45540.19711,0,0,EntryCondition,MBSE検討1回目,MBSE検討1回目,,JPN,4WD,,2,UU3:MIZOKOSHI KANATA,2,SElist_[Kei]_JPN_4WD,,n,,kph,Variation#21,Variation#21,PRMV0083126,空力,Grill shutter車速閾値 低速側 (閉→開)/(開→閉),－,C7A0743743214D49AE5FFB6973444FCE,PT構想審査,
2,11E07D4D3BE04A7185D440610BBC5FEC,1,0,PRMV0083127 タイヤ FRサイズ －,A,45540.19711,0,0,EntryCondition,MBSE検討1回目,MBSE検討1回目,,JPN,4WD,,2,UU3:MIZOKOSHI KANATA,2,SElist_[Kei]_JPN_4WD,,165/60R15,,－,Variation#21,Variation#21,PRMV0083127,タイヤ,FRサイズ,－,C7A0743743214D49AE5FFB6973444FCE,PT構想審査,
2,980DBC48247C4C4DA4DAAE4BFF7FC27C,1,0,PRMV0083128 タイヤ FR動半径 －,A,45540.19712,0,0,EntryCondition,MBSE検討1回目,MBSE検討1回目,,JPN,4WD,,2,UU3:MIZOKOSHI KANATA,2,SElist_[Kei]_JPN_4WD,,0.278,,m,Variation#21,Variation#21,PRMV0083128,タイヤ,FR動半径,－,C7A0743743214D49AE5FFB6973444FCE,PT構想審査,
2,F94ECB946DC84211A46ACE968E5FA57F,1,0,"PRMV0083129 タイヤ FR RRC (ISO 28560 80kmh,210kPa) －",A,45540.19713,0,0,EntryCondition,MBSE検討1回目,MBSE検討1回目,,JPN,4WD,,2,UU3:MIZOKOSHI KANATA,2,SElist_[Kei]_JPN_4WD,,7.2,,－,Variation#21,Variation#21,PRMV0083129,タイヤ,"FR RRC (ISO 28560 80kmh,210kPa)",－,C7A0743743214D49AE5FFB6973444FCE,PT構想審査,
2,DE1CFBEF24374F1D91A68E621B3303A2,1,0,PRMV0083130 タイヤ FR RRC (車両状態) －,A,45540.19713,0,0,EntryCondition,MBSE検討1回目,MBSE検討1回目,,JPN,4WD,,2,UU3:MIZOKOSHI KANATA,2,SElist_[Kei]_JPN_4WD,,68,,－,Variation#21,Variation#21,PRMV0083130,タイヤ,FR RRC (車両状態),－,C7A0743743214D49AE5FFB6973444FCE,PT構想審査,
2,17C27DBD710145C197AFACD4368242AE,1,0,PRMV0083131 タイヤ FR RRC (車両状態)空気圧 －,A,45540.19714,0,0,EntryCondition,MBSE検討1回目,MBSE検討1回目,,JPN,4WD,,2,UU3:MIZOKOSHI KANATA,2,SElist_[Kei]_JPN_4WD,,240,,kPa,Variation#21,Variation#21,PRMV0083131,タイヤ,FR RRC (車両状態)空気圧,－,C7A0743743214D49AE5FFB6973444FCE,PT構想審査,
2,DFE662F17FC8405FADB78705EC534B99,1,0,PRMV0083132 タイヤ FR イナーシャ(1本)  －,A,45540.19714,0,0,EntryCondition,MBSE検討1回目,MBSE検討1回目,,JPN,4WD,,2,UU3:MIZOKOSHI KANATA,2,SElist_[Kei]_JPN_4WD,,0.53,,kgm#00B2,Variation#21,Variation#21,PRMV0083132,タイヤ,FR イナーシャ(1本) ,－,C7A0743743214D49AE5FFB6973444FCE,PT構想審査,
2,619FF256314F4C59BB45996D5123FC2D,1,0,PRMV0083133 タイヤ RRサイズ －,A,45540.19715,0,0,EntryCondition,MBSE検討1回目,MBSE検討1回目,,JPN,4WD,,2,UU3:MIZOKOSHI KANATA,2,SElist_[Kei]_JPN_4WD,,165/60R15,,－,Variation#21,Variation#21,PRMV0083133,タイヤ,RRサイズ,－,C7A0743743214D49AE5FFB6973444FCE,PT構想審査,
2,430FDED4774F47F7AC02B906F6A0324C,1,0,PRMV0083134 タイヤ RR動半径 －,A,45540.19715,0,0,EntryCondition,MBSE検討1回目,MBSE検討1回目,,JPN,4WD,,2,UU3:MIZOKOSHI KANATA,2,SElist_[Kei]_JPN_4WD,,0.278,,m,Variation#21,Variation#21,PRMV0083134,タイヤ,RR動半径,－,C7A0743743214D49AE5FFB6973444FCE,PT構想審査,
2,D3387B741AEC41AE9D77ACD8A5C07BE3,1,0,"PRMV0083135 タイヤ RR RRC (ISO 28560 80kmh,210kPa) －",A,45540.19716,0,0,EntryCondition,MBSE検討1回目,MBSE検討1回目,,JPN,4WD,,2,UU3:MIZOKOSHI KANATA,2,SElist_[Kei]_JPN_4WD,,n,,－,Variation#21,Variation#21,PRMV0083135,タイヤ,"RR RRC (ISO 28560 80kmh,210kPa)",－,C7A0743743214D49AE5FFB6973444FCE,PT構想審査,
2,B5AE181AF0F14418BFFE4ACB83D47B5D,1,0,PRMV0083136 タイヤ RR RRC (車両状態) －,A,45540.19718,0,0,EntryCondition,MBSE検討1回目,MBSE検討1回目,,JPN,4WD,,2,UU3:MIZOKOSHI KANATA,2,SElist_[Kei]_JPN_4WD,,68,,－,Variation#21,Variation#21,PRMV0083136,タイヤ,RR RRC (車両状態),－,C7A0743743214D49AE5FFB6973444FCE,PT構想審査,
2,187CF17BC4B245EB90AFA41C46F44E1B,1,0,PRMV0083137 タイヤ RR RRC (車両状態)空気圧 －,A,45540.19718,0,0,EntryCondition,MBSE検討1回目,MBSE検討1回目,,JPN,4WD,,2,UU3:MIZOKOSHI KANATA,2,SElist_[Kei]_JPN_4WD,,240,,kPa,Variation#21,Variation#21,PRMV0083137,タイヤ,RR RRC (車両状態)空気圧,－,C7A0743743214D49AE5FFB6973444FCE,PT構想審査,
2,C48F4BD5435F4A69B1ECF18A1395AB3E,1,0,PRMV0083138 タイヤ RR イナーシャ(1本)  －,A,45540.19719,0,0,EntryCondition,MBSE検討1回目,MBSE検討1回目,,JPN,4WD,,2,UU3:MIZOKOSHI KANATA,2,SElist_[Kei]_JPN_4WD,,0.53,,kgm#00B2,Variation#21,Variation#21,PRMV0083138,タイヤ,RR イナーシャ(1本) ,－,C7A0743743214D49AE5FFB6973444FCE,PT構想審査,
2,CC91FD44F52E43DB96AD958E2036381B,1,0,PRMV0083139 ホイール 仕様 －,A,45540.19719,0,0,EntryCondition,MBSE検討1回目,MBSE検討1回目,,JPN,4WD,,2,UU3:MIZOKOSHI KANATA,2,SElist_[Kei]_JPN_4WD,,n,,－,Variation#21,Variation#21,PRMV0083139,ホイール,仕様,－,C7A0743743214D49AE5FFB6973444FCE,PT構想審査,
2,9044CF42707247078C622A4DEF03FDB3,1,0,PRMV0083140 ホイール イナーシャ(1本) －,A,45540.1972,0,0,EntryCondition,MBSE検討1回目,MBSE検討1回目,,JPN,4WD,,2,UU3:MIZOKOSHI KANATA,2,SElist_[Kei]_JPN_4WD,,no App,,kgm#00B2,Variation#21,Variation#21,PRMV0083140,ホイール,イナーシャ(1本),－,C7A0743743214D49AE5FFB6973444FCE,PT構想審査,
2,DA57E0C940E14E4E883291D08AEFE72B,1,0,PRMV0083141 HUB Total引き摺りトルク (@80km/h) －,A,45540.19721,0,0,EntryCondition,MBSE検討1回目,MBSE検討1回目,,JPN,4WD,,2,UU3:MIZOKOSHI KANATA,2,SElist_[Kei]_JPN_4WD,,3.86,,Nm/veh,Variation#21,Variation#21,PRMV0083141,HUB,Total引き摺りトルク (@80km/h),－,C7A0743743214D49AE5FFB6973444FCE,PT構想審査,
2,516AE93B49CE43E6A51B620D9FDE069E,1,0,PRMV0083142 HUB FR 引き摺りトルク (@80km/h) －,A,45540.19721,0,0,EntryCondition,MBSE検討1回目,MBSE検討1回目,,JPN,4WD,,2,UU3:MIZOKOSHI KANATA,2,SElist_[Kei]_JPN_4WD,,Totalに含む,,Nm/veh,Variation#21,Variation#21,PRMV0083142,HUB,FR 引き摺りトルク (@80km/h),－,C7A0743743214D49AE5FFB6973444FCE,PT構想審査,
2,D87D24C189D64D7095CB6F3AF8CA544A,1,0,PRMV0083143 HUB RR 引き摺りトルク (@80km/h) －,A,45540.19722,0,0,EntryCondition,MBSE検討1回目,MBSE検討1回目,,JPN,4WD,,2,UU3:MIZOKOSHI KANATA,2,SElist_[Kei]_JPN_4WD,,Totalに含む,,Nm/veh,Variation#21,Variation#21,PRMV0083143,HUB,RR 引き摺りトルク (@80km/h),－,C7A0743743214D49AE5FFB6973444FCE,PT構想審査,
2,56A2776C39254940AC1ABE004FE1810E,1,0,PRMV0083144 HUB FR イナーシャ －,A,45540.19722,0,0,EntryCondition,MBSE検討1回目,MBSE検討1回目,,JPN,4WD,,2,UU3:MIZOKOSHI KANATA,2,SElist_[Kei]_JPN_4WD,,n,,kgm#00B2,Variation#21,Variation#21,PRMV0083144,HUB,FR イナーシャ,－,C7A0743743214D49AE5FFB6973444FCE,PT構想審査,
2,67352A62176B4F058D56738AAFB968DE,1,0,PRMV0083145 HUB RR イナーシャ －,A,45540.19723,0,0,EntryCondition,MBSE検討1回目,MBSE検討1回目,,JPN,4WD,,2,UU3:MIZOKOSHI KANATA,2,SElist_[Kei]_JPN_4WD,,n,,kgm#00B2,Variation#21,Variation#21,PRMV0083145,HUB,RR イナーシャ,－,C7A0743743214D49AE5FFB6973444FCE,PT構想審査,
2,8CCCE08E00414809AD758B6CC1431B9A,1,0,PRMV0083146 ブレーキ 引き摺りトルク (＠経験圧3Mpa)  －,A,45540.19725,0,0,EntryCondition,MBSE検討1回目,MBSE検討1回目,,JPN,4WD,,2,UU3:MIZOKOSHI KANATA,2,SElist_[Kei]_JPN_4WD,,2.1,,Nm/veh,Variation#21,Variation#21,PRMV0083146,ブレーキ,引き摺りトルク (＠経験圧3Mpa) ,－,C7A0743743214D49AE5FFB6973444FCE,PT構想審査,
2,52166505F6844708910E29CE97E989D5,1,0,PRMV0083147 ブレーキ FR引き摺りトルク (経験圧3Mpa＠60kph) －,A,45540.19725,0,0,EntryCondition,MBSE検討1回目,MBSE検討1回目,,JPN,4WD,,2,UU3:MIZOKOSHI KANATA,2,SElist_[Kei]_JPN_4WD,,－,,Nm/veh,Variation#21,Variation#21,PRMV0083147,ブレーキ,FR引き摺りトルク (経験圧3Mpa＠60kph),－,C7A0743743214D49AE5FFB6973444FCE,PT構想審査,
2,E198524D197D4D598AB4203783B1995B,1,0,PRMV0083148 ブレーキ RR引き摺りトルク(経験圧3Mpa＠60kph) －,A,45540.19726,0,0,EntryCondition,MBSE検討1回目,MBSE検討1回目,,JPN,4WD,,2,UU3:MIZOKOSHI KANATA,2,SElist_[Kei]_JPN_4WD,,－,,Nm/veh,Variation#21,Variation#21,PRMV0083148,ブレーキ,RR引き摺りトルク(経験圧3Mpa＠60kph),－,C7A0743743214D49AE5FFB6973444FCE,PT構想審査,
2,6E5CC5FC950E46E39696E507799E9AE2,1,0,PRMV0083149 ブレーキ FRイナーシャ －,A,45540.19726,0,0,EntryCondition,MBSE検討1回目,MBSE検討1回目,,JPN,4WD,,2,UU3:MIZOKOSHI KANATA,2,SElist_[Kei]_JPN_4WD,,0,,kgm#00B2,Variation#21,Variation#21,PRMV0083149,ブレーキ,FRイナーシャ,－,C7A0743743214D49AE5FFB6973444FCE,PT構想審査,
2,871B91536BC144CDAA964B64BE3AA995,1,0,PRMV0083150 ブレーキ RRイナーシャ －,A,45540.19727,0,0,EntryCondition,MBSE検討1回目,MBSE検討1回目,,JPN,4WD,,2,UU3:MIZOKOSHI KANATA,2,SElist_[Kei]_JPN_4WD,,0,,kgm#00B2,Variation#21,Variation#21,PRMV0083150,ブレーキ,RRイナーシャ,－,C7A0743743214D49AE5FFB6973444FCE,PT構想審査,
2,68DD66F901974627BF8747E5E8EE7183,1,0,PRMV0083151 車両姿勢 グランドクリアランスMin －,A,45540.19728,0,0,EntryCondition,MBSE検討1回目,MBSE検討1回目,,JPN,4WD,,2,UU3:MIZOKOSHI KANATA,2,SElist_[Kei]_JPN_4WD,,n,,mm,Variation#21,Variation#21,PRMV0083151,車両姿勢,グランドクリアランスMin,－,C7A0743743214D49AE5FFB6973444FCE,PT構想審査,
2,A48F2ADD4106421389BBA60BFBE473AF,1,0,PRMV0083152 Test Weight 航続距離試験(ETW)Total －,A,45540.19728,0,0,EntryCondition,MBSE検討1回目,MBSE検討1回目,,JPN,4WD,,2,UU3:MIZOKOSHI KANATA,2,SElist_[Kei]_JPN_4WD,,1327.3,,kg,Variation#21,Variation#21,PRMV0083152,Test Weight,航続距離試験(ETW)Total,－,C7A0743743214D49AE5FFB6973444FCE,PT構想審査,
2,A48F51095EE74F53933F8E35BDC48399,1,0,PRMV0083153 Test Weight 航続距離試験(ETW)FR －,A,45540.19729,0,0,EntryCondition,MBSE検討1回目,MBSE検討1回目,,JPN,4WD,,2,UU3:MIZOKOSHI KANATA,2,SElist_[Kei]_JPN_4WD,,TBD,,kg,Variation#21,Variation#21,PRMV0083153,Test Weight,航続距離試験(ETW)FR,－,C7A0743743214D49AE5FFB6973444FCE,PT構想審査,
2,E87C056090944EB8BBBB0E15830A66F0,1,0,PRMV0083154 Test Weight 航続距離試験(ETW)RR －,A,45540.1973,0,0,EntryCondition,MBSE検討1回目,MBSE検討1回目,,JPN,4WD,,2,UU3:MIZOKOSHI KANATA,2,SElist_[Kei]_JPN_4WD,,TBD,,kg,Variation#21,Variation#21,PRMV0083154,Test Weight,航続距離試験(ETW)RR,－,C7A0743743214D49AE5FFB6973444FCE,PT構想審査,
2,2C4D4D062FC644618C841898A6CBC412,1,0,PRMV0083155 Test Weight 動力当り前性能  －,A,45540.19733,0,0,EntryCondition,MBSE検討1回目,MBSE検討1回目,,JPN,4WD,,2,UU3:MIZOKOSHI KANATA,2,SElist_[Kei]_JPN_4WD,,1418,,kg,Variation#21,Variation#21,PRMV0083155,Test Weight,動力当り前性能 ,－,C7A0743743214D49AE5FFB6973444FCE,PT構想審査,
2,4311370C709949C6A04850A27961EAD0,1,0,PRMV0083156 Test Weight 動力Accerelation －,A,45540.19734,0,0,EntryCondition,MBSE検討1回目,MBSE検討1回目,,JPN,4WD,,2,UU3:MIZOKOSHI KANATA,2,SElist_[Kei]_JPN_4WD,,1343,,kg,Variation#21,Variation#21,PRMV0083156,Test Weight,動力Accerelation,－,C7A0743743214D49AE5FFB6973444FCE,PT構想審査,
2,F8EA2103169F4EBCB287A92C5CD19EF9,1,0,PRMV0083157 Test Weight 動力Vmax －,A,45540.19735,0,0,EntryCondition,MBSE検討1回目,MBSE検討1回目,,JPN,4WD,,2,UU3:MIZOKOSHI KANATA,2,SElist_[Kei]_JPN_4WD,,1343,,kg,Variation#21,Variation#21,PRMV0083157,Test Weight,動力Vmax,－,C7A0743743214D49AE5FFB6973444FCE,PT構想審査,
2,493E76A19D1B4602BBA5033702F09F58,1,0,PRMV0083158 Test Weight 熱NEMシビアシーン －,A,45540.19735,0,0,EntryCondition,MBSE検討1回目,MBSE検討1回目,,JPN,4WD,,2,UU3:MIZOKOSHI KANATA,2,SElist_[Kei]_JPN_4WD,,1448,,kg,Variation#21,Variation#21,PRMV0083158,Test Weight,熱NEMシビアシーン,－,C7A0743743214D49AE5FFB6973444FCE,PT構想審査,
2,72E20DB016454BA8AC8EA0E9E149EE67,1,0,PRMV0083159 Test Weight 熱加減速繰り返し走行 －,A,45540.19736,0,0,EntryCondition,MBSE検討1回目,MBSE検討1回目,,JPN,4WD,,2,UU3:MIZOKOSHI KANATA,2,SElist_[Kei]_JPN_4WD,,1448,,kg,Variation#21,Variation#21,PRMV0083159,Test Weight,熱加減速繰り返し走行,－,C7A0743743214D49AE5FFB6973444FCE,PT構想審査,
2,6EAE4AA438134A1D82E935B821DFD376,1,0,PRMV0083160 Test Weight 熱Towing －,A,45540.19736,0,0,EntryCondition,MBSE検討1回目,MBSE検討1回目,,JPN,4WD,,2,UU3:MIZOKOSHI KANATA,2,SElist_[Kei]_JPN_4WD,,W/O,,kg,Variation#21,Variation#21,PRMV0083160,Test Weight,熱Towing,－,C7A0743743214D49AE5FFB6973444FCE,PT構想審査,
2,4132AB2ACB5241D5828CC4AECB1E8F3A,1,0,PRMV0083161 Test Weight 熱低温性能 －,A,45540.19737,0,0,EntryCondition,MBSE検討1回目,MBSE検討1回目,,JPN,4WD,,2,UU3:MIZOKOSHI KANATA,2,SElist_[Kei]_JPN_4WD,,1448,,kg,Variation#21,Variation#21,PRMV0083161,Test Weight,熱低温性能,－,C7A0743743214D49AE5FFB6973444FCE,PT構想審査,
2,F9D86DC516EC45278C73359448ED2DD7,1,0,PRMV0083162 走行抵抗 届出(Target Lset式) A0 －,A,45540.19737,0,0,EntryCondition,MBSE検討1回目,MBSE検討1回目,,JPN,4WD,,2,UU3:MIZOKOSHI KANATA,2,SElist_[Kei]_JPN_4WD,,94.864,,N,Variation#21,Variation#21,PRMV0083162,走行抵抗,届出(Target Lset式) A0,－,C7A0743743214D49AE5FFB6973444FCE,PT構想審査,
2,579F28BF61894D44B102F4F1D3855906,1,0,PRMV0083163 走行抵抗 届出(Target Lset式) A1 －,A,45540.19738,0,0,EntryCondition,MBSE検討1回目,MBSE検討1回目,,JPN,4WD,,2,UU3:MIZOKOSHI KANATA,2,SElist_[Kei]_JPN_4WD,,-0.663,,N/kph,Variation#21,Variation#21,PRMV0083163,走行抵抗,届出(Target Lset式) A1,－,C7A0743743214D49AE5FFB6973444FCE,PT構想審査,
2,DB59A2E37FF741D7879CBE16305C131E,1,0,PRMV0083164 走行抵抗 届出(Target Lset式) A2 －,A,45540.1974,0,0,EntryCondition,MBSE検討1回目,MBSE検討1回目,,JPN,4WD,,2,UU3:MIZOKOSHI KANATA,2,SElist_[Kei]_JPN_4WD,,0.051,,N/kph#00B2,Variation#21,Variation#21,PRMV0083164,走行抵抗,届出(Target Lset式) A2,－,C7A0743743214D49AE5FFB6973444FCE,PT構想審査,
2,DD2EF1C3DDBD41E8A04C15E342E60EFC,1,0,PRMV0083165 走行抵抗 届出(Target Lset式) IP －,A,45540.1974,0,0,EntryCondition,MBSE検討1回目,MBSE検討1回目,,JPN,4WD,,2,UU3:MIZOKOSHI KANATA,2,SElist_[Kei]_JPN_4WD,,1327,,lbs,Variation#21,Variation#21,PRMV0083165,走行抵抗,届出(Target Lset式) IP,－,C7A0743743214D49AE5FFB6973444FCE,PT構想審査,
2,5EB264B5271B4963B8E70DDEA964AD91,1,0,PRMV0083166 性能検討用走行抵抗式(ePT連れ回り排除) 航続距離(C/D車載状態)A0 －,A,45540.19741,0,0,EntryCondition,MBSE検討1回目,MBSE検討1回目,,JPN,4WD,,2,UU3:MIZOKOSHI KANATA,2,SElist_[Kei]_JPN_4WD,,101.08,,N,Variation#21,Variation#21,PRMV0083166,性能検討用走行抵抗式(ePT連れ回り排除),航続距離(C/D車載状態)A0,－,C7A0743743214D49AE5FFB6973444FCE,PT構想審査,
2,203F89BFA0454F34BC6457E113D51E80,1,0,PRMV0083167 性能検討用走行抵抗式(ePT連れ回り排除) 航続距離(C/D車載状態)A1 －,A,45540.19741,0,0,EntryCondition,MBSE検討1回目,MBSE検討1回目,,JPN,4WD,,2,UU3:MIZOKOSHI KANATA,2,SElist_[Kei]_JPN_4WD,,-0.487,,N/kph,Variation#21,Variation#21,PRMV0083167,性能検討用走行抵抗式(ePT連れ回り排除),航続距離(C/D車載状態)A1,－,C7A0743743214D49AE5FFB6973444FCE,PT構想審査,
2,22A3B9D577D64C4C9ACF2F6CC703B8BE,1,0,PRMV0083168 性能検討用走行抵抗式(ePT連れ回り排除) 航続距離(C/D車載状態)A2 －,A,45540.19742,0,0,EntryCondition,MBSE検討1回目,MBSE検討1回目,,JPN,4WD,,2,UU3:MIZOKOSHI KANATA,2,SElist_[Kei]_JPN_4WD,,0.049,,N/kph#00B2,Variation#21,Variation#21,PRMV0083168,性能検討用走行抵抗式(ePT連れ回り排除),航続距離(C/D車載状態)A2,－,C7A0743743214D49AE5FFB6973444FCE,PT構想審査,
2,18A6434F823646F884EBB0BA35482F4E,1,0,PRMV0083169 性能検討用走行抵抗式(ePT連れ回り排除) 航続距離(C/D車載状態)IP －,A,45540.19742,0,0,EntryCondition,MBSE検討1回目,MBSE検討1回目,,JPN,4WD,,2,UU3:MIZOKOSHI KANATA,2,SElist_[Kei]_JPN_4WD,,1327,,lbs,Variation#21,Variation#21,PRMV0083169,性能検討用走行抵抗式(ePT連れ回り排除),航続距離(C/D車載状態)IP,－,C7A0743743214D49AE5FFB6973444FCE,PT構想審査,
2,A9C7C8F23BB54FA5AE22F64261FB1328,1,0,PRMV0083170 性能検討用走行抵抗式(ePT連れ回り排除) 動力当り前性能A0 －,A,45540.19743,0,0,EntryCondition,MBSE検討1回目,MBSE検討1回目,,JPN,4WD,,2,UU3:MIZOKOSHI KANATA,2,SElist_[Kei]_JPN_4WD,,－,,N,Variation#21,Variation#21,PRMV0083170,性能検討用走行抵抗式(ePT連れ回り排除),動力当り前性能A0,－,C7A0743743214D49AE5FFB6973444FCE,PT構想審査,
2,6098569DC95A4F16A030BB90666A2515,1,0,PRMV0083171 性能検討用走行抵抗式(ePT連れ回り排除) 動力当り前性能A1 －,A,45540.19743,0,0,EntryCondition,MBSE検討1回目,MBSE検討1回目,,JPN,4WD,,2,UU3:MIZOKOSHI KANATA,2,SElist_[Kei]_JPN_4WD,,－,,N/kph,Variation#21,Variation#21,PRMV0083171,性能検討用走行抵抗式(ePT連れ回り排除),動力当り前性能A1,－,C7A0743743214D49AE5FFB6973444FCE,PT構想審査,
2,46E55F2F0725494D9B9FF345D5279315,1,0,PRMV0083172 性能検討用走行抵抗式(ePT連れ回り排除) 動力当り前性能A2 －,A,45540.19744,0,0,EntryCondition,MBSE検討1回目,MBSE検討1回目,,JPN,4WD,,2,UU3:MIZOKOSHI KANATA,2,SElist_[Kei]_JPN_4WD,,－,,N/kph#00B2,Variation#21,Variation#21,PRMV0083172,性能検討用走行抵抗式(ePT連れ回り排除),動力当り前性能A2,－,C7A0743743214D49AE5FFB6973444FCE,PT構想審査,
2,336665982278427885FA47227057EA51,1,0,PRMV0083173 性能検討用走行抵抗式(ePT連れ回り排除) 動力当り前性能IP －,A,45540.19745,0,0,EntryCondition,MBSE検討1回目,MBSE検討1回目,,JPN,4WD,,2,UU3:MIZOKOSHI KANATA,2,SElist_[Kei]_JPN_4WD,,1418,,kg,Variation#21,Variation#21,PRMV0083173,性能検討用走行抵抗式(ePT連れ回り排除),動力当り前性能IP,－,C7A0743743214D49AE5FFB6973444FCE,PT構想審査,
2,33B473775A2D4509A9BD1A6C98C84972,1,0,PRMV0083174 性能検討用走行抵抗式(ePT連れ回り排除) 動力AccerelationA0 －,A,45540.19745,0,0,EntryCondition,MBSE検討1回目,MBSE検討1回目,,JPN,4WD,,2,UU3:MIZOKOSHI KANATA,2,SElist_[Kei]_JPN_4WD,,－,,N,Variation#21,Variation#21,PRMV0083174,性能検討用走行抵抗式(ePT連れ回り排除),動力AccerelationA0,－,C7A0743743214D49AE5FFB6973444FCE,PT構想審査,
2,26270D2F2CC641BF9898007FC1123E67,1,0,PRMV0083175 性能検討用走行抵抗式(ePT連れ回り排除) 動力AccerelationA1 －,A,45540.19747,0,0,EntryCondition,MBSE検討1回目,MBSE検討1回目,,JPN,4WD,,2,UU3:MIZOKOSHI KANATA,2,SElist_[Kei]_JPN_4WD,,－,,N/kph,Variation#21,Variation#21,PRMV0083175,性能検討用走行抵抗式(ePT連れ回り排除),動力AccerelationA1,－,C7A0743743214D49AE5FFB6973444FCE,PT構想審査,
2,AC5D427D641E4FB09A733ECCAA942FD4,1,0,PRMV0083176 性能検討用走行抵抗式(ePT連れ回り排除) 動力AccerelationA2 －,A,45540.19747,0,0,EntryCondition,MBSE検討1回目,MBSE検討1回目,,JPN,4WD,,2,UU3:MIZOKOSHI KANATA,2,SElist_[Kei]_JPN_4WD,,－,,N/kph#00B2,Variation#21,Variation#21,PRMV0083176,性能検討用走行抵抗式(ePT連れ回り排除),動力AccerelationA2,－,C7A0743743214D49AE5FFB6973444FCE,PT構想審査,
2,FD1E32E18E7C4F9BB6D2D4A88CAF71B5,1,0,PRMV0083177 性能検討用走行抵抗式(ePT連れ回り排除) 動力AccerelationIP －,A,45540.19748,0,0,EntryCondition,MBSE検討1回目,MBSE検討1回目,,JPN,4WD,,2,UU3:MIZOKOSHI KANATA,2,SElist_[Kei]_JPN_4WD,,1283,,kg,Variation#21,Variation#21,PRMV0083177,性能検討用走行抵抗式(ePT連れ回り排除),動力AccerelationIP,－,C7A0743743214D49AE5FFB6973444FCE,PT構想審査,
2,973B7983E71A451BB0EFDFFAC2AE7163,1,0,PRMV0083178 性能検討用走行抵抗式(ePT連れ回り排除) 動力VmaxA0 －,A,45540.19748,0,0,EntryCondition,MBSE検討1回目,MBSE検討1回目,,JPN,4WD,,2,UU3:MIZOKOSHI KANATA,2,SElist_[Kei]_JPN_4WD,,－,,N,Variation#21,Variation#21,PRMV0083178,性能検討用走行抵抗式(ePT連れ回り排除),動力VmaxA0,－,C7A0743743214D49AE5FFB6973444FCE,PT構想審査,
2,43A57A70FE824F1390D590EFA380BD9B,1,0,PRMV0083179 性能検討用走行抵抗式(ePT連れ回り排除) 動力VmaxA1 －,A,45540.19749,0,0,EntryCondition,MBSE検討1回目,MBSE検討1回目,,JPN,4WD,,2,UU3:MIZOKOSHI KANATA,2,SElist_[Kei]_JPN_4WD,,－,,N/kph,Variation#21,Variation#21,PRMV0083179,性能検討用走行抵抗式(ePT連れ回り排除),動力VmaxA1,－,C7A0743743214D49AE5FFB6973444FCE,PT構想審査,
2,AC7D0483CDBB4BBE8A43F886BD9E377F,1,0,PRMV0083180 性能検討用走行抵抗式(ePT連れ回り排除) 動力VmaxA2 －,A,45540.19749,0,0,EntryCondition,MBSE検討1回目,MBSE検討1回目,,JPN,4WD,,2,UU3:MIZOKOSHI KANATA,2,SElist_[Kei]_JPN_4WD,,－,,N/kph#00B2,Variation#21,Variation#21,PRMV0083180,性能検討用走行抵抗式(ePT連れ回り排除),動力VmaxA2,－,C7A0743743214D49AE5FFB6973444FCE,PT構想審査,
2,9AE683F0CFB24F50BBB66DAC639FE0EC,1,0,PRMV0083181 性能検討用走行抵抗式(ePT連れ回り排除) 動力VmaxIP －,A,45540.1975,0,0,EntryCondition,MBSE検討1回目,MBSE検討1回目,,JPN,4WD,,2,UU3:MIZOKOSHI KANATA,2,SElist_[Kei]_JPN_4WD,,1283,,kg,Variation#21,Variation#21,PRMV0083181,性能検討用走行抵抗式(ePT連れ回り排除),動力VmaxIP,－,C7A0743743214D49AE5FFB6973444FCE,PT構想審査,
2,339D262A8B84499089FF656869136988,1,0,PRMV0083182 性能検討用走行抵抗式(ePT連れ回り排除) 熱NEMシビアシーンA0 －,A,45540.1975,0,0,EntryCondition,MBSE検討1回目,MBSE検討1回目,,JPN,4WD,,2,UU3:MIZOKOSHI KANATA,2,SElist_[Kei]_JPN_4WD,,CDxA 0.398x2.19,,別紙,Variation#21,Variation#21,PRMV0083182,性能検討用走行抵抗式(ePT連れ回り排除),熱NEMシビアシーンA0,－,C7A0743743214D49AE5FFB6973444FCE,PT構想審査,
2,08106CE357FA4A48BB9750F6F2716C02,1,0,PRMV0083183 性能検討用走行抵抗式(ePT連れ回り排除) 熱加減速繰り返し走行A0 －,A,45540.19751,0,0,EntryCondition,MBSE検討1回目,MBSE検討1回目,,JPN,4WD,,2,UU3:MIZOKOSHI KANATA,2,SElist_[Kei]_JPN_4WD,,107.6,,N,Variation#21,Variation#21,PRMV0083183,性能検討用走行抵抗式(ePT連れ回り排除),熱加減速繰り返し走行A0,－,C7A0743743214D49AE5FFB6973444FCE,PT構想審査,
2,525C468BC2FF4786B1FB048A58EDC9CA,1,0,PRMV0083184 性能検討用走行抵抗式(ePT連れ回り排除) 熱加減速繰り返し走行A1 －,A,45540.19752,0,0,EntryCondition,MBSE検討1回目,MBSE検討1回目,,JPN,4WD,,2,UU3:MIZOKOSHI KANATA,2,SElist_[Kei]_JPN_4WD,,-0.46,,N/kph,Variation#21,Variation#21,PRMV0083184,性能検討用走行抵抗式(ePT連れ回り排除),熱加減速繰り返し走行A1,－,C7A0743743214D49AE5FFB6973444FCE,PT構想審査,
2,1AB6869BFC6D4508B698EB73FB9C3F23,1,0,PRMV0083185 性能検討用走行抵抗式(ePT連れ回り排除) 熱加減速繰り返し走行A2 －,A,45540.19752,0,0,EntryCondition,MBSE検討1回目,MBSE検討1回目,,JPN,4WD,,2,UU3:MIZOKOSHI KANATA,2,SElist_[Kei]_JPN_4WD,,0.048,,N/kph#00B2,Variation#21,Variation#21,PRMV0083185,性能検討用走行抵抗式(ePT連れ回り排除),熱加減速繰り返し走行A2,－,C7A0743743214D49AE5FFB6973444FCE,PT構想審査,
2,5AE658E925994748B028E912C0F8D738,1,0,PRMV0083186 性能検討用走行抵抗式(ePT連れ回り排除) 熱加減速繰り返し走行IP －,A,45540.19753,0,0,EntryCondition,MBSE検討1回目,MBSE検討1回目,,JPN,4WD,,2,UU3:MIZOKOSHI KANATA,2,SElist_[Kei]_JPN_4WD,,1448,,kg,Variation#21,Variation#21,PRMV0083186,性能検討用走行抵抗式(ePT連れ回り排除),熱加減速繰り返し走行IP,－,C7A0743743214D49AE5FFB6973444FCE,PT構想審査,
2,2C2DD1649D404ACB933963834B714F00,1,0,PRMV0083187 性能検討用走行抵抗式(ePT連れ回り排除) 熱TowingA0 －,A,45540.19755,0,0,EntryCondition,MBSE検討1回目,MBSE検討1回目,,JPN,4WD,,2,UU3:MIZOKOSHI KANATA,2,SElist_[Kei]_JPN_4WD,,W/O,,N,Variation#21,Variation#21,PRMV0083187,性能検討用走行抵抗式(ePT連れ回り排除),熱TowingA0,－,C7A0743743214D49AE5FFB6973444FCE,PT構想審査,
2,CFBE24ECA3334656A6935995EDDB30EE,1,0,PRMV0083188 性能検討用走行抵抗式(ePT連れ回り排除) 熱TowingA1 －,A,45540.19755,0,0,EntryCondition,MBSE検討1回目,MBSE検討1回目,,JPN,4WD,,2,UU3:MIZOKOSHI KANATA,2,SElist_[Kei]_JPN_4WD,,W/O,,N/kph,Variation#21,Variation#21,PRMV0083188,性能検討用走行抵抗式(ePT連れ回り排除),熱TowingA1,－,C7A0743743214D49AE5FFB6973444FCE,PT構想審査,
2,DF619764A3BF4B6690D460708166A367,1,0,PRMV0083189 性能検討用走行抵抗式(ePT連れ回り排除) 熱TowingA2 －,A,45540.19756,0,0,EntryCondition,MBSE検討1回目,MBSE検討1回目,,JPN,4WD,,2,UU3:MIZOKOSHI KANATA,2,SElist_[Kei]_JPN_4WD,,W/O,,N/kph#00B2,Variation#21,Variation#21,PRMV0083189,性能検討用走行抵抗式(ePT連れ回り排除),熱TowingA2,－,C7A0743743214D49AE5FFB6973444FCE,PT構想審査,
2,73AD2D6843F04CCC8FD08E2EC9B32011,1,0,PRMV0083190 性能検討用走行抵抗式(ePT連れ回り排除) 熱TowingIP －,A,45540.19756,0,0,EntryCondition,MBSE検討1回目,MBSE検討1回目,,JPN,4WD,,2,UU3:MIZOKOSHI KANATA,2,SElist_[Kei]_JPN_4WD,,W/O,,kg,Variation#21,Variation#21,PRMV0083190,性能検討用走行抵抗式(ePT連れ回り排除),熱TowingIP,－,C7A0743743214D49AE5FFB6973444FCE,PT構想審査,
2,C0B725F31D7146D2AC3649A565A4A017,1,0,PRMV0083191 性能検討用走行抵抗式(ePT連れ回り排除) 熱低温性能A0 －,A,45540.19757,0,0,EntryCondition,MBSE検討1回目,MBSE検討1回目,,JPN,4WD,,2,UU3:MIZOKOSHI KANATA,2,SElist_[Kei]_JPN_4WD,,n,,N,Variation#21,Variation#21,PRMV0083191,性能検討用走行抵抗式(ePT連れ回り排除),熱低温性能A0,－,C7A0743743214D49AE5FFB6973444FCE,PT構想審査,
2,D50895A593F44F03981525290F1B8AD6,1,0,PRMV0083192 性能検討用走行抵抗式(ePT連れ回り排除) 熱低温性能A1 －,A,45540.19758,0,0,EntryCondition,MBSE検討1回目,MBSE検討1回目,,JPN,4WD,,2,UU3:MIZOKOSHI KANATA,2,SElist_[Kei]_JPN_4WD,,n,,N/kph,Variation#21,Variation#21,PRMV0083192,性能検討用走行抵抗式(ePT連れ回り排除),熱低温性能A1,－,C7A0743743214D49AE5FFB6973444FCE,PT構想審査,
2,9E86DDE30E1F4D1FB26EDE56C2B808A5,1,0,PRMV0083193 性能検討用走行抵抗式(ePT連れ回り排除) 熱低温性能A2 －,A,45540.19758,0,0,EntryCondition,MBSE検討1回目,MBSE検討1回目,,JPN,4WD,,2,UU3:MIZOKOSHI KANATA,2,SElist_[Kei]_JPN_4WD,,n,,N/kph#00B2,Variation#21,Variation#21,PRMV0083193,性能検討用走行抵抗式(ePT連れ回り排除),熱低温性能A2,－,C7A0743743214D49AE5FFB6973444FCE,PT構想審査,
2,684C32903B2B4032B0B5AECEEFCA5FE4,1,0,PRMV0083194 性能検討用走行抵抗式(ePT連れ回り排除) 熱低温性能IP －,A,45540.19759,0,0,EntryCondition,MBSE検討1回目,MBSE検討1回目,,JPN,4WD,,2,UU3:MIZOKOSHI KANATA,2,SElist_[Kei]_JPN_4WD,,n,,kg,Variation#21,Variation#21,PRMV0083194,性能検討用走行抵抗式(ePT連れ回り排除),熱低温性能IP,－,C7A0743743214D49AE5FFB6973444FCE,PT構想審査,
2,8B84E4A3DCCB477A89BAABE5EF2B0260,1,0,PRMV0083195 ePT 最高システム総合出力(公称） －,A,45540.19759,0,0,EntryCondition,MBSE検討1回目,MBSE検討1回目,,JPN,4WD,,2,UU3:MIZOKOSHI KANATA,2,SElist_[Kei]_JPN_4WD,,－,,kW,Variation#21,Variation#21,PRMV0083195,ePT,最高システム総合出力(公称）,－,C7A0743743214D49AE5FFB6973444FCE,PT構想審査,
2,31C08ED758D94F78854A9420F90CA4B6,1,0,PRMV0083196 ePT FR MOTイナーシャ －,A,45540.1976,0,0,EntryCondition,MBSE検討1回目,MBSE検討1回目,,JPN,4WD,,2,UU3:MIZOKOSHI KANATA,2,SElist_[Kei]_JPN_4WD,,n,,kgm#00B2,Variation#21,Variation#21,PRMV0083196,ePT,FR MOTイナーシャ,－,C7A0743743214D49AE5FFB6973444FCE,PT構想審査,
2,AA6F9424AA4C442884810E61CEF8F4DA,1,0,PRMV0083197 ePT FR GBイナーシャ #21,A,45540.1976,0,0,EntryCondition,MBSE検討1回目,MBSE検討1回目,,JPN,4WD,,2,UU3:MIZOKOSHI KANATA,2,SElist_[Kei]_JPN_4WD,,0.134(DIFF軸上),,kgm#00B2,Variation#21,Variation#21,PRMV0083197,ePT,FR GBイナーシャ,#21,C7A0743743214D49AE5FFB6973444FCE,PT構想審査,
2,45F7AB3E0771430A9346B454DE3C7B44,1,0,PRMV0083198 ePT RR MOTイナーシャ －,A,45540.19762,0,0,EntryCondition,MBSE検討1回目,MBSE検討1回目,,JPN,4WD,,2,UU3:MIZOKOSHI KANATA,2,SElist_[Kei]_JPN_4WD,,n,,kgm#00B2,Variation#21,Variation#21,PRMV0083198,ePT,RR MOTイナーシャ,－,C7A0743743214D49AE5FFB6973444FCE,PT構想審査,
2,CB773E6816654D7E9C03C3A604D594F7,1,0,PRMV0083199 ePT RR GBイナーシャ #21,A,45540.19762,0,0,EntryCondition,MBSE検討1回目,MBSE検討1回目,,JPN,4WD,,2,UU3:MIZOKOSHI KANATA,2,SElist_[Kei]_JPN_4WD,,0.069(DIFF軸上),,kgm#00B2,Variation#21,Variation#21,PRMV0083199,ePT,RR GBイナーシャ,#21,C7A0743743214D49AE5FFB6973444FCE,PT構想審査,
2,0B32C72E08794CD38E1B2CA7BDF24489,1,0,PRMV0083200 ePT FR MOT制限設定トルク上限(第一象限) #21,A,45540.19763,0,0,EntryCondition,MBSE検討1回目,MBSE検討1回目,,JPN,4WD,,2,UU3:MIZOKOSHI KANATA,2,SElist_[Kei]_JPN_4WD,,95,,Nm,Variation#21,Variation#21,PRMV0083200,ePT,FR MOT制限設定トルク上限(第一象限),#21,C7A0743743214D49AE5FFB6973444FCE,PT構想審査,
2,0A2E3CF84228477EA311B10C9F5066F2,1,0,PRMV0083201 ePT FR MOT制限設定トルク下限(第四象限) #21,A,45540.19764,0,0,EntryCondition,MBSE検討1回目,MBSE検討1回目,,JPN,4WD,,2,UU3:MIZOKOSHI KANATA,2,SElist_[Kei]_JPN_4WD,,-95,,Nm,Variation#21,Variation#21,PRMV0083201,ePT,FR MOT制限設定トルク下限(第四象限),#21,C7A0743743214D49AE5FFB6973444FCE,PT構想審査,
2,9D47033EE6414ECA9DA2462573C57069,1,0,PRMV0083202 ePT FR GB減速比 #21,A,45540.19764,0,0,EntryCondition,MBSE検討1回目,MBSE検討1回目,,JPN,4WD,,2,UU3:MIZOKOSHI KANATA,2,SElist_[Kei]_JPN_4WD,,12.728,,－,Variation#21,Variation#21,PRMV0083202,ePT,FR GB減速比,#21,C7A0743743214D49AE5FFB6973444FCE,PT構想審査,
2,F56DC100E4A647938A9025CF380CE318,1,0,PRMV0083203 ePT RR MOT制限設定トルク上限(第一象限) #21,A,45540.19765,0,0,EntryCondition,MBSE検討1回目,MBSE検討1回目,,JPN,4WD,,2,UU3:MIZOKOSHI KANATA,2,SElist_[Kei]_JPN_4WD,,95,,Nm,Variation#21,Variation#21,PRMV0083203,ePT,RR MOT制限設定トルク上限(第一象限),#21,C7A0743743214D49AE5FFB6973444FCE,PT構想審査,
2,F020908841A441F09FDD7E3932294D98,1,0,PRMV0083204 ePT RR MOT制限設定トルク下限(第四象限) #21,A,45540.19765,0,0,EntryCondition,MBSE検討1回目,MBSE検討1回目,,JPN,4WD,,2,UU3:MIZOKOSHI KANATA,2,SElist_[Kei]_JPN_4WD,,-95,,Nm,Variation#21,Variation#21,PRMV0083204,ePT,RR MOT制限設定トルク下限(第四象限),#21,C7A0743743214D49AE5FFB6973444FCE,PT構想審査,
2,26B7A878F22B4A51A3CB1A43636B7AB3,1,0,PRMV0083205 ePT RR GB減速比 #21,A,45540.19766,0,0,EntryCondition,MBSE検討1回目,MBSE検討1回目,,JPN,4WD,,2,UU3:MIZOKOSHI KANATA,2,SElist_[Kei]_JPN_4WD,,11.636,,－,Variation#21,Variation#21,PRMV0083205,ePT,RR GB減速比,#21,C7A0743743214D49AE5FFB6973444FCE,PT構想審査,
2,72B6BD0E794A4212832D184C2DDD71CB,1,0,PRMV0083206 ドライブシャフト FR右ドライブシャフトイナーシャ －,A,45540.19766,0,0,EntryCondition,MBSE検討1回目,MBSE検討1回目,,JPN,4WD,,2,UU3:MIZOKOSHI KANATA,2,SElist_[Kei]_JPN_4WD,,1.853×10^-3,,kgm#00B2,Variation#21,Variation#21,PRMV0083206,ドライブシャフト,FR右ドライブシャフトイナーシャ,－,C7A0743743214D49AE5FFB6973444FCE,PT構想審査,
2,4787655AD61C4868B10BFD88DB7FDAE5,1,0,PRMV0083207 ドライブシャフト FR左ドライブシャフトイナーシャ －,A,45540.19767,0,0,EntryCondition,MBSE検討1回目,MBSE検討1回目,,JPN,4WD,,2,UU3:MIZOKOSHI KANATA,2,SElist_[Kei]_JPN_4WD,,1.844×10^-3,,kgm#00B2,Variation#21,Variation#21,PRMV0083207,ドライブシャフト,FR左ドライブシャフトイナーシャ,－,C7A0743743214D49AE5FFB6973444FCE,PT構想審査,
2,28BA017AE4DC4AFFB3625F9D49780B70,1,0,PRMV0083208 ドライブシャフト RR右ドライブシャフトイナーシャ －,A,45540.19769,0,0,EntryCondition,MBSE検討1回目,MBSE検討1回目,,JPN,4WD,,2,UU3:MIZOKOSHI KANATA,2,SElist_[Kei]_JPN_4WD,,1.853×10^-3,,kgm#00B2,Variation#21,Variation#21,PRMV0083208,ドライブシャフト,RR右ドライブシャフトイナーシャ,－,C7A0743743214D49AE5FFB6973444FCE,PT構想審査,
2,CA9F1174621644FB969B58FABC7B7511,1,0,PRMV0083209 ドライブシャフト RR左ドライブシャフトイナーシャ －,A,45540.19769,0,0,EntryCondition,MBSE検討1回目,MBSE検討1回目,,JPN,4WD,,2,UU3:MIZOKOSHI KANATA,2,SElist_[Kei]_JPN_4WD,,1.837×10^-3,,kgm#00B2,Variation#21,Variation#21,PRMV0083209,ドライブシャフト,RR左ドライブシャフトイナーシャ,－,C7A0743743214D49AE5FFB6973444FCE,PT構想審査,
2,CE7C203FE06F4285B65A6A8E2097664E,1,0,"PRMV0083210 DCDC DCDC効率(走行時弱電220W,355V入力(SOC20%),13V出力) －",A,45540.1977,0,0,EntryCondition,MBSE検討1回目,MBSE検討1回目,,JPN,4WD,,2,UU3:MIZOKOSHI KANATA,2,SElist_[Kei]_JPN_4WD,,75,,%,Variation#21,Variation#21,PRMV0083210,DCDC,"DCDC効率(走行時弱電220W,355V入力(SOC20%),13V出力)",－,C7A0743743214D49AE5FFB6973444FCE,PT構想審査,
2,42506BBACB01480086D8FED686A87DDF,1,0,PRMV0083211 LV BATT 消費電力(電費試験時WLTCモード) －,A,45540.1977,0,0,EntryCondition,MBSE検討1回目,MBSE検討1回目,,JPN,4WD,,2,UU3:MIZOKOSHI KANATA,2,SElist_[Kei]_JPN_4WD,,n,,kW,Variation#21,Variation#21,PRMV0083211,LV BATT,消費電力(電費試験時WLTCモード),－,C7A0743743214D49AE5FFB6973444FCE,PT構想審査,
2,CFF81CF8F15945D8B2DCF7CDAC411D5C,1,0,PRMV0083212 HV BATT 直列セル数 －,A,45540.19771,0,0,EntryCondition,MBSE検討1回目,MBSE検討1回目,,JPN,4WD,,2,UU3:MIZOKOSHI KANATA,2,SElist_[Kei]_JPN_4WD,,96,,cell,Variation#21,Variation#21,PRMV0083212,HV BATT,直列セル数,－,C7A0743743214D49AE5FFB6973444FCE,PT構想審査,
2,F77C4CD68D1B417DB8112906E590A2DF,1,0,PRMV0083213 HV BATT 並列セル数 －,A,45540.19772,0,0,EntryCondition,MBSE検討1回目,MBSE検討1回目,,JPN,4WD,,2,UU3:MIZOKOSHI KANATA,2,SElist_[Kei]_JPN_4WD,,1,,para,Variation#21,Variation#21,PRMV0083213,HV BATT,並列セル数,－,C7A0743743214D49AE5FFB6973444FCE,PT構想審査,
2,A9926D51306F4A3EBC89CBF72B8CE31C,1,0,PRMV0083214 HV BATT セル容量 －,A,45540.19772,0,0,EntryCondition,MBSE検討1回目,MBSE検討1回目,,JPN,4WD,,2,UU3:MIZOKOSHI KANATA,2,SElist_[Kei]_JPN_4WD,,72(usable),,Ah,Variation#21,Variation#21,PRMV0083214,HV BATT,セル容量,－,C7A0743743214D49AE5FFB6973444FCE,PT構想審査,
2,B84C2E4E8F244106A6DAF2EED9785381,1,0,PRMV0083215 HV BATT パック繋ぎ抵抗 －,A,45540.19773,0,0,EntryCondition,MBSE検討1回目,MBSE検討1回目,,JPN,4WD,,2,UU3:MIZOKOSHI KANATA,2,SElist_[Kei]_JPN_4WD,,0.01(TBD),,Ω,Variation#21,Variation#21,PRMV0083215,HV BATT,パック繋ぎ抵抗,－,C7A0743743214D49AE5FFB6973444FCE,PT構想審査,
2,B3BEE14BDEBC4CD4A2A514BE8580A079,1,0,PRMV0083216 HV BATT DCハーネスの抵抗 －,A,45540.19774,0,0,EntryCondition,MBSE検討1回目,MBSE検討1回目,,JPN,4WD,,2,UU3:MIZOKOSHI KANATA,2,SElist_[Kei]_JPN_4WD,,TBD,,Ω,Variation#21,Variation#21,PRMV0083216,HV BATT,DCハーネスの抵抗,－,C7A0743743214D49AE5FFB6973444FCE,PT構想審査,
1,B379E80A1ED04DB392CF1D170C1ABD8C,1,0,PRMV0083556 Vehicle Weight Min.C.W. －,A,45559.24225,0,0,EntryCondition,,,,JPN,4WD,,2,,2,SElist_[Kei]_JPN_4WD,,1198,,kg,,,PRMV0083556,Vehicle Weight,Min.C.W.,－,C7A0743743214D49AE5FFB6973444FCE,PT構想審査,
1,3D2259003FB0432F9DF59B4BF6570E83,1,0,PRMV0083557 Vehicle Weight Max.C.W. －,A,45559.24226,0,0,EntryCondition,,,,JPN,4WD,,2,,2,SElist_[Kei]_JPN_4WD,,1205,,kg,,,PRMV0083557,Vehicle Weight,Max.C.W.,－,C7A0743743214D49AE5FFB6973444FCE,PT構想審査,
1,73C3FE70DCA646CDBCEF97E409C6D15C,1,0,PRMV0083558 Vehicle Weight スペアタイヤ&工具  －,A,45559.24227,0,0,EntryCondition,,,,JPN,4WD,,2,,2,SElist_[Kei]_JPN_4WD,,1.6,,kg,,,PRMV0083558,Vehicle Weight,スペアタイヤ&工具 ,－,C7A0743743214D49AE5FFB6973444FCE,PT構想審査,
1,A7361E76AF224021BC1FC860DB69CAD9,1,0,PRMV0083559 Vehicle Weight EPA届出重量 －,A,45559.24227,0,0,EntryCondition,,,,JPN,4WD,,2,,2,SElist_[Kei]_JPN_4WD,,noApp,,kg,,,PRMV0083559,Vehicle Weight,EPA届出重量,－,C7A0743743214D49AE5FFB6973444FCE,PT構想審査,
1,1C28088EEE1D49EEB27161C9EFACD754,1,0,PRMV0083560 Vehicle Severe Weight PTW or GVWR －,A,45559.24228,0,0,EntryCondition,,,,JPN,4WD,,2,,2,SElist_[Kei]_JPN_4WD,,1448,,kg,,,PRMV0083560,Vehicle Severe Weight,PTW or GVWR,－,C7A0743743214D49AE5FFB6973444FCE,PT構想審査,
1,C1AC7CDF5ABC424DBC4D9CA10A6E5F30,1,0,PRMV0083561 Vehicle Severe Weight GAWR FR －,A,45559.24228,0,0,EntryCondition,,,,JPN,4WD,,2,,2,SElist_[Kei]_JPN_4WD,,n,,kg,,,PRMV0083561,Vehicle Severe Weight,GAWR FR,－,C7A0743743214D49AE5FFB6973444FCE,PT構想審査,
1,6FBCB3B90E6D409D9E1506657EBDBBA7,1,0,PRMV0083562 Vehicle Severe Weight GAWR RR －,A,45559.24229,0,0,EntryCondition,,,,JPN,4WD,,2,,2,SElist_[Kei]_JPN_4WD,,n,,kg,,,PRMV0083562,Vehicle Severe Weight,GAWR RR,－,C7A0743743214D49AE5FFB6973444FCE,PT構想審査,
1,AE2367580A7149DC841D95D587AD1159,1,0,PRMV0083563 Vehicle Severe Weight Towing －,A,45559.24229,0,0,EntryCondition,,,,JPN,4WD,,2,,2,SElist_[Kei]_JPN_4WD,,no App,,kg,,,PRMV0083563,Vehicle Severe Weight,Towing,－,C7A0743743214D49AE5FFB6973444FCE,PT構想審査,
1,3A4EF010420F48CAB8E5D384E3396BAC,1,0,PRMV0083564 空力 Cd  －,A,45559.2423,0,0,EntryCondition,,,,JPN,4WD,,2,,2,SElist_[Kei]_JPN_4WD,,"0.406(NML)
0.409(MMC)",,－,,,PRMV0083564,空力,Cd ,－,C7A0743743214D49AE5FFB6973444FCE,PT構想審査,
1,24C0B609A7A54D8ABB4C9E00D694F1CF,1,0,PRMV0083565 空力 A －,A,45559.2423,0,0,EntryCondition,,,,JPN,4WD,,2,,2,SElist_[Kei]_JPN_4WD,,2.21,,m#00B2,,,PRMV0083565,空力,A,－,C7A0743743214D49AE5FFB6973444FCE,PT構想審査,
1,EBE81756F97B432B9A45B33089F03810,1,0,PRMV0083566 空力 ΔCd (AGS閉→全開) －,A,45559.24231,0,0,EntryCondition,,,,JPN,4WD,,2,,2,SElist_[Kei]_JPN_4WD,,n,,－,,,PRMV0083566,空力,ΔCd (AGS閉→全開),－,C7A0743743214D49AE5FFB6973444FCE,PT構想審査,
1,15CAED1B35BB43D6A93FCA9F8D3FCF79,1,0,PRMV0083567 空力 Grill shutter車速閾値 高速側 (閉→開)/(開→閉) －,A,45559.24231,0,0,EntryCondition,,,,JPN,4WD,,2,,2,SElist_[Kei]_JPN_4WD,,n,,kph,,,PRMV0083567,空力,Grill shutter車速閾値 高速側 (閉→開)/(開→閉),－,C7A0743743214D49AE5FFB6973444FCE,PT構想審査,
1,139B624FCBE04742AFABAC3E661F38D2,1,0,PRMV0083568 空力 Grill shutter車速閾値 低速側 (閉→開)/(開→閉) －,A,45559.24233,0,0,EntryCondition,,,,JPN,4WD,,2,,2,SElist_[Kei]_JPN_4WD,,n,,kph,,,PRMV0083568,空力,Grill shutter車速閾値 低速側 (閉→開)/(開→閉),－,C7A0743743214D49AE5FFB6973444FCE,PT構想審査,
1,3759FDC9F8BD4299B6D73C48721AF385,1,0,PRMV0083569 タイヤ FRサイズ －,A,45559.24233,0,0,EntryCondition,,,,JPN,4WD,,2,,2,SElist_[Kei]_JPN_4WD,,n,,－,,,PRMV0083569,タイヤ,FRサイズ,－,C7A0743743214D49AE5FFB6973444FCE,PT構想審査,
1,3E1D3E82A17540A9A7EF0FDED44DD81C,1,0,PRMV0083570 タイヤ FR動半径 －,A,45559.24234,0,0,EntryCondition,,,,JPN,4WD,,2,,2,SElist_[Kei]_JPN_4WD,,0.278,,m,,,PRMV0083570,タイヤ,FR動半径,－,C7A0743743214D49AE5FFB6973444FCE,PT構想審査,
1,30B9ADCF90114BB4AF27071E7AABE1EF,1,0,"PRMV0083571 タイヤ FR RRC (ISO 28560 80kmh,210kPa) －",A,45559.24234,0,0,EntryCondition,,,,JPN,4WD,,2,,2,SElist_[Kei]_JPN_4WD,,7.2,,－,,,PRMV0083571,タイヤ,"FR RRC (ISO 28560 80kmh,210kPa)",－,C7A0743743214D49AE5FFB6973444FCE,PT構想審査,
1,B8C764BB70C64E73921A06CCD4961F2D,1,0,PRMV0083572 タイヤ FR RRC (車両状態) －,A,45559.24235,0,0,EntryCondition,,,,JPN,4WD,,2,,2,SElist_[Kei]_JPN_4WD,,68,,－,,,PRMV0083572,タイヤ,FR RRC (車両状態),－,C7A0743743214D49AE5FFB6973444FCE,PT構想審査,
1,ACFEDAFA30584805AC405FBFB51A17FF,1,0,PRMV0083573 タイヤ FR RRC (車両状態)空気圧 －,A,45559.24235,0,0,EntryCondition,,,,JPN,4WD,,2,,2,SElist_[Kei]_JPN_4WD,,240,,kPa,,,PRMV0083573,タイヤ,FR RRC (車両状態)空気圧,－,C7A0743743214D49AE5FFB6973444FCE,PT構想審査,
1,8C6A618C01D34940A70943EC56E176A3,1,0,PRMV0083574 タイヤ FR イナーシャ(1本)  －,A,45559.24236,0,0,EntryCondition,,,,JPN,4WD,,2,,2,SElist_[Kei]_JPN_4WD,,0.53,,kgm#00B2,,,PRMV0083574,タイヤ,FR イナーシャ(1本) ,－,C7A0743743214D49AE5FFB6973444FCE,PT構想審査,
1,52D0CCE711DA48D983CB51B48B338DFF,1,0,PRMV0083575 タイヤ RRサイズ －,A,45559.24236,0,0,EntryCondition,,,,JPN,4WD,,2,,2,SElist_[Kei]_JPN_4WD,,n,,－,,,PRMV0083575,タイヤ,RRサイズ,－,C7A0743743214D49AE5FFB6973444FCE,PT構想審査,
1,759E6D075F8E4CD0AF28EA514607A7AA,1,0,PRMV0083576 タイヤ RR動半径 －,A,45559.24237,0,0,EntryCondition,,,,JPN,4WD,,2,,2,SElist_[Kei]_JPN_4WD,,0.278,,m,,,PRMV0083576,タイヤ,RR動半径,－,C7A0743743214D49AE5FFB6973444FCE,PT構想審査,
1,194CA6CCDB0B487CA137BC8215E9DE09,1,0,"PRMV0083577 タイヤ RR RRC (ISO 28560 80kmh,210kPa) －",A,45559.24237,0,0,EntryCondition,,,,JPN,4WD,,2,,2,SElist_[Kei]_JPN_4WD,,n,,－,,,PRMV0083577,タイヤ,"RR RRC (ISO 28560 80kmh,210kPa)",－,C7A0743743214D49AE5FFB6973444FCE,PT構想審査,
1,FABA173768744F9CACF748A8B1FCC9FF,1,0,PRMV0083578 タイヤ RR RRC (車両状態) －,A,45559.24238,0,0,EntryCondition,,,,JPN,4WD,,2,,2,SElist_[Kei]_JPN_4WD,,68,,－,,,PRMV0083578,タイヤ,RR RRC (車両状態),－,C7A0743743214D49AE5FFB6973444FCE,PT構想審査,
1,7D1A995A13874FB5A7C810097CFF56CF,1,0,PRMV0083579 タイヤ RR RRC (車両状態)空気圧 －,A,45559.24238,0,0,EntryCondition,,,,JPN,4WD,,2,,2,SElist_[Kei]_JPN_4WD,,240,,kPa,,,PRMV0083579,タイヤ,RR RRC (車両状態)空気圧,－,C7A0743743214D49AE5FFB6973444FCE,PT構想審査,
1,72184E743D814E879D28A0A5B31C2A70,1,0,PRMV0083580 タイヤ RR イナーシャ(1本)  －,A,45559.2424,0,0,EntryCondition,,,,JPN,4WD,,2,,2,SElist_[Kei]_JPN_4WD,,0.53,,kgm#00B2,,,PRMV0083580,タイヤ,RR イナーシャ(1本) ,－,C7A0743743214D49AE5FFB6973444FCE,PT構想審査,
1,9C5CB7A73AC14A97AB4D5F3F1BFFFE26,1,0,PRMV0083581 ホイール 仕様 －,A,45559.2424,0,0,EntryCondition,,,,JPN,4WD,,2,,2,SElist_[Kei]_JPN_4WD,,n,,－,,,PRMV0083581,ホイール,仕様,－,C7A0743743214D49AE5FFB6973444FCE,PT構想審査,
1,990498BE9BC14D7AA88A1031E0399C62,1,0,PRMV0083582 ホイール イナーシャ(1本) －,A,45559.24241,0,0,EntryCondition,,,,JPN,4WD,,2,,2,SElist_[Kei]_JPN_4WD,,no App,,kgm#00B2,,,PRMV0083582,ホイール,イナーシャ(1本),－,C7A0743743214D49AE5FFB6973444FCE,PT構想審査,
1,87A627F357544B87A93A527E507A17D8,1,0,PRMV0083583 HUB Total引き摺りトルク (@80km/h) －,A,45559.24241,0,0,EntryCondition,,,,JPN,4WD,,2,,2,SElist_[Kei]_JPN_4WD,,n,,Nm/veh,,,PRMV0083583,HUB,Total引き摺りトルク (@80km/h),－,C7A0743743214D49AE5FFB6973444FCE,PT構想審査,
1,521A22A3D9E6489C991D1257B4A71334,1,0,PRMV0083584 HUB FR 引き摺りトルク (@80km/h) －,A,45559.24242,0,0,EntryCondition,,,,JPN,4WD,,2,,2,SElist_[Kei]_JPN_4WD,,n,,Nm/veh,,,PRMV0083584,HUB,FR 引き摺りトルク (@80km/h),－,C7A0743743214D49AE5FFB6973444FCE,PT構想審査,
1,A6B74560B94A49E7B182051D7A2F55AE,1,0,PRMV0083585 HUB RR 引き摺りトルク (@80km/h) －,A,45559.24242,0,0,EntryCondition,,,,JPN,4WD,,2,,2,SElist_[Kei]_JPN_4WD,,n,,Nm/veh,,,PRMV0083585,HUB,RR 引き摺りトルク (@80km/h),－,C7A0743743214D49AE5FFB6973444FCE,PT構想審査,
1,DF5FFFB4E10B4FDE89504050291C4179,1,0,PRMV0083586 HUB FR イナーシャ －,A,45559.24243,0,0,EntryCondition,,,,JPN,4WD,,2,,2,SElist_[Kei]_JPN_4WD,,n,,kgm#00B2,,,PRMV0083586,HUB,FR イナーシャ,－,C7A0743743214D49AE5FFB6973444FCE,PT構想審査,
1,5923EEE379CF448084F78D0744B4042B,1,0,PRMV0083587 HUB RR イナーシャ －,A,45559.24243,0,0,EntryCondition,,,,JPN,4WD,,2,,2,SElist_[Kei]_JPN_4WD,,n,,kgm#00B2,,,PRMV0083587,HUB,RR イナーシャ,－,C7A0743743214D49AE5FFB6973444FCE,PT構想審査,
1,495369CBE18D460695664A0EA22D801A,1,0,PRMV0083588 ブレーキ 引き摺りトルク (＠経験圧3Mpa)  －,A,45559.24244,0,0,EntryCondition,,,,JPN,4WD,,2,,2,SElist_[Kei]_JPN_4WD,,n,,Nm/veh,,,PRMV0083588,ブレーキ,引き摺りトルク (＠経験圧3Mpa) ,－,C7A0743743214D49AE5FFB6973444FCE,PT構想審査,
1,CFE96A6DE81C4DACBC4FBDBE0FE086CF,1,0,PRMV0083589 ブレーキ FR引き摺りトルク (経験圧3Mpa＠60kph) －,A,45559.24244,0,0,EntryCondition,,,,JPN,4WD,,2,,2,SElist_[Kei]_JPN_4WD,,n,,Nm/veh,,,PRMV0083589,ブレーキ,FR引き摺りトルク (経験圧3Mpa＠60kph),－,C7A0743743214D49AE5FFB6973444FCE,PT構想審査,
1,BF4FED3D0FF34406B69EE47C2F52AB53,1,0,PRMV0083590 ブレーキ RR引き摺りトルク(経験圧3Mpa＠60kph) －,A,45559.24244,0,0,EntryCondition,,,,JPN,4WD,,2,,2,SElist_[Kei]_JPN_4WD,,n,,Nm/veh,,,PRMV0083590,ブレーキ,RR引き摺りトルク(経験圧3Mpa＠60kph),－,C7A0743743214D49AE5FFB6973444FCE,PT構想審査,
1,5E6BE941936C4534A1ADE55E31F50B96,1,0,PRMV0083591 ブレーキ FRイナーシャ －,A,45559.24245,0,0,EntryCondition,,,,JPN,4WD,,2,,2,SElist_[Kei]_JPN_4WD,,n,,kgm#00B2,,,PRMV0083591,ブレーキ,FRイナーシャ,－,C7A0743743214D49AE5FFB6973444FCE,PT構想審査,
1,46511C624AA14C39B6E1DD06D96AA40A,1,0,PRMV0083592 ブレーキ RRイナーシャ －,A,45559.24245,0,0,EntryCondition,,,,JPN,4WD,,2,,2,SElist_[Kei]_JPN_4WD,,n,,kgm#00B2,,,PRMV0083592,ブレーキ,RRイナーシャ,－,C7A0743743214D49AE5FFB6973444FCE,PT構想審査,
1,9B8B0CCF778F420CBF5CB28496AE4098,1,0,PRMV0083593 車両姿勢 グランドクリアランスMin －,A,45559.24247,0,0,EntryCondition,,,,JPN,4WD,,2,,2,SElist_[Kei]_JPN_4WD,,n,,mm,,,PRMV0083593,車両姿勢,グランドクリアランスMin,－,C7A0743743214D49AE5FFB6973444FCE,PT構想審査,
1,8EFFA1DBDF5249D49859D5852AADE01D,1,0,PRMV0083594 Test Weight 航続距離試験(ETW)Total －,A,45559.24247,0,0,EntryCondition,,,,JPN,4WD,,2,,2,SElist_[Kei]_JPN_4WD,,n,,kg,,,PRMV0083594,Test Weight,航続距離試験(ETW)Total,－,C7A0743743214D49AE5FFB6973444FCE,PT構想審査,
1,A6CA16E8F51C4678966BC78AEEE94D37,1,0,PRMV0083595 Test Weight 航続距離試験(ETW)FR －,A,45559.24248,0,0,EntryCondition,,,,JPN,4WD,,2,,2,SElist_[Kei]_JPN_4WD,,n,,kg,,,PRMV0083595,Test Weight,航続距離試験(ETW)FR,－,C7A0743743214D49AE5FFB6973444FCE,PT構想審査,
1,C756D8C21F6E440F8EFAE33191DD3F46,1,0,PRMV0083596 Test Weight 航続距離試験(ETW)RR －,A,45559.24248,0,0,EntryCondition,,,,JPN,4WD,,2,,2,SElist_[Kei]_JPN_4WD,,n,,kg,,,PRMV0083596,Test Weight,航続距離試験(ETW)RR,－,C7A0743743214D49AE5FFB6973444FCE,PT構想審査,
1,7EF5339FC79C4784A23A0655CE40A6F0,1,0,PRMV0083597 Test Weight 動力当り前性能  －,A,45559.24249,0,0,EntryCondition,,,,JPN,4WD,,2,,2,SElist_[Kei]_JPN_4WD,,n,,kg,,,PRMV0083597,Test Weight,動力当り前性能 ,－,C7A0743743214D49AE5FFB6973444FCE,PT構想審査,
1,C437F3D47C7547FD8495C86AB0622F40,1,0,PRMV0083598 Test Weight 動力Accerelation －,A,45559.24249,0,0,EntryCondition,,,,JPN,4WD,,2,,2,SElist_[Kei]_JPN_4WD,,n,,kg,,,PRMV0083598,Test Weight,動力Accerelation,－,C7A0743743214D49AE5FFB6973444FCE,PT構想審査,
1,CE87AA47A79949D48201C50FA70F220D,1,0,PRMV0083599 Test Weight 動力Vmax －,A,45559.24249,0,0,EntryCondition,,,,JPN,4WD,,2,,2,SElist_[Kei]_JPN_4WD,,n,,kg,,,PRMV0083599,Test Weight,動力Vmax,－,C7A0743743214D49AE5FFB6973444FCE,PT構想審査,
1,77A0A73DED1947E3BBCF4E60DB23F917,1,0,PRMV0083600 Test Weight 熱NEMシビアシーン －,A,45559.2425,0,0,EntryCondition,,,,JPN,4WD,,2,,2,SElist_[Kei]_JPN_4WD,,n,,kg,,,PRMV0083600,Test Weight,熱NEMシビアシーン,－,C7A0743743214D49AE5FFB6973444FCE,PT構想審査,
1,F5CE71DD549E464EA9B3CBE2AE9C3D91,1,0,PRMV0083601 Test Weight 熱加減速繰り返し走行 －,A,45559.2425,0,0,EntryCondition,,,,JPN,4WD,,2,,2,SElist_[Kei]_JPN_4WD,,n,,kg,,,PRMV0083601,Test Weight,熱加減速繰り返し走行,－,C7A0743743214D49AE5FFB6973444FCE,PT構想審査,
1,674E120CFA9041868F40EB72B387E92C,1,0,PRMV0083602 Test Weight 熱Towing －,A,45559.24251,0,0,EntryCondition,,,,JPN,4WD,,2,,2,SElist_[Kei]_JPN_4WD,,n,,kg,,,PRMV0083602,Test Weight,熱Towing,－,C7A0743743214D49AE5FFB6973444FCE,PT構想審査,
1,52EF74F1D9064935BA1729BEC32F9BA7,1,0,PRMV0083603 Test Weight 熱低温性能 －,A,45559.24251,0,0,EntryCondition,,,,JPN,4WD,,2,,2,SElist_[Kei]_JPN_4WD,,n,,kg,,,PRMV0083603,Test Weight,熱低温性能,－,C7A0743743214D49AE5FFB6973444FCE,PT構想審査,
1,3AE59B52B1174ADB9E71251514CDC8A7,1,0,PRMV0083604 走行抵抗 届出(Target Lset式) A0 －,A,45559.24252,0,0,EntryCondition,,,,JPN,4WD,,2,,2,SElist_[Kei]_JPN_4WD,,n,,N,,,PRMV0083604,走行抵抗,届出(Target Lset式) A0,－,C7A0743743214D49AE5FFB6973444FCE,PT構想審査,
1,C0E32EAF38404EF1AC070A6E9E1C25BF,1,0,PRMV0083605 走行抵抗 届出(Target Lset式) A1 －,A,45559.24252,0,0,EntryCondition,,,,JPN,4WD,,2,,2,SElist_[Kei]_JPN_4WD,,n,,N/kph,,,PRMV0083605,走行抵抗,届出(Target Lset式) A1,－,C7A0743743214D49AE5FFB6973444FCE,PT構想審査,
1,E5A6CB42F4E948D58395C321C90403A7,1,0,PRMV0083606 走行抵抗 届出(Target Lset式) A2 －,A,45559.24253,0,0,EntryCondition,,,,JPN,4WD,,2,,2,SElist_[Kei]_JPN_4WD,,n,,N/kph#00B2,,,PRMV0083606,走行抵抗,届出(Target Lset式) A2,－,C7A0743743214D49AE5FFB6973444FCE,PT構想審査,
1,7E57F96E014F4B7585589C9CB4CE5374,1,0,PRMV0083607 走行抵抗 届出(Target Lset式) IP －,A,45559.24253,0,0,EntryCondition,,,,JPN,4WD,,2,,2,SElist_[Kei]_JPN_4WD,,n,,lbs,,,PRMV0083607,走行抵抗,届出(Target Lset式) IP,－,C7A0743743214D49AE5FFB6973444FCE,PT構想審査,
1,3B28126C153F42F6A82F65B6FBB8C536,1,0,PRMV0083608 性能検討用走行抵抗式(ePT連れ回り排除) 航続距離(C/D車載状態)A0 －,A,45559.24253,0,0,EntryCondition,,,,JPN,4WD,,2,,2,SElist_[Kei]_JPN_4WD,,n,,N,,,PRMV0083608,性能検討用走行抵抗式(ePT連れ回り排除),航続距離(C/D車載状態)A0,－,C7A0743743214D49AE5FFB6973444FCE,PT構想審査,
1,E2309D08A2D14AF6836754EF7E394291,1,0,PRMV0083609 性能検討用走行抵抗式(ePT連れ回り排除) 航続距離(C/D車載状態)A1 －,A,45559.24255,0,0,EntryCondition,,,,JPN,4WD,,2,,2,SElist_[Kei]_JPN_4WD,,n,,N/kph,,,PRMV0083609,性能検討用走行抵抗式(ePT連れ回り排除),航続距離(C/D車載状態)A1,－,C7A0743743214D49AE5FFB6973444FCE,PT構想審査,
1,781DAA813D3E4AC6879B5964C11DC6A0,1,0,PRMV0083610 性能検討用走行抵抗式(ePT連れ回り排除) 航続距離(C/D車載状態)A2 －,A,45559.24255,0,0,EntryCondition,,,,JPN,4WD,,2,,2,SElist_[Kei]_JPN_4WD,,n,,N/kph#00B2,,,PRMV0083610,性能検討用走行抵抗式(ePT連れ回り排除),航続距離(C/D車載状態)A2,－,C7A0743743214D49AE5FFB6973444FCE,PT構想審査,
1,B2A4D3F0AFDF46E284FABC763F82254B,1,0,PRMV0083611 性能検討用走行抵抗式(ePT連れ回り排除) 航続距離(C/D車載状態)IP －,A,45559.24256,0,0,EntryCondition,,,,JPN,4WD,,2,,2,SElist_[Kei]_JPN_4WD,,n,,lbs,,,PRMV0083611,性能検討用走行抵抗式(ePT連れ回り排除),航続距離(C/D車載状態)IP,－,C7A0743743214D49AE5FFB6973444FCE,PT構想審査,
1,6C0F6ED66BD442FDA02A281FEDE0B4E0,1,0,PRMV0083612 性能検討用走行抵抗式(ePT連れ回り排除) 動力当り前性能A0 －,A,45559.24256,0,0,EntryCondition,,,,JPN,4WD,,2,,2,SElist_[Kei]_JPN_4WD,,n,,N,,,PRMV0083612,性能検討用走行抵抗式(ePT連れ回り排除),動力当り前性能A0,－,C7A0743743214D49AE5FFB6973444FCE,PT構想審査,
1,7FEDD193D6CE4D84BD498C0CC08791A2,1,0,PRMV0083613 性能検討用走行抵抗式(ePT連れ回り排除) 動力当り前性能A1 －,A,45559.24257,0,0,EntryCondition,,,,JPN,4WD,,2,,2,SElist_[Kei]_JPN_4WD,,n,,N/kph,,,PRMV0083613,性能検討用走行抵抗式(ePT連れ回り排除),動力当り前性能A1,－,C7A0743743214D49AE5FFB6973444FCE,PT構想審査,
1,C96D141546004BABBCD5ED53B57470F8,1,0,PRMV0083614 性能検討用走行抵抗式(ePT連れ回り排除) 動力当り前性能A2 －,A,45559.24257,0,0,EntryCondition,,,,JPN,4WD,,2,,2,SElist_[Kei]_JPN_4WD,,n,,N/kph#00B2,,,PRMV0083614,性能検討用走行抵抗式(ePT連れ回り排除),動力当り前性能A2,－,C7A0743743214D49AE5FFB6973444FCE,PT構想審査,
1,4477834C948A4A37BCB22D10131F99F2,1,0,PRMV0083615 性能検討用走行抵抗式(ePT連れ回り排除) 動力当り前性能IP －,A,45559.24257,0,0,EntryCondition,,,,JPN,4WD,,2,,2,SElist_[Kei]_JPN_4WD,,n,,kg,,,PRMV0083615,性能検討用走行抵抗式(ePT連れ回り排除),動力当り前性能IP,－,C7A0743743214D49AE5FFB6973444FCE,PT構想審査,
1,CEDBDFA6B9014375AF128C6604FC1152,1,0,PRMV0083616 性能検討用走行抵抗式(ePT連れ回り排除) 動力AccerelationA0 －,A,45559.24258,0,0,EntryCondition,,,,JPN,4WD,,2,,2,SElist_[Kei]_JPN_4WD,,n,,N,,,PRMV0083616,性能検討用走行抵抗式(ePT連れ回り排除),動力AccerelationA0,－,C7A0743743214D49AE5FFB6973444FCE,PT構想審査,
1,F655EA1667E0400AB2C93BBCA5B7C9EB,1,0,PRMV0083617 性能検討用走行抵抗式(ePT連れ回り排除) 動力AccerelationA1 －,A,45559.24258,0,0,EntryCondition,,,,JPN,4WD,,2,,2,SElist_[Kei]_JPN_4WD,,n,,N/kph,,,PRMV0083617,性能検討用走行抵抗式(ePT連れ回り排除),動力AccerelationA1,－,C7A0743743214D49AE5FFB6973444FCE,PT構想審査,
1,EBE9CAC75FEC4C5B98D7BF7B3EA31F98,1,0,PRMV0083618 性能検討用走行抵抗式(ePT連れ回り排除) 動力AccerelationA2 －,A,45559.24259,0,0,EntryCondition,,,,JPN,4WD,,2,,2,SElist_[Kei]_JPN_4WD,,n,,N/kph#00B2,,,PRMV0083618,性能検討用走行抵抗式(ePT連れ回り排除),動力AccerelationA2,－,C7A0743743214D49AE5FFB6973444FCE,PT構想審査,
1,F066C616F4CF4D20B9E3D5245C0D295A,1,0,PRMV0083619 性能検討用走行抵抗式(ePT連れ回り排除) 動力AccerelationIP －,A,45559.24259,0,0,EntryCondition,,,,JPN,4WD,,2,,2,SElist_[Kei]_JPN_4WD,,n,,kg,,,PRMV0083619,性能検討用走行抵抗式(ePT連れ回り排除),動力AccerelationIP,－,C7A0743743214D49AE5FFB6973444FCE,PT構想審査,
1,7EFDB0337EA74B7B8F118ED8C23B48F6,1,0,PRMV0083620 性能検討用走行抵抗式(ePT連れ回り排除) 動力VmaxA0 －,A,45559.2426,0,0,EntryCondition,,,,JPN,4WD,,2,,2,SElist_[Kei]_JPN_4WD,,n,,N,,,PRMV0083620,性能検討用走行抵抗式(ePT連れ回り排除),動力VmaxA0,－,C7A0743743214D49AE5FFB6973444FCE,PT構想審査,
1,A8799B3F891642228B7DAEA5B8E71351,1,0,PRMV0083621 性能検討用走行抵抗式(ePT連れ回り排除) 動力VmaxA1 －,A,45559.2426,0,0,EntryCondition,,,,JPN,4WD,,2,,2,SElist_[Kei]_JPN_4WD,,n,,N/kph,,,PRMV0083621,性能検討用走行抵抗式(ePT連れ回り排除),動力VmaxA1,－,C7A0743743214D49AE5FFB6973444FCE,PT構想審査,
1,998F9BC3F4AB4C7D838C2AAB89D36C37,1,0,PRMV0083622 性能検討用走行抵抗式(ePT連れ回り排除) 動力VmaxA2 －,A,45559.2426,0,0,EntryCondition,,,,JPN,4WD,,2,,2,SElist_[Kei]_JPN_4WD,,n,,N/kph#00B2,,,PRMV0083622,性能検討用走行抵抗式(ePT連れ回り排除),動力VmaxA2,－,C7A0743743214D49AE5FFB6973444FCE,PT構想審査,
1,06024675E95E418CACAC0F7EA91E08A2,1,0,PRMV0083623 性能検討用走行抵抗式(ePT連れ回り排除) 動力VmaxIP －,A,45559.24262,0,0,EntryCondition,,,,JPN,4WD,,2,,2,SElist_[Kei]_JPN_4WD,,n,,kg,,,PRMV0083623,性能検討用走行抵抗式(ePT連れ回り排除),動力VmaxIP,－,C7A0743743214D49AE5FFB6973444FCE,PT構想審査,
1,E959AF695C31465D85F5E5BBCC48D14D,1,0,PRMV0083624 性能検討用走行抵抗式(ePT連れ回り排除) 熱NEMシビアシーンA0 －,A,45559.24262,0,0,EntryCondition,,,,JPN,4WD,,2,,2,SElist_[Kei]_JPN_4WD,,n,,別紙,,,PRMV0083624,性能検討用走行抵抗式(ePT連れ回り排除),熱NEMシビアシーンA0,－,C7A0743743214D49AE5FFB6973444FCE,PT構想審査,
1,D1B6928C7AA74AD0A3C2E4A2415DA9F7,1,0,PRMV0083625 性能検討用走行抵抗式(ePT連れ回り排除) 熱加減速繰り返し走行A0 －,A,45559.24263,0,0,EntryCondition,,,,JPN,4WD,,2,,2,SElist_[Kei]_JPN_4WD,,n,,N,,,PRMV0083625,性能検討用走行抵抗式(ePT連れ回り排除),熱加減速繰り返し走行A0,－,C7A0743743214D49AE5FFB6973444FCE,PT構想審査,
1,292C248169EE41898E8D23F7172235B3,1,0,PRMV0083626 性能検討用走行抵抗式(ePT連れ回り排除) 熱加減速繰り返し走行A1 －,A,45559.24263,0,0,EntryCondition,,,,JPN,4WD,,2,,2,SElist_[Kei]_JPN_4WD,,n,,N/kph,,,PRMV0083626,性能検討用走行抵抗式(ePT連れ回り排除),熱加減速繰り返し走行A1,－,C7A0743743214D49AE5FFB6973444FCE,PT構想審査,
1,C7B9899E759241FB907C155BA597251E,1,0,PRMV0083627 性能検討用走行抵抗式(ePT連れ回り排除) 熱加減速繰り返し走行A2 －,A,45559.24264,0,0,EntryCondition,,,,JPN,4WD,,2,,2,SElist_[Kei]_JPN_4WD,,n,,N/kph#00B2,,,PRMV0083627,性能検討用走行抵抗式(ePT連れ回り排除),熱加減速繰り返し走行A2,－,C7A0743743214D49AE5FFB6973444FCE,PT構想審査,
1,A00479CBC30F4F00B9D8505E19B78901,1,0,PRMV0083628 性能検討用走行抵抗式(ePT連れ回り排除) 熱加減速繰り返し走行IP －,A,45559.24264,0,0,EntryCondition,,,,JPN,4WD,,2,,2,SElist_[Kei]_JPN_4WD,,n,,kg,,,PRMV0083628,性能検討用走行抵抗式(ePT連れ回り排除),熱加減速繰り返し走行IP,－,C7A0743743214D49AE5FFB6973444FCE,PT構想審査,
1,C33147AA3B814F169E27D98E83E2905C,1,0,PRMV0083629 性能検討用走行抵抗式(ePT連れ回り排除) 熱TowingA0 －,A,45559.24264,0,0,EntryCondition,,,,JPN,4WD,,2,,2,SElist_[Kei]_JPN_4WD,,n,,N,,,PRMV0083629,性能検討用走行抵抗式(ePT連れ回り排除),熱TowingA0,－,C7A0743743214D49AE5FFB6973444FCE,PT構想審査,
1,2DA98A38EA2641299375F73D15225EEB,1,0,PRMV0083630 性能検討用走行抵抗式(ePT連れ回り排除) 熱TowingA1 －,A,45559.24265,0,0,EntryCondition,,,,JPN,4WD,,2,,2,SElist_[Kei]_JPN_4WD,,n,,N/kph,,,PRMV0083630,性能検討用走行抵抗式(ePT連れ回り排除),熱TowingA1,－,C7A0743743214D49AE5FFB6973444FCE,PT構想審査,
1,3AB842227D694B7DABD4E8EAA13FCB8F,1,0,PRMV0083631 性能検討用走行抵抗式(ePT連れ回り排除) 熱TowingA2 －,A,45559.24265,0,0,EntryCondition,,,,JPN,4WD,,2,,2,SElist_[Kei]_JPN_4WD,,n,,N/kph#00B2,,,PRMV0083631,性能検討用走行抵抗式(ePT連れ回り排除),熱TowingA2,－,C7A0743743214D49AE5FFB6973444FCE,PT構想審査,
1,B8E1A14BA98A472BA1A742F3D174FA22,1,0,PRMV0083632 性能検討用走行抵抗式(ePT連れ回り排除) 熱TowingIP －,A,45559.24266,0,0,EntryCondition,,,,JPN,4WD,,2,,2,SElist_[Kei]_JPN_4WD,,n,,kg,,,PRMV0083632,性能検討用走行抵抗式(ePT連れ回り排除),熱TowingIP,－,C7A0743743214D49AE5FFB6973444FCE,PT構想審査,
1,E0AD83EB9C59408881DA1B03A374B2E1,1,0,PRMV0083633 性能検討用走行抵抗式(ePT連れ回り排除) 熱低温性能A0 －,A,45559.24266,0,0,EntryCondition,,,,JPN,4WD,,2,,2,SElist_[Kei]_JPN_4WD,,n,,N,,,PRMV0083633,性能検討用走行抵抗式(ePT連れ回り排除),熱低温性能A0,－,C7A0743743214D49AE5FFB6973444FCE,PT構想審査,
1,9F191B564E2A41EF9C627BFB00567173,1,0,PRMV0083634 性能検討用走行抵抗式(ePT連れ回り排除) 熱低温性能A1 －,A,45559.24266,0,0,EntryCondition,,,,JPN,4WD,,2,,2,SElist_[Kei]_JPN_4WD,,n,,N/kph,,,PRMV0083634,性能検討用走行抵抗式(ePT連れ回り排除),熱低温性能A1,－,C7A0743743214D49AE5FFB6973444FCE,PT構想審査,
1,324E1D91A4B6441DBB2688685F99D84E,1,0,PRMV0083635 性能検討用走行抵抗式(ePT連れ回り排除) 熱低温性能A2 －,A,45559.24267,0,0,EntryCondition,,,,JPN,4WD,,2,,2,SElist_[Kei]_JPN_4WD,,n,,N/kph#00B2,,,PRMV0083635,性能検討用走行抵抗式(ePT連れ回り排除),熱低温性能A2,－,C7A0743743214D49AE5FFB6973444FCE,PT構想審査,
1,62540ACE7C8A491DBA2D56747328AEC3,1,0,PRMV0083636 性能検討用走行抵抗式(ePT連れ回り排除) 熱低温性能IP －,A,45559.24267,0,0,EntryCondition,,,,JPN,4WD,,2,,2,SElist_[Kei]_JPN_4WD,,n,,kg,,,PRMV0083636,性能検討用走行抵抗式(ePT連れ回り排除),熱低温性能IP,－,C7A0743743214D49AE5FFB6973444FCE,PT構想審査,
1,AD2BE030235D47B4947F4D4797B4D84E,1,0,PRMV0083637 ePT 最高システム総合出力(公称） －,A,45559.24269,0,0,EntryCondition,,,,JPN,4WD,,2,,2,SElist_[Kei]_JPN_4WD,,n,,kW,,,PRMV0083637,ePT,最高システム総合出力(公称）,－,C7A0743743214D49AE5FFB6973444FCE,PT構想審査,
1,98EE181505A649BCA4AD7BACFB1E5B47,1,0,PRMV0083638 ePT FR MOTイナーシャ －,A,45559.24269,0,0,EntryCondition,,,,JPN,4WD,,2,,2,SElist_[Kei]_JPN_4WD,,0.011045,,kgm#00B2,,,PRMV0083638,ePT,FR MOTイナーシャ,－,C7A0743743214D49AE5FFB6973444FCE,PT構想審査,
1,98D001F48DEA4D658C57B1C0263791CB,1,0,PRMV0083639 ePT FR GBイナーシャ #21,A,45559.2427,0,0,EntryCondition,,,,JPN,4WD,,2,,2,SElist_[Kei]_JPN_4WD,,0.134(DIFF軸上),,kgm#00B2,,,PRMV0083639,ePT,FR GBイナーシャ,#21,C7A0743743214D49AE5FFB6973444FCE,PT構想審査,
1,2E668AA51A0C4C8DAC0801C6CE6AFCBA,1,0,PRMV0083640 ePT RR MOTイナーシャ －,A,45559.2427,0,0,EntryCondition,,,,JPN,4WD,,2,,2,SElist_[Kei]_JPN_4WD,,n,,kgm#00B2,,,PRMV0083640,ePT,RR MOTイナーシャ,－,C7A0743743214D49AE5FFB6973444FCE,PT構想審査,
1,8ED9F7F2CBC14FAC9B95ABFCA993D7FB,1,0,PRMV0083641 ePT RR GBイナーシャ #21,A,45559.2427,0,0,EntryCondition,,,,JPN,4WD,,2,,2,SElist_[Kei]_JPN_4WD,,0.069(DIFF軸上),,kgm#00B2,,,PRMV0083641,ePT,RR GBイナーシャ,#21,C7A0743743214D49AE5FFB6973444FCE,PT構想審査,
1,AC3286C23B4D4BE395321A7CA960086C,1,0,PRMV0083642 ePT FR MOT制限設定トルク上限(第一象限) #21,A,45559.24271,0,0,EntryCondition,,,,JPN,4WD,,2,,2,SElist_[Kei]_JPN_4WD,,75,,Nm,,,PRMV0083642,ePT,FR MOT制限設定トルク上限(第一象限),#21,C7A0743743214D49AE5FFB6973444FCE,PT構想審査,
1,689CD191DA8C430693E18C4F2C205B52,1,0,PRMV0083643 ePT FR MOT制限設定トルク下限(第四象限) #21,A,45559.24271,0,0,EntryCondition,,,,JPN,4WD,,2,,2,SElist_[Kei]_JPN_4WD,,-75,,Nm,,,PRMV0083643,ePT,FR MOT制限設定トルク下限(第四象限),#21,C7A0743743214D49AE5FFB6973444FCE,PT構想審査,
1,570BD0DFB7F44BCC9650BEE70338E9E2,1,0,PRMV0083644 ePT FR GB減速比 #21,A,45559.24272,0,0,EntryCondition,,,,JPN,4WD,,2,,2,SElist_[Kei]_JPN_4WD,,12.728,,－,,,PRMV0083644,ePT,FR GB減速比,#21,C7A0743743214D49AE5FFB6973444FCE,PT構想審査,
1,BA4C82104E8D4E7A9F4E32D4AE745A82,1,0,PRMV0083645 ePT RR MOT制限設定トルク上限(第一象限) #21,A,45559.24272,0,0,EntryCondition,,,,JPN,4WD,,2,,2,SElist_[Kei]_JPN_4WD,,75,,Nm,,,PRMV0083645,ePT,RR MOT制限設定トルク上限(第一象限),#21,C7A0743743214D49AE5FFB6973444FCE,PT構想審査,
1,880324F79D674527B5BE38C38993E68A,1,0,PRMV0083646 ePT RR MOT制限設定トルク下限(第四象限) #21,A,45559.24273,0,0,EntryCondition,,,,JPN,4WD,,2,,2,SElist_[Kei]_JPN_4WD,,-75,,Nm,,,PRMV0083646,ePT,RR MOT制限設定トルク下限(第四象限),#21,C7A0743743214D49AE5FFB6973444FCE,PT構想審査,
1,08138CE67AD54167A85D39DB8941BB76,1,0,PRMV0083647 ePT RR GB減速比 #21,A,45559.24273,0,0,EntryCondition,,,,JPN,4WD,,2,,2,SElist_[Kei]_JPN_4WD,,11.136,,－,,,PRMV0083647,ePT,RR GB減速比,#21,C7A0743743214D49AE5FFB6973444FCE,PT構想審査,
1,374FA8FAE563412CA7DBCFDA26ECDDA5,1,0,PRMV0083648 ドライブシャフト FR右ドライブシャフトイナーシャ －,A,45559.24273,0,0,EntryCondition,,,,JPN,4WD,,2,,2,SElist_[Kei]_JPN_4WD,,2.006×10^-3,,kgm#00B2,,,PRMV0083648,ドライブシャフト,FR右ドライブシャフトイナーシャ,－,C7A0743743214D49AE5FFB6973444FCE,PT構想審査,
1,1C65248F7FC04F6E983CA851A110A934,1,0,PRMV0083649 ドライブシャフト FR左ドライブシャフトイナーシャ －,A,45559.24274,0,0,EntryCondition,,,,JPN,4WD,,2,,2,SElist_[Kei]_JPN_4WD,,1.950×10^-3,,kgm#00B2,,,PRMV0083649,ドライブシャフト,FR左ドライブシャフトイナーシャ,－,C7A0743743214D49AE5FFB6973444FCE,PT構想審査,
1,4218BBDF5C2B42D7AE7293E374D33B03,1,0,PRMV0083650 ドライブシャフト RR右ドライブシャフトイナーシャ －,A,45559.24274,0,0,EntryCondition,,,,JPN,4WD,,2,,2,SElist_[Kei]_JPN_4WD,,1.863×10^-3,,kgm#00B2,,,PRMV0083650,ドライブシャフト,RR右ドライブシャフトイナーシャ,－,C7A0743743214D49AE5FFB6973444FCE,PT構想審査,
1,174367A32D3C43DFA41F1055F14B6FAD,1,0,PRMV0083651 ドライブシャフト RR左ドライブシャフトイナーシャ －,A,45559.24275,0,0,EntryCondition,,,,JPN,4WD,,2,,2,SElist_[Kei]_JPN_4WD,,1.838×10^-3,,kgm#00B2,,,PRMV0083651,ドライブシャフト,RR左ドライブシャフトイナーシャ,－,C7A0743743214D49AE5FFB6973444FCE,PT構想審査,
1,6C0D9F5E1DD84898B1323B660C2A1DE9,1,0,"PRMV0083652 DCDC DCDC効率(走行時弱電220W,355V入力(SOC20%),13V出力) －",A,45559.24275,0,0,EntryCondition,,,,JPN,4WD,,2,,2,SElist_[Kei]_JPN_4WD,,TBD,,%,,,PRMV0083652,DCDC,"DCDC効率(走行時弱電220W,355V入力(SOC20%),13V出力)",－,C7A0743743214D49AE5FFB6973444FCE,PT構想審査,
1,360A327007AA4CEBBDA67581CE914FDC,1,0,PRMV0083653 LV BATT 消費電力(電費試験時WLTCモード) －,A,45559.24277,0,0,EntryCondition,,,,JPN,4WD,,2,,2,SElist_[Kei]_JPN_4WD,,n,,kW,,,PRMV0083653,LV BATT,消費電力(電費試験時WLTCモード),－,C7A0743743214D49AE5FFB6973444FCE,PT構想審査,
1,0C0ECEFC92B842BA85210C66EF6746AE,1,0,PRMV0083654 HV BATT 直列セル数 －,A,45559.24277,0,0,EntryCondition,,,,JPN,4WD,,2,,2,SElist_[Kei]_JPN_4WD,,100,,cell,,,PRMV0083654,HV BATT,直列セル数,－,C7A0743743214D49AE5FFB6973444FCE,PT構想審査,
1,1F9463679FD84361A42BC12EECBA69C9,1,0,PRMV0083655 HV BATT 並列セル数 －,A,45559.24277,0,0,EntryCondition,,,,JPN,4WD,,2,,2,SElist_[Kei]_JPN_4WD,,1,,para,,,PRMV0083655,HV BATT,並列セル数,－,C7A0743743214D49AE5FFB6973444FCE,PT構想審査,
1,3EB7B8359840434EBFFA12CE3651DD20,1,0,PRMV0083656 HV BATT セル容量 －,A,45559.24278,0,0,EntryCondition,,,,JPN,4WD,,2,,2,SElist_[Kei]_JPN_4WD,,72,,Ah,,,PRMV0083656,HV BATT,セル容量,－,C7A0743743214D49AE5FFB6973444FCE,PT構想審査,
1,377E22ED6A71466AB4A87E16E08D7830,1,0,PRMV0083657 HV BATT パック繋ぎ抵抗 －,A,45559.24278,0,0,EntryCondition,,,,JPN,4WD,,2,,2,SElist_[Kei]_JPN_4WD,,0.01(TBD),,Ω,,,PRMV0083657,HV BATT,パック繋ぎ抵抗,－,C7A0743743214D49AE5FFB6973444FCE,PT構想審査,
1,E7F72A5D55DF47779962FC52DB6C48C1,1,0,PRMV0083658 HV BATT DCハーネスの抵抗 －,A,45559.24279,0,0,EntryCondition,,,,JPN,4WD,,2,,2,SElist_[Kei]_JPN_4WD,,TBD,,Ω,,,PRMV0083658,HV BATT,DCハーネスの抵抗,－,C7A0743743214D49AE5FFB6973444FCE,PT構想審査,
1,143F59F928C843F0914D939C7E1F794D,1,0,PRMV0083762 Vehicle Weight Min.C.W. －,A,45559.24725,0,0,EntryCondition,MBSE検討2回目,MBSE検討2回目,,JPN,4WD,,2,,2,SElist_[Kei]_JPN_4WD,,1198,,kg,Variation#2-4,Variation#2-4,PRMV0083762,Vehicle Weight,Min.C.W.,－,C7A0743743214D49AE5FFB6973444FCE,PT構想審査,
1,1959D3101F9E4EEE89AFB98626916848,1,0,PRMV0083763 Vehicle Weight Max.C.W. －,A,45559.24726,0,0,EntryCondition,MBSE検討2回目,MBSE検討2回目,,JPN,4WD,,2,,2,SElist_[Kei]_JPN_4WD,,1205,,kg,Variation#2-4,Variation#2-4,PRMV0083763,Vehicle Weight,Max.C.W.,－,C7A0743743214D49AE5FFB6973444FCE,PT構想審査,
1,570C92457CDE4B00AA995D81C73BF51D,1,0,PRMV0083764 Vehicle Weight スペアタイヤ&工具  －,A,45559.24726,0,0,EntryCondition,MBSE検討2回目,MBSE検討2回目,,JPN,4WD,,2,,2,SElist_[Kei]_JPN_4WD,,1.6,,kg,Variation#2-4,Variation#2-4,PRMV0083764,Vehicle Weight,スペアタイヤ&工具 ,－,C7A0743743214D49AE5FFB6973444FCE,PT構想審査,
1,A524578525E54E83B401EFE52599B3AE,1,0,PRMV0083765 Vehicle Weight EPA届出重量 －,A,45559.24727,0,0,EntryCondition,MBSE検討2回目,MBSE検討2回目,,JPN,4WD,,2,,2,SElist_[Kei]_JPN_4WD,,noApp,,kg,Variation#2-4,Variation#2-4,PRMV0083765,Vehicle Weight,EPA届出重量,－,C7A0743743214D49AE5FFB6973444FCE,PT構想審査,
1,B5E8DE035B99430E84884322BFCA45F4,1,0,PRMV0083766 Vehicle Severe Weight PTW or GVWR －,A,45559.24728,0,0,EntryCondition,MBSE検討2回目,MBSE検討2回目,,JPN,4WD,,2,,2,SElist_[Kei]_JPN_4WD,,1448,,kg,Variation#2-4,Variation#2-4,PRMV0083766,Vehicle Severe Weight,PTW or GVWR,－,C7A0743743214D49AE5FFB6973444FCE,PT構想審査,
1,0697A973AB5346E79987205F92309DE2,1,0,PRMV0083767 Vehicle Severe Weight GAWR FR －,A,45559.24728,0,0,EntryCondition,MBSE検討2回目,MBSE検討2回目,,JPN,4WD,,2,,2,SElist_[Kei]_JPN_4WD,,n,,kg,Variation#2-4,Variation#2-4,PRMV0083767,Vehicle Severe Weight,GAWR FR,－,C7A0743743214D49AE5FFB6973444FCE,PT構想審査,
1,170CC6CDDF9F4CB09CECE1338790E9AF,1,0,PRMV0083768 Vehicle Severe Weight GAWR RR －,A,45559.24728,0,0,EntryCondition,MBSE検討2回目,MBSE検討2回目,,JPN,4WD,,2,,2,SElist_[Kei]_JPN_4WD,,n,,kg,Variation#2-4,Variation#2-4,PRMV0083768,Vehicle Severe Weight,GAWR RR,－,C7A0743743214D49AE5FFB6973444FCE,PT構想審査,
1,99FE02AD9E3E40F7962204D08BC2AB83,1,0,PRMV0083769 Vehicle Severe Weight Towing －,A,45559.24729,0,0,EntryCondition,MBSE検討2回目,MBSE検討2回目,,JPN,4WD,,2,,2,SElist_[Kei]_JPN_4WD,,no App,,kg,Variation#2-4,Variation#2-4,PRMV0083769,Vehicle Severe Weight,Towing,－,C7A0743743214D49AE5FFB6973444FCE,PT構想審査,
1,17F1220596634B01B77886EEA24B327F,1,0,PRMV0083770 空力 Cd  －,A,45559.2473,0,0,EntryCondition,MBSE検討2回目,MBSE検討2回目,,JPN,4WD,,2,,2,SElist_[Kei]_JPN_4WD,,"0.406(NML)
0.409(MMC)",,－,Variation#2-4,Variation#2-4,PRMV0083770,空力,Cd ,－,C7A0743743214D49AE5FFB6973444FCE,PT構想審査,
1,0C1A0A530D8447C1AF3976563044977B,1,0,PRMV0083771 空力 A －,A,45559.2473,0,0,EntryCondition,MBSE検討2回目,MBSE検討2回目,,JPN,4WD,,2,,2,SElist_[Kei]_JPN_4WD,,2.21,,m#00B2,Variation#2-4,Variation#2-4,PRMV0083771,空力,A,－,C7A0743743214D49AE5FFB6973444FCE,PT構想審査,
1,6D810EDC21D7451EA2914414DA8119B4,1,0,PRMV0083772 空力 ΔCd (AGS閉→全開) －,A,45559.24731,0,0,EntryCondition,MBSE検討2回目,MBSE検討2回目,,JPN,4WD,,2,,2,SElist_[Kei]_JPN_4WD,,n,,－,Variation#2-4,Variation#2-4,PRMV0083772,空力,ΔCd (AGS閉→全開),－,C7A0743743214D49AE5FFB6973444FCE,PT構想審査,
1,5BFD5EA8935349638A213130C5CDCAC4,1,0,PRMV0083773 空力 Grill shutter車速閾値 高速側 (閉→開)/(開→閉) －,A,45559.24733,0,0,EntryCondition,MBSE検討2回目,MBSE検討2回目,,JPN,4WD,,2,,2,SElist_[Kei]_JPN_4WD,,n,,kph,Variation#2-4,Variation#2-4,PRMV0083773,空力,Grill shutter車速閾値 高速側 (閉→開)/(開→閉),－,C7A0743743214D49AE5FFB6973444FCE,PT構想審査,
1,C9468B3E7C604C0DA218D02F5351CD40,1,0,PRMV0083774 空力 Grill shutter車速閾値 低速側 (閉→開)/(開→閉) －,A,45559.24733,0,0,EntryCondition,MBSE検討2回目,MBSE検討2回目,,JPN,4WD,,2,,2,SElist_[Kei]_JPN_4WD,,n,,kph,Variation#2-4,Variation#2-4,PRMV0083774,空力,Grill shutter車速閾値 低速側 (閉→開)/(開→閉),－,C7A0743743214D49AE5FFB6973444FCE,PT構想審査,
1,3FDB6D1B5A4F4E49B8A72F9E69701D30,1,0,PRMV0083775 タイヤ FRサイズ －,A,45559.24734,0,0,EntryCondition,MBSE検討2回目,MBSE検討2回目,,JPN,4WD,,2,,2,SElist_[Kei]_JPN_4WD,,n,,－,Variation#2-4,Variation#2-4,PRMV0083775,タイヤ,FRサイズ,－,C7A0743743214D49AE5FFB6973444FCE,PT構想審査,
1,9D4E7B9274A647548C566DBEEE13F44B,1,0,PRMV0083776 タイヤ FR動半径 －,A,45559.24734,0,0,EntryCondition,MBSE検討2回目,MBSE検討2回目,,JPN,4WD,,2,,2,SElist_[Kei]_JPN_4WD,,0.278,,m,Variation#2-4,Variation#2-4,PRMV0083776,タイヤ,FR動半径,－,C7A0743743214D49AE5FFB6973444FCE,PT構想審査,
1,69E7DA07497A41D6AF0F89697A8EB4FF,1,0,"PRMV0083777 タイヤ FR RRC (ISO 28560 80kmh,210kPa) －",A,45559.24734,0,0,EntryCondition,MBSE検討2回目,MBSE検討2回目,,JPN,4WD,,2,,2,SElist_[Kei]_JPN_4WD,,7.2,,－,Variation#2-4,Variation#2-4,PRMV0083777,タイヤ,"FR RRC (ISO 28560 80kmh,210kPa)",－,C7A0743743214D49AE5FFB6973444FCE,PT構想審査,
1,344FD408A67D4A8D8CB879D1F1851EF5,1,0,PRMV0083778 タイヤ FR RRC (車両状態) －,A,45559.24735,0,0,EntryCondition,MBSE検討2回目,MBSE検討2回目,,JPN,4WD,,2,,2,SElist_[Kei]_JPN_4WD,,68,,－,Variation#2-4,Variation#2-4,PRMV0083778,タイヤ,FR RRC (車両状態),－,C7A0743743214D49AE5FFB6973444FCE,PT構想審査,
1,99824BEB211F4FA980D98B256DF2330E,1,0,PRMV0083779 タイヤ FR RRC (車両状態)空気圧 －,A,45559.24736,0,0,EntryCondition,MBSE検討2回目,MBSE検討2回目,,JPN,4WD,,2,,2,SElist_[Kei]_JPN_4WD,,240,,kPa,Variation#2-4,Variation#2-4,PRMV0083779,タイヤ,FR RRC (車両状態)空気圧,－,C7A0743743214D49AE5FFB6973444FCE,PT構想審査,
1,6CA432307EDE42F498BC6FABB4699366,1,0,PRMV0083780 タイヤ FR イナーシャ(1本)  －,A,45559.24736,0,0,EntryCondition,MBSE検討2回目,MBSE検討2回目,,JPN,4WD,,2,,2,SElist_[Kei]_JPN_4WD,,0.53,,kgm#00B2,Variation#2-4,Variation#2-4,PRMV0083780,タイヤ,FR イナーシャ(1本) ,－,C7A0743743214D49AE5FFB6973444FCE,PT構想審査,
1,B62BEE7242A64E06B34E5706450293F4,1,0,PRMV0083781 タイヤ RRサイズ －,A,45559.24737,0,0,EntryCondition,MBSE検討2回目,MBSE検討2回目,,JPN,4WD,,2,,2,SElist_[Kei]_JPN_4WD,,n,,－,Variation#2-4,Variation#2-4,PRMV0083781,タイヤ,RRサイズ,－,C7A0743743214D49AE5FFB6973444FCE,PT構想審査,
1,B93801C00FCA4016B50564FF34D17ACC,1,0,PRMV0083782 タイヤ RR動半径 －,A,45559.24737,0,0,EntryCondition,MBSE検討2回目,MBSE検討2回目,,JPN,4WD,,2,,2,SElist_[Kei]_JPN_4WD,,0.278,,m,Variation#2-4,Variation#2-4,PRMV0083782,タイヤ,RR動半径,－,C7A0743743214D49AE5FFB6973444FCE,PT構想審査,
1,77B2A7FF2DE64F299C380B08E091EC31,1,0,"PRMV0083783 タイヤ RR RRC (ISO 28560 80kmh,210kPa) －",A,45559.24738,0,0,EntryCondition,MBSE検討2回目,MBSE検討2回目,,JPN,4WD,,2,,2,SElist_[Kei]_JPN_4WD,,n,,－,Variation#2-4,Variation#2-4,PRMV0083783,タイヤ,"RR RRC (ISO 28560 80kmh,210kPa)",－,C7A0743743214D49AE5FFB6973444FCE,PT構想審査,
1,3AF587795F354A8A8BB9E00E8663E47D,1,0,PRMV0083784 タイヤ RR RRC (車両状態) －,A,45559.24738,0,0,EntryCondition,MBSE検討2回目,MBSE検討2回目,,JPN,4WD,,2,,2,SElist_[Kei]_JPN_4WD,,68,,－,Variation#2-4,Variation#2-4,PRMV0083784,タイヤ,RR RRC (車両状態),－,C7A0743743214D49AE5FFB6973444FCE,PT構想審査,
1,208936A4F57141FBBEB7B254B4389C7C,1,0,PRMV0083785 タイヤ RR RRC (車両状態)空気圧 －,A,45559.2474,0,0,EntryCondition,MBSE検討2回目,MBSE検討2回目,,JPN,4WD,,2,,2,SElist_[Kei]_JPN_4WD,,240,,kPa,Variation#2-4,Variation#2-4,PRMV0083785,タイヤ,RR RRC (車両状態)空気圧,－,C7A0743743214D49AE5FFB6973444FCE,PT構想審査,
1,3B1FBCCACD4645A58EA6660CAFF14E60,1,0,PRMV0083786 タイヤ RR イナーシャ(1本)  －,A,45559.2474,0,0,EntryCondition,MBSE検討2回目,MBSE検討2回目,,JPN,4WD,,2,,2,SElist_[Kei]_JPN_4WD,,0.53,,kgm#00B2,Variation#2-4,Variation#2-4,PRMV0083786,タイヤ,RR イナーシャ(1本) ,－,C7A0743743214D49AE5FFB6973444FCE,PT構想審査,
1,CB1B6D89865A42E09E3177C230D76928,1,0,PRMV0083787 ホイール 仕様 －,A,45559.2474,0,0,EntryCondition,MBSE検討2回目,MBSE検討2回目,,JPN,4WD,,2,,2,SElist_[Kei]_JPN_4WD,,n,,－,Variation#2-4,Variation#2-4,PRMV0083787,ホイール,仕様,－,C7A0743743214D49AE5FFB6973444FCE,PT構想審査,
1,DF83539695F44AD8AD60D76B179B3040,1,0,PRMV0083788 ホイール イナーシャ(1本) －,A,45559.24741,0,0,EntryCondition,MBSE検討2回目,MBSE検討2回目,,JPN,4WD,,2,,2,SElist_[Kei]_JPN_4WD,,no App,,kgm#00B2,Variation#2-4,Variation#2-4,PRMV0083788,ホイール,イナーシャ(1本),－,C7A0743743214D49AE5FFB6973444FCE,PT構想審査,
1,D1900E31637746D4825DD2141339B4BF,1,0,PRMV0083789 HUB Total引き摺りトルク (@80km/h) －,A,45559.24741,0,0,EntryCondition,MBSE検討2回目,MBSE検討2回目,,JPN,4WD,,2,,2,SElist_[Kei]_JPN_4WD,,n,,Nm/veh,Variation#2-4,Variation#2-4,PRMV0083789,HUB,Total引き摺りトルク (@80km/h),－,C7A0743743214D49AE5FFB6973444FCE,PT構想審査,
1,C7F76A64A4164442A20B4940C9998515,1,0,PRMV0083790 HUB FR 引き摺りトルク (@80km/h) －,A,45559.24742,0,0,EntryCondition,MBSE検討2回目,MBSE検討2回目,,JPN,4WD,,2,,2,SElist_[Kei]_JPN_4WD,,n,,Nm/veh,Variation#2-4,Variation#2-4,PRMV0083790,HUB,FR 引き摺りトルク (@80km/h),－,C7A0743743214D49AE5FFB6973444FCE,PT構想審査,
1,0D4F21F10E864F4CBF1AC5C18FB0AEA0,1,0,PRMV0083791 HUB RR 引き摺りトルク (@80km/h) －,A,45559.24743,0,0,EntryCondition,MBSE検討2回目,MBSE検討2回目,,JPN,4WD,,2,,2,SElist_[Kei]_JPN_4WD,,n,,Nm/veh,Variation#2-4,Variation#2-4,PRMV0083791,HUB,RR 引き摺りトルク (@80km/h),－,C7A0743743214D49AE5FFB6973444FCE,PT構想審査,
1,B8D7728D80994CAC8F18C8C8AC6AE956,1,0,PRMV0083792 HUB FR イナーシャ －,A,45559.24743,0,0,EntryCondition,MBSE検討2回目,MBSE検討2回目,,JPN,4WD,,2,,2,SElist_[Kei]_JPN_4WD,,n,,kgm#00B2,Variation#2-4,Variation#2-4,PRMV0083792,HUB,FR イナーシャ,－,C7A0743743214D49AE5FFB6973444FCE,PT構想審査,
1,9F9F7785F6294039919DAABDBAD8420A,1,0,PRMV0083793 HUB RR イナーシャ －,A,45559.24744,0,0,EntryCondition,MBSE検討2回目,MBSE検討2回目,,JPN,4WD,,2,,2,SElist_[Kei]_JPN_4WD,,n,,kgm#00B2,Variation#2-4,Variation#2-4,PRMV0083793,HUB,RR イナーシャ,－,C7A0743743214D49AE5FFB6973444FCE,PT構想審査,
1,D0841D4EAC0C4553AE97DE1EFF3D7614,1,0,PRMV0083794 ブレーキ 引き摺りトルク (＠経験圧3Mpa)  －,A,45559.24744,0,0,EntryCondition,MBSE検討2回目,MBSE検討2回目,,JPN,4WD,,2,,2,SElist_[Kei]_JPN_4WD,,n,,Nm/veh,Variation#2-4,Variation#2-4,PRMV0083794,ブレーキ,引き摺りトルク (＠経験圧3Mpa) ,－,C7A0743743214D49AE5FFB6973444FCE,PT構想審査,
1,2069E43E05E24C5CB3E80FA41660E49C,1,0,PRMV0083795 ブレーキ FR引き摺りトルク (経験圧3Mpa＠60kph) －,A,45559.24745,0,0,EntryCondition,MBSE検討2回目,MBSE検討2回目,,JPN,4WD,,2,,2,SElist_[Kei]_JPN_4WD,,n,,Nm/veh,Variation#2-4,Variation#2-4,PRMV0083795,ブレーキ,FR引き摺りトルク (経験圧3Mpa＠60kph),－,C7A0743743214D49AE5FFB6973444FCE,PT構想審査,
1,F6553B10C0C1482D9001615EC650B5B9,1,0,PRMV0083796 ブレーキ RR引き摺りトルク(経験圧3Mpa＠60kph) －,A,45559.24745,0,0,EntryCondition,MBSE検討2回目,MBSE検討2回目,,JPN,4WD,,2,,2,SElist_[Kei]_JPN_4WD,,n,,Nm/veh,Variation#2-4,Variation#2-4,PRMV0083796,ブレーキ,RR引き摺りトルク(経験圧3Mpa＠60kph),－,C7A0743743214D49AE5FFB6973444FCE,PT構想審査,
1,A009C03D9D5449FFB5A05F9BDC205A25,1,0,PRMV0083797 ブレーキ FRイナーシャ －,A,45559.24747,0,0,EntryCondition,MBSE検討2回目,MBSE検討2回目,,JPN,4WD,,2,,2,SElist_[Kei]_JPN_4WD,,n,,kgm#00B2,Variation#2-4,Variation#2-4,PRMV0083797,ブレーキ,FRイナーシャ,－,C7A0743743214D49AE5FFB6973444FCE,PT構想審査,
1,27C175BC7381407994EFD87C989F478E,1,0,PRMV0083798 ブレーキ RRイナーシャ －,A,45559.24747,0,0,EntryCondition,MBSE検討2回目,MBSE検討2回目,,JPN,4WD,,2,,2,SElist_[Kei]_JPN_4WD,,n,,kgm#00B2,Variation#2-4,Variation#2-4,PRMV0083798,ブレーキ,RRイナーシャ,－,C7A0743743214D49AE5FFB6973444FCE,PT構想審査,
1,8559F62477884E698A6A3B14D039FFC3,1,0,PRMV0083799 車両姿勢 グランドクリアランスMin －,A,45559.24748,0,0,EntryCondition,MBSE検討2回目,MBSE検討2回目,,JPN,4WD,,2,,2,SElist_[Kei]_JPN_4WD,,n,,mm,Variation#2-4,Variation#2-4,PRMV0083799,車両姿勢,グランドクリアランスMin,－,C7A0743743214D49AE5FFB6973444FCE,PT構想審査,
1,6520BE40A9F742C288925A1351789EEE,1,0,PRMV0083800 Test Weight 航続距離試験(ETW)Total －,A,45559.24748,0,0,EntryCondition,MBSE検討2回目,MBSE検討2回目,,JPN,4WD,,2,,2,SElist_[Kei]_JPN_4WD,,n,,kg,Variation#2-4,Variation#2-4,PRMV0083800,Test Weight,航続距離試験(ETW)Total,－,C7A0743743214D49AE5FFB6973444FCE,PT構想審査,
1,3EBA33593023487198EDC8D45D24EBCB,1,0,PRMV0083801 Test Weight 航続距離試験(ETW)FR －,A,45559.24749,0,0,EntryCondition,MBSE検討2回目,MBSE検討2回目,,JPN,4WD,,2,,2,SElist_[Kei]_JPN_4WD,,n,,kg,Variation#2-4,Variation#2-4,PRMV0083801,Test Weight,航続距離試験(ETW)FR,－,C7A0743743214D49AE5FFB6973444FCE,PT構想審査,
1,61ECB764B6D041589EB596F87AF84238,1,0,PRMV0083802 Test Weight 航続距離試験(ETW)RR －,A,45559.24749,0,0,EntryCondition,MBSE検討2回目,MBSE検討2回目,,JPN,4WD,,2,,2,SElist_[Kei]_JPN_4WD,,n,,kg,Variation#2-4,Variation#2-4,PRMV0083802,Test Weight,航続距離試験(ETW)RR,－,C7A0743743214D49AE5FFB6973444FCE,PT構想審査,
1,ADB41D4D40394BE483ED09C6B81BB5A0,1,0,PRMV0083803 Test Weight 動力当り前性能  －,A,45559.2475,0,0,EntryCondition,MBSE検討2回目,MBSE検討2回目,,JPN,4WD,,2,,2,SElist_[Kei]_JPN_4WD,,n,,kg,Variation#2-4,Variation#2-4,PRMV0083803,Test Weight,動力当り前性能 ,－,C7A0743743214D49AE5FFB6973444FCE,PT構想審査,
1,D6BB98BA448B4813AA69EAB79ACA7D83,1,0,PRMV0083804 Test Weight 動力Accerelation －,A,45559.2475,0,0,EntryCondition,MBSE検討2回目,MBSE検討2回目,,JPN,4WD,,2,,2,SElist_[Kei]_JPN_4WD,,n,,kg,Variation#2-4,Variation#2-4,PRMV0083804,Test Weight,動力Accerelation,－,C7A0743743214D49AE5FFB6973444FCE,PT構想審査,
1,00C460CAC1E742D69F3F47442790332E,1,0,PRMV0083805 Test Weight 動力Vmax －,A,45559.24751,0,0,EntryCondition,MBSE検討2回目,MBSE検討2回目,,JPN,4WD,,2,,2,SElist_[Kei]_JPN_4WD,,n,,kg,Variation#2-4,Variation#2-4,PRMV0083805,Test Weight,動力Vmax,－,C7A0743743214D49AE5FFB6973444FCE,PT構想審査,
1,B7C2F12A446A4C439EA4D21AA0261849,1,0,PRMV0083806 Test Weight 熱NEMシビアシーン －,A,45559.24751,0,0,EntryCondition,MBSE検討2回目,MBSE検討2回目,,JPN,4WD,,2,,2,SElist_[Kei]_JPN_4WD,,n,,kg,Variation#2-4,Variation#2-4,PRMV0083806,Test Weight,熱NEMシビアシーン,－,C7A0743743214D49AE5FFB6973444FCE,PT構想審査,
1,599705762AAE4634BD4EF05B19001A87,1,0,PRMV0083807 Test Weight 熱加減速繰り返し走行 －,A,45559.24752,0,0,EntryCondition,MBSE検討2回目,MBSE検討2回目,,JPN,4WD,,2,,2,SElist_[Kei]_JPN_4WD,,n,,kg,Variation#2-4,Variation#2-4,PRMV0083807,Test Weight,熱加減速繰り返し走行,－,C7A0743743214D49AE5FFB6973444FCE,PT構想審査,
1,46B5F8FCCB95491CB9D558A5BCB52C58,1,0,PRMV0083808 Test Weight 熱Towing －,A,45559.24752,0,0,EntryCondition,MBSE検討2回目,MBSE検討2回目,,JPN,4WD,,2,,2,SElist_[Kei]_JPN_4WD,,n,,kg,Variation#2-4,Variation#2-4,PRMV0083808,Test Weight,熱Towing,－,C7A0743743214D49AE5FFB6973444FCE,PT構想審査,
1,4585F0E24BF74B81ACC03C3DF31E012C,1,0,PRMV0083809 Test Weight 熱低温性能 －,A,45559.24752,0,0,EntryCondition,MBSE検討2回目,MBSE検討2回目,,JPN,4WD,,2,,2,SElist_[Kei]_JPN_4WD,,n,,kg,Variation#2-4,Variation#2-4,PRMV0083809,Test Weight,熱低温性能,－,C7A0743743214D49AE5FFB6973444FCE,PT構想審査,
1,3EA5E0B3DD2C47B6ACE465D01E4A4F52,1,0,PRMV0083810 走行抵抗 届出(Target Lset式) A0 －,A,45559.24753,0,0,EntryCondition,MBSE検討2回目,MBSE検討2回目,,JPN,4WD,,2,,2,SElist_[Kei]_JPN_4WD,,n,,N,Variation#2-4,Variation#2-4,PRMV0083810,走行抵抗,届出(Target Lset式) A0,－,C7A0743743214D49AE5FFB6973444FCE,PT構想審査,
1,69DB86B726AA40BA852B01E808B10070,1,0,PRMV0083811 走行抵抗 届出(Target Lset式) A1 －,A,45559.24753,0,0,EntryCondition,MBSE検討2回目,MBSE検討2回目,,JPN,4WD,,2,,2,SElist_[Kei]_JPN_4WD,,n,,N/kph,Variation#2-4,Variation#2-4,PRMV0083811,走行抵抗,届出(Target Lset式) A1,－,C7A0743743214D49AE5FFB6973444FCE,PT構想審査,
1,21818E5599C84746B5464154D6E89A42,1,0,PRMV0083812 走行抵抗 届出(Target Lset式) A2 －,A,45559.24755,0,0,EntryCondition,MBSE検討2回目,MBSE検討2回目,,JPN,4WD,,2,,2,SElist_[Kei]_JPN_4WD,,n,,N/kph#00B2,Variation#2-4,Variation#2-4,PRMV0083812,走行抵抗,届出(Target Lset式) A2,－,C7A0743743214D49AE5FFB6973444FCE,PT構想審査,
1,CA0E202F016C4AC6BA2D2D1D3006EF6F,1,0,PRMV0083813 走行抵抗 届出(Target Lset式) IP －,A,45559.24755,0,0,EntryCondition,MBSE検討2回目,MBSE検討2回目,,JPN,4WD,,2,,2,SElist_[Kei]_JPN_4WD,,n,,lbs,Variation#2-4,Variation#2-4,PRMV0083813,走行抵抗,届出(Target Lset式) IP,－,C7A0743743214D49AE5FFB6973444FCE,PT構想審査,
1,0B3C231107D140FC8232BC1E03288A6D,1,0,PRMV0083814 性能検討用走行抵抗式(ePT連れ回り排除) 航続距離(C/D車載状態)A0 －,A,45559.24755,0,0,EntryCondition,MBSE検討2回目,MBSE検討2回目,,JPN,4WD,,2,,2,SElist_[Kei]_JPN_4WD,,n,,N,Variation#2-4,Variation#2-4,PRMV0083814,性能検討用走行抵抗式(ePT連れ回り排除),航続距離(C/D車載状態)A0,－,C7A0743743214D49AE5FFB6973444FCE,PT構想審査,
1,2B801F23036F421BBDFD780D21A7BE2D,1,0,PRMV0083815 性能検討用走行抵抗式(ePT連れ回り排除) 航続距離(C/D車載状態)A1 －,A,45559.24756,0,0,EntryCondition,MBSE検討2回目,MBSE検討2回目,,JPN,4WD,,2,,2,SElist_[Kei]_JPN_4WD,,n,,N/kph,Variation#2-4,Variation#2-4,PRMV0083815,性能検討用走行抵抗式(ePT連れ回り排除),航続距離(C/D車載状態)A1,－,C7A0743743214D49AE5FFB6973444FCE,PT構想審査,
1,EABB15FCB0D44390B667269834C2B5C7,1,0,PRMV0083816 性能検討用走行抵抗式(ePT連れ回り排除) 航続距離(C/D車載状態)A2 －,A,45559.24756,0,0,EntryCondition,MBSE検討2回目,MBSE検討2回目,,JPN,4WD,,2,,2,SElist_[Kei]_JPN_4WD,,n,,N/kph#00B2,Variation#2-4,Variation#2-4,PRMV0083816,性能検討用走行抵抗式(ePT連れ回り排除),航続距離(C/D車載状態)A2,－,C7A0743743214D49AE5FFB6973444FCE,PT構想審査,
1,DAE7F60A87A54724AEC314CACF6FDB09,1,0,PRMV0083817 性能検討用走行抵抗式(ePT連れ回り排除) 航続距離(C/D車載状態)IP －,A,45559.24757,0,0,EntryCondition,MBSE検討2回目,MBSE検討2回目,,JPN,4WD,,2,,2,SElist_[Kei]_JPN_4WD,,n,,lbs,Variation#2-4,Variation#2-4,PRMV0083817,性能検討用走行抵抗式(ePT連れ回り排除),航続距離(C/D車載状態)IP,－,C7A0743743214D49AE5FFB6973444FCE,PT構想審査,
1,0F306F5C213242909B5F43146E3D8A4D,1,0,PRMV0083818 性能検討用走行抵抗式(ePT連れ回り排除) 動力当り前性能A0 －,A,45559.24757,0,0,EntryCondition,MBSE検討2回目,MBSE検討2回目,,JPN,4WD,,2,,2,SElist_[Kei]_JPN_4WD,,n,,N,Variation#2-4,Variation#2-4,PRMV0083818,性能検討用走行抵抗式(ePT連れ回り排除),動力当り前性能A0,－,C7A0743743214D49AE5FFB6973444FCE,PT構想審査,
1,59D52D79BC2E47DA9BCB157CDE43E6EC,1,0,PRMV0083819 性能検討用走行抵抗式(ePT連れ回り排除) 動力当り前性能A1 －,A,45559.24758,0,0,EntryCondition,MBSE検討2回目,MBSE検討2回目,,JPN,4WD,,2,,2,SElist_[Kei]_JPN_4WD,,n,,N/kph,Variation#2-4,Variation#2-4,PRMV0083819,性能検討用走行抵抗式(ePT連れ回り排除),動力当り前性能A1,－,C7A0743743214D49AE5FFB6973444FCE,PT構想審査,
1,D83FF2EB8F0F41459A61B72254A8C385,1,0,PRMV0083820 性能検討用走行抵抗式(ePT連れ回り排除) 動力当り前性能A2 －,A,45559.24758,0,0,EntryCondition,MBSE検討2回目,MBSE検討2回目,,JPN,4WD,,2,,2,SElist_[Kei]_JPN_4WD,,n,,N/kph#00B2,Variation#2-4,Variation#2-4,PRMV0083820,性能検討用走行抵抗式(ePT連れ回り排除),動力当り前性能A2,－,C7A0743743214D49AE5FFB6973444FCE,PT構想審査,
1,ED372D9EA16244DB91E10F0C30066777,1,0,PRMV0083821 性能検討用走行抵抗式(ePT連れ回り排除) 動力当り前性能IP －,A,45559.24758,0,0,EntryCondition,MBSE検討2回目,MBSE検討2回目,,JPN,4WD,,2,,2,SElist_[Kei]_JPN_4WD,,n,,kg,Variation#2-4,Variation#2-4,PRMV0083821,性能検討用走行抵抗式(ePT連れ回り排除),動力当り前性能IP,－,C7A0743743214D49AE5FFB6973444FCE,PT構想審査,
1,A8DE066E06C84CE1BA5362AB1DC8F671,1,0,PRMV0083822 性能検討用走行抵抗式(ePT連れ回り排除) 動力AccerelationA0 －,A,45559.24759,0,0,EntryCondition,MBSE検討2回目,MBSE検討2回目,,JPN,4WD,,2,,2,SElist_[Kei]_JPN_4WD,,n,,N,Variation#2-4,Variation#2-4,PRMV0083822,性能検討用走行抵抗式(ePT連れ回り排除),動力AccerelationA0,－,C7A0743743214D49AE5FFB6973444FCE,PT構想審査,
1,3D1A06A6DDDF4B2FA77699C1D51CB66C,1,0,PRMV0083823 性能検討用走行抵抗式(ePT連れ回り排除) 動力AccerelationA1 －,A,45559.24759,0,0,EntryCondition,MBSE検討2回目,MBSE検討2回目,,JPN,4WD,,2,,2,SElist_[Kei]_JPN_4WD,,n,,N/kph,Variation#2-4,Variation#2-4,PRMV0083823,性能検討用走行抵抗式(ePT連れ回り排除),動力AccerelationA1,－,C7A0743743214D49AE5FFB6973444FCE,PT構想審査,
1,381714D0807E4465B3CEB186086987EF,1,0,PRMV0083824 性能検討用走行抵抗式(ePT連れ回り排除) 動力AccerelationA2 －,A,45559.2476,0,0,EntryCondition,MBSE検討2回目,MBSE検討2回目,,JPN,4WD,,2,,2,SElist_[Kei]_JPN_4WD,,n,,N/kph#00B2,Variation#2-4,Variation#2-4,PRMV0083824,性能検討用走行抵抗式(ePT連れ回り排除),動力AccerelationA2,－,C7A0743743214D49AE5FFB6973444FCE,PT構想審査,
1,74A224B15BBF446CA30A72F6F8B83BC7,1,0,PRMV0083825 性能検討用走行抵抗式(ePT連れ回り排除) 動力AccerelationIP －,A,45559.2476,0,0,EntryCondition,MBSE検討2回目,MBSE検討2回目,,JPN,4WD,,2,,2,SElist_[Kei]_JPN_4WD,,n,,kg,Variation#2-4,Variation#2-4,PRMV0083825,性能検討用走行抵抗式(ePT連れ回り排除),動力AccerelationIP,－,C7A0743743214D49AE5FFB6973444FCE,PT構想審査,
1,97CD9E19BAE84FFC944D113C89296256,1,0,PRMV0083826 性能検討用走行抵抗式(ePT連れ回り排除) 動力VmaxA0 －,A,45559.24762,0,0,EntryCondition,MBSE検討2回目,MBSE検討2回目,,JPN,4WD,,2,,2,SElist_[Kei]_JPN_4WD,,n,,N,Variation#2-4,Variation#2-4,PRMV0083826,性能検討用走行抵抗式(ePT連れ回り排除),動力VmaxA0,－,C7A0743743214D49AE5FFB6973444FCE,PT構想審査,
1,0F6FB76F37CB4BC8BFD60C0A2777CF6E,1,0,PRMV0083827 性能検討用走行抵抗式(ePT連れ回り排除) 動力VmaxA1 －,A,45559.24762,0,0,EntryCondition,MBSE検討2回目,MBSE検討2回目,,JPN,4WD,,2,,2,SElist_[Kei]_JPN_4WD,,n,,N/kph,Variation#2-4,Variation#2-4,PRMV0083827,性能検討用走行抵抗式(ePT連れ回り排除),動力VmaxA1,－,C7A0743743214D49AE5FFB6973444FCE,PT構想審査,
1,476DA2C0B02F40D18F62B4DE8BE68A9C,1,0,PRMV0083828 性能検討用走行抵抗式(ePT連れ回り排除) 動力VmaxA2 －,A,45559.24762,0,0,EntryCondition,MBSE検討2回目,MBSE検討2回目,,JPN,4WD,,2,,2,SElist_[Kei]_JPN_4WD,,n,,N/kph#00B2,Variation#2-4,Variation#2-4,PRMV0083828,性能検討用走行抵抗式(ePT連れ回り排除),動力VmaxA2,－,C7A0743743214D49AE5FFB6973444FCE,PT構想審査,
1,8651B5CD621948B596470C3376F3609A,1,0,PRMV0083829 性能検討用走行抵抗式(ePT連れ回り排除) 動力VmaxIP －,A,45559.24763,0,0,EntryCondition,MBSE検討2回目,MBSE検討2回目,,JPN,4WD,,2,,2,SElist_[Kei]_JPN_4WD,,n,,kg,Variation#2-4,Variation#2-4,PRMV0083829,性能検討用走行抵抗式(ePT連れ回り排除),動力VmaxIP,－,C7A0743743214D49AE5FFB6973444FCE,PT構想審査,
1,4D25331E97E04FAC8CEA24DFA07B0461,1,0,PRMV0083830 性能検討用走行抵抗式(ePT連れ回り排除) 熱NEMシビアシーンA0 －,A,45559.24763,0,0,EntryCondition,MBSE検討2回目,MBSE検討2回目,,JPN,4WD,,2,,2,SElist_[Kei]_JPN_4WD,,n,,別紙,Variation#2-4,Variation#2-4,PRMV0083830,性能検討用走行抵抗式(ePT連れ回り排除),熱NEMシビアシーンA0,－,C7A0743743214D49AE5FFB6973444FCE,PT構想審査,
1,CFDD964A67724404B9B7687C89130F06,1,0,PRMV0083831 性能検討用走行抵抗式(ePT連れ回り排除) 熱加減速繰り返し走行A0 －,A,45559.24764,0,0,EntryCondition,MBSE検討2回目,MBSE検討2回目,,JPN,4WD,,2,,2,SElist_[Kei]_JPN_4WD,,n,,N,Variation#2-4,Variation#2-4,PRMV0083831,性能検討用走行抵抗式(ePT連れ回り排除),熱加減速繰り返し走行A0,－,C7A0743743214D49AE5FFB6973444FCE,PT構想審査,
1,272C8602519C4B2ABBD820821B880AC6,1,0,PRMV0083832 性能検討用走行抵抗式(ePT連れ回り排除) 熱加減速繰り返し走行A1 －,A,45559.24764,0,0,EntryCondition,MBSE検討2回目,MBSE検討2回目,,JPN,4WD,,2,,2,SElist_[Kei]_JPN_4WD,,n,,N/kph,Variation#2-4,Variation#2-4,PRMV0083832,性能検討用走行抵抗式(ePT連れ回り排除),熱加減速繰り返し走行A1,－,C7A0743743214D49AE5FFB6973444FCE,PT構想審査,
1,F950673C2AFF41C2AF56D3D9D9ECEC7F,1,0,PRMV0083833 性能検討用走行抵抗式(ePT連れ回り排除) 熱加減速繰り返し走行A2 －,A,45559.24765,0,0,EntryCondition,MBSE検討2回目,MBSE検討2回目,,JPN,4WD,,2,,2,SElist_[Kei]_JPN_4WD,,n,,N/kph#00B2,Variation#2-4,Variation#2-4,PRMV0083833,性能検討用走行抵抗式(ePT連れ回り排除),熱加減速繰り返し走行A2,－,C7A0743743214D49AE5FFB6973444FCE,PT構想審査,
1,90A3FBFDBFE14AE4A68B82389AD78841,1,0,PRMV0083834 性能検討用走行抵抗式(ePT連れ回り排除) 熱加減速繰り返し走行IP －,A,45559.24765,0,0,EntryCondition,MBSE検討2回目,MBSE検討2回目,,JPN,4WD,,2,,2,SElist_[Kei]_JPN_4WD,,n,,kg,Variation#2-4,Variation#2-4,PRMV0083834,性能検討用走行抵抗式(ePT連れ回り排除),熱加減速繰り返し走行IP,－,C7A0743743214D49AE5FFB6973444FCE,PT構想審査,
1,C30E840243B2463FA1799C816ADA78B8,1,0,PRMV0083835 性能検討用走行抵抗式(ePT連れ回り排除) 熱TowingA0 －,A,45559.24765,0,0,EntryCondition,MBSE検討2回目,MBSE検討2回目,,JPN,4WD,,2,,2,SElist_[Kei]_JPN_4WD,,n,,N,Variation#2-4,Variation#2-4,PRMV0083835,性能検討用走行抵抗式(ePT連れ回り排除),熱TowingA0,－,C7A0743743214D49AE5FFB6973444FCE,PT構想審査,
1,1B3F9CC7CCC94F8A8F912A2E53868109,1,0,PRMV0083836 性能検討用走行抵抗式(ePT連れ回り排除) 熱TowingA1 －,A,45559.24766,0,0,EntryCondition,MBSE検討2回目,MBSE検討2回目,,JPN,4WD,,2,,2,SElist_[Kei]_JPN_4WD,,n,,N/kph,Variation#2-4,Variation#2-4,PRMV0083836,性能検討用走行抵抗式(ePT連れ回り排除),熱TowingA1,－,C7A0743743214D49AE5FFB6973444FCE,PT構想審査,
1,BE88C415EB584C4797A6396A596EB9BC,1,0,PRMV0083837 性能検討用走行抵抗式(ePT連れ回り排除) 熱TowingA2 －,A,45559.24766,0,0,EntryCondition,MBSE検討2回目,MBSE検討2回目,,JPN,4WD,,2,,2,SElist_[Kei]_JPN_4WD,,n,,N/kph#00B2,Variation#2-4,Variation#2-4,PRMV0083837,性能検討用走行抵抗式(ePT連れ回り排除),熱TowingA2,－,C7A0743743214D49AE5FFB6973444FCE,PT構想審査,
1,6A809B12906F40EE873034A9954C8066,1,0,PRMV0083838 性能検討用走行抵抗式(ePT連れ回り排除) 熱TowingIP －,A,45559.24767,0,0,EntryCondition,MBSE検討2回目,MBSE検討2回目,,JPN,4WD,,2,,2,SElist_[Kei]_JPN_4WD,,n,,kg,Variation#2-4,Variation#2-4,PRMV0083838,性能検討用走行抵抗式(ePT連れ回り排除),熱TowingIP,－,C7A0743743214D49AE5FFB6973444FCE,PT構想審査,
1,9C25064044034F88A7A1FDF913877611,1,0,PRMV0083839 性能検討用走行抵抗式(ePT連れ回り排除) 熱低温性能A0 －,A,45559.24767,0,0,EntryCondition,MBSE検討2回目,MBSE検討2回目,,JPN,4WD,,2,,2,SElist_[Kei]_JPN_4WD,,n,,N,Variation#2-4,Variation#2-4,PRMV0083839,性能検討用走行抵抗式(ePT連れ回り排除),熱低温性能A0,－,C7A0743743214D49AE5FFB6973444FCE,PT構想審査,
1,9F0D21B223604FDDB54F620E87DE838A,1,0,PRMV0083840 性能検討用走行抵抗式(ePT連れ回り排除) 熱低温性能A1 －,A,45559.24769,0,0,EntryCondition,MBSE検討2回目,MBSE検討2回目,,JPN,4WD,,2,,2,SElist_[Kei]_JPN_4WD,,n,,N/kph,Variation#2-4,Variation#2-4,PRMV0083840,性能検討用走行抵抗式(ePT連れ回り排除),熱低温性能A1,－,C7A0743743214D49AE5FFB6973444FCE,PT構想審査,
1,20BB850463DB4E438955EF2B677D9377,1,0,PRMV0083841 性能検討用走行抵抗式(ePT連れ回り排除) 熱低温性能A2 －,A,45559.24769,0,0,EntryCondition,MBSE検討2回目,MBSE検討2回目,,JPN,4WD,,2,,2,SElist_[Kei]_JPN_4WD,,n,,N/kph#00B2,Variation#2-4,Variation#2-4,PRMV0083841,性能検討用走行抵抗式(ePT連れ回り排除),熱低温性能A2,－,C7A0743743214D49AE5FFB6973444FCE,PT構想審査,
1,DEDA8923CEAE4149A2D10BD0E41F254C,1,0,PRMV0083842 性能検討用走行抵抗式(ePT連れ回り排除) 熱低温性能IP －,A,45559.2477,0,0,EntryCondition,MBSE検討2回目,MBSE検討2回目,,JPN,4WD,,2,,2,SElist_[Kei]_JPN_4WD,,n,,kg,Variation#2-4,Variation#2-4,PRMV0083842,性能検討用走行抵抗式(ePT連れ回り排除),熱低温性能IP,－,C7A0743743214D49AE5FFB6973444FCE,PT構想審査,
1,D7C03619C25643CEBA0836A7C32540FC,1,0,PRMV0083843 ePT 最高システム総合出力(公称） －,A,45559.2477,0,0,EntryCondition,MBSE検討2回目,MBSE検討2回目,,JPN,4WD,,2,,2,SElist_[Kei]_JPN_4WD,,n,,kW,Variation#2-4,Variation#2-4,PRMV0083843,ePT,最高システム総合出力(公称）,－,C7A0743743214D49AE5FFB6973444FCE,PT構想審査,
1,57ED8914769846FDBCE100F323F4D4B7,1,0,PRMV0083844 ePT FR MOTイナーシャ －,A,45559.2477,0,0,EntryCondition,MBSE検討2回目,MBSE検討2回目,,JPN,4WD,,2,,2,SElist_[Kei]_JPN_4WD,,0.011045,,kgm#00B2,Variation#2-4,Variation#2-4,PRMV0083844,ePT,FR MOTイナーシャ,－,C7A0743743214D49AE5FFB6973444FCE,PT構想審査,
1,91A6AD819FB4429F91309D687746F9AA,1,0,PRMV0083845 ePT FR GBイナーシャ #21,A,45559.24771,0,0,EntryCondition,MBSE検討2回目,MBSE検討2回目,,JPN,4WD,,2,,2,SElist_[Kei]_JPN_4WD,,0.110(DIFF軸上),,kgm#00B2,Variation#2-4,Variation#2-4,PRMV0083845,ePT,FR GBイナーシャ,#21,C7A0743743214D49AE5FFB6973444FCE,PT構想審査,
1,08D349868EC5484B974DF5FF3FB8EEFC,1,0,PRMV0083846 ePT RR MOTイナーシャ －,A,45559.24771,0,0,EntryCondition,MBSE検討2回目,MBSE検討2回目,,JPN,4WD,,2,,2,SElist_[Kei]_JPN_4WD,,n,,kgm#00B2,Variation#2-4,Variation#2-4,PRMV0083846,ePT,RR MOTイナーシャ,－,C7A0743743214D49AE5FFB6973444FCE,PT構想審査,
1,A283C0368EA14EDCA27FC490ABC70BE2,1,0,PRMV0083847 ePT RR GBイナーシャ #21,A,45559.24772,0,0,EntryCondition,MBSE検討2回目,MBSE検討2回目,,JPN,4WD,,2,,2,SElist_[Kei]_JPN_4WD,,0.053(DIFF軸上),,kgm#00B2,Variation#2-4,Variation#2-4,PRMV0083847,ePT,RR GBイナーシャ,#21,C7A0743743214D49AE5FFB6973444FCE,PT構想審査,
1,1463EB0E6A564009A5DCDA6DE3BCF05C,1,0,PRMV0083848 ePT FR MOT制限設定トルク上限(第一象限) #21,A,45559.24772,0,0,EntryCondition,MBSE検討2回目,MBSE検討2回目,,JPN,4WD,,2,,2,SElist_[Kei]_JPN_4WD,,75,,Nm,Variation#2-4,Variation#2-4,PRMV0083848,ePT,FR MOT制限設定トルク上限(第一象限),#21,C7A0743743214D49AE5FFB6973444FCE,PT構想審査,
1,FAD73FF604D842CCB88430DCC08A7AA9,1,0,PRMV0083849 ePT FR MOT制限設定トルク下限(第四象限) #21,A,45559.24772,0,0,EntryCondition,MBSE検討2回目,MBSE検討2回目,,JPN,4WD,,2,,2,SElist_[Kei]_JPN_4WD,,-75,,Nm,Variation#2-4,Variation#2-4,PRMV0083849,ePT,FR MOT制限設定トルク下限(第四象限),#21,C7A0743743214D49AE5FFB6973444FCE,PT構想審査,
1,D7F178FB669E4555B98E26EE34424FA9,1,0,PRMV0083850 ePT FR GB減速比 #21,A,45559.24773,0,0,EntryCondition,MBSE検討2回目,MBSE検討2回目,,JPN,4WD,,2,,2,SElist_[Kei]_JPN_4WD,,11.136,,－,Variation#2-4,Variation#2-4,PRMV0083850,ePT,FR GB減速比,#21,C7A0743743214D49AE5FFB6973444FCE,PT構想審査,
1,A66DF3E93A99426CBFD4D9B30CA0D5FF,1,0,PRMV0083851 ePT RR MOT制限設定トルク上限(第一象限) #21,A,45559.24773,0,0,EntryCondition,MBSE検討2回目,MBSE検討2回目,,JPN,4WD,,2,,2,SElist_[Kei]_JPN_4WD,,75,,Nm,Variation#2-4,Variation#2-4,PRMV0083851,ePT,RR MOT制限設定トルク上限(第一象限),#21,C7A0743743214D49AE5FFB6973444FCE,PT構想審査,
1,973B51E5C2D44EF7A7F2D651E78F7E66,1,0,PRMV0083852 ePT RR MOT制限設定トルク下限(第四象限) #21,A,45559.24774,0,0,EntryCondition,MBSE検討2回目,MBSE検討2回目,,JPN,4WD,,2,,2,SElist_[Kei]_JPN_4WD,,-75,,Nm,Variation#2-4,Variation#2-4,PRMV0083852,ePT,RR MOT制限設定トルク下限(第四象限),#21,C7A0743743214D49AE5FFB6973444FCE,PT構想審査,
1,3CF5EAA11429457AB27B0509BAE191BB,1,0,PRMV0083853 ePT RR GB減速比 #21,A,45559.24774,0,0,EntryCondition,MBSE検討2回目,MBSE検討2回目,,JPN,4WD,,2,,2,SElist_[Kei]_JPN_4WD,,10.383,,－,Variation#2-4,Variation#2-4,PRMV0083853,ePT,RR GB減速比,#21,C7A0743743214D49AE5FFB6973444FCE,PT構想審査,
1,0BCA1D658A224AD9AA9BD45FAEBF8635,1,0,PRMV0083854 ドライブシャフト FR右ドライブシャフトイナーシャ －,A,45559.24775,0,0,EntryCondition,MBSE検討2回目,MBSE検討2回目,,JPN,4WD,,2,,2,SElist_[Kei]_JPN_4WD,,2.006×10^-3,,kgm#00B2,Variation#2-4,Variation#2-4,PRMV0083854,ドライブシャフト,FR右ドライブシャフトイナーシャ,－,C7A0743743214D49AE5FFB6973444FCE,PT構想審査,
1,A963C022FD6B4D09BE8E7CFBE126CF5F,1,0,PRMV0083855 ドライブシャフト FR左ドライブシャフトイナーシャ －,A,45559.24775,0,0,EntryCondition,MBSE検討2回目,MBSE検討2回目,,JPN,4WD,,2,,2,SElist_[Kei]_JPN_4WD,,1.950×10^-3,,kgm#00B2,Variation#2-4,Variation#2-4,PRMV0083855,ドライブシャフト,FR左ドライブシャフトイナーシャ,－,C7A0743743214D49AE5FFB6973444FCE,PT構想審査,
1,CBF81FABC3004E938C3B76C7612E7815,1,0,PRMV0083856 ドライブシャフト RR右ドライブシャフトイナーシャ －,A,45559.24777,0,0,EntryCondition,MBSE検討2回目,MBSE検討2回目,,JPN,4WD,,2,,2,SElist_[Kei]_JPN_4WD,,1.863×10^-3,,kgm#00B2,Variation#2-4,Variation#2-4,PRMV0083856,ドライブシャフト,RR右ドライブシャフトイナーシャ,－,C7A0743743214D49AE5FFB6973444FCE,PT構想審査,
1,52ADC4BA1E36449991BA50151F0150CF,1,0,PRMV0083857 ドライブシャフト RR左ドライブシャフトイナーシャ －,A,45559.24777,0,0,EntryCondition,MBSE検討2回目,MBSE検討2回目,,JPN,4WD,,2,,2,SElist_[Kei]_JPN_4WD,,1.838×10^-3,,kgm#00B2,Variation#2-4,Variation#2-4,PRMV0083857,ドライブシャフト,RR左ドライブシャフトイナーシャ,－,C7A0743743214D49AE5FFB6973444FCE,PT構想審査,
1,28BB6B6EAB024B89B571D11E84E18CAF,1,0,"PRMV0083858 DCDC DCDC効率(走行時弱電220W,355V入力(SOC20%),13V出力) －",A,45559.24777,0,0,EntryCondition,MBSE検討2回目,MBSE検討2回目,,JPN,4WD,,2,,2,SElist_[Kei]_JPN_4WD,,TBD,,%,Variation#2-4,Variation#2-4,PRMV0083858,DCDC,"DCDC効率(走行時弱電220W,355V入力(SOC20%),13V出力)",－,C7A0743743214D49AE5FFB6973444FCE,PT構想審査,
1,6A4AA879523843DD8AC457B507DE0BC6,1,0,PRMV0083859 LV BATT 消費電力(電費試験時WLTCモード) －,A,45559.24778,0,0,EntryCondition,MBSE検討2回目,MBSE検討2回目,,JPN,4WD,,2,,2,SElist_[Kei]_JPN_4WD,,n,,kW,Variation#2-4,Variation#2-4,PRMV0083859,LV BATT,消費電力(電費試験時WLTCモード),－,C7A0743743214D49AE5FFB6973444FCE,PT構想審査,
1,F9139D573A58497A98E51019C45BAABB,1,0,PRMV0083860 HV BATT 直列セル数 －,A,45559.24778,0,0,EntryCondition,MBSE検討2回目,MBSE検討2回目,,JPN,4WD,,2,,2,SElist_[Kei]_JPN_4WD,,100,,cell,Variation#2-4,Variation#2-4,PRMV0083860,HV BATT,直列セル数,－,C7A0743743214D49AE5FFB6973444FCE,PT構想審査,
1,F080DCF467D746A89E3BAD34BF97B77D,1,0,PRMV0083861 HV BATT 並列セル数 －,A,45559.24779,0,0,EntryCondition,MBSE検討2回目,MBSE検討2回目,,JPN,4WD,,2,,2,SElist_[Kei]_JPN_4WD,,1,,para,Variation#2-4,Variation#2-4,PRMV0083861,HV BATT,並列セル数,－,C7A0743743214D49AE5FFB6973444FCE,PT構想審査,
1,D63040E5B2F2423091794FF2B2427540,1,0,PRMV0083862 HV BATT セル容量 －,A,45559.24779,0,0,EntryCondition,MBSE検討2回目,MBSE検討2回目,,JPN,4WD,,2,,2,SElist_[Kei]_JPN_4WD,,72,,Ah,Variation#2-4,Variation#2-4,PRMV0083862,HV BATT,セル容量,－,C7A0743743214D49AE5FFB6973444FCE,PT構想審査,
1,E9D2620196384197AED5E732F8894186,1,0,PRMV0083863 HV BATT パック繋ぎ抵抗 －,A,45559.24779,0,0,EntryCondition,MBSE検討2回目,MBSE検討2回目,,JPN,4WD,,2,,2,SElist_[Kei]_JPN_4WD,,0.01(TBD),,Ω,Variation#2-4,Variation#2-4,PRMV0083863,HV BATT,パック繋ぎ抵抗,－,C7A0743743214D49AE5FFB6973444FCE,PT構想審査,
1,E0207D1092814AE6B1F417EA9FD1FA02,1,0,PRMV0083864 HV BATT DCハーネスの抵抗 －,A,45559.2478,0,0,EntryCondition,MBSE検討2回目,MBSE検討2回目,,JPN,4WD,,2,,2,SElist_[Kei]_JPN_4WD,,TBD,,Ω,Variation#2-4,Variation#2-4,PRMV0083864,HV BATT,DCハーネスの抵抗,－,C7A0743743214D49AE5FFB6973444FCE,PT構想審査,
1,21D864B4A6044F67B44F94CD6640C8C2,1,0,PRMV0083865 Vehicle Weight Min.C.W. －,A,45559.25,0,0,EntryCondition,MBSE検討2回目,MBSE検討2回目,,JPN,4WD,,2,,2,SElist_[Kei]_JPN_4WD,,1198,,kg,Variation#2-5,Variation#2-5,PRMV0083865,Vehicle Weight,Min.C.W.,－,C7A0743743214D49AE5FFB6973444FCE,PT構想審査,
1,402C338F9876436C905FAB7341816771,1,0,PRMV0083866 Vehicle Weight Max.C.W. －,A,45559.25,0,0,EntryCondition,MBSE検討2回目,MBSE検討2回目,,JPN,4WD,,2,,2,SElist_[Kei]_JPN_4WD,,1205,,kg,Variation#2-5,Variation#2-5,PRMV0083866,Vehicle Weight,Max.C.W.,－,C7A0743743214D49AE5FFB6973444FCE,PT構想審査,
1,FC3342AC928B46158F3187EE9D26EE85,1,0,PRMV0083867 Vehicle Weight スペアタイヤ&工具  －,A,45559.25001,0,0,EntryCondition,MBSE検討2回目,MBSE検討2回目,,JPN,4WD,,2,,2,SElist_[Kei]_JPN_4WD,,1.6,,kg,Variation#2-5,Variation#2-5,PRMV0083867,Vehicle Weight,スペアタイヤ&工具 ,－,C7A0743743214D49AE5FFB6973444FCE,PT構想審査,
1,AEB704D1EB144120BEABDA23584965E5,1,0,PRMV0083868 Vehicle Weight EPA届出重量 －,A,45559.25001,0,0,EntryCondition,MBSE検討2回目,MBSE検討2回目,,JPN,4WD,,2,,2,SElist_[Kei]_JPN_4WD,,noApp,,kg,Variation#2-5,Variation#2-5,PRMV0083868,Vehicle Weight,EPA届出重量,－,C7A0743743214D49AE5FFB6973444FCE,PT構想審査,
1,E1CFA062028F4209846CB7E983B5E1A6,1,0,PRMV0083869 Vehicle Severe Weight PTW or GVWR －,A,45559.25002,0,0,EntryCondition,MBSE検討2回目,MBSE検討2回目,,JPN,4WD,,2,,2,SElist_[Kei]_JPN_4WD,,1448,,kg,Variation#2-5,Variation#2-5,PRMV0083869,Vehicle Severe Weight,PTW or GVWR,－,C7A0743743214D49AE5FFB6973444FCE,PT構想審査,
1,FACBC70639CA4B44B4D109612E3A09E6,1,0,PRMV0083870 Vehicle Severe Weight GAWR FR －,A,45559.25003,0,0,EntryCondition,MBSE検討2回目,MBSE検討2回目,,JPN,4WD,,2,,2,SElist_[Kei]_JPN_4WD,,n,,kg,Variation#2-5,Variation#2-5,PRMV0083870,Vehicle Severe Weight,GAWR FR,－,C7A0743743214D49AE5FFB6973444FCE,PT構想審査,
1,2D16B4F7D6A846E7A2BDCFD117247086,1,0,PRMV0083871 Vehicle Severe Weight GAWR RR －,A,45559.25003,0,0,EntryCondition,MBSE検討2回目,MBSE検討2回目,,JPN,4WD,,2,,2,SElist_[Kei]_JPN_4WD,,n,,kg,Variation#2-5,Variation#2-5,PRMV0083871,Vehicle Severe Weight,GAWR RR,－,C7A0743743214D49AE5FFB6973444FCE,PT構想審査,
1,F6EB0CF7CFAB4C6BBC1734E6D8192332,1,0,PRMV0083872 Vehicle Severe Weight Towing －,A,45559.25005,0,0,EntryCondition,MBSE検討2回目,MBSE検討2回目,,JPN,4WD,,2,,2,SElist_[Kei]_JPN_4WD,,no App,,kg,Variation#2-5,Variation#2-5,PRMV0083872,Vehicle Severe Weight,Towing,－,C7A0743743214D49AE5FFB6973444FCE,PT構想審査,
1,02471BB2E9384716A031DB28264BC728,1,0,PRMV0083873 空力 Cd  －,A,45559.25005,0,0,EntryCondition,MBSE検討2回目,MBSE検討2回目,,JPN,4WD,,2,,2,SElist_[Kei]_JPN_4WD,,"0.406(NML)
0.409(MMC)",,－,Variation#2-5,Variation#2-5,PRMV0083873,空力,Cd ,－,C7A0743743214D49AE5FFB6973444FCE,PT構想審査,
1,B23922C7BED84249BB11AB0CA00EDB20,1,0,PRMV0083874 空力 A －,A,45559.25006,0,0,EntryCondition,MBSE検討2回目,MBSE検討2回目,,JPN,4WD,,2,,2,SElist_[Kei]_JPN_4WD,,2.21,,m#00B2,Variation#2-5,Variation#2-5,PRMV0083874,空力,A,－,C7A0743743214D49AE5FFB6973444FCE,PT構想審査,
1,60555397FFCB4D17867B6B2615733E63,1,0,PRMV0083875 空力 ΔCd (AGS閉→全開) －,A,45559.25006,0,0,EntryCondition,MBSE検討2回目,MBSE検討2回目,,JPN,4WD,,2,,2,SElist_[Kei]_JPN_4WD,,n,,－,Variation#2-5,Variation#2-5,PRMV0083875,空力,ΔCd (AGS閉→全開),－,C7A0743743214D49AE5FFB6973444FCE,PT構想審査,
1,936FF0D28B9F4BB393500D94948FBA59,1,0,PRMV0083876 空力 Grill shutter車速閾値 高速側 (閉→開)/(開→閉) －,A,45559.25007,0,0,EntryCondition,MBSE検討2回目,MBSE検討2回目,,JPN,4WD,,2,,2,SElist_[Kei]_JPN_4WD,,n,,kph,Variation#2-5,Variation#2-5,PRMV0083876,空力,Grill shutter車速閾値 高速側 (閉→開)/(開→閉),－,C7A0743743214D49AE5FFB6973444FCE,PT構想審査,
1,D94B56832BB64FB3BBC4188F49B0365A,1,0,PRMV0083877 空力 Grill shutter車速閾値 低速側 (閉→開)/(開→閉) －,A,45559.25007,0,0,EntryCondition,MBSE検討2回目,MBSE検討2回目,,JPN,4WD,,2,,2,SElist_[Kei]_JPN_4WD,,n,,kph,Variation#2-5,Variation#2-5,PRMV0083877,空力,Grill shutter車速閾値 低速側 (閉→開)/(開→閉),－,C7A0743743214D49AE5FFB6973444FCE,PT構想審査,
1,70D745088BAA4663B04AFCDB183C4634,1,0,PRMV0083878 タイヤ FRサイズ －,A,45559.25008,0,0,EntryCondition,MBSE検討2回目,MBSE検討2回目,,JPN,4WD,,2,,2,SElist_[Kei]_JPN_4WD,,n,,－,Variation#2-5,Variation#2-5,PRMV0083878,タイヤ,FRサイズ,－,C7A0743743214D49AE5FFB6973444FCE,PT構想審査,
1,45967012299F40F1BB9691D0B3D84126,1,0,PRMV0083879 タイヤ FR動半径 －,A,45559.25008,0,0,EntryCondition,MBSE検討2回目,MBSE検討2回目,,JPN,4WD,,2,,2,SElist_[Kei]_JPN_4WD,,0.278,,m,Variation#2-5,Variation#2-5,PRMV0083879,タイヤ,FR動半径,－,C7A0743743214D49AE5FFB6973444FCE,PT構想審査,
1,B9F25EE21CD0477FBB6819223B927333,1,0,"PRMV0083880 タイヤ FR RRC (ISO 28560 80kmh,210kPa) －",A,45559.25009,0,0,EntryCondition,MBSE検討2回目,MBSE検討2回目,,JPN,4WD,,2,,2,SElist_[Kei]_JPN_4WD,,7.2,,－,Variation#2-5,Variation#2-5,PRMV0083880,タイヤ,"FR RRC (ISO 28560 80kmh,210kPa)",－,C7A0743743214D49AE5FFB6973444FCE,PT構想審査,
1,DC930DD54F7C4F70BB56597EEF199AB8,1,0,PRMV0083881 タイヤ FR RRC (車両状態) －,A,45559.2501,0,0,EntryCondition,MBSE検討2回目,MBSE検討2回目,,JPN,4WD,,2,,2,SElist_[Kei]_JPN_4WD,,68,,－,Variation#2-5,Variation#2-5,PRMV0083881,タイヤ,FR RRC (車両状態),－,C7A0743743214D49AE5FFB6973444FCE,PT構想審査,
1,EC9BA4623E5A4984B5D25F90FD4D72BC,1,0,PRMV0083882 タイヤ FR RRC (車両状態)空気圧 －,A,45559.2501,0,0,EntryCondition,MBSE検討2回目,MBSE検討2回目,,JPN,4WD,,2,,2,SElist_[Kei]_JPN_4WD,,240,,kPa,Variation#2-5,Variation#2-5,PRMV0083882,タイヤ,FR RRC (車両状態)空気圧,－,C7A0743743214D49AE5FFB6973444FCE,PT構想審査,
1,5C327807B45A4FC0B7E5DF63C765EB8D,1,0,PRMV0083883 タイヤ FR イナーシャ(1本)  －,A,45559.25012,0,0,EntryCondition,MBSE検討2回目,MBSE検討2回目,,JPN,4WD,,2,,2,SElist_[Kei]_JPN_4WD,,0.53,,kgm#00B2,Variation#2-5,Variation#2-5,PRMV0083883,タイヤ,FR イナーシャ(1本) ,－,C7A0743743214D49AE5FFB6973444FCE,PT構想審査,
1,4E18E781B5EA4B01BD9C1016872B3D16,1,0,PRMV0083884 タイヤ RRサイズ －,A,45559.25012,0,0,EntryCondition,MBSE検討2回目,MBSE検討2回目,,JPN,4WD,,2,,2,SElist_[Kei]_JPN_4WD,,n,,－,Variation#2-5,Variation#2-5,PRMV0083884,タイヤ,RRサイズ,－,C7A0743743214D49AE5FFB6973444FCE,PT構想審査,
1,531A62C043B74426A716B2361A4575A5,1,0,PRMV0083885 タイヤ RR動半径 －,A,45559.25013,0,0,EntryCondition,MBSE検討2回目,MBSE検討2回目,,JPN,4WD,,2,,2,SElist_[Kei]_JPN_4WD,,0.278,,m,Variation#2-5,Variation#2-5,PRMV0083885,タイヤ,RR動半径,－,C7A0743743214D49AE5FFB6973444FCE,PT構想審査,
1,F3A438780FA24FDD8287582445959453,1,0,"PRMV0083886 タイヤ RR RRC (ISO 28560 80kmh,210kPa) －",A,45559.25013,0,0,EntryCondition,MBSE検討2回目,MBSE検討2回目,,JPN,4WD,,2,,2,SElist_[Kei]_JPN_4WD,,n,,－,Variation#2-5,Variation#2-5,PRMV0083886,タイヤ,"RR RRC (ISO 28560 80kmh,210kPa)",－,C7A0743743214D49AE5FFB6973444FCE,PT構想審査,
1,4A8255CB221F45B3B23CDB095FD28E38,1,0,PRMV0083887 タイヤ RR RRC (車両状態) －,A,45559.25014,0,0,EntryCondition,MBSE検討2回目,MBSE検討2回目,,JPN,4WD,,2,,2,SElist_[Kei]_JPN_4WD,,68,,－,Variation#2-5,Variation#2-5,PRMV0083887,タイヤ,RR RRC (車両状態),－,C7A0743743214D49AE5FFB6973444FCE,PT構想審査,
1,77BBA2E862B24C59B3DA2C2131EB7445,1,0,PRMV0083888 タイヤ RR RRC (車両状態)空気圧 －,A,45559.25014,0,0,EntryCondition,MBSE検討2回目,MBSE検討2回目,,JPN,4WD,,2,,2,SElist_[Kei]_JPN_4WD,,240,,kPa,Variation#2-5,Variation#2-5,PRMV0083888,タイヤ,RR RRC (車両状態)空気圧,－,C7A0743743214D49AE5FFB6973444FCE,PT構想審査,
1,FBD6F9139FC141AAB99A41D6104FFB42,1,0,PRMV0083889 タイヤ RR イナーシャ(1本)  －,A,45559.25015,0,0,EntryCondition,MBSE検討2回目,MBSE検討2回目,,JPN,4WD,,2,,2,SElist_[Kei]_JPN_4WD,,0.53,,kgm#00B2,Variation#2-5,Variation#2-5,PRMV0083889,タイヤ,RR イナーシャ(1本) ,－,C7A0743743214D49AE5FFB6973444FCE,PT構想審査,
1,8118BEB73A86483C9ED1291035147C9E,1,0,PRMV0083890 ホイール 仕様 －,A,45559.25016,0,0,EntryCondition,MBSE検討2回目,MBSE検討2回目,,JPN,4WD,,2,,2,SElist_[Kei]_JPN_4WD,,n,,－,Variation#2-5,Variation#2-5,PRMV0083890,ホイール,仕様,－,C7A0743743214D49AE5FFB6973444FCE,PT構想審査,
1,9D77B631CED74125816B0AA4C9D2690B,1,0,PRMV0083891 ホイール イナーシャ(1本) －,A,45559.25016,0,0,EntryCondition,MBSE検討2回目,MBSE検討2回目,,JPN,4WD,,2,,2,SElist_[Kei]_JPN_4WD,,no App,,kgm#00B2,Variation#2-5,Variation#2-5,PRMV0083891,ホイール,イナーシャ(1本),－,C7A0743743214D49AE5FFB6973444FCE,PT構想審査,
1,E5A3763765C04AC884068B2FB4E878A8,1,0,PRMV0083892 HUB Total引き摺りトルク (@80km/h) －,A,45559.25017,0,0,EntryCondition,MBSE検討2回目,MBSE検討2回目,,JPN,4WD,,2,,2,SElist_[Kei]_JPN_4WD,,n,,Nm/veh,Variation#2-5,Variation#2-5,PRMV0083892,HUB,Total引き摺りトルク (@80km/h),－,C7A0743743214D49AE5FFB6973444FCE,PT構想審査,
1,1D83FCE2ADEA49AA9713681558DEFCD0,1,0,PRMV0083893 HUB FR 引き摺りトルク (@80km/h) －,A,45559.25017,0,0,EntryCondition,MBSE検討2回目,MBSE検討2回目,,JPN,4WD,,2,,2,SElist_[Kei]_JPN_4WD,,n,,Nm/veh,Variation#2-5,Variation#2-5,PRMV0083893,HUB,FR 引き摺りトルク (@80km/h),－,C7A0743743214D49AE5FFB6973444FCE,PT構想審査,
1,DFFB2959D2FC4ADCA73E64072F034A0E,1,0,PRMV0083894 HUB RR 引き摺りトルク (@80km/h) －,A,45559.25019,0,0,EntryCondition,MBSE検討2回目,MBSE検討2回目,,JPN,4WD,,2,,2,SElist_[Kei]_JPN_4WD,,n,,Nm/veh,Variation#2-5,Variation#2-5,PRMV0083894,HUB,RR 引き摺りトルク (@80km/h),－,C7A0743743214D49AE5FFB6973444FCE,PT構想審査,
1,D2ED8C3C37D34AEAB6EFC86B192AB5E6,1,0,PRMV0083895 HUB FR イナーシャ －,A,45559.2502,0,0,EntryCondition,MBSE検討2回目,MBSE検討2回目,,JPN,4WD,,2,,2,SElist_[Kei]_JPN_4WD,,n,,kgm#00B2,Variation#2-5,Variation#2-5,PRMV0083895,HUB,FR イナーシャ,－,C7A0743743214D49AE5FFB6973444FCE,PT構想審査,
1,1C7ED99FA6F04967860BD7FA800DEED7,1,0,PRMV0083896 HUB RR イナーシャ －,A,45559.2502,0,0,EntryCondition,MBSE検討2回目,MBSE検討2回目,,JPN,4WD,,2,,2,SElist_[Kei]_JPN_4WD,,n,,kgm#00B2,Variation#2-5,Variation#2-5,PRMV0083896,HUB,RR イナーシャ,－,C7A0743743214D49AE5FFB6973444FCE,PT構想審査,
1,24BFCBF1269B4DDFBD721CBF95088630,1,0,PRMV0083897 ブレーキ 引き摺りトルク (＠経験圧3Mpa)  －,A,45559.25021,0,0,EntryCondition,MBSE検討2回目,MBSE検討2回目,,JPN,4WD,,2,,2,SElist_[Kei]_JPN_4WD,,n,,Nm/veh,Variation#2-5,Variation#2-5,PRMV0083897,ブレーキ,引き摺りトルク (＠経験圧3Mpa) ,－,C7A0743743214D49AE5FFB6973444FCE,PT構想審査,
1,547B47025E2748C89FAF478D9F7C7B3C,1,0,PRMV0083898 ブレーキ FR引き摺りトルク (経験圧3Mpa＠60kph) －,A,45559.25021,0,0,EntryCondition,MBSE検討2回目,MBSE検討2回目,,JPN,4WD,,2,,2,SElist_[Kei]_JPN_4WD,,n,,Nm/veh,Variation#2-5,Variation#2-5,PRMV0083898,ブレーキ,FR引き摺りトルク (経験圧3Mpa＠60kph),－,C7A0743743214D49AE5FFB6973444FCE,PT構想審査,
1,6894F65F89934F5594EA97FD17B70393,1,0,PRMV0083899 ブレーキ RR引き摺りトルク(経験圧3Mpa＠60kph) －,A,45559.25021,0,0,EntryCondition,MBSE検討2回目,MBSE検討2回目,,JPN,4WD,,2,,2,SElist_[Kei]_JPN_4WD,,n,,Nm/veh,Variation#2-5,Variation#2-5,PRMV0083899,ブレーキ,RR引き摺りトルク(経験圧3Mpa＠60kph),－,C7A0743743214D49AE5FFB6973444FCE,PT構想審査,
1,F91F5CBAD8724E328BF5480CDB5FFBA3,1,0,PRMV0083900 ブレーキ FRイナーシャ －,A,45559.25022,0,0,EntryCondition,MBSE検討2回目,MBSE検討2回目,,JPN,4WD,,2,,2,SElist_[Kei]_JPN_4WD,,n,,kgm#00B2,Variation#2-5,Variation#2-5,PRMV0083900,ブレーキ,FRイナーシャ,－,C7A0743743214D49AE5FFB6973444FCE,PT構想審査,
1,991DC771096C4BAEB8D568B3D1676FE1,1,0,PRMV0083901 ブレーキ RRイナーシャ －,A,45559.25023,0,0,EntryCondition,MBSE検討2回目,MBSE検討2回目,,JPN,4WD,,2,,2,SElist_[Kei]_JPN_4WD,,n,,kgm#00B2,Variation#2-5,Variation#2-5,PRMV0083901,ブレーキ,RRイナーシャ,－,C7A0743743214D49AE5FFB6973444FCE,PT構想審査,
1,9EC5BF5C420849BDBDD944F004E44589,1,0,PRMV0083902 車両姿勢 グランドクリアランスMin －,A,45559.25023,0,0,EntryCondition,MBSE検討2回目,MBSE検討2回目,,JPN,4WD,,2,,2,SElist_[Kei]_JPN_4WD,,n,,mm,Variation#2-5,Variation#2-5,PRMV0083902,車両姿勢,グランドクリアランスMin,－,C7A0743743214D49AE5FFB6973444FCE,PT構想審査,
1,51CE11194E144D4D84BB93B0F26D31D7,1,0,PRMV0083903 Test Weight 航続距離試験(ETW)Total －,A,45559.25024,0,0,EntryCondition,MBSE検討2回目,MBSE検討2回目,,JPN,4WD,,2,,2,SElist_[Kei]_JPN_4WD,,n,,kg,Variation#2-5,Variation#2-5,PRMV0083903,Test Weight,航続距離試験(ETW)Total,－,C7A0743743214D49AE5FFB6973444FCE,PT構想審査,
1,5C93F996C90947B8A36196692578B507,1,0,PRMV0083904 Test Weight 航続距離試験(ETW)FR －,A,45559.25024,0,0,EntryCondition,MBSE検討2回目,MBSE検討2回目,,JPN,4WD,,2,,2,SElist_[Kei]_JPN_4WD,,n,,kg,Variation#2-5,Variation#2-5,PRMV0083904,Test Weight,航続距離試験(ETW)FR,－,C7A0743743214D49AE5FFB6973444FCE,PT構想審査,
1,581FD5572BCC44B3A91C483155AF5D5C,1,0,PRMV0083905 Test Weight 航続距離試験(ETW)RR －,A,45559.25025,0,0,EntryCondition,MBSE検討2回目,MBSE検討2回目,,JPN,4WD,,2,,2,SElist_[Kei]_JPN_4WD,,n,,kg,Variation#2-5,Variation#2-5,PRMV0083905,Test Weight,航続距離試験(ETW)RR,－,C7A0743743214D49AE5FFB6973444FCE,PT構想審査,
1,0C87D30363C8421BA97B61677B0D14CD,1,0,PRMV0083906 Test Weight 動力当り前性能  －,A,45559.25025,0,0,EntryCondition,MBSE検討2回目,MBSE検討2回目,,JPN,4WD,,2,,2,SElist_[Kei]_JPN_4WD,,n,,kg,Variation#2-5,Variation#2-5,PRMV0083906,Test Weight,動力当り前性能 ,－,C7A0743743214D49AE5FFB6973444FCE,PT構想審査,
1,801A0BC39FF6497DA5945FC6F0E19739,1,0,PRMV0083907 Test Weight 動力Accerelation －,A,45559.25027,0,0,EntryCondition,MBSE検討2回目,MBSE検討2回目,,JPN,4WD,,2,,2,SElist_[Kei]_JPN_4WD,,n,,kg,Variation#2-5,Variation#2-5,PRMV0083907,Test Weight,動力Accerelation,－,C7A0743743214D49AE5FFB6973444FCE,PT構想審査,
1,146F09493C4041BEB3B64C63145572F9,1,0,PRMV0083908 Test Weight 動力Vmax －,A,45559.25027,0,0,EntryCondition,MBSE検討2回目,MBSE検討2回目,,JPN,4WD,,2,,2,SElist_[Kei]_JPN_4WD,,n,,kg,Variation#2-5,Variation#2-5,PRMV0083908,Test Weight,動力Vmax,－,C7A0743743214D49AE5FFB6973444FCE,PT構想審査,
1,77A30CB2857C41C89CD9D99304222078,1,0,PRMV0083909 Test Weight 熱NEMシビアシーン －,A,45559.25028,0,0,EntryCondition,MBSE検討2回目,MBSE検討2回目,,JPN,4WD,,2,,2,SElist_[Kei]_JPN_4WD,,n,,kg,Variation#2-5,Variation#2-5,PRMV0083909,Test Weight,熱NEMシビアシーン,－,C7A0743743214D49AE5FFB6973444FCE,PT構想審査,
1,4128E01763314949B96AAF43CAD6AD5F,1,0,PRMV0083910 Test Weight 熱加減速繰り返し走行 －,A,45559.25028,0,0,EntryCondition,MBSE検討2回目,MBSE検討2回目,,JPN,4WD,,2,,2,SElist_[Kei]_JPN_4WD,,n,,kg,Variation#2-5,Variation#2-5,PRMV0083910,Test Weight,熱加減速繰り返し走行,－,C7A0743743214D49AE5FFB6973444FCE,PT構想審査,
1,10DC876EDB3C4AD0A8A12D963E4B9D60,1,0,PRMV0083911 Test Weight 熱Towing －,A,45559.25029,0,0,EntryCondition,MBSE検討2回目,MBSE検討2回目,,JPN,4WD,,2,,2,SElist_[Kei]_JPN_4WD,,n,,kg,Variation#2-5,Variation#2-5,PRMV0083911,Test Weight,熱Towing,－,C7A0743743214D49AE5FFB6973444FCE,PT構想審査,
1,24D3379F096049CDAC6A25DBF682955F,1,0,PRMV0083912 Test Weight 熱低温性能 －,A,45559.25029,0,0,EntryCondition,MBSE検討2回目,MBSE検討2回目,,JPN,4WD,,2,,2,SElist_[Kei]_JPN_4WD,,n,,kg,Variation#2-5,Variation#2-5,PRMV0083912,Test Weight,熱低温性能,－,C7A0743743214D49AE5FFB6973444FCE,PT構想審査,
1,4EEA7ADB0386486689D8CBFB4BFB4D4B,1,0,PRMV0083913 走行抵抗 届出(Target Lset式) A0 －,A,45559.2503,0,0,EntryCondition,MBSE検討2回目,MBSE検討2回目,,JPN,4WD,,2,,2,SElist_[Kei]_JPN_4WD,,n,,N,Variation#2-5,Variation#2-5,PRMV0083913,走行抵抗,届出(Target Lset式) A0,－,C7A0743743214D49AE5FFB6973444FCE,PT構想審査,
1,1CE843FCC8164F21BBA2B5FCB2653621,1,0,PRMV0083914 走行抵抗 届出(Target Lset式) A1 －,A,45559.2503,0,0,EntryCondition,MBSE検討2回目,MBSE検討2回目,,JPN,4WD,,2,,2,SElist_[Kei]_JPN_4WD,,n,,N/kph,Variation#2-5,Variation#2-5,PRMV0083914,走行抵抗,届出(Target Lset式) A1,－,C7A0743743214D49AE5FFB6973444FCE,PT構想審査,
1,B7FE1D02AF35460C8AB4CCC4854BD8D7,1,0,PRMV0083915 走行抵抗 届出(Target Lset式) A2 －,A,45559.25031,0,0,EntryCondition,MBSE検討2回目,MBSE検討2回目,,JPN,4WD,,2,,2,SElist_[Kei]_JPN_4WD,,n,,N/kph#00B2,Variation#2-5,Variation#2-5,PRMV0083915,走行抵抗,届出(Target Lset式) A2,－,C7A0743743214D49AE5FFB6973444FCE,PT構想審査,
1,7FDED420441F4486A9F7C3D7F87E4D75,1,0,PRMV0083916 走行抵抗 届出(Target Lset式) IP －,A,45559.25031,0,0,EntryCondition,MBSE検討2回目,MBSE検討2回目,,JPN,4WD,,2,,2,SElist_[Kei]_JPN_4WD,,n,,lbs,Variation#2-5,Variation#2-5,PRMV0083916,走行抵抗,届出(Target Lset式) IP,－,C7A0743743214D49AE5FFB6973444FCE,PT構想審査,
1,B14A67F61A8944A9AB3B7CD2EF8C5CCA,1,0,PRMV0083917 性能検討用走行抵抗式(ePT連れ回り排除) 航続距離(C/D車載状態)A0 －,A,45559.25032,0,0,EntryCondition,MBSE検討2回目,MBSE検討2回目,,JPN,4WD,,2,,2,SElist_[Kei]_JPN_4WD,,n,,N,Variation#2-5,Variation#2-5,PRMV0083917,性能検討用走行抵抗式(ePT連れ回り排除),航続距離(C/D車載状態)A0,－,C7A0743743214D49AE5FFB6973444FCE,PT構想審査,
1,7582E491238248C488D535ABE6F1BB87,1,0,PRMV0083918 性能検討用走行抵抗式(ePT連れ回り排除) 航続距離(C/D車載状態)A1 －,A,45559.25032,0,0,EntryCondition,MBSE検討2回目,MBSE検討2回目,,JPN,4WD,,2,,2,SElist_[Kei]_JPN_4WD,,n,,N/kph,Variation#2-5,Variation#2-5,PRMV0083918,性能検討用走行抵抗式(ePT連れ回り排除),航続距離(C/D車載状態)A1,－,C7A0743743214D49AE5FFB6973444FCE,PT構想審査,
1,4EFE207BE593403388954102178DC07D,1,0,PRMV0083919 性能検討用走行抵抗式(ePT連れ回り排除) 航続距離(C/D車載状態)A2 －,A,45559.25034,0,0,EntryCondition,MBSE検討2回目,MBSE検討2回目,,JPN,4WD,,2,,2,SElist_[Kei]_JPN_4WD,,n,,N/kph#00B2,Variation#2-5,Variation#2-5,PRMV0083919,性能検討用走行抵抗式(ePT連れ回り排除),航続距離(C/D車載状態)A2,－,C7A0743743214D49AE5FFB6973444FCE,PT構想審査,
1,FE9A1134763A462AAF4E6E5A1AE5ACBE,1,0,PRMV0083920 性能検討用走行抵抗式(ePT連れ回り排除) 航続距離(C/D車載状態)IP －,A,45559.25034,0,0,EntryCondition,MBSE検討2回目,MBSE検討2回目,,JPN,4WD,,2,,2,SElist_[Kei]_JPN_4WD,,n,,lbs,Variation#2-5,Variation#2-5,PRMV0083920,性能検討用走行抵抗式(ePT連れ回り排除),航続距離(C/D車載状態)IP,－,C7A0743743214D49AE5FFB6973444FCE,PT構想審査,
1,1BD4806F366245BEBAA84A889A67B792,1,0,PRMV0083921 性能検討用走行抵抗式(ePT連れ回り排除) 動力当り前性能A0 －,A,45559.25035,0,0,EntryCondition,MBSE検討2回目,MBSE検討2回目,,JPN,4WD,,2,,2,SElist_[Kei]_JPN_4WD,,n,,N,Variation#2-5,Variation#2-5,PRMV0083921,性能検討用走行抵抗式(ePT連れ回り排除),動力当り前性能A0,－,C7A0743743214D49AE5FFB6973444FCE,PT構想審査,
1,CAA904EBCDAA445EAFBC875DAA2E4135,1,0,PRMV0083922 性能検討用走行抵抗式(ePT連れ回り排除) 動力当り前性能A1 －,A,45559.25035,0,0,EntryCondition,MBSE検討2回目,MBSE検討2回目,,JPN,4WD,,2,,2,SElist_[Kei]_JPN_4WD,,n,,N/kph,Variation#2-5,Variation#2-5,PRMV0083922,性能検討用走行抵抗式(ePT連れ回り排除),動力当り前性能A1,－,C7A0743743214D49AE5FFB6973444FCE,PT構想審査,
1,CA89A492ECBA44DAAF8FF7CC84A375D8,1,0,PRMV0083923 性能検討用走行抵抗式(ePT連れ回り排除) 動力当り前性能A2 －,A,45559.25036,0,0,EntryCondition,MBSE検討2回目,MBSE検討2回目,,JPN,4WD,,2,,2,SElist_[Kei]_JPN_4WD,,n,,N/kph#00B2,Variation#2-5,Variation#2-5,PRMV0083923,性能検討用走行抵抗式(ePT連れ回り排除),動力当り前性能A2,－,C7A0743743214D49AE5FFB6973444FCE,PT構想審査,
1,996CF52020AC48D090FEC5CE49635DD2,1,0,PRMV0083924 性能検討用走行抵抗式(ePT連れ回り排除) 動力当り前性能IP －,A,45559.25036,0,0,EntryCondition,MBSE検討2回目,MBSE検討2回目,,JPN,4WD,,2,,2,SElist_[Kei]_JPN_4WD,,n,,kg,Variation#2-5,Variation#2-5,PRMV0083924,性能検討用走行抵抗式(ePT連れ回り排除),動力当り前性能IP,－,C7A0743743214D49AE5FFB6973444FCE,PT構想審査,
1,F8C96736774A46E7931F8E1BDBBAC265,1,0,PRMV0083925 性能検討用走行抵抗式(ePT連れ回り排除) 動力AccerelationA0 －,A,45559.25037,0,0,EntryCondition,MBSE検討2回目,MBSE検討2回目,,JPN,4WD,,2,,2,SElist_[Kei]_JPN_4WD,,n,,N,Variation#2-5,Variation#2-5,PRMV0083925,性能検討用走行抵抗式(ePT連れ回り排除),動力AccerelationA0,－,C7A0743743214D49AE5FFB6973444FCE,PT構想審査,
1,F342462CEC3A4FBBA82C554DE3965925,1,0,PRMV0083926 性能検討用走行抵抗式(ePT連れ回り排除) 動力AccerelationA1 －,A,45559.25037,0,0,EntryCondition,MBSE検討2回目,MBSE検討2回目,,JPN,4WD,,2,,2,SElist_[Kei]_JPN_4WD,,n,,N/kph,Variation#2-5,Variation#2-5,PRMV0083926,性能検討用走行抵抗式(ePT連れ回り排除),動力AccerelationA1,－,C7A0743743214D49AE5FFB6973444FCE,PT構想審査,
1,A05258760EEB4DC78D79CED6EBFA873C,1,0,PRMV0083927 性能検討用走行抵抗式(ePT連れ回り排除) 動力AccerelationA2 －,A,45559.25038,0,0,EntryCondition,MBSE検討2回目,MBSE検討2回目,,JPN,4WD,,2,,2,SElist_[Kei]_JPN_4WD,,n,,N/kph#00B2,Variation#2-5,Variation#2-5,PRMV0083927,性能検討用走行抵抗式(ePT連れ回り排除),動力AccerelationA2,－,C7A0743743214D49AE5FFB6973444FCE,PT構想審査,
1,FCC995E3443C44DE8E3AFFC1B48AD497,1,0,PRMV0083928 性能検討用走行抵抗式(ePT連れ回り排除) 動力AccerelationIP －,A,45559.25038,0,0,EntryCondition,MBSE検討2回目,MBSE検討2回目,,JPN,4WD,,2,,2,SElist_[Kei]_JPN_4WD,,n,,kg,Variation#2-5,Variation#2-5,PRMV0083928,性能検討用走行抵抗式(ePT連れ回り排除),動力AccerelationIP,－,C7A0743743214D49AE5FFB6973444FCE,PT構想審査,
1,8CD0E8C2E2B14CB6972188DC376E5237,1,0,PRMV0083929 性能検討用走行抵抗式(ePT連れ回り排除) 動力VmaxA0 －,A,45559.25039,0,0,EntryCondition,MBSE検討2回目,MBSE検討2回目,,JPN,4WD,,2,,2,SElist_[Kei]_JPN_4WD,,n,,N,Variation#2-5,Variation#2-5,PRMV0083929,性能検討用走行抵抗式(ePT連れ回り排除),動力VmaxA0,－,C7A0743743214D49AE5FFB6973444FCE,PT構想審査,
1,6BF971C053F249E1831BE23F33E29FDF,1,0,PRMV0083930 性能検討用走行抵抗式(ePT連れ回り排除) 動力VmaxA1 －,A,45559.25039,0,0,EntryCondition,MBSE検討2回目,MBSE検討2回目,,JPN,4WD,,2,,2,SElist_[Kei]_JPN_4WD,,n,,N/kph,Variation#2-5,Variation#2-5,PRMV0083930,性能検討用走行抵抗式(ePT連れ回り排除),動力VmaxA1,－,C7A0743743214D49AE5FFB6973444FCE,PT構想審査,
1,1CF0005768EC4EDE8CFB31088E6FB33C,1,0,PRMV0083931 性能検討用走行抵抗式(ePT連れ回り排除) 動力VmaxA2 －,A,45559.25041,0,0,EntryCondition,MBSE検討2回目,MBSE検討2回目,,JPN,4WD,,2,,2,SElist_[Kei]_JPN_4WD,,n,,N/kph#00B2,Variation#2-5,Variation#2-5,PRMV0083931,性能検討用走行抵抗式(ePT連れ回り排除),動力VmaxA2,－,C7A0743743214D49AE5FFB6973444FCE,PT構想審査,
1,F78095D172CF47DCB678C0D7AA051D4D,1,0,PRMV0083932 性能検討用走行抵抗式(ePT連れ回り排除) 動力VmaxIP －,A,45559.25041,0,0,EntryCondition,MBSE検討2回目,MBSE検討2回目,,JPN,4WD,,2,,2,SElist_[Kei]_JPN_4WD,,n,,kg,Variation#2-5,Variation#2-5,PRMV0083932,性能検討用走行抵抗式(ePT連れ回り排除),動力VmaxIP,－,C7A0743743214D49AE5FFB6973444FCE,PT構想審査,
1,46D5747187D34F96A1BC5C35F8B75F7F,1,0,PRMV0083933 性能検討用走行抵抗式(ePT連れ回り排除) 熱NEMシビアシーンA0 －,A,45559.25042,0,0,EntryCondition,MBSE検討2回目,MBSE検討2回目,,JPN,4WD,,2,,2,SElist_[Kei]_JPN_4WD,,n,,別紙,Variation#2-5,Variation#2-5,PRMV0083933,性能検討用走行抵抗式(ePT連れ回り排除),熱NEMシビアシーンA0,－,C7A0743743214D49AE5FFB6973444FCE,PT構想審査,
1,95A5A11D03CF44AB89BE8FEDB4CA1CE1,1,0,PRMV0083934 性能検討用走行抵抗式(ePT連れ回り排除) 熱加減速繰り返し走行A0 －,A,45559.25042,0,0,EntryCondition,MBSE検討2回目,MBSE検討2回目,,JPN,4WD,,2,,2,SElist_[Kei]_JPN_4WD,,n,,N,Variation#2-5,Variation#2-5,PRMV0083934,性能検討用走行抵抗式(ePT連れ回り排除),熱加減速繰り返し走行A0,－,C7A0743743214D49AE5FFB6973444FCE,PT構想審査,
1,CA6C0294807A4298866DCD4C516D38A9,1,0,PRMV0083935 性能検討用走行抵抗式(ePT連れ回り排除) 熱加減速繰り返し走行A1 －,A,45559.25043,0,0,EntryCondition,MBSE検討2回目,MBSE検討2回目,,JPN,4WD,,2,,2,SElist_[Kei]_JPN_4WD,,n,,N/kph,Variation#2-5,Variation#2-5,PRMV0083935,性能検討用走行抵抗式(ePT連れ回り排除),熱加減速繰り返し走行A1,－,C7A0743743214D49AE5FFB6973444FCE,PT構想審査,
1,352A82E038D54399A078210FB987D0DB,1,0,PRMV0083936 性能検討用走行抵抗式(ePT連れ回り排除) 熱加減速繰り返し走行A2 －,A,45559.25044,0,0,EntryCondition,MBSE検討2回目,MBSE検討2回目,,JPN,4WD,,2,,2,SElist_[Kei]_JPN_4WD,,n,,N/kph#00B2,Variation#2-5,Variation#2-5,PRMV0083936,性能検討用走行抵抗式(ePT連れ回り排除),熱加減速繰り返し走行A2,－,C7A0743743214D49AE5FFB6973444FCE,PT構想審査,
1,DF399DC98B3F411299C6BCC275646FE2,1,0,PRMV0083937 性能検討用走行抵抗式(ePT連れ回り排除) 熱加減速繰り返し走行IP －,A,45559.25044,0,0,EntryCondition,MBSE検討2回目,MBSE検討2回目,,JPN,4WD,,2,,2,SElist_[Kei]_JPN_4WD,,n,,kg,Variation#2-5,Variation#2-5,PRMV0083937,性能検討用走行抵抗式(ePT連れ回り排除),熱加減速繰り返し走行IP,－,C7A0743743214D49AE5FFB6973444FCE,PT構想審査,
1,5E445CC8FDA64E2A8B51049FFF3F7DFD,1,0,PRMV0083938 性能検討用走行抵抗式(ePT連れ回り排除) 熱TowingA0 －,A,45559.25045,0,0,EntryCondition,MBSE検討2回目,MBSE検討2回目,,JPN,4WD,,2,,2,SElist_[Kei]_JPN_4WD,,n,,N,Variation#2-5,Variation#2-5,PRMV0083938,性能検討用走行抵抗式(ePT連れ回り排除),熱TowingA0,－,C7A0743743214D49AE5FFB6973444FCE,PT構想審査,
1,7E72CF2FD37E4CBDB1ECD8F936E52199,1,0,PRMV0083939 性能検討用走行抵抗式(ePT連れ回り排除) 熱TowingA1 －,A,45559.25045,0,0,EntryCondition,MBSE検討2回目,MBSE検討2回目,,JPN,4WD,,2,,2,SElist_[Kei]_JPN_4WD,,n,,N/kph,Variation#2-5,Variation#2-5,PRMV0083939,性能検討用走行抵抗式(ePT連れ回り排除),熱TowingA1,－,C7A0743743214D49AE5FFB6973444FCE,PT構想審査,
1,BF54562F6F884A84AD1DC3B6219C03DD,1,0,PRMV0083940 性能検討用走行抵抗式(ePT連れ回り排除) 熱TowingA2 －,A,45559.25046,0,0,EntryCondition,MBSE検討2回目,MBSE検討2回目,,JPN,4WD,,2,,2,SElist_[Kei]_JPN_4WD,,n,,N/kph#00B2,Variation#2-5,Variation#2-5,PRMV0083940,性能検討用走行抵抗式(ePT連れ回り排除),熱TowingA2,－,C7A0743743214D49AE5FFB6973444FCE,PT構想審査,
1,B5F8679286764C6DAE83AF1D802346C1,1,0,PRMV0083941 性能検討用走行抵抗式(ePT連れ回り排除) 熱TowingIP －,A,45559.25046,0,0,EntryCondition,MBSE検討2回目,MBSE検討2回目,,JPN,4WD,,2,,2,SElist_[Kei]_JPN_4WD,,n,,kg,Variation#2-5,Variation#2-5,PRMV0083941,性能検討用走行抵抗式(ePT連れ回り排除),熱TowingIP,－,C7A0743743214D49AE5FFB6973444FCE,PT構想審査,
1,5DD308BBAFBF44C0809B440FBAE62EA3,1,0,PRMV0083942 性能検討用走行抵抗式(ePT連れ回り排除) 熱低温性能A0 －,A,45559.25047,0,0,EntryCondition,MBSE検討2回目,MBSE検討2回目,,JPN,4WD,,2,,2,SElist_[Kei]_JPN_4WD,,n,,N,Variation#2-5,Variation#2-5,PRMV0083942,性能検討用走行抵抗式(ePT連れ回り排除),熱低温性能A0,－,C7A0743743214D49AE5FFB6973444FCE,PT構想審査,
1,602FAC36D7484523BA3C178347C06A95,1,0,PRMV0083943 性能検討用走行抵抗式(ePT連れ回り排除) 熱低温性能A1 －,A,45559.25047,0,0,EntryCondition,MBSE検討2回目,MBSE検討2回目,,JPN,4WD,,2,,2,SElist_[Kei]_JPN_4WD,,n,,N/kph,Variation#2-5,Variation#2-5,PRMV0083943,性能検討用走行抵抗式(ePT連れ回り排除),熱低温性能A1,－,C7A0743743214D49AE5FFB6973444FCE,PT構想審査,
1,241C589674634BE0B6239C29130DB5F6,1,0,PRMV0083944 性能検討用走行抵抗式(ePT連れ回り排除) 熱低温性能A2 －,A,45559.25049,0,0,EntryCondition,MBSE検討2回目,MBSE検討2回目,,JPN,4WD,,2,,2,SElist_[Kei]_JPN_4WD,,n,,N/kph#00B2,Variation#2-5,Variation#2-5,PRMV0083944,性能検討用走行抵抗式(ePT連れ回り排除),熱低温性能A2,－,C7A0743743214D49AE5FFB6973444FCE,PT構想審査,
1,364A9346682B4E2BBB508ABA6AD40433,1,0,PRMV0083945 性能検討用走行抵抗式(ePT連れ回り排除) 熱低温性能IP －,A,45559.2505,0,0,EntryCondition,MBSE検討2回目,MBSE検討2回目,,JPN,4WD,,2,,2,SElist_[Kei]_JPN_4WD,,n,,kg,Variation#2-5,Variation#2-5,PRMV0083945,性能検討用走行抵抗式(ePT連れ回り排除),熱低温性能IP,－,C7A0743743214D49AE5FFB6973444FCE,PT構想審査,
1,D161AB1C19854CE78E2619FDCC7285B9,1,0,PRMV0083946 ePT 最高システム総合出力(公称） －,A,45559.2505,0,0,EntryCondition,MBSE検討2回目,MBSE検討2回目,,JPN,4WD,,2,,2,SElist_[Kei]_JPN_4WD,,n,,kW,Variation#2-5,Variation#2-5,PRMV0083946,ePT,最高システム総合出力(公称）,－,C7A0743743214D49AE5FFB6973444FCE,PT構想審査,
1,9A9008AB91FB427E96F0D2BFCE6E7834,1,0,PRMV0083947 ePT FR MOTイナーシャ －,A,45559.25051,0,0,EntryCondition,MBSE検討2回目,MBSE検討2回目,,JPN,4WD,,2,,2,SElist_[Kei]_JPN_4WD,,0.007503,,kgm#00B2,Variation#2-5,Variation#2-5,PRMV0083947,ePT,FR MOTイナーシャ,－,C7A0743743214D49AE5FFB6973444FCE,PT構想審査,
1,ADD46703972D4470B7F7AE02876B553F,1,0,PRMV0083948 ePT FR GBイナーシャ #21,A,45559.25051,0,0,EntryCondition,MBSE検討2回目,MBSE検討2回目,,JPN,4WD,,2,,2,SElist_[Kei]_JPN_4WD,,0.134(DIFF軸上),,kgm#00B2,Variation#2-5,Variation#2-5,PRMV0083948,ePT,FR GBイナーシャ,#21,C7A0743743214D49AE5FFB6973444FCE,PT構想審査,
1,C43589A99D474F8EBD0F8DED359E2FFB,1,0,PRMV0083949 ePT RR MOTイナーシャ －,A,45559.25052,0,0,EntryCondition,MBSE検討2回目,MBSE検討2回目,,JPN,4WD,,2,,2,SElist_[Kei]_JPN_4WD,,n,,kgm#00B2,Variation#2-5,Variation#2-5,PRMV0083949,ePT,RR MOTイナーシャ,－,C7A0743743214D49AE5FFB6973444FCE,PT構想審査,
1,DFEBFBF87F9B474A9F5F1B009A247A6A,1,0,PRMV0083950 ePT RR GBイナーシャ #21,A,45559.25052,0,0,EntryCondition,MBSE検討2回目,MBSE検討2回目,,JPN,4WD,,2,,2,SElist_[Kei]_JPN_4WD,,0.069(DIFF軸上),,kgm#00B2,Variation#2-5,Variation#2-5,PRMV0083950,ePT,RR GBイナーシャ,#21,C7A0743743214D49AE5FFB6973444FCE,PT構想審査,
1,EAA4366391BA49E4931046643895CA28,1,0,PRMV0083951 ePT FR MOT制限設定トルク上限(第一象限) #21,A,45559.25053,0,0,EntryCondition,MBSE検討2回目,MBSE検討2回目,,JPN,4WD,,2,,2,SElist_[Kei]_JPN_4WD,,94,,Nm,Variation#2-5,Variation#2-5,PRMV0083951,ePT,FR MOT制限設定トルク上限(第一象限),#21,C7A0743743214D49AE5FFB6973444FCE,PT構想審査,
1,DBD5CD9869964DF0A737C07F79203583,1,0,PRMV0083952 ePT FR MOT制限設定トルク下限(第四象限) #21,A,45559.25053,0,0,EntryCondition,MBSE検討2回目,MBSE検討2回目,,JPN,4WD,,2,,2,SElist_[Kei]_JPN_4WD,,-94,,Nm,Variation#2-5,Variation#2-5,PRMV0083952,ePT,FR MOT制限設定トルク下限(第四象限),#21,C7A0743743214D49AE5FFB6973444FCE,PT構想審査,
1,DEFC9ED16BE64B56BE9F7E03D20A716F,1,0,PRMV0083953 ePT FR GB減速比 #21,A,45559.25054,0,0,EntryCondition,MBSE検討2回目,MBSE検討2回目,,JPN,4WD,,2,,2,SElist_[Kei]_JPN_4WD,,12.728,,－,Variation#2-5,Variation#2-5,PRMV0083953,ePT,FR GB減速比,#21,C7A0743743214D49AE5FFB6973444FCE,PT構想審査,
1,3C4B16529DD64457828AEDA31FC220DE,1,0,PRMV0083954 ePT RR MOT制限設定トルク上限(第一象限) #21,A,45559.25054,0,0,EntryCondition,MBSE検討2回目,MBSE検討2回目,,JPN,4WD,,2,,2,SElist_[Kei]_JPN_4WD,,94,,Nm,Variation#2-5,Variation#2-5,PRMV0083954,ePT,RR MOT制限設定トルク上限(第一象限),#21,C7A0743743214D49AE5FFB6973444FCE,PT構想審査,
1,0B2DFEFBA0D94ACB8B4348C4D35638CB,1,0,PRMV0083955 ePT RR MOT制限設定トルク下限(第四象限) #21,A,45559.25056,0,0,EntryCondition,MBSE検討2回目,MBSE検討2回目,,JPN,4WD,,2,,2,SElist_[Kei]_JPN_4WD,,-94,,Nm,Variation#2-5,Variation#2-5,PRMV0083955,ePT,RR MOT制限設定トルク下限(第四象限),#21,C7A0743743214D49AE5FFB6973444FCE,PT構想審査,
1,64DAAFF02C0D486BACA941852335E34F,1,0,PRMV0083956 ePT RR GB減速比 #21,A,45559.25056,0,0,EntryCondition,MBSE検討2回目,MBSE検討2回目,,JPN,4WD,,2,,2,SElist_[Kei]_JPN_4WD,,11.136,,－,Variation#2-5,Variation#2-5,PRMV0083956,ePT,RR GB減速比,#21,C7A0743743214D49AE5FFB6973444FCE,PT構想審査,
1,28E4BDC69EC748EFB05E32C2FA346449,1,0,PRMV0083957 ドライブシャフト FR右ドライブシャフトイナーシャ －,A,45559.25057,0,0,EntryCondition,MBSE検討2回目,MBSE検討2回目,,JPN,4WD,,2,,2,SElist_[Kei]_JPN_4WD,,2.006×10^-3,,kgm#00B2,Variation#2-5,Variation#2-5,PRMV0083957,ドライブシャフト,FR右ドライブシャフトイナーシャ,－,C7A0743743214D49AE5FFB6973444FCE,PT構想審査,
1,F092A6360A4C4B8CB477BB0709A302EF,1,0,PRMV0083958 ドライブシャフト FR左ドライブシャフトイナーシャ －,A,45559.25057,0,0,EntryCondition,MBSE検討2回目,MBSE検討2回目,,JPN,4WD,,2,,2,SElist_[Kei]_JPN_4WD,,1.950×10^-3,,kgm#00B2,Variation#2-5,Variation#2-5,PRMV0083958,ドライブシャフト,FR左ドライブシャフトイナーシャ,－,C7A0743743214D49AE5FFB6973444FCE,PT構想審査,
1,E0E0D6C9A1664A1E87F0FAFAE2DCC41A,1,0,PRMV0083959 ドライブシャフト RR右ドライブシャフトイナーシャ －,A,45559.25058,0,0,EntryCondition,MBSE検討2回目,MBSE検討2回目,,JPN,4WD,,2,,2,SElist_[Kei]_JPN_4WD,,1.863×10^-3,,kgm#00B2,Variation#2-5,Variation#2-5,PRMV0083959,ドライブシャフト,RR右ドライブシャフトイナーシャ,－,C7A0743743214D49AE5FFB6973444FCE,PT構想審査,
1,FBD769DDAD6C4A97802475E5698096B4,1,0,PRMV0083960 ドライブシャフト RR左ドライブシャフトイナーシャ －,A,45559.25058,0,0,EntryCondition,MBSE検討2回目,MBSE検討2回目,,JPN,4WD,,2,,2,SElist_[Kei]_JPN_4WD,,1.838×10^-3,,kgm#00B2,Variation#2-5,Variation#2-5,PRMV0083960,ドライブシャフト,RR左ドライブシャフトイナーシャ,－,C7A0743743214D49AE5FFB6973444FCE,PT構想審査,
1,643C932C723248E5BF04EA481AF6233B,1,0,"PRMV0083961 DCDC DCDC効率(走行時弱電220W,355V入力(SOC20%),13V出力) －",A,45559.25059,0,0,EntryCondition,MBSE検討2回目,MBSE検討2回目,,JPN,4WD,,2,,2,SElist_[Kei]_JPN_4WD,,TBD,,%,Variation#2-5,Variation#2-5,PRMV0083961,DCDC,"DCDC効率(走行時弱電220W,355V入力(SOC20%),13V出力)",－,C7A0743743214D49AE5FFB6973444FCE,PT構想審査,
1,038B86D72D344879A6C24BD11D505947,1,0,PRMV0083962 LV BATT 消費電力(電費試験時WLTCモード) －,A,45559.25059,0,0,EntryCondition,MBSE検討2回目,MBSE検討2回目,,JPN,4WD,,2,,2,SElist_[Kei]_JPN_4WD,,n,,kW,Variation#2-5,Variation#2-5,PRMV0083962,LV BATT,消費電力(電費試験時WLTCモード),－,C7A0743743214D49AE5FFB6973444FCE,PT構想審査,
1,5DC96063171E47ACAB4B644B32964596,1,0,PRMV0083963 HV BATT 直列セル数 －,A,45559.25059,0,0,EntryCondition,MBSE検討2回目,MBSE検討2回目,,JPN,4WD,,2,,2,SElist_[Kei]_JPN_4WD,,100,,cell,Variation#2-5,Variation#2-5,PRMV0083963,HV BATT,直列セル数,－,C7A0743743214D49AE5FFB6973444FCE,PT構想審査,
1,5047931A34464BBA996DE5027959602B,1,0,PRMV0083964 HV BATT 並列セル数 －,A,45559.2506,0,0,EntryCondition,MBSE検討2回目,MBSE検討2回目,,JPN,4WD,,2,,2,SElist_[Kei]_JPN_4WD,,1,,para,Variation#2-5,Variation#2-5,PRMV0083964,HV BATT,並列セル数,－,C7A0743743214D49AE5FFB6973444FCE,PT構想審査,
1,F6681E45F00F4D57ADFDBD519DB50AF0,1,0,PRMV0083965 HV BATT セル容量 －,A,45559.2506,0,0,EntryCondition,MBSE検討2回目,MBSE検討2回目,,JPN,4WD,,2,,2,SElist_[Kei]_JPN_4WD,,72,,Ah,Variation#2-5,Variation#2-5,PRMV0083965,HV BATT,セル容量,－,C7A0743743214D49AE5FFB6973444FCE,PT構想審査,
1,F0341CC33E6E4F39AE9DD27109A02BF9,1,0,PRMV0083966 HV BATT パック繋ぎ抵抗 －,A,45559.25061,0,0,EntryCondition,MBSE検討2回目,MBSE検討2回目,,JPN,4WD,,2,,2,SElist_[Kei]_JPN_4WD,,0.01(TBD),,Ω,Variation#2-5,Variation#2-5,PRMV0083966,HV BATT,パック繋ぎ抵抗,－,C7A0743743214D49AE5FFB6973444FCE,PT構想審査,
1,4ACA1BF8B4204A27BF7742FE1C628CCA,1,0,PRMV0083967 HV BATT DCハーネスの抵抗 －,A,45559.25061,0,0,EntryCondition,MBSE検討2回目,MBSE検討2回目,,JPN,4WD,,2,,2,SElist_[Kei]_JPN_4WD,,TBD,,Ω,Variation#2-5,Variation#2-5,PRMV0083967,HV BATT,DCハーネスの抵抗,－,C7A0743743214D49AE5FFB6973444FCE,PT構想審査,
1,E06D39DE7A4840A19E333642DA3698F0,1,0,PRMV0083968 Vehicle Weight Min.C.W. －,A,45559.25686,0,0,EntryCondition,MBSE検討2回目,MBSE検討2回目,,JPN,4WD,,2,,2,SElist_[Kei]_JPN_4WD,,1198,,kg,Variation#2-3,Variation#2-3,PRMV0083968,Vehicle Weight,Min.C.W.,－,C7A0743743214D49AE5FFB6973444FCE,PT構想審査,
1,F7CBBECE54F14A959D4B9A1B8C00D1E9,1,0,PRMV0083970 Vehicle Weight Max.C.W. －,A,45559.25745,0,0,EntryCondition,MBSE検討2回目,MBSE検討2回目,,JPN,4WD,,2,,2,SElist_[Kei]_JPN_4WD,,1205,,kg,Variation#2-3,Variation#2-3,PRMV0083970,Vehicle Weight,Max.C.W.,－,C7A0743743214D49AE5FFB6973444FCE,PT構想審査,
1,FC138F5CCA324BD583EE7E1C0BC65034,1,0,PRMV0083971 Vehicle Weight スペアタイヤ&工具  －,A,45559.25745,0,0,EntryCondition,MBSE検討2回目,MBSE検討2回目,,JPN,4WD,,2,,2,SElist_[Kei]_JPN_4WD,,1.6,,kg,Variation#2-3,Variation#2-3,PRMV0083971,Vehicle Weight,スペアタイヤ&工具 ,－,C7A0743743214D49AE5FFB6973444FCE,PT構想審査,
1,A14D31DFC0C54CE19253961619D4A46A,1,0,PRMV0083972 Vehicle Weight EPA届出重量 －,A,45559.25747,0,0,EntryCondition,MBSE検討2回目,MBSE検討2回目,,JPN,4WD,,2,,2,SElist_[Kei]_JPN_4WD,,noApp,,kg,Variation#2-3,Variation#2-3,PRMV0083972,Vehicle Weight,EPA届出重量,－,C7A0743743214D49AE5FFB6973444FCE,PT構想審査,
1,79C48C32C5DF4914861C2058E7704E7D,1,0,PRMV0083973 Vehicle Severe Weight PTW or GVWR －,A,45559.25748,0,0,EntryCondition,MBSE検討2回目,MBSE検討2回目,,JPN,4WD,,2,,2,SElist_[Kei]_JPN_4WD,,1448,,kg,Variation#2-3,Variation#2-3,PRMV0083973,Vehicle Severe Weight,PTW or GVWR,－,C7A0743743214D49AE5FFB6973444FCE,PT構想審査,
1,277E03E1171C4D868781D17C59750E9D,1,0,PRMV0083974 Vehicle Severe Weight GAWR FR －,A,45559.25748,0,0,EntryCondition,MBSE検討2回目,MBSE検討2回目,,JPN,4WD,,2,,2,SElist_[Kei]_JPN_4WD,,n,,kg,Variation#2-3,Variation#2-3,PRMV0083974,Vehicle Severe Weight,GAWR FR,－,C7A0743743214D49AE5FFB6973444FCE,PT構想審査,
1,05471BD560204DDEB044866924B7B1E5,1,0,PRMV0083975 Vehicle Severe Weight GAWR RR －,A,45559.25749,0,0,EntryCondition,MBSE検討2回目,MBSE検討2回目,,JPN,4WD,,2,,2,SElist_[Kei]_JPN_4WD,,n,,kg,Variation#2-3,Variation#2-3,PRMV0083975,Vehicle Severe Weight,GAWR RR,－,C7A0743743214D49AE5FFB6973444FCE,PT構想審査,
1,FA2A64B5ACF34EEEBAF0E787ACF54B16,1,0,PRMV0083976 Vehicle Severe Weight Towing －,A,45559.25749,0,0,EntryCondition,MBSE検討2回目,MBSE検討2回目,,JPN,4WD,,2,,2,SElist_[Kei]_JPN_4WD,,no App,,kg,Variation#2-3,Variation#2-3,PRMV0083976,Vehicle Severe Weight,Towing,－,C7A0743743214D49AE5FFB6973444FCE,PT構想審査,
1,E6CB588F9017445D84FAEDE912D92F3E,1,0,PRMV0083977 空力 Cd  －,A,45559.2575,0,0,EntryCondition,MBSE検討2回目,MBSE検討2回目,,JPN,4WD,,2,,2,SElist_[Kei]_JPN_4WD,,"0.406(NML)
0.409(MMC)",,－,Variation#2-3,Variation#2-3,PRMV0083977,空力,Cd ,－,C7A0743743214D49AE5FFB6973444FCE,PT構想審査,
1,D24549B853B44EB7A05760557F37AE81,1,0,PRMV0083978 空力 A －,A,45559.2575,0,0,EntryCondition,MBSE検討2回目,MBSE検討2回目,,JPN,4WD,,2,,2,SElist_[Kei]_JPN_4WD,,2.21,,m#00B2,Variation#2-3,Variation#2-3,PRMV0083978,空力,A,－,C7A0743743214D49AE5FFB6973444FCE,PT構想審査,
1,07216B686FA746569E28D6F244340428,1,0,PRMV0083979 空力 ΔCd (AGS閉→全開) －,A,45559.25751,0,0,EntryCondition,MBSE検討2回目,MBSE検討2回目,,JPN,4WD,,2,,2,SElist_[Kei]_JPN_4WD,,n,,－,Variation#2-3,Variation#2-3,PRMV0083979,空力,ΔCd (AGS閉→全開),－,C7A0743743214D49AE5FFB6973444FCE,PT構想審査,
1,46489D749C004B61BA83F9A4C3008308,1,0,PRMV0083980 空力 Grill shutter車速閾値 高速側 (閉→開)/(開→閉) －,A,45559.25751,0,0,EntryCondition,MBSE検討2回目,MBSE検討2回目,,JPN,4WD,,2,,2,SElist_[Kei]_JPN_4WD,,n,,kph,Variation#2-3,Variation#2-3,PRMV0083980,空力,Grill shutter車速閾値 高速側 (閉→開)/(開→閉),－,C7A0743743214D49AE5FFB6973444FCE,PT構想審査,
1,BFB7BD4057B34AD3A44D1DEB241DEBEE,1,0,PRMV0083981 空力 Grill shutter車速閾値 低速側 (閉→開)/(開→閉) －,A,45559.25752,0,0,EntryCondition,MBSE検討2回目,MBSE検討2回目,,JPN,4WD,,2,,2,SElist_[Kei]_JPN_4WD,,n,,kph,Variation#2-3,Variation#2-3,PRMV0083981,空力,Grill shutter車速閾値 低速側 (閉→開)/(開→閉),－,C7A0743743214D49AE5FFB6973444FCE,PT構想審査,
1,110740B394744236A1AC776B74578C27,1,0,PRMV0083982 タイヤ FRサイズ －,A,45559.25752,0,0,EntryCondition,MBSE検討2回目,MBSE検討2回目,,JPN,4WD,,2,,2,SElist_[Kei]_JPN_4WD,,n,,－,Variation#2-3,Variation#2-3,PRMV0083982,タイヤ,FRサイズ,－,C7A0743743214D49AE5FFB6973444FCE,PT構想審査,
1,6262C359BF6C426C8E003001081E423D,1,0,PRMV0083983 タイヤ FR動半径 －,A,45559.25753,0,0,EntryCondition,MBSE検討2回目,MBSE検討2回目,,JPN,4WD,,2,,2,SElist_[Kei]_JPN_4WD,,0.278,,m,Variation#2-3,Variation#2-3,PRMV0083983,タイヤ,FR動半径,－,C7A0743743214D49AE5FFB6973444FCE,PT構想審査,
1,77CCBD73E8754554841162B7B1B82F8F,1,0,"PRMV0083984 タイヤ FR RRC (ISO 28560 80kmh,210kPa) －",A,45559.25753,0,0,EntryCondition,MBSE検討2回目,MBSE検討2回目,,JPN,4WD,,2,,2,SElist_[Kei]_JPN_4WD,,7.2,,－,Variation#2-3,Variation#2-3,PRMV0083984,タイヤ,"FR RRC (ISO 28560 80kmh,210kPa)",－,C7A0743743214D49AE5FFB6973444FCE,PT構想審査,
1,1EB38E0D638C4B2582DA1F7EAB55C702,1,0,PRMV0083985 タイヤ FR RRC (車両状態) －,A,45559.25755,0,0,EntryCondition,MBSE検討2回目,MBSE検討2回目,,JPN,4WD,,2,,2,SElist_[Kei]_JPN_4WD,,68,,－,Variation#2-3,Variation#2-3,PRMV0083985,タイヤ,FR RRC (車両状態),－,C7A0743743214D49AE5FFB6973444FCE,PT構想審査,
1,2191B85F39364652A7F4798337018597,1,0,PRMV0083986 タイヤ FR RRC (車両状態)空気圧 －,A,45559.25755,0,0,EntryCondition,MBSE検討2回目,MBSE検討2回目,,JPN,4WD,,2,,2,SElist_[Kei]_JPN_4WD,,240,,kPa,Variation#2-3,Variation#2-3,PRMV0083986,タイヤ,FR RRC (車両状態)空気圧,－,C7A0743743214D49AE5FFB6973444FCE,PT構想審査,
1,A29B4193431543E6B1A719FCE0D126F3,1,0,PRMV0083987 タイヤ FR イナーシャ(1本)  －,A,45559.25755,0,0,EntryCondition,MBSE検討2回目,MBSE検討2回目,,JPN,4WD,,2,,2,SElist_[Kei]_JPN_4WD,,0.53,,kgm#00B2,Variation#2-3,Variation#2-3,PRMV0083987,タイヤ,FR イナーシャ(1本) ,－,C7A0743743214D49AE5FFB6973444FCE,PT構想審査,
1,B1BCE94CE0344E1F9E4FB740503FFBC8,1,0,PRMV0083988 タイヤ RRサイズ －,A,45559.25756,0,0,EntryCondition,MBSE検討2回目,MBSE検討2回目,,JPN,4WD,,2,,2,SElist_[Kei]_JPN_4WD,,n,,－,Variation#2-3,Variation#2-3,PRMV0083988,タイヤ,RRサイズ,－,C7A0743743214D49AE5FFB6973444FCE,PT構想審査,
1,401AB3B0D91445B8A26BEF23DAACE9A1,1,0,PRMV0083989 タイヤ RR動半径 －,A,45559.25756,0,0,EntryCondition,MBSE検討2回目,MBSE検討2回目,,JPN,4WD,,2,,2,SElist_[Kei]_JPN_4WD,,0.278,,m,Variation#2-3,Variation#2-3,PRMV0083989,タイヤ,RR動半径,－,C7A0743743214D49AE5FFB6973444FCE,PT構想審査,
1,1661F275FC364228820AA040CF152173,1,0,"PRMV0083990 タイヤ RR RRC (ISO 28560 80kmh,210kPa) －",A,45559.25757,0,0,EntryCondition,MBSE検討2回目,MBSE検討2回目,,JPN,4WD,,2,,2,SElist_[Kei]_JPN_4WD,,n,,－,Variation#2-3,Variation#2-3,PRMV0083990,タイヤ,"RR RRC (ISO 28560 80kmh,210kPa)",－,C7A0743743214D49AE5FFB6973444FCE,PT構想審査,
1,B8DA0BA7A050459B9927485FE7D71CA6,1,0,PRMV0083991 タイヤ RR RRC (車両状態) －,A,45559.25757,0,0,EntryCondition,MBSE検討2回目,MBSE検討2回目,,JPN,4WD,,2,,2,SElist_[Kei]_JPN_4WD,,68,,－,Variation#2-3,Variation#2-3,PRMV0083991,タイヤ,RR RRC (車両状態),－,C7A0743743214D49AE5FFB6973444FCE,PT構想審査,
1,DAA4B517DF3E4CF4B52071DEE4B41067,1,0,PRMV0083992 タイヤ RR RRC (車両状態)空気圧 －,A,45559.25758,0,0,EntryCondition,MBSE検討2回目,MBSE検討2回目,,JPN,4WD,,2,,2,SElist_[Kei]_JPN_4WD,,240,,kPa,Variation#2-3,Variation#2-3,PRMV0083992,タイヤ,RR RRC (車両状態)空気圧,－,C7A0743743214D49AE5FFB6973444FCE,PT構想審査,
1,65908266ACBD4530BF7BBA987DF58907,1,0,PRMV0083993 タイヤ RR イナーシャ(1本)  －,A,45559.25758,0,0,EntryCondition,MBSE検討2回目,MBSE検討2回目,,JPN,4WD,,2,,2,SElist_[Kei]_JPN_4WD,,0.53,,kgm#00B2,Variation#2-3,Variation#2-3,PRMV0083993,タイヤ,RR イナーシャ(1本) ,－,C7A0743743214D49AE5FFB6973444FCE,PT構想審査,
1,1B75E2F0910C4A15B166C0F1A06FE4A4,1,0,PRMV0083994 ホイール 仕様 －,A,45559.25759,0,0,EntryCondition,MBSE検討2回目,MBSE検討2回目,,JPN,4WD,,2,,2,SElist_[Kei]_JPN_4WD,,n,,－,Variation#2-3,Variation#2-3,PRMV0083994,ホイール,仕様,－,C7A0743743214D49AE5FFB6973444FCE,PT構想審査,
1,2B55FE00E11B45C0AF26ED642DC81B9E,1,0,PRMV0083995 ホイール イナーシャ(1本) －,A,45559.25759,0,0,EntryCondition,MBSE検討2回目,MBSE検討2回目,,JPN,4WD,,2,,2,SElist_[Kei]_JPN_4WD,,no App,,kgm#00B2,Variation#2-3,Variation#2-3,PRMV0083995,ホイール,イナーシャ(1本),－,C7A0743743214D49AE5FFB6973444FCE,PT構想審査,
1,625E4FB9EEFD4564BBCD43440200FE27,1,0,PRMV0083996 HUB Total引き摺りトルク (@80km/h) －,A,45559.2576,0,0,EntryCondition,MBSE検討2回目,MBSE検討2回目,,JPN,4WD,,2,,2,SElist_[Kei]_JPN_4WD,,n,,Nm/veh,Variation#2-3,Variation#2-3,PRMV0083996,HUB,Total引き摺りトルク (@80km/h),－,C7A0743743214D49AE5FFB6973444FCE,PT構想審査,
1,9D139D2D9BB246C69BAD0A15D0A72773,1,0,PRMV0083997 HUB FR 引き摺りトルク (@80km/h) －,A,45559.2576,0,0,EntryCondition,MBSE検討2回目,MBSE検討2回目,,JPN,4WD,,2,,2,SElist_[Kei]_JPN_4WD,,n,,Nm/veh,Variation#2-3,Variation#2-3,PRMV0083997,HUB,FR 引き摺りトルク (@80km/h),－,C7A0743743214D49AE5FFB6973444FCE,PT構想審査,
1,39FB04C3C1D84C488194E724F36E43D2,1,0,PRMV0083998 HUB RR 引き摺りトルク (@80km/h) －,A,45559.2576,0,0,EntryCondition,MBSE検討2回目,MBSE検討2回目,,JPN,4WD,,2,,2,SElist_[Kei]_JPN_4WD,,n,,Nm/veh,Variation#2-3,Variation#2-3,PRMV0083998,HUB,RR 引き摺りトルク (@80km/h),－,C7A0743743214D49AE5FFB6973444FCE,PT構想審査,
1,517E8C0CC1E24630B71977C7B709D9B2,1,0,PRMV0083999 HUB FR イナーシャ －,A,45559.25762,0,0,EntryCondition,MBSE検討2回目,MBSE検討2回目,,JPN,4WD,,2,,2,SElist_[Kei]_JPN_4WD,,n,,kgm#00B2,Variation#2-3,Variation#2-3,PRMV0083999,HUB,FR イナーシャ,－,C7A0743743214D49AE5FFB6973444FCE,PT構想審査,
1,1448D4A6F55046888E6EF897BEA55A8B,1,0,PRMV0084000 HUB RR イナーシャ －,A,45559.25762,0,0,EntryCondition,MBSE検討2回目,MBSE検討2回目,,JPN,4WD,,2,,2,SElist_[Kei]_JPN_4WD,,n,,kgm#00B2,Variation#2-3,Variation#2-3,PRMV0084000,HUB,RR イナーシャ,－,C7A0743743214D49AE5FFB6973444FCE,PT構想審査,
1,E221A153BF5B400491834540A9049466,1,0,PRMV0084001 ブレーキ 引き摺りトルク (＠経験圧3Mpa)  －,A,45559.25763,0,0,EntryCondition,MBSE検討2回目,MBSE検討2回目,,JPN,4WD,,2,,2,SElist_[Kei]_JPN_4WD,,n,,Nm/veh,Variation#2-3,Variation#2-3,PRMV0084001,ブレーキ,引き摺りトルク (＠経験圧3Mpa) ,－,C7A0743743214D49AE5FFB6973444FCE,PT構想審査,
1,E9A8CD6D85B3490AAFA457734BD55E3E,1,0,PRMV0084002 ブレーキ FR引き摺りトルク (経験圧3Mpa＠60kph) －,A,45559.25763,0,0,EntryCondition,MBSE検討2回目,MBSE検討2回目,,JPN,4WD,,2,,2,SElist_[Kei]_JPN_4WD,,n,,Nm/veh,Variation#2-3,Variation#2-3,PRMV0084002,ブレーキ,FR引き摺りトルク (経験圧3Mpa＠60kph),－,C7A0743743214D49AE5FFB6973444FCE,PT構想審査,
1,29D4C97CB5CD436EA76428D6AF5F1557,1,0,PRMV0084003 ブレーキ RR引き摺りトルク(経験圧3Mpa＠60kph) －,A,45559.25764,0,0,EntryCondition,MBSE検討2回目,MBSE検討2回目,,JPN,4WD,,2,,2,SElist_[Kei]_JPN_4WD,,n,,Nm/veh,Variation#2-3,Variation#2-3,PRMV0084003,ブレーキ,RR引き摺りトルク(経験圧3Mpa＠60kph),－,C7A0743743214D49AE5FFB6973444FCE,PT構想審査,
1,F279B9D61D3040458AC6DC7DF002334F,1,0,PRMV0084004 ブレーキ FRイナーシャ －,A,45559.25764,0,0,EntryCondition,MBSE検討2回目,MBSE検討2回目,,JPN,4WD,,2,,2,SElist_[Kei]_JPN_4WD,,n,,kgm#00B2,Variation#2-3,Variation#2-3,PRMV0084004,ブレーキ,FRイナーシャ,－,C7A0743743214D49AE5FFB6973444FCE,PT構想審査,
1,E4D2421EB7A54B5DA3685A4AAC1E5716,1,0,PRMV0084005 ブレーキ RRイナーシャ －,A,45559.25764,0,0,EntryCondition,MBSE検討2回目,MBSE検討2回目,,JPN,4WD,,2,,2,SElist_[Kei]_JPN_4WD,,n,,kgm#00B2,Variation#2-3,Variation#2-3,PRMV0084005,ブレーキ,RRイナーシャ,－,C7A0743743214D49AE5FFB6973444FCE,PT構想審査,
1,800C481D0BCA4446A32DD9DB130855BF,1,0,PRMV0084006 車両姿勢 グランドクリアランスMin －,A,45559.25765,0,0,EntryCondition,MBSE検討2回目,MBSE検討2回目,,JPN,4WD,,2,,2,SElist_[Kei]_JPN_4WD,,n,,mm,Variation#2-3,Variation#2-3,PRMV0084006,車両姿勢,グランドクリアランスMin,－,C7A0743743214D49AE5FFB6973444FCE,PT構想審査,
1,A4011D88F8F74F6891F41E10D70F27B4,1,0,PRMV0084007 Test Weight 航続距離試験(ETW)Total －,A,45559.25765,0,0,EntryCondition,MBSE検討2回目,MBSE検討2回目,,JPN,4WD,,2,,2,SElist_[Kei]_JPN_4WD,,n,,kg,Variation#2-3,Variation#2-3,PRMV0084007,Test Weight,航続距離試験(ETW)Total,－,C7A0743743214D49AE5FFB6973444FCE,PT構想審査,
1,B901AF17AB204E0FABF42AB69C73F3E3,1,0,PRMV0084008 Test Weight 航続距離試験(ETW)FR －,A,45559.25766,0,0,EntryCondition,MBSE検討2回目,MBSE検討2回目,,JPN,4WD,,2,,2,SElist_[Kei]_JPN_4WD,,n,,kg,Variation#2-3,Variation#2-3,PRMV0084008,Test Weight,航続距離試験(ETW)FR,－,C7A0743743214D49AE5FFB6973444FCE,PT構想審査,
1,AC6F0436972B4BC889EFDF624B87F831,1,0,PRMV0084009 Test Weight 航続距離試験(ETW)RR －,A,45559.25766,0,0,EntryCondition,MBSE検討2回目,MBSE検討2回目,,JPN,4WD,,2,,2,SElist_[Kei]_JPN_4WD,,n,,kg,Variation#2-3,Variation#2-3,PRMV0084009,Test Weight,航続距離試験(ETW)RR,－,C7A0743743214D49AE5FFB6973444FCE,PT構想審査,
1,8EBEE12664A44EC09C0A601766530D8F,1,0,PRMV0084010 Test Weight 動力当り前性能  －,A,45559.25767,0,0,EntryCondition,MBSE検討2回目,MBSE検討2回目,,JPN,4WD,,2,,2,SElist_[Kei]_JPN_4WD,,n,,kg,Variation#2-3,Variation#2-3,PRMV0084010,Test Weight,動力当り前性能 ,－,C7A0743743214D49AE5FFB6973444FCE,PT構想審査,
1,93700FA9EB5041499C6D5C73439AF3F6,1,0,PRMV0084011 Test Weight 動力Accerelation －,A,45559.25767,0,0,EntryCondition,MBSE検討2回目,MBSE検討2回目,,JPN,4WD,,2,,2,SElist_[Kei]_JPN_4WD,,n,,kg,Variation#2-3,Variation#2-3,PRMV0084011,Test Weight,動力Accerelation,－,C7A0743743214D49AE5FFB6973444FCE,PT構想審査,
1,7E09AE999F9143549399AC8ADDF2C1A0,1,0,PRMV0084012 Test Weight 動力Vmax －,A,45559.25767,0,0,EntryCondition,MBSE検討2回目,MBSE検討2回目,,JPN,4WD,,2,,2,SElist_[Kei]_JPN_4WD,,n,,kg,Variation#2-3,Variation#2-3,PRMV0084012,Test Weight,動力Vmax,－,C7A0743743214D49AE5FFB6973444FCE,PT構想審査,
1,7E2CA1EBAF9F49248245B374BA03859C,1,0,PRMV0084013 Test Weight 熱NEMシビアシーン －,A,45559.25769,0,0,EntryCondition,MBSE検討2回目,MBSE検討2回目,,JPN,4WD,,2,,2,SElist_[Kei]_JPN_4WD,,n,,kg,Variation#2-3,Variation#2-3,PRMV0084013,Test Weight,熱NEMシビアシーン,－,C7A0743743214D49AE5FFB6973444FCE,PT構想審査,
1,D19369C72EAD461A80FEDC537D3CF414,1,0,PRMV0084014 Test Weight 熱加減速繰り返し走行 －,A,45559.25769,0,0,EntryCondition,MBSE検討2回目,MBSE検討2回目,,JPN,4WD,,2,,2,SElist_[Kei]_JPN_4WD,,n,,kg,Variation#2-3,Variation#2-3,PRMV0084014,Test Weight,熱加減速繰り返し走行,－,C7A0743743214D49AE5FFB6973444FCE,PT構想審査,
1,A27118A22F8A4170B5EA9FEDFD83D5F2,1,0,PRMV0084015 Test Weight 熱Towing －,A,45559.2577,0,0,EntryCondition,MBSE検討2回目,MBSE検討2回目,,JPN,4WD,,2,,2,SElist_[Kei]_JPN_4WD,,n,,kg,Variation#2-3,Variation#2-3,PRMV0084015,Test Weight,熱Towing,－,C7A0743743214D49AE5FFB6973444FCE,PT構想審査,
1,F99C7A2C46804EC7A9C18748C6366E8F,1,0,PRMV0084016 Test Weight 熱低温性能 －,A,45559.2577,0,0,EntryCondition,MBSE検討2回目,MBSE検討2回目,,JPN,4WD,,2,,2,SElist_[Kei]_JPN_4WD,,n,,kg,Variation#2-3,Variation#2-3,PRMV0084016,Test Weight,熱低温性能,－,C7A0743743214D49AE5FFB6973444FCE,PT構想審査,
1,7519F17819064458940ED22BFE41946B,1,0,PRMV0084017 走行抵抗 届出(Target Lset式) A0 －,A,45559.25771,0,0,EntryCondition,MBSE検討2回目,MBSE検討2回目,,JPN,4WD,,2,,2,SElist_[Kei]_JPN_4WD,,n,,N,Variation#2-3,Variation#2-3,PRMV0084017,走行抵抗,届出(Target Lset式) A0,－,C7A0743743214D49AE5FFB6973444FCE,PT構想審査,
1,A2AB0BB894094934BC90BBF7FCFE9011,1,0,PRMV0084018 走行抵抗 届出(Target Lset式) A1 －,A,45559.25771,0,0,EntryCondition,MBSE検討2回目,MBSE検討2回目,,JPN,4WD,,2,,2,SElist_[Kei]_JPN_4WD,,n,,N/kph,Variation#2-3,Variation#2-3,PRMV0084018,走行抵抗,届出(Target Lset式) A1,－,C7A0743743214D49AE5FFB6973444FCE,PT構想審査,
1,349E2A9AEA0E4F19B33E4F17A13BBC8D,1,0,PRMV0084019 走行抵抗 届出(Target Lset式) A2 －,A,45559.25771,0,0,EntryCondition,MBSE検討2回目,MBSE検討2回目,,JPN,4WD,,2,,2,SElist_[Kei]_JPN_4WD,,n,,N/kph#00B2,Variation#2-3,Variation#2-3,PRMV0084019,走行抵抗,届出(Target Lset式) A2,－,C7A0743743214D49AE5FFB6973444FCE,PT構想審査,
1,8876DBA6E97D43B2A809ADEEA18B6462,1,0,PRMV0084020 走行抵抗 届出(Target Lset式) IP －,A,45559.25772,0,0,EntryCondition,MBSE検討2回目,MBSE検討2回目,,JPN,4WD,,2,,2,SElist_[Kei]_JPN_4WD,,n,,lbs,Variation#2-3,Variation#2-3,PRMV0084020,走行抵抗,届出(Target Lset式) IP,－,C7A0743743214D49AE5FFB6973444FCE,PT構想審査,
1,DC972DBCEF9B4EF08F6B1AB723F39340,1,0,PRMV0084021 性能検討用走行抵抗式(ePT連れ回り排除) 航続距離(C/D車載状態)A0 －,A,45559.25772,0,0,EntryCondition,MBSE検討2回目,MBSE検討2回目,,JPN,4WD,,2,,2,SElist_[Kei]_JPN_4WD,,n,,N,Variation#2-3,Variation#2-3,PRMV0084021,性能検討用走行抵抗式(ePT連れ回り排除),航続距離(C/D車載状態)A0,－,C7A0743743214D49AE5FFB6973444FCE,PT構想審査,
1,DD73EC6D5C1647B48BE4E43E8E08F554,1,0,PRMV0084022 性能検討用走行抵抗式(ePT連れ回り排除) 航続距離(C/D車載状態)A1 －,A,45559.25773,0,0,EntryCondition,MBSE検討2回目,MBSE検討2回目,,JPN,4WD,,2,,2,SElist_[Kei]_JPN_4WD,,n,,N/kph,Variation#2-3,Variation#2-3,PRMV0084022,性能検討用走行抵抗式(ePT連れ回り排除),航続距離(C/D車載状態)A1,－,C7A0743743214D49AE5FFB6973444FCE,PT構想審査,
1,2617DD79AEA846CC8FD624DC474C5793,1,0,PRMV0084023 性能検討用走行抵抗式(ePT連れ回り排除) 航続距離(C/D車載状態)A2 －,A,45559.25773,0,0,EntryCondition,MBSE検討2回目,MBSE検討2回目,,JPN,4WD,,2,,2,SElist_[Kei]_JPN_4WD,,n,,N/kph#00B2,Variation#2-3,Variation#2-3,PRMV0084023,性能検討用走行抵抗式(ePT連れ回り排除),航続距離(C/D車載状態)A2,－,C7A0743743214D49AE5FFB6973444FCE,PT構想審査,
1,BEAAF55364A14B98945054BF8E84DD64,1,0,PRMV0084024 性能検討用走行抵抗式(ePT連れ回り排除) 航続距離(C/D車載状態)IP －,A,45559.25774,0,0,EntryCondition,MBSE検討2回目,MBSE検討2回目,,JPN,4WD,,2,,2,SElist_[Kei]_JPN_4WD,,n,,lbs,Variation#2-3,Variation#2-3,PRMV0084024,性能検討用走行抵抗式(ePT連れ回り排除),航続距離(C/D車載状態)IP,－,C7A0743743214D49AE5FFB6973444FCE,PT構想審査,
1,8B5905C964A740D493C7A3A00CF30A26,1,0,PRMV0084025 性能検討用走行抵抗式(ePT連れ回り排除) 動力当り前性能A0 －,A,45559.25774,0,0,EntryCondition,MBSE検討2回目,MBSE検討2回目,,JPN,4WD,,2,,2,SElist_[Kei]_JPN_4WD,,n,,N,Variation#2-3,Variation#2-3,PRMV0084025,性能検討用走行抵抗式(ePT連れ回り排除),動力当り前性能A0,－,C7A0743743214D49AE5FFB6973444FCE,PT構想審査,
1,66C91461067A4C798C4C9E641F2C3773,1,0,PRMV0084026 性能検討用走行抵抗式(ePT連れ回り排除) 動力当り前性能A1 －,A,45559.25775,0,0,EntryCondition,MBSE検討2回目,MBSE検討2回目,,JPN,4WD,,2,,2,SElist_[Kei]_JPN_4WD,,n,,N/kph,Variation#2-3,Variation#2-3,PRMV0084026,性能検討用走行抵抗式(ePT連れ回り排除),動力当り前性能A1,－,C7A0743743214D49AE5FFB6973444FCE,PT構想審査,
1,6DF5DFEB29704AD0BD610558DD634A20,1,0,PRMV0084027 性能検討用走行抵抗式(ePT連れ回り排除) 動力当り前性能A2 －,A,45559.25775,0,0,EntryCondition,MBSE検討2回目,MBSE検討2回目,,JPN,4WD,,2,,2,SElist_[Kei]_JPN_4WD,,n,,N/kph#00B2,Variation#2-3,Variation#2-3,PRMV0084027,性能検討用走行抵抗式(ePT連れ回り排除),動力当り前性能A2,－,C7A0743743214D49AE5FFB6973444FCE,PT構想審査,
1,5DB384161D7E49288E7646F626B2CF41,1,0,PRMV0084028 性能検討用走行抵抗式(ePT連れ回り排除) 動力当り前性能IP －,A,45559.25775,0,0,EntryCondition,MBSE検討2回目,MBSE検討2回目,,JPN,4WD,,2,,2,SElist_[Kei]_JPN_4WD,,n,,kg,Variation#2-3,Variation#2-3,PRMV0084028,性能検討用走行抵抗式(ePT連れ回り排除),動力当り前性能IP,－,C7A0743743214D49AE5FFB6973444FCE,PT構想審査,
1,9F179B4A3F7F4E5AA316FCA82A8D9208,1,0,PRMV0084029 性能検討用走行抵抗式(ePT連れ回り排除) 動力AccerelationA0 －,A,45559.25777,0,0,EntryCondition,MBSE検討2回目,MBSE検討2回目,,JPN,4WD,,2,,2,SElist_[Kei]_JPN_4WD,,n,,N,Variation#2-3,Variation#2-3,PRMV0084029,性能検討用走行抵抗式(ePT連れ回り排除),動力AccerelationA0,－,C7A0743743214D49AE5FFB6973444FCE,PT構想審査,
1,BEDE8C7B5D9A4C9CA57038D4235E7B23,1,0,PRMV0084030 性能検討用走行抵抗式(ePT連れ回り排除) 動力AccerelationA1 －,A,45559.25777,0,0,EntryCondition,MBSE検討2回目,MBSE検討2回目,,JPN,4WD,,2,,2,SElist_[Kei]_JPN_4WD,,n,,N/kph,Variation#2-3,Variation#2-3,PRMV0084030,性能検討用走行抵抗式(ePT連れ回り排除),動力AccerelationA1,－,C7A0743743214D49AE5FFB6973444FCE,PT構想審査,
1,A24D299B5D0F44B9910C7CB30D4D6E91,1,0,PRMV0084031 性能検討用走行抵抗式(ePT連れ回り排除) 動力AccerelationA2 －,A,45559.25778,0,0,EntryCondition,MBSE検討2回目,MBSE検討2回目,,JPN,4WD,,2,,2,SElist_[Kei]_JPN_4WD,,n,,N/kph#00B2,Variation#2-3,Variation#2-3,PRMV0084031,性能検討用走行抵抗式(ePT連れ回り排除),動力AccerelationA2,－,C7A0743743214D49AE5FFB6973444FCE,PT構想審査,
1,1A69AD5D091B4B9C90E868E5639C0EA2,1,0,PRMV0084032 性能検討用走行抵抗式(ePT連れ回り排除) 動力AccerelationIP －,A,45559.25778,0,0,EntryCondition,MBSE検討2回目,MBSE検討2回目,,JPN,4WD,,2,,2,SElist_[Kei]_JPN_4WD,,n,,kg,Variation#2-3,Variation#2-3,PRMV0084032,性能検討用走行抵抗式(ePT連れ回り排除),動力AccerelationIP,－,C7A0743743214D49AE5FFB6973444FCE,PT構想審査,
1,860673E854FB4034A683CEA7E6C6D21F,1,0,PRMV0084033 性能検討用走行抵抗式(ePT連れ回り排除) 動力VmaxA0 －,A,45559.25779,0,0,EntryCondition,MBSE検討2回目,MBSE検討2回目,,JPN,4WD,,2,,2,SElist_[Kei]_JPN_4WD,,n,,N,Variation#2-3,Variation#2-3,PRMV0084033,性能検討用走行抵抗式(ePT連れ回り排除),動力VmaxA0,－,C7A0743743214D49AE5FFB6973444FCE,PT構想審査,
1,A778D27972864377B742CEC1648AC0F5,1,0,PRMV0084034 性能検討用走行抵抗式(ePT連れ回り排除) 動力VmaxA1 －,A,45559.25779,0,0,EntryCondition,MBSE検討2回目,MBSE検討2回目,,JPN,4WD,,2,,2,SElist_[Kei]_JPN_4WD,,n,,N/kph,Variation#2-3,Variation#2-3,PRMV0084034,性能検討用走行抵抗式(ePT連れ回り排除),動力VmaxA1,－,C7A0743743214D49AE5FFB6973444FCE,PT構想審査,
1,2B252848EAA0452EAEE770EB02E40AED,1,0,PRMV0084035 性能検討用走行抵抗式(ePT連れ回り排除) 動力VmaxA2 －,A,45559.2578,0,0,EntryCondition,MBSE検討2回目,MBSE検討2回目,,JPN,4WD,,2,,2,SElist_[Kei]_JPN_4WD,,n,,N/kph#00B2,Variation#2-3,Variation#2-3,PRMV0084035,性能検討用走行抵抗式(ePT連れ回り排除),動力VmaxA2,－,C7A0743743214D49AE5FFB6973444FCE,PT構想審査,
1,3A92D14A16EA45D8A160219FF550FF96,1,0,PRMV0084036 性能検討用走行抵抗式(ePT連れ回り排除) 動力VmaxIP －,A,45559.2578,0,0,EntryCondition,MBSE検討2回目,MBSE検討2回目,,JPN,4WD,,2,,2,SElist_[Kei]_JPN_4WD,,n,,kg,Variation#2-3,Variation#2-3,PRMV0084036,性能検討用走行抵抗式(ePT連れ回り排除),動力VmaxIP,－,C7A0743743214D49AE5FFB6973444FCE,PT構想審査,
1,0DC8DF61B0624DF7A0EB524520D4536E,1,0,PRMV0084037 性能検討用走行抵抗式(ePT連れ回り排除) 熱NEMシビアシーンA0 －,A,45559.2578,0,0,EntryCondition,MBSE検討2回目,MBSE検討2回目,,JPN,4WD,,2,,2,SElist_[Kei]_JPN_4WD,,n,,別紙,Variation#2-3,Variation#2-3,PRMV0084037,性能検討用走行抵抗式(ePT連れ回り排除),熱NEMシビアシーンA0,－,C7A0743743214D49AE5FFB6973444FCE,PT構想審査,
1,3719345ACFD74E73A368867E09608437,1,0,PRMV0084038 性能検討用走行抵抗式(ePT連れ回り排除) 熱加減速繰り返し走行A0 －,A,45559.25781,0,0,EntryCondition,MBSE検討2回目,MBSE検討2回目,,JPN,4WD,,2,,2,SElist_[Kei]_JPN_4WD,,n,,N,Variation#2-3,Variation#2-3,PRMV0084038,性能検討用走行抵抗式(ePT連れ回り排除),熱加減速繰り返し走行A0,－,C7A0743743214D49AE5FFB6973444FCE,PT構想審査,
1,D5D3D4540E1345298DA9B5873E6D2C34,1,0,PRMV0084039 性能検討用走行抵抗式(ePT連れ回り排除) 熱加減速繰り返し走行A1 －,A,45559.25781,0,0,EntryCondition,MBSE検討2回目,MBSE検討2回目,,JPN,4WD,,2,,2,SElist_[Kei]_JPN_4WD,,n,,N/kph,Variation#2-3,Variation#2-3,PRMV0084039,性能検討用走行抵抗式(ePT連れ回り排除),熱加減速繰り返し走行A1,－,C7A0743743214D49AE5FFB6973444FCE,PT構想審査,
1,9B206E98071F477B9046DEBF27A88AAE,1,0,PRMV0084040 性能検討用走行抵抗式(ePT連れ回り排除) 熱加減速繰り返し走行A2 －,A,45559.25782,0,0,EntryCondition,MBSE検討2回目,MBSE検討2回目,,JPN,4WD,,2,,2,SElist_[Kei]_JPN_4WD,,n,,N/kph#00B2,Variation#2-3,Variation#2-3,PRMV0084040,性能検討用走行抵抗式(ePT連れ回り排除),熱加減速繰り返し走行A2,－,C7A0743743214D49AE5FFB6973444FCE,PT構想審査,
1,B17398E4DF464AAC9DED46E9CD1DE0B8,1,0,PRMV0084041 性能検討用走行抵抗式(ePT連れ回り排除) 熱加減速繰り返し走行IP －,A,45559.25782,0,0,EntryCondition,MBSE検討2回目,MBSE検討2回目,,JPN,4WD,,2,,2,SElist_[Kei]_JPN_4WD,,n,,kg,Variation#2-3,Variation#2-3,PRMV0084041,性能検討用走行抵抗式(ePT連れ回り排除),熱加減速繰り返し走行IP,－,C7A0743743214D49AE5FFB6973444FCE,PT構想審査,
1,FCF2729F6C7245AE83DEA23FCCF2FB9D,1,0,PRMV0084042 性能検討用走行抵抗式(ePT連れ回り排除) 熱TowingA0 －,A,45559.25784,0,0,EntryCondition,MBSE検討2回目,MBSE検討2回目,,JPN,4WD,,2,,2,SElist_[Kei]_JPN_4WD,,n,,N,Variation#2-3,Variation#2-3,PRMV0084042,性能検討用走行抵抗式(ePT連れ回り排除),熱TowingA0,－,C7A0743743214D49AE5FFB6973444FCE,PT構想審査,
1,E5772BEA1083470796BAB9B0A777F66B,1,0,PRMV0084043 性能検討用走行抵抗式(ePT連れ回り排除) 熱TowingA1 －,A,45559.25784,0,0,EntryCondition,MBSE検討2回目,MBSE検討2回目,,JPN,4WD,,2,,2,SElist_[Kei]_JPN_4WD,,n,,N/kph,Variation#2-3,Variation#2-3,PRMV0084043,性能検討用走行抵抗式(ePT連れ回り排除),熱TowingA1,－,C7A0743743214D49AE5FFB6973444FCE,PT構想審査,
1,BC494B53B34146589E4807DD3197686A,1,0,PRMV0084044 性能検討用走行抵抗式(ePT連れ回り排除) 熱TowingA2 －,A,45559.25785,0,0,EntryCondition,MBSE検討2回目,MBSE検討2回目,,JPN,4WD,,2,,2,SElist_[Kei]_JPN_4WD,,n,,N/kph#00B2,Variation#2-3,Variation#2-3,PRMV0084044,性能検討用走行抵抗式(ePT連れ回り排除),熱TowingA2,－,C7A0743743214D49AE5FFB6973444FCE,PT構想審査,
1,22C75A7FC5BE422D83F46DDCF697A6DF,1,0,PRMV0084045 性能検討用走行抵抗式(ePT連れ回り排除) 熱TowingIP －,A,45559.25785,0,0,EntryCondition,MBSE検討2回目,MBSE検討2回目,,JPN,4WD,,2,,2,SElist_[Kei]_JPN_4WD,,n,,kg,Variation#2-3,Variation#2-3,PRMV0084045,性能検討用走行抵抗式(ePT連れ回り排除),熱TowingIP,－,C7A0743743214D49AE5FFB6973444FCE,PT構想審査,
1,858910D80F0A440CAC63E2C18F044249,1,0,PRMV0084046 性能検討用走行抵抗式(ePT連れ回り排除) 熱低温性能A0 －,A,45559.25786,0,0,EntryCondition,MBSE検討2回目,MBSE検討2回目,,JPN,4WD,,2,,2,SElist_[Kei]_JPN_4WD,,n,,N,Variation#2-3,Variation#2-3,PRMV0084046,性能検討用走行抵抗式(ePT連れ回り排除),熱低温性能A0,－,C7A0743743214D49AE5FFB6973444FCE,PT構想審査,
1,609282010A8843758820808FEBEF52AD,1,0,PRMV0084047 性能検討用走行抵抗式(ePT連れ回り排除) 熱低温性能A1 －,A,45559.25786,0,0,EntryCondition,MBSE検討2回目,MBSE検討2回目,,JPN,4WD,,2,,2,SElist_[Kei]_JPN_4WD,,n,,N/kph,Variation#2-3,Variation#2-3,PRMV0084047,性能検討用走行抵抗式(ePT連れ回り排除),熱低温性能A1,－,C7A0743743214D49AE5FFB6973444FCE,PT構想審査,
1,7EE080BDBA0549C3AC3A9F01913BDF9E,1,0,PRMV0084048 性能検討用走行抵抗式(ePT連れ回り排除) 熱低温性能A2 －,A,45559.25786,0,0,EntryCondition,MBSE検討2回目,MBSE検討2回目,,JPN,4WD,,2,,2,SElist_[Kei]_JPN_4WD,,n,,N/kph#00B2,Variation#2-3,Variation#2-3,PRMV0084048,性能検討用走行抵抗式(ePT連れ回り排除),熱低温性能A2,－,C7A0743743214D49AE5FFB6973444FCE,PT構想審査,
1,0FA7FCAE793A429091D27F2C1BFD6CF8,1,0,PRMV0084049 性能検討用走行抵抗式(ePT連れ回り排除) 熱低温性能IP －,A,45559.25787,0,0,EntryCondition,MBSE検討2回目,MBSE検討2回目,,JPN,4WD,,2,,2,SElist_[Kei]_JPN_4WD,,n,,kg,Variation#2-3,Variation#2-3,PRMV0084049,性能検討用走行抵抗式(ePT連れ回り排除),熱低温性能IP,－,C7A0743743214D49AE5FFB6973444FCE,PT構想審査,
1,DC6E95A3D6B0418C8FDDC2744989B5F0,1,0,PRMV0084050 ePT 最高システム総合出力(公称） －,A,45559.25787,0,0,EntryCondition,MBSE検討2回目,MBSE検討2回目,,JPN,4WD,,2,,2,SElist_[Kei]_JPN_4WD,,n,,kW,Variation#2-3,Variation#2-3,PRMV0084050,ePT,最高システム総合出力(公称）,－,C7A0743743214D49AE5FFB6973444FCE,PT構想審査,
1,A3C5F3223D8E43169831ED985231CC93,1,0,PRMV0084051 ePT FR MOTイナーシャ －,A,45559.25788,0,0,EntryCondition,MBSE検討2回目,MBSE検討2回目,,JPN,4WD,,2,,2,SElist_[Kei]_JPN_4WD,,0.011045,,kgm#00B2,Variation#2-3,Variation#2-3,PRMV0084051,ePT,FR MOTイナーシャ,－,C7A0743743214D49AE5FFB6973444FCE,PT構想審査,
1,98F6302EF7BC4ED984A08A807D04EB62,1,0,PRMV0084052 ePT FR GBイナーシャ #21,A,45559.25788,0,0,EntryCondition,MBSE検討2回目,MBSE検討2回目,,JPN,4WD,,2,,2,SElist_[Kei]_JPN_4WD,,0.134(DIFF軸上),,kgm#00B2,Variation#2-3,Variation#2-3,PRMV0084052,ePT,FR GBイナーシャ,#21,C7A0743743214D49AE5FFB6973444FCE,PT構想審査,
1,AAECD4DB7E3C442D9095CC9E411C1922,1,0,PRMV0084053 ePT RR MOTイナーシャ －,A,45559.25789,0,0,EntryCondition,MBSE検討2回目,MBSE検討2回目,,JPN,4WD,,2,,2,SElist_[Kei]_JPN_4WD,,n,,kgm#00B2,Variation#2-3,Variation#2-3,PRMV0084053,ePT,RR MOTイナーシャ,－,C7A0743743214D49AE5FFB6973444FCE,PT構想審査,
1,6A4BE7297B394D26BD8063BF030C1101,1,0,PRMV0084054 ePT RR GBイナーシャ #21,A,45559.25789,0,0,EntryCondition,MBSE検討2回目,MBSE検討2回目,,JPN,4WD,,2,,2,SElist_[Kei]_JPN_4WD,,0.069(DIFF軸上),,kgm#00B2,Variation#2-3,Variation#2-3,PRMV0084054,ePT,RR GBイナーシャ,#21,C7A0743743214D49AE5FFB6973444FCE,PT構想審査,
1,535C3A24A18946069E4E876F8C97AC9B,1,0,PRMV0084055 ePT FR MOT制限設定トルク上限(第一象限) #21,A,45559.25791,0,0,EntryCondition,MBSE検討2回目,MBSE検討2回目,,JPN,4WD,,2,,2,SElist_[Kei]_JPN_4WD,,75,,Nm,Variation#2-3,Variation#2-3,PRMV0084055,ePT,FR MOT制限設定トルク上限(第一象限),#21,C7A0743743214D49AE5FFB6973444FCE,PT構想審査,
1,29C31E5F448A4D02A1B66C09CDCC3ECC,1,0,PRMV0084056 ePT FR MOT制限設定トルク下限(第四象限) #21,A,45559.25791,0,0,EntryCondition,MBSE検討2回目,MBSE検討2回目,,JPN,4WD,,2,,2,SElist_[Kei]_JPN_4WD,,-75,,Nm,Variation#2-3,Variation#2-3,PRMV0084056,ePT,FR MOT制限設定トルク下限(第四象限),#21,C7A0743743214D49AE5FFB6973444FCE,PT構想審査,
1,3F960BBE6E304F808A86CD3CFC853741,1,0,PRMV0084057 ePT FR GB減速比 #21,A,45559.25792,0,0,EntryCondition,MBSE検討2回目,MBSE検討2回目,,JPN,4WD,,2,,2,SElist_[Kei]_JPN_4WD,,12.728,,－,Variation#2-3,Variation#2-3,PRMV0084057,ePT,FR GB減速比,#21,C7A0743743214D49AE5FFB6973444FCE,PT構想審査,
1,BC1EE989863E4188B43C42AF2B94FC46,1,0,PRMV0084058 ePT RR MOT制限設定トルク上限(第一象限) #21,A,45559.25792,0,0,EntryCondition,MBSE検討2回目,MBSE検討2回目,,JPN,4WD,,2,,2,SElist_[Kei]_JPN_4WD,,75,,Nm,Variation#2-3,Variation#2-3,PRMV0084058,ePT,RR MOT制限設定トルク上限(第一象限),#21,C7A0743743214D49AE5FFB6973444FCE,PT構想審査,
1,0325D4C4A4004FE092AF4ED96D739799,1,0,PRMV0084059 ePT RR MOT制限設定トルク下限(第四象限) #21,A,45559.25793,0,0,EntryCondition,MBSE検討2回目,MBSE検討2回目,,JPN,4WD,,2,,2,SElist_[Kei]_JPN_4WD,,-75,,Nm,Variation#2-3,Variation#2-3,PRMV0084059,ePT,RR MOT制限設定トルク下限(第四象限),#21,C7A0743743214D49AE5FFB6973444FCE,PT構想審査,
1,3D88916003784FC49CC8998F9F12F3EA,1,0,PRMV0084060 ePT RR GB減速比 #21,A,45559.25793,0,0,EntryCondition,MBSE検討2回目,MBSE検討2回目,,JPN,4WD,,2,,2,SElist_[Kei]_JPN_4WD,,11.136,,－,Variation#2-3,Variation#2-3,PRMV0084060,ePT,RR GB減速比,#21,C7A0743743214D49AE5FFB6973444FCE,PT構想審査,
1,8CD5C834B0554CAA8698FDFBA7A500AD,1,0,PRMV0084061 ドライブシャフト FR右ドライブシャフトイナーシャ －,A,45559.25793,0,0,EntryCondition,MBSE検討2回目,MBSE検討2回目,,JPN,4WD,,2,,2,SElist_[Kei]_JPN_4WD,,2.006×10^-3,,kgm#00B2,Variation#2-3,Variation#2-3,PRMV0084061,ドライブシャフト,FR右ドライブシャフトイナーシャ,－,C7A0743743214D49AE5FFB6973444FCE,PT構想審査,
1,6EB77230B4C140E7820E0F7D325D06CC,1,0,PRMV0084062 ドライブシャフト FR左ドライブシャフトイナーシャ －,A,45559.25794,0,0,EntryCondition,MBSE検討2回目,MBSE検討2回目,,JPN,4WD,,2,,2,SElist_[Kei]_JPN_4WD,,1.950×10^-3,,kgm#00B2,Variation#2-3,Variation#2-3,PRMV0084062,ドライブシャフト,FR左ドライブシャフトイナーシャ,－,C7A0743743214D49AE5FFB6973444FCE,PT構想審査,
1,A4BEACED79804ECA86AA890222EDDB49,1,0,PRMV0084063 ドライブシャフト RR右ドライブシャフトイナーシャ －,A,45559.25794,0,0,EntryCondition,MBSE検討2回目,MBSE検討2回目,,JPN,4WD,,2,,2,SElist_[Kei]_JPN_4WD,,1.863×10^-3,,kgm#00B2,Variation#2-3,Variation#2-3,PRMV0084063,ドライブシャフト,RR右ドライブシャフトイナーシャ,－,C7A0743743214D49AE5FFB6973444FCE,PT構想審査,
1,B67C06AED5C142C68BE30C6B31A5020E,1,0,PRMV0084064 ドライブシャフト RR左ドライブシャフトイナーシャ －,A,45559.25795,0,0,EntryCondition,MBSE検討2回目,MBSE検討2回目,,JPN,4WD,,2,,2,SElist_[Kei]_JPN_4WD,,1.838×10^-3,,kgm#00B2,Variation#2-3,Variation#2-3,PRMV0084064,ドライブシャフト,RR左ドライブシャフトイナーシャ,－,C7A0743743214D49AE5FFB6973444FCE,PT構想審査,
1,B13C210A121E439B96BF964423854D1B,1,0,"PRMV0084065 DCDC DCDC効率(走行時弱電220W,355V入力(SOC20%),13V出力) －",A,45559.25795,0,0,EntryCondition,MBSE検討2回目,MBSE検討2回目,,JPN,4WD,,2,,2,SElist_[Kei]_JPN_4WD,,TBD,,%,Variation#2-3,Variation#2-3,PRMV0084065,DCDC,"DCDC効率(走行時弱電220W,355V入力(SOC20%),13V出力)",－,C7A0743743214D49AE5FFB6973444FCE,PT構想審査,
1,5BD4040C6AC34273B39A190C72DE3697,1,0,PRMV0084066 LV BATT 消費電力(電費試験時WLTCモード) －,A,45559.25796,0,0,EntryCondition,MBSE検討2回目,MBSE検討2回目,,JPN,4WD,,2,,2,SElist_[Kei]_JPN_4WD,,n,,kW,Variation#2-3,Variation#2-3,PRMV0084066,LV BATT,消費電力(電費試験時WLTCモード),－,C7A0743743214D49AE5FFB6973444FCE,PT構想審査,
1,6F6A7617A02D4B538D22BC5A6A1E51E1,1,0,PRMV0084067 HV BATT 直列セル数 －,A,45559.25796,0,0,EntryCondition,MBSE検討2回目,MBSE検討2回目,,JPN,4WD,,2,,2,SElist_[Kei]_JPN_4WD,,100,,cell,Variation#2-3,Variation#2-3,PRMV0084067,HV BATT,直列セル数,－,C7A0743743214D49AE5FFB6973444FCE,PT構想審査,
1,203346CE701F49C6A93C173474FDBCC1,1,0,PRMV0084068 HV BATT 並列セル数 －,A,45559.25797,0,0,EntryCondition,MBSE検討2回目,MBSE検討2回目,,JPN,4WD,,2,,2,SElist_[Kei]_JPN_4WD,,1,,para,Variation#2-3,Variation#2-3,PRMV0084068,HV BATT,並列セル数,－,C7A0743743214D49AE5FFB6973444FCE,PT構想審査,
1,0DB35EB6909F413196F812340E1CCA04,1,0,PRMV0084069 HV BATT セル容量 －,A,45559.25797,0,0,EntryCondition,MBSE検討2回目,MBSE検討2回目,,JPN,4WD,,2,,2,SElist_[Kei]_JPN_4WD,,72,,Ah,Variation#2-3,Variation#2-3,PRMV0084069,HV BATT,セル容量,－,C7A0743743214D49AE5FFB6973444FCE,PT構想審査,
1,D3DB8C5D0E874683A336502EB5C5BB95,1,0,PRMV0084070 HV BATT パック繋ぎ抵抗 －,A,45559.25797,0,0,EntryCondition,MBSE検討2回目,MBSE検討2回目,,JPN,4WD,,2,,2,SElist_[Kei]_JPN_4WD,,0.01(TBD),,Ω,Variation#2-3,Variation#2-3,PRMV0084070,HV BATT,パック繋ぎ抵抗,－,C7A0743743214D49AE5FFB6973444FCE,PT構想審査,
1,8B3DE3BFCC984F20B85A9F52C345B7F7,1,0,PRMV0084071 HV BATT DCハーネスの抵抗 －,A,45559.25799,0,0,EntryCondition,MBSE検討2回目,MBSE検討2回目,,JPN,4WD,,2,,2,SElist_[Kei]_JPN_4WD,,TBD,,Ω,Variation#2-3,Variation#2-3,PRMV0084071,HV BATT,DCハーネスの抵抗,－,C7A0743743214D49AE5FFB6973444FCE,PT構想審査,
1,441995B6127348C7A68BEA6DD7835103,1,0,PRMV0084331 Vehicle Weight Min.C.W. －,A,45562.01191,0,0,EntryCondition,PT構想審査時点Fix,PT構想審査時点Fix,,JPN,2WD,,2,,2,SElist_Compact_Slide_JPN_2WD,,1415,,kg,L2,L2,PRMV0084331,Vehicle Weight,Min.C.W.,－,C7A0743743214D49AE5FFB6973444FCE,PT構想審査,
1,5ED269C47D9A448795CEC54B25D1E4A6,1,0,PRMV0084332 Vehicle Weight Max.C.W. －,A,45562.01192,0,0,EntryCondition,PT構想審査時点Fix,PT構想審査時点Fix,,JPN,2WD,,2,,2,SElist_Compact_Slide_JPN_2WD,,1471,,kg,L2,L2,PRMV0084332,Vehicle Weight,Max.C.W.,－,C7A0743743214D49AE5FFB6973444FCE,PT構想審査,
1,8A2421AB514E40D3934D9E80E07965E6,1,0,PRMV0084333 Vehicle Weight スペアタイヤ&工具  －,A,45562.01192,0,0,EntryCondition,PT構想審査時点Fix,PT構想審査時点Fix,,JPN,2WD,,2,,2,SElist_Compact_Slide_JPN_2WD,,1,,kg,L2,L2,PRMV0084333,Vehicle Weight,スペアタイヤ&工具 ,－,C7A0743743214D49AE5FFB6973444FCE,PT構想審査,
1,EECEF092DC0346388ABAFC0ACA0C9BC2,1,0,PRMV0084334 Vehicle Weight EPA届出重量 －,A,45562.01193,0,0,EntryCondition,PT構想審査時点Fix,PT構想審査時点Fix,,JPN,2WD,,2,,2,SElist_Compact_Slide_JPN_2WD,,1420,,kg,L2,L2,PRMV0084334,Vehicle Weight,EPA届出重量,－,C7A0743743214D49AE5FFB6973444FCE,PT構想審査,
1,004A9431F46B483185D793FFA71DE981,1,0,PRMV0084335 Vehicle Weight IP(認証試験) ,A,45562.01193,0,0,EntryCondition,PT構想審査時点Fix,PT構想審査時点Fix,,JPN,2WD,,2,,2,SElist_Compact_Slide_JPN_2WD,,1555,,lbs,L2,L2,PRMV0084335,Vehicle Weight,IP(認証試験),,C7A0743743214D49AE5FFB6973444FCE,PT構想審査,
1,9309D834884646169BDE4FD4C8E2BCE3,1,0,PRMV0084336 Vehicle Severe Weight PTW or GVWR －,A,45562.01194,0,0,EntryCondition,PT構想審査時点Fix,PT構想審査時点Fix,,JPN,2WD,,2,,2,SElist_Compact_Slide_JPN_2WD,,1765,,kg,L2,L2,PRMV0084336,Vehicle Severe Weight,PTW or GVWR,－,C7A0743743214D49AE5FFB6973444FCE,PT構想審査,
1,7B53D22D01F4449687A6FBE20D69487E,1,0,PRMV0084337 Vehicle Severe Weight Towing －,A,45562.01194,0,0,EntryCondition,PT構想審査時点Fix,PT構想審査時点Fix,,JPN,2WD,,2,,2,SElist_Compact_Slide_JPN_2WD,,無し,,kg,L2,L2,PRMV0084337,Vehicle Severe Weight,Towing,－,C7A0743743214D49AE5FFB6973444FCE,PT構想審査,
1,25D6161D17EC4452BB3BF5F202B85E3A,1,0,PRMV0084338 Test Weight 燃費 －,A,45562.01196,0,0,EntryCondition,PT構想審査時点Fix,PT構想審査時点Fix,,JPN,2WD,,2,,2,SElist_Compact_Slide_JPN_2WD,,1555,,kg,L2,L2,PRMV0084338,Test Weight,燃費,－,C7A0743743214D49AE5FFB6973444FCE,PT構想審査,
1,D66BEBA995BC44E9A4B363FF99AA7110,1,0,PRMV0084339 Test Weight 動力当り前性能  －,A,45562.01196,0,0,EntryCondition,PT構想審査時点Fix,PT構想審査時点Fix,,JPN,2WD,,2,,2,SElist_Compact_Slide_JPN_2WD,,1765,,kg,L2,L2,PRMV0084339,Test Weight,動力当り前性能 ,－,C7A0743743214D49AE5FFB6973444FCE,PT構想審査,
1,18D9A38DD2B84F7E9A25DBFBDDCAAE17,1,0,PRMV0084340 Test Weight 動力Accerelation －,A,45562.01197,0,0,EntryCondition,PT構想審査時点Fix,PT構想審査時点Fix,,JPN,2WD,,2,,2,SElist_Compact_Slide_JPN_2WD,,1560,,kg,L2,L2,PRMV0084340,Test Weight,動力Accerelation,－,C7A0743743214D49AE5FFB6973444FCE,PT構想審査,
1,06E6719680C947B8BCBDD42BD9BB749C,1,0,PRMV0084341 Test Weight 排気(IPランク)WLTC T.W. －,A,45562.01197,0,0,EntryCondition,PT構想審査時点Fix,PT構想審査時点Fix,,JPN,2WD,,2,,2,SElist_Compact_Slide_JPN_2WD,,n,,kg,L2,L2,PRMV0084341,Test Weight,排気(IPランク)WLTC T.W.,－,C7A0743743214D49AE5FFB6973444FCE,PT構想審査,
1,26E8A5F1458A418DB852135B8E6CFAA2,1,0,PRMV0084342 Test Weight 排気(IPランク)RDE －,A,45562.01197,0,0,EntryCondition,PT構想審査時点Fix,PT構想審査時点Fix,,JPN,2WD,,2,,2,SElist_Compact_Slide_JPN_2WD,,n,,kg,L2,L2,PRMV0084342,Test Weight,排気(IPランク)RDE,－,C7A0743743214D49AE5FFB6973444FCE,PT構想審査,
1,F544CFCBC43449EBB7987DF4A07C7D4D,1,0,PRMV0084343 Test Weight OBD(IPランク)WLTC T.W. －,A,45562.01198,0,0,EntryCondition,PT構想審査時点Fix,PT構想審査時点Fix,,JPN,2WD,,2,,2,SElist_Compact_Slide_JPN_2WD,,n,,kg,L2,L2,PRMV0084343,Test Weight,OBD(IPランク)WLTC T.W.,－,C7A0743743214D49AE5FFB6973444FCE,PT構想審査,
1,BB18E923E2234EA995A306F61EDC2C6A,1,0,PRMV0084344 Test Weight 熱GVWR －,A,45562.01198,0,0,EntryCondition,PT構想審査時点Fix,PT構想審査時点Fix,,JPN,2WD,,2,,2,SElist_Compact_Slide_JPN_2WD,,n,,kg,L2,L2,PRMV0084344,Test Weight,熱GVWR,－,C7A0743743214D49AE5FFB6973444FCE,PT構想審査,
1,7A9F9009E85844EB9295EC2A300E884F,1,0,PRMV0084345 Test Weight 音 －,A,45562.01199,0,0,EntryCondition,PT構想審査時点Fix,PT構想審査時点Fix,,JPN,2WD,,2,,2,SElist_Compact_Slide_JPN_2WD,,n,,kg,L2,L2,PRMV0084345,Test Weight,音,－,C7A0743743214D49AE5FFB6973444FCE,PT構想審査,
1,6207EDD9DB8B4716B52FCFE2E0799688,1,0,PRMV0084346 Test Weight 運転性 －,A,45562.01199,0,0,EntryCondition,PT構想審査時点Fix,PT構想審査時点Fix,,JPN,2WD,,2,,2,SElist_Compact_Slide_JPN_2WD,,n,,kg,L2,L2,PRMV0084346,Test Weight,運転性,－,C7A0743743214D49AE5FFB6973444FCE,PT構想審査,
1,73CF77BD822F4067B22F5210E58AB2D4,1,0,PRMV0084347 Test Weight エバポ －,A,45562.012,0,0,EntryCondition,PT構想審査時点Fix,PT構想審査時点Fix,,JPN,2WD,,2,,2,SElist_Compact_Slide_JPN_2WD,,1.8219,,kg,L2,L2,PRMV0084347,Test Weight,エバポ,－,C7A0743743214D49AE5FFB6973444FCE,PT構想審査,
1,AEEF52094D244FA18F2C8CAA3AA48CBE,1,0,PRMV0084348 Test Weight シビアシーンあざみライン / ターンパイク －,A,45562.012,0,0,EntryCondition,PT構想審査時点Fix,PT構想審査時点Fix,,JPN,2WD,,2,,2,SElist_Compact_Slide_JPN_2WD,,n,,kg,L2,L2,PRMV0084348,Test Weight,シビアシーンあざみライン / ターンパイク,－,C7A0743743214D49AE5FFB6973444FCE,PT構想審査,
1,B9BB1CED9E5B4FE884190F37EA641AEF,1,0,PRMV0084349 Test Weight シビアシーン熱性能GVWR －,A,45562.01201,0,0,EntryCondition,PT構想審査時点Fix,PT構想審査時点Fix,,JPN,2WD,,2,,2,SElist_Compact_Slide_JPN_2WD,,n,,kg,L2,L2,PRMV0084349,Test Weight,シビアシーン熱性能GVWR,－,C7A0743743214D49AE5FFB6973444FCE,PT構想審査,
1,7001CF647EB84CC988A6477AD6DD047F,1,0,"PRMV0084350 Test Weight シビアシーン熱性能130km/h,R/L －",A,45562.01201,0,0,EntryCondition,PT構想審査時点Fix,PT構想審査時点Fix,,JPN,2WD,,2,,2,SElist_Compact_Slide_JPN_2WD,,n,,kg,L2,L2,PRMV0084350,Test Weight,"シビアシーン熱性能130km/h,R/L",－,C7A0743743214D49AE5FFB6973444FCE,PT構想審査,
1,E41645EF0AD54ECEAAE2D6E2838D1F5A,1,0,"PRMV0084351 Test Weight シビアシーン熱性能60km/h,8.7%勾配 －",A,45562.01203,0,0,EntryCondition,PT構想審査時点Fix,PT構想審査時点Fix,,JPN,2WD,,2,,2,SElist_Compact_Slide_JPN_2WD,,n,,kg,L2,L2,PRMV0084351,Test Weight,"シビアシーン熱性能60km/h,8.7%勾配",－,C7A0743743214D49AE5FFB6973444FCE,PT構想審査,
1,43A3E7017F6D4C75B05419387ACFD434,1,0,PRMV0084352 Test Weight 6分類GVWR －,A,45562.01203,0,0,EntryCondition,PT構想審査時点Fix,PT構想審査時点Fix,,JPN,2WD,,2,,2,SElist_Compact_Slide_JPN_2WD,,n,,kg,L2,L2,PRMV0084352,Test Weight,6分類GVWR,－,C7A0743743214D49AE5FFB6973444FCE,PT構想審査,
1,EE99D16C160544AAAE9CB3C973363ADC,1,0,PRMV0084353 空力 Cd  －,A,45562.01204,0,0,EntryCondition,PT構想審査時点Fix,PT構想審査時点Fix,,JPN,2WD,,2,,2,SElist_Compact_Slide_JPN_2WD,,－,,－,L2,L2,PRMV0084353,空力,Cd ,－,C7A0743743214D49AE5FFB6973444FCE,PT構想審査,
1,3569553C776A406986A6D341CA91DAE4,1,0,PRMV0084354 空力 ΔCd (AGS閉→全開) －,A,45562.01204,0,0,EntryCondition,PT構想審査時点Fix,PT構想審査時点Fix,,JPN,2WD,,2,,2,SElist_Compact_Slide_JPN_2WD,,0.359,,－,L2,L2,PRMV0084354,空力,ΔCd (AGS閉→全開),－,C7A0743743214D49AE5FFB6973444FCE,PT構想審査,
1,01AFCB12B63B413997DF655AD793A0B7,1,0,PRMV0084355 空力 A －,A,45562.01205,0,0,EntryCondition,PT構想審査時点Fix,PT構想審査時点Fix,,JPN,2WD,,2,,2,SElist_Compact_Slide_JPN_2WD,,2.51,,m#00B2,L2,L2,PRMV0084355,空力,A,－,C7A0743743214D49AE5FFB6973444FCE,PT構想審査,
1,9516DE9048EA4CA4BBB65E173E143CF2,1,0,PRMV0084356 空力 Grill shutter仕様（名称） －,A,45562.01205,0,0,EntryCondition,PT構想審査時点Fix,PT構想審査時点Fix,,JPN,2WD,,2,,2,SElist_Compact_Slide_JPN_2WD,,－,,－,L2,L2,PRMV0084356,空力,Grill shutter仕様（名称）,－,C7A0743743214D49AE5FFB6973444FCE,PT構想審査,
1,BF18D0A8A6424F0488FF090D705E6A5C,1,0,PRMV0084357 タイヤ FRサイズ －,A,45562.01206,0,0,EntryCondition,PT構想審査時点Fix,PT構想審査時点Fix,,JPN,2WD,,2,,2,SElist_Compact_Slide_JPN_2WD,,185/65/15,,－,L2,L2,PRMV0084357,タイヤ,FRサイズ,－,C7A0743743214D49AE5FFB6973444FCE,PT構想審査,
1,500895FAA60C44E6ACF67ED9E171AE6E,1,0,PRMV0084358 タイヤ FR動半径 －,A,45562.01206,0,0,EntryCondition,PT構想審査時点Fix,PT構想審査時点Fix,,JPN,2WD,,2,,2,SElist_Compact_Slide_JPN_2WD,,0.298,,m,L2,L2,PRMV0084358,タイヤ,FR動半径,－,C7A0743743214D49AE5FFB6973444FCE,PT構想審査,
1,967B6B9AB10740CD9E9730CC0E3A28B3,1,0,"PRMV0084359 タイヤ FR RRC (ISO 28560 80kmh,210kPa) －",A,45562.01207,0,0,EntryCondition,PT構想審査時点Fix,PT構想審査時点Fix,,JPN,2WD,,2,,2,SElist_Compact_Slide_JPN_2WD,,6.6,,－,L2,L2,PRMV0084359,タイヤ,"FR RRC (ISO 28560 80kmh,210kPa)",－,C7A0743743214D49AE5FFB6973444FCE,PT構想審査,
1,30FBA67034564C4CA3A8556F063A1181,1,0,PRMV0084360 タイヤ FR RRC (車両状態) －,A,45562.01207,0,0,EntryCondition,PT構想審査時点Fix,PT構想審査時点Fix,,JPN,2WD,,2,,2,SElist_Compact_Slide_JPN_2WD,,6.3,,－,L2,L2,PRMV0084360,タイヤ,FR RRC (車両状態),－,C7A0743743214D49AE5FFB6973444FCE,PT構想審査,
1,461BBD10F25641B1AAA42CEBC0A54D86,1,0,PRMV0084361 タイヤ FR RRC (車両状態)空気圧 －,A,45562.01208,0,0,EntryCondition,PT構想審査時点Fix,PT構想審査時点Fix,,JPN,2WD,,2,,2,SElist_Compact_Slide_JPN_2WD,,230,,kPa,L2,L2,PRMV0084361,タイヤ,FR RRC (車両状態)空気圧,－,C7A0743743214D49AE5FFB6973444FCE,PT構想審査,
1,190C48ABE39B4809AB535CD9400BAD70,1,0,PRMV0084362 タイヤ FR イナーシャ(1本)  －,A,45562.01208,0,0,EntryCondition,PT構想審査時点Fix,PT構想審査時点Fix,,JPN,2WD,,2,,2,SElist_Compact_Slide_JPN_2WD,,n,,kgm#00B2,L2,L2,PRMV0084362,タイヤ,FR イナーシャ(1本) ,－,C7A0743743214D49AE5FFB6973444FCE,PT構想審査,
1,A39DDEF753CC482A96BDFC79F3BD286A,1,0,PRMV0084363 タイヤ RRサイズ －,A,45562.01209,0,0,EntryCondition,PT構想審査時点Fix,PT構想審査時点Fix,,JPN,2WD,,2,,2,SElist_Compact_Slide_JPN_2WD,,185/65/15,,－,L2,L2,PRMV0084363,タイヤ,RRサイズ,－,C7A0743743214D49AE5FFB6973444FCE,PT構想審査,
1,5D277A12AECD43FABDC000A113AAE878,1,0,PRMV0084364 タイヤ RR動半径 －,A,45562.01209,0,0,EntryCondition,PT構想審査時点Fix,PT構想審査時点Fix,,JPN,2WD,,2,,2,SElist_Compact_Slide_JPN_2WD,,0.298,,m,L2,L2,PRMV0084364,タイヤ,RR動半径,－,C7A0743743214D49AE5FFB6973444FCE,PT構想審査,
1,24C4913E313D46E4A114ADFDCFC5D6D8,1,0,"PRMV0084365 タイヤ RR RRC (ISO 28560 80kmh,210kPa) －",A,45562.01211,0,0,EntryCondition,PT構想審査時点Fix,PT構想審査時点Fix,,JPN,2WD,,2,,2,SElist_Compact_Slide_JPN_2WD,,6.6,,－,L2,L2,PRMV0084365,タイヤ,"RR RRC (ISO 28560 80kmh,210kPa)",－,C7A0743743214D49AE5FFB6973444FCE,PT構想審査,
1,4A6447B70EC64F85A9A8B01208B6DE07,1,0,PRMV0084366 タイヤ RR RRC (車両状態) －,A,45562.01211,0,0,EntryCondition,PT構想審査時点Fix,PT構想審査時点Fix,,JPN,2WD,,2,,2,SElist_Compact_Slide_JPN_2WD,,6.6,,－,L2,L2,PRMV0084366,タイヤ,RR RRC (車両状態),－,C7A0743743214D49AE5FFB6973444FCE,PT構想審査,
1,25E2977A0F7D4E089CBEB0DD4DD83B1E,1,0,PRMV0084367 タイヤ RR RRC (車両状態)空気圧 －,A,45562.01212,0,0,EntryCondition,PT構想審査時点Fix,PT構想審査時点Fix,,JPN,2WD,,2,,2,SElist_Compact_Slide_JPN_2WD,,210,,kPa,L2,L2,PRMV0084367,タイヤ,RR RRC (車両状態)空気圧,－,C7A0743743214D49AE5FFB6973444FCE,PT構想審査,
1,CAE7EB64DED04F958E8F65E6A0B644F1,1,0,PRMV0084368 タイヤ RR イナーシャ(1本)  －,A,45562.01212,0,0,EntryCondition,PT構想審査時点Fix,PT構想審査時点Fix,,JPN,2WD,,2,,2,SElist_Compact_Slide_JPN_2WD,,n,,kgm#00B2,L2,L2,PRMV0084368,タイヤ,RR イナーシャ(1本) ,－,C7A0743743214D49AE5FFB6973444FCE,PT構想審査,
1,D2E99000D6614058BAAC9DCD6B68804A,1,0,PRMV0084369 ホイール イナーシャ(1本) －,A,45562.01213,0,0,EntryCondition,PT構想審査時点Fix,PT構想審査時点Fix,,JPN,2WD,,2,,2,SElist_Compact_Slide_JPN_2WD,,n,,kgm#00B2,L2,L2,PRMV0084369,ホイール,イナーシャ(1本),－,C7A0743743214D49AE5FFB6973444FCE,PT構想審査,
1,9EEF5666CF9A4CE7B6959B8F5C257864,1,0,PRMV0084370 HUB FR 引き摺りトルク (@80km/h) －,A,45562.01213,0,0,EntryCondition,PT構想審査時点Fix,PT構想審査時点Fix,,JPN,2WD,,2,,2,SElist_Compact_Slide_JPN_2WD,,160,,Nm/veh,L2,L2,PRMV0084370,HUB,FR 引き摺りトルク (@80km/h),－,C7A0743743214D49AE5FFB6973444FCE,PT構想審査,
1,80C3A7E0106B4361B74DD961F24BCC42,1,0,PRMV0084371 HUB RR 引き摺りトルク (@80km/h) －,A,45562.01214,0,0,EntryCondition,PT構想審査時点Fix,PT構想審査時点Fix,,JPN,2WD,,2,,2,SElist_Compact_Slide_JPN_2WD,,148,,Nm/veh,L2,L2,PRMV0084371,HUB,RR 引き摺りトルク (@80km/h),－,C7A0743743214D49AE5FFB6973444FCE,PT構想審査,
1,BC61B82BF4AC4AEDAB6672E876B820A9,1,0,PRMV0084372 ブレーキ FR引き摺りトルク (経験圧3Mpa＠60kph) －,A,45562.01214,0,0,EntryCondition,PT構想審査時点Fix,PT構想審査時点Fix,,JPN,2WD,,2,,2,SElist_Compact_Slide_JPN_2WD,,224,,Nm/veh,L2,L2,PRMV0084372,ブレーキ,FR引き摺りトルク (経験圧3Mpa＠60kph),－,C7A0743743214D49AE5FFB6973444FCE,PT構想審査,
1,A657CC7929D541B2920B0408091338AB,1,0,PRMV0084373 ブレーキ RR引き摺りトルク(経験圧3Mpa＠60kph) －,A,45562.01215,0,0,EntryCondition,PT構想審査時点Fix,PT構想審査時点Fix,,JPN,2WD,,2,,2,SElist_Compact_Slide_JPN_2WD,,0,,Nm/veh,L2,L2,PRMV0084373,ブレーキ,RR引き摺りトルク(経験圧3Mpa＠60kph),－,C7A0743743214D49AE5FFB6973444FCE,PT構想審査,
1,0BC3AE2C7E8C43A0ABEFADC44D6C6A80,1,0,PRMV0084374 走行抵抗 届出(Target Lset式) A0 －,A,45562.01215,0,0,EntryCondition,PT構想審査時点Fix,PT構想審査時点Fix,,JPN,2WD,,2,,2,SElist_Compact_Slide_JPN_2WD,,n,,N,L2,L2,PRMV0084374,走行抵抗,届出(Target Lset式) A0,－,C7A0743743214D49AE5FFB6973444FCE,PT構想審査,
1,B2B14022EEE747D18ECC0EDD93625355,1,0,PRMV0084375 走行抵抗 届出(Target Lset式) A1 －,A,45562.01216,0,0,EntryCondition,PT構想審査時点Fix,PT構想審査時点Fix,,JPN,2WD,,2,,2,SElist_Compact_Slide_JPN_2WD,,n,,N/kph,L2,L2,PRMV0084375,走行抵抗,届出(Target Lset式) A1,－,C7A0743743214D49AE5FFB6973444FCE,PT構想審査,
1,D0412476209B484E8B35434898C61637,1,0,PRMV0084376 走行抵抗 届出(Target Lset式) A2 －,A,45562.01216,0,0,EntryCondition,PT構想審査時点Fix,PT構想審査時点Fix,,JPN,2WD,,2,,2,SElist_Compact_Slide_JPN_2WD,,n,,N/kph#00B2,L2,L2,PRMV0084376,走行抵抗,届出(Target Lset式) A2,－,C7A0743743214D49AE5FFB6973444FCE,PT構想審査,
1,544561AD655C4C2985DB7354F0A926F1,1,0,PRMV0084377 走行抵抗 届出(Target Lset式) IP －,A,45562.01218,0,0,EntryCondition,PT構想審査時点Fix,PT構想審査時点Fix,,JPN,2WD,,2,,2,SElist_Compact_Slide_JPN_2WD,,n,,kg,L2,L2,PRMV0084377,走行抵抗,届出(Target Lset式) IP,－,C7A0743743214D49AE5FFB6973444FCE,PT構想審査,
1,26BD66BB490B4439A12267F2F727D241,1,0,PRMV0084378 走行抵抗 届出(Target Lset式) 排気A0 －,A,45562.01218,0,0,EntryCondition,PT構想審査時点Fix,PT構想審査時点Fix,,JPN,2WD,,2,,2,SElist_Compact_Slide_JPN_2WD,,n,,N,L2,L2,PRMV0084378,走行抵抗,届出(Target Lset式) 排気A0,－,C7A0743743214D49AE5FFB6973444FCE,PT構想審査,
1,60161E4C532F4F6A95776AF6D4108301,1,0,PRMV0084379 走行抵抗 届出(Target Lset式) 排気A1 －,A,45562.01218,0,0,EntryCondition,PT構想審査時点Fix,PT構想審査時点Fix,,JPN,2WD,,2,,2,SElist_Compact_Slide_JPN_2WD,,n,,N/kph,L2,L2,PRMV0084379,走行抵抗,届出(Target Lset式) 排気A1,－,C7A0743743214D49AE5FFB6973444FCE,PT構想審査,
1,FD784A858B9C428BB7889CFCCA2CCCB3,1,0,PRMV0084380 走行抵抗 届出(Target Lset式) 排気A2 －,A,45562.01219,0,0,EntryCondition,PT構想審査時点Fix,PT構想審査時点Fix,,JPN,2WD,,2,,2,SElist_Compact_Slide_JPN_2WD,,n,,N/kph#00B2,L2,L2,PRMV0084380,走行抵抗,届出(Target Lset式) 排気A2,－,C7A0743743214D49AE5FFB6973444FCE,PT構想審査,
1,F5C745BC8F1249AC9DA4BE9ADC3B476B,1,0,PRMV0084381 走行抵抗 届出(Target Lset式) 排気IP －,A,45562.01219,0,0,EntryCondition,PT構想審査時点Fix,PT構想審査時点Fix,,JPN,2WD,,2,,2,SElist_Compact_Slide_JPN_2WD,,n,,kg,L2,L2,PRMV0084381,走行抵抗,届出(Target Lset式) 排気IP,－,C7A0743743214D49AE5FFB6973444FCE,PT構想審査,
1,10A0E1ABD14947D2BA9CD380CEE01B9E,1,0,PRMV0084382 走行抵抗 届出(Target Lset式) エバポA0 －,A,45562.0122,0,0,EntryCondition,PT構想審査時点Fix,PT構想審査時点Fix,,JPN,2WD,,2,,2,SElist_Compact_Slide_JPN_2WD,,n,,N,L2,L2,PRMV0084382,走行抵抗,届出(Target Lset式) エバポA0,－,C7A0743743214D49AE5FFB6973444FCE,PT構想審査,
1,BCBF2BF38A094BA6A8E91C6F97C1E015,1,0,PRMV0084383 走行抵抗 届出(Target Lset式) エバポA1 －,A,45562.0122,0,0,EntryCondition,PT構想審査時点Fix,PT構想審査時点Fix,,JPN,2WD,,2,,2,SElist_Compact_Slide_JPN_2WD,,n,,N/kph,L2,L2,PRMV0084383,走行抵抗,届出(Target Lset式) エバポA1,－,C7A0743743214D49AE5FFB6973444FCE,PT構想審査,
1,029CEB9961C14E6E81FE97FDF3FAB5F3,1,0,PRMV0084384 走行抵抗 届出(Target Lset式) エバポA2 －,A,45562.01221,0,0,EntryCondition,PT構想審査時点Fix,PT構想審査時点Fix,,JPN,2WD,,2,,2,SElist_Compact_Slide_JPN_2WD,,n,,N/kph#00B2,L2,L2,PRMV0084384,走行抵抗,届出(Target Lset式) エバポA2,－,C7A0743743214D49AE5FFB6973444FCE,PT構想審査,
1,BA2D960229684C918975A17396A7B678,1,0,PRMV0084385 走行抵抗 届出(Target Lset式) エバポIP －,A,45562.01221,0,0,EntryCondition,PT構想審査時点Fix,PT構想審査時点Fix,,JPN,2WD,,2,,2,SElist_Compact_Slide_JPN_2WD,,n,,kg,L2,L2,PRMV0084385,走行抵抗,届出(Target Lset式) エバポIP,－,C7A0743743214D49AE5FFB6973444FCE,PT構想審査,
1,002B656673694664970C3C2EBE3DAE28,1,0,PRMV0084386 性能検討用走行抵抗式(ePT連れ回り排除) 航続距離(C/D車載状態)A0 －,A,45562.01221,0,0,EntryCondition,PT構想審査時点Fix,PT構想審査時点Fix,,JPN,2WD,,2,,2,SElist_Compact_Slide_JPN_2WD,,n,,N,L2,L2,PRMV0084386,性能検討用走行抵抗式(ePT連れ回り排除),航続距離(C/D車載状態)A0,－,C7A0743743214D49AE5FFB6973444FCE,PT構想審査,
1,D879C7B39CA145CF85283F21EF4A9441,1,0,PRMV0084387 性能検討用走行抵抗式(ePT連れ回り排除) 航続距離(C/D車載状態)A1 －,A,45562.01222,0,0,EntryCondition,PT構想審査時点Fix,PT構想審査時点Fix,,JPN,2WD,,2,,2,SElist_Compact_Slide_JPN_2WD,,n,,N/kph,L2,L2,PRMV0084387,性能検討用走行抵抗式(ePT連れ回り排除),航続距離(C/D車載状態)A1,－,C7A0743743214D49AE5FFB6973444FCE,PT構想審査,
1,6E90910F607A4248BBC5BA850409519D,1,0,PRMV0084388 性能検討用走行抵抗式(ePT連れ回り排除) 航続距離(C/D車載状態)A2 －,A,45562.01222,0,0,EntryCondition,PT構想審査時点Fix,PT構想審査時点Fix,,JPN,2WD,,2,,2,SElist_Compact_Slide_JPN_2WD,,n,,N/kph#00B2,L2,L2,PRMV0084388,性能検討用走行抵抗式(ePT連れ回り排除),航続距離(C/D車載状態)A2,－,C7A0743743214D49AE5FFB6973444FCE,PT構想審査,
1,5D630F5EF1E14ACFAC3A318D42F525B9,1,0,PRMV0084389 性能検討用走行抵抗式(ePT連れ回り排除) 航続距離(C/D車載状態)IP －,A,45562.01223,0,0,EntryCondition,PT構想審査時点Fix,PT構想審査時点Fix,,JPN,2WD,,2,,2,SElist_Compact_Slide_JPN_2WD,,n,,kg,L2,L2,PRMV0084389,性能検討用走行抵抗式(ePT連れ回り排除),航続距離(C/D車載状態)IP,－,C7A0743743214D49AE5FFB6973444FCE,PT構想審査,
1,684CC195F80B4A0DB90792FE9A4C6A8C,1,0,PRMV0084390 性能検討用走行抵抗式(ePT連れ回り排除) 動力当り前性能A0 －,A,45562.01223,0,0,EntryCondition,PT構想審査時点Fix,PT構想審査時点Fix,,JPN,2WD,,2,,2,SElist_Compact_Slide_JPN_2WD,,n,,N,L2,L2,PRMV0084390,性能検討用走行抵抗式(ePT連れ回り排除),動力当り前性能A0,－,C7A0743743214D49AE5FFB6973444FCE,PT構想審査,
1,F131368307C4497590D20C33B248BEBB,1,0,PRMV0084391 性能検討用走行抵抗式(ePT連れ回り排除) 動力当り前性能A1 －,A,45562.01223,0,0,EntryCondition,PT構想審査時点Fix,PT構想審査時点Fix,,JPN,2WD,,2,,2,SElist_Compact_Slide_JPN_2WD,,n,,N/kph,L2,L2,PRMV0084391,性能検討用走行抵抗式(ePT連れ回り排除),動力当り前性能A1,－,C7A0743743214D49AE5FFB6973444FCE,PT構想審査,
1,0CCCBFA7782F480089DDA785AF5A497B,1,0,PRMV0084392 性能検討用走行抵抗式(ePT連れ回り排除) 動力当り前性能A2 －,A,45562.01225,0,0,EntryCondition,PT構想審査時点Fix,PT構想審査時点Fix,,JPN,2WD,,2,,2,SElist_Compact_Slide_JPN_2WD,,n,,N/kph#00B2,L2,L2,PRMV0084392,性能検討用走行抵抗式(ePT連れ回り排除),動力当り前性能A2,－,C7A0743743214D49AE5FFB6973444FCE,PT構想審査,
1,5DD980DDEEDF46209A925F83309052B7,1,0,PRMV0084393 性能検討用走行抵抗式(ePT連れ回り排除) 動力当り前性能IP －,A,45562.01225,0,0,EntryCondition,PT構想審査時点Fix,PT構想審査時点Fix,,JPN,2WD,,2,,2,SElist_Compact_Slide_JPN_2WD,,n,,kg,L2,L2,PRMV0084393,性能検討用走行抵抗式(ePT連れ回り排除),動力当り前性能IP,－,C7A0743743214D49AE5FFB6973444FCE,PT構想審査,
1,68E230448BD64EB38505616D7D72C628,1,0,PRMV0084394 性能検討用走行抵抗式(ePT連れ回り排除) 動力AccerelationA0 －,A,45562.01226,0,0,EntryCondition,PT構想審査時点Fix,PT構想審査時点Fix,,JPN,2WD,,2,,2,SElist_Compact_Slide_JPN_2WD,,n,,N,L2,L2,PRMV0084394,性能検討用走行抵抗式(ePT連れ回り排除),動力AccerelationA0,－,C7A0743743214D49AE5FFB6973444FCE,PT構想審査,
1,E5EB2C67DF5E42649D8B74F5915E06B2,1,0,PRMV0084395 性能検討用走行抵抗式(ePT連れ回り排除) 動力AccerelationA1 －,A,45562.01226,0,0,EntryCondition,PT構想審査時点Fix,PT構想審査時点Fix,,JPN,2WD,,2,,2,SElist_Compact_Slide_JPN_2WD,,n,,N/kph,L2,L2,PRMV0084395,性能検討用走行抵抗式(ePT連れ回り排除),動力AccerelationA1,－,C7A0743743214D49AE5FFB6973444FCE,PT構想審査,
1,B7AC7257A0564711995DB587FD2381B4,1,0,PRMV0084396 性能検討用走行抵抗式(ePT連れ回り排除) 動力AccerelationA2 －,A,45562.01227,0,0,EntryCondition,PT構想審査時点Fix,PT構想審査時点Fix,,JPN,2WD,,2,,2,SElist_Compact_Slide_JPN_2WD,,n,,N/kph#00B2,L2,L2,PRMV0084396,性能検討用走行抵抗式(ePT連れ回り排除),動力AccerelationA2,－,C7A0743743214D49AE5FFB6973444FCE,PT構想審査,
1,11F02EB28A684FA28916C9290DE03980,1,0,PRMV0084397 性能検討用走行抵抗式(ePT連れ回り排除) 動力AccerelationIP －,A,45562.01227,0,0,EntryCondition,PT構想審査時点Fix,PT構想審査時点Fix,,JPN,2WD,,2,,2,SElist_Compact_Slide_JPN_2WD,,n,,kg,L2,L2,PRMV0084397,性能検討用走行抵抗式(ePT連れ回り排除),動力AccerelationIP,－,C7A0743743214D49AE5FFB6973444FCE,PT構想審査,
1,3E30AEDA80414757A9CDB9708EEA2645,1,0,PRMV0084398 性能検討用走行抵抗式(ePT連れ回り排除) 動力VmaxA0 －,A,45562.01227,0,0,EntryCondition,PT構想審査時点Fix,PT構想審査時点Fix,,JPN,2WD,,2,,2,SElist_Compact_Slide_JPN_2WD,,n,,N,L2,L2,PRMV0084398,性能検討用走行抵抗式(ePT連れ回り排除),動力VmaxA0,－,C7A0743743214D49AE5FFB6973444FCE,PT構想審査,
1,47387EBB63184ED7B90AA1DAB80B0A2C,1,0,PRMV0084399 性能検討用走行抵抗式(ePT連れ回り排除) 動力VmaxA1 －,A,45562.01228,0,0,EntryCondition,PT構想審査時点Fix,PT構想審査時点Fix,,JPN,2WD,,2,,2,SElist_Compact_Slide_JPN_2WD,,n,,N/kph,L2,L2,PRMV0084399,性能検討用走行抵抗式(ePT連れ回り排除),動力VmaxA1,－,C7A0743743214D49AE5FFB6973444FCE,PT構想審査,
1,AB5DB6354E8C42F1BCBE1A601EF907DD,1,0,PRMV0084400 性能検討用走行抵抗式(ePT連れ回り排除) 動力VmaxA2 －,A,45562.01228,0,0,EntryCondition,PT構想審査時点Fix,PT構想審査時点Fix,,JPN,2WD,,2,,2,SElist_Compact_Slide_JPN_2WD,,n,,N/kph#00B2,L2,L2,PRMV0084400,性能検討用走行抵抗式(ePT連れ回り排除),動力VmaxA2,－,C7A0743743214D49AE5FFB6973444FCE,PT構想審査,
1,D7B94FC13D994D4EA5213B59AC9FD6DD,1,0,PRMV0084401 性能検討用走行抵抗式(ePT連れ回り排除) 動力VmaxIP －,A,45562.01229,0,0,EntryCondition,PT構想審査時点Fix,PT構想審査時点Fix,,JPN,2WD,,2,,2,SElist_Compact_Slide_JPN_2WD,,n,,kg,L2,L2,PRMV0084401,性能検討用走行抵抗式(ePT連れ回り排除),動力VmaxIP,－,C7A0743743214D49AE5FFB6973444FCE,PT構想審査,
1,3FE68B1F2E254261BC298077784A4844,1,0,PRMV0084402 性能検討用走行抵抗式(ePT連れ回り排除) 動力シビアA0 －,A,45562.01229,0,0,EntryCondition,PT構想審査時点Fix,PT構想審査時点Fix,,JPN,2WD,,2,,2,SElist_Compact_Slide_JPN_2WD,,n,,N,L2,L2,PRMV0084402,性能検討用走行抵抗式(ePT連れ回り排除),動力シビアA0,－,C7A0743743214D49AE5FFB6973444FCE,PT構想審査,
1,76EC7689C17C40EBAD98C621CE026DBA,1,0,PRMV0084403 性能検討用走行抵抗式(ePT連れ回り排除) 動力シビアA1 －,A,45562.0123,0,0,EntryCondition,PT構想審査時点Fix,PT構想審査時点Fix,,JPN,2WD,,2,,2,SElist_Compact_Slide_JPN_2WD,,n,,N/kph,L2,L2,PRMV0084403,性能検討用走行抵抗式(ePT連れ回り排除),動力シビアA1,－,C7A0743743214D49AE5FFB6973444FCE,PT構想審査,
1,9D865476F2C64B9A97C9B268461FBAD8,1,0,PRMV0084404 性能検討用走行抵抗式(ePT連れ回り排除) 動力シビアA2 －,A,45562.0123,0,0,EntryCondition,PT構想審査時点Fix,PT構想審査時点Fix,,JPN,2WD,,2,,2,SElist_Compact_Slide_JPN_2WD,,n,,N/kph#00B2,L2,L2,PRMV0084404,性能検討用走行抵抗式(ePT連れ回り排除),動力シビアA2,－,C7A0743743214D49AE5FFB6973444FCE,PT構想審査,
1,ACA5EEDBA07B44D3998FEE7E94F192FD,1,0,PRMV0084405 性能検討用走行抵抗式(ePT連れ回り排除) 動力シビアIP －,A,45562.0123,0,0,EntryCondition,PT構想審査時点Fix,PT構想審査時点Fix,,JPN,2WD,,2,,2,SElist_Compact_Slide_JPN_2WD,,n,,kg,L2,L2,PRMV0084405,性能検討用走行抵抗式(ePT連れ回り排除),動力シビアIP,－,C7A0743743214D49AE5FFB6973444FCE,PT構想審査,
1,2BB07482BDD8471D984A04E3FE708812,1,0,PRMV0084406 性能検討用走行抵抗式(ePT連れ回り排除) 排気WLTCA0 －,A,45562.01231,0,0,EntryCondition,PT構想審査時点Fix,PT構想審査時点Fix,,JPN,2WD,,2,,2,SElist_Compact_Slide_JPN_2WD,,n,,N,L2,L2,PRMV0084406,性能検討用走行抵抗式(ePT連れ回り排除),排気WLTCA0,－,C7A0743743214D49AE5FFB6973444FCE,PT構想審査,
1,DC194688E40A4F31858C16AA21F10F94,1,0,PRMV0084407 性能検討用走行抵抗式(ePT連れ回り排除) 排気WLTCA1 －,A,45562.01231,0,0,EntryCondition,PT構想審査時点Fix,PT構想審査時点Fix,,JPN,2WD,,2,,2,SElist_Compact_Slide_JPN_2WD,,n,,N/kph,L2,L2,PRMV0084407,性能検討用走行抵抗式(ePT連れ回り排除),排気WLTCA1,－,C7A0743743214D49AE5FFB6973444FCE,PT構想審査,
1,CE69F923E78B43BDB62D90E9833622FD,1,0,PRMV0084408 性能検討用走行抵抗式(ePT連れ回り排除) 排気WLTCA2 －,A,45562.01233,0,0,EntryCondition,PT構想審査時点Fix,PT構想審査時点Fix,,JPN,2WD,,2,,2,SElist_Compact_Slide_JPN_2WD,,n,,N/kph#00B2,L2,L2,PRMV0084408,性能検討用走行抵抗式(ePT連れ回り排除),排気WLTCA2,－,C7A0743743214D49AE5FFB6973444FCE,PT構想審査,
1,6208E3E1C9EA490E8C9FB0709E45D2CF,1,0,PRMV0084409 性能検討用走行抵抗式(ePT連れ回り排除) 排気WLTCIP －,A,45562.01233,0,0,EntryCondition,PT構想審査時点Fix,PT構想審査時点Fix,,JPN,2WD,,2,,2,SElist_Compact_Slide_JPN_2WD,,n,,kg,L2,L2,PRMV0084409,性能検討用走行抵抗式(ePT連れ回り排除),排気WLTCIP,－,C7A0743743214D49AE5FFB6973444FCE,PT構想審査,
1,E7B2AECA58C1460F89F6363AC026CCAC,1,0,PRMV0084410 性能検討用走行抵抗式(ePT連れ回り排除) 排気RDEA0 －,A,45562.01234,0,0,EntryCondition,PT構想審査時点Fix,PT構想審査時点Fix,,JPN,2WD,,2,,2,SElist_Compact_Slide_JPN_2WD,,n,,N,L2,L2,PRMV0084410,性能検討用走行抵抗式(ePT連れ回り排除),排気RDEA0,－,C7A0743743214D49AE5FFB6973444FCE,PT構想審査,
1,B0F63C526CC24986851424BC52ABEA81,1,0,PRMV0084411 性能検討用走行抵抗式(ePT連れ回り排除) 排気RDEA1 －,A,45562.01234,0,0,EntryCondition,PT構想審査時点Fix,PT構想審査時点Fix,,JPN,2WD,,2,,2,SElist_Compact_Slide_JPN_2WD,,n,,N/kph,L2,L2,PRMV0084411,性能検討用走行抵抗式(ePT連れ回り排除),排気RDEA1,－,C7A0743743214D49AE5FFB6973444FCE,PT構想審査,
1,80F17B2165E545D3ADCBDDE75FC8F510,1,0,PRMV0084412 性能検討用走行抵抗式(ePT連れ回り排除) 排気RDEA2 －,A,45562.01234,0,0,EntryCondition,PT構想審査時点Fix,PT構想審査時点Fix,,JPN,2WD,,2,,2,SElist_Compact_Slide_JPN_2WD,,n,,N/kph#00B2,L2,L2,PRMV0084412,性能検討用走行抵抗式(ePT連れ回り排除),排気RDEA2,－,C7A0743743214D49AE5FFB6973444FCE,PT構想審査,
1,DC9CBA674D344A9EB98F696F7D9EB35B,1,0,PRMV0084413 性能検討用走行抵抗式(ePT連れ回り排除) 排気RDEIP －,A,45562.01235,0,0,EntryCondition,PT構想審査時点Fix,PT構想審査時点Fix,,JPN,2WD,,2,,2,SElist_Compact_Slide_JPN_2WD,,n,,kg,L2,L2,PRMV0084413,性能検討用走行抵抗式(ePT連れ回り排除),排気RDEIP,－,C7A0743743214D49AE5FFB6973444FCE,PT構想審査,
1,EAB5E57085DC4509A806A84480609A01,1,0,PRMV0084414 性能検討用走行抵抗式(ePT連れ回り排除) エバポWLTCA0 －,A,45562.01235,0,0,EntryCondition,PT構想審査時点Fix,PT構想審査時点Fix,,JPN,2WD,,2,,2,SElist_Compact_Slide_JPN_2WD,,n,,N,L2,L2,PRMV0084414,性能検討用走行抵抗式(ePT連れ回り排除),エバポWLTCA0,－,C7A0743743214D49AE5FFB6973444FCE,PT構想審査,
1,84C220D8B76749FCBFE83E7BDB0C0C33,1,0,PRMV0084415 性能検討用走行抵抗式(ePT連れ回り排除) エバポWLTCA1 －,A,45562.01236,0,0,EntryCondition,PT構想審査時点Fix,PT構想審査時点Fix,,JPN,2WD,,2,,2,SElist_Compact_Slide_JPN_2WD,,n,,N/kph,L2,L2,PRMV0084415,性能検討用走行抵抗式(ePT連れ回り排除),エバポWLTCA1,－,C7A0743743214D49AE5FFB6973444FCE,PT構想審査,
1,118DDCF14D704B9D9C6B2685A36F2990,1,0,PRMV0084416 性能検討用走行抵抗式(ePT連れ回り排除) エバポWLTCA2 －,A,45562.01236,0,0,EntryCondition,PT構想審査時点Fix,PT構想審査時点Fix,,JPN,2WD,,2,,2,SElist_Compact_Slide_JPN_2WD,,n,,N/kph#00B2,L2,L2,PRMV0084416,性能検討用走行抵抗式(ePT連れ回り排除),エバポWLTCA2,－,C7A0743743214D49AE5FFB6973444FCE,PT構想審査,
1,DBC660D464124697908D10C04F765E58,1,0,PRMV0084417 性能検討用走行抵抗式(ePT連れ回り排除) エバポWLTCIP －,A,45562.01236,0,0,EntryCondition,PT構想審査時点Fix,PT構想審査時点Fix,,JPN,2WD,,2,,2,SElist_Compact_Slide_JPN_2WD,,n,,kg,L2,L2,PRMV0084417,性能検討用走行抵抗式(ePT連れ回り排除),エバポWLTCIP,－,C7A0743743214D49AE5FFB6973444FCE,PT構想審査,
1,EE4EB09B672E49EBACFB104036883282,1,0,PRMV0084418 性能検討用走行抵抗式(ePT連れ回り排除) 熱NEMシビアシーンA0 －,A,45562.01237,0,0,EntryCondition,PT構想審査時点Fix,PT構想審査時点Fix,,JPN,2WD,,2,,2,SElist_Compact_Slide_JPN_2WD,,n,,N,L2,L2,PRMV0084418,性能検討用走行抵抗式(ePT連れ回り排除),熱NEMシビアシーンA0,－,C7A0743743214D49AE5FFB6973444FCE,PT構想審査,
1,DDDFE609376A4AC6930B05F552E6B6B3,1,0,PRMV0084419 性能検討用走行抵抗式(ePT連れ回り排除) 熱NEMシビアシーンA1 －,A,45562.01238,0,0,EntryCondition,PT構想審査時点Fix,PT構想審査時点Fix,,JPN,2WD,,2,,2,SElist_Compact_Slide_JPN_2WD,,n,,N/kph,L2,L2,PRMV0084419,性能検討用走行抵抗式(ePT連れ回り排除),熱NEMシビアシーンA1,－,C7A0743743214D49AE5FFB6973444FCE,PT構想審査,
1,BC10A8684C754F11A84E02B240E1C020,1,0,PRMV0084420 性能検討用走行抵抗式(ePT連れ回り排除) 熱NEMシビアシーンA2 －,A,45562.01238,0,0,EntryCondition,PT構想審査時点Fix,PT構想審査時点Fix,,JPN,2WD,,2,,2,SElist_Compact_Slide_JPN_2WD,,n,,N/kph#00B2,L2,L2,PRMV0084420,性能検討用走行抵抗式(ePT連れ回り排除),熱NEMシビアシーンA2,－,C7A0743743214D49AE5FFB6973444FCE,PT構想審査,
1,7A5ECA90E9B246019EECB42443490C73,1,0,PRMV0084421 性能検討用走行抵抗式(ePT連れ回り排除) 熱NEMシビアシーンIP －,A,45562.0124,0,0,EntryCondition,PT構想審査時点Fix,PT構想審査時点Fix,,JPN,2WD,,2,,2,SElist_Compact_Slide_JPN_2WD,,n,,kg,L2,L2,PRMV0084421,性能検討用走行抵抗式(ePT連れ回り排除),熱NEMシビアシーンIP,－,C7A0743743214D49AE5FFB6973444FCE,PT構想審査,
1,1D7CC1527EC4442BB29EF0A90FFB3291,1,0,"PRMV0084422 性能検討用走行抵抗式(ePT連れ回り排除) 熱140km/h,R/LA0 －",A,45562.0124,0,0,EntryCondition,PT構想審査時点Fix,PT構想審査時点Fix,,JPN,2WD,,2,,2,SElist_Compact_Slide_JPN_2WD,,n,,N,L2,L2,PRMV0084422,性能検討用走行抵抗式(ePT連れ回り排除),"熱140km/h,R/LA0",－,C7A0743743214D49AE5FFB6973444FCE,PT構想審査,
1,0E8514CED48F408FB7D5ABAF0E367FD7,1,0,"PRMV0084423 性能検討用走行抵抗式(ePT連れ回り排除) 熱140km/h,R/LA1 －",A,45562.01241,0,0,EntryCondition,PT構想審査時点Fix,PT構想審査時点Fix,,JPN,2WD,,2,,2,SElist_Compact_Slide_JPN_2WD,,n,,N/kph,L2,L2,PRMV0084423,性能検討用走行抵抗式(ePT連れ回り排除),"熱140km/h,R/LA1",－,C7A0743743214D49AE5FFB6973444FCE,PT構想審査,
1,E9E6E77381E04783A6CAEFF52AF1FC72,1,0,"PRMV0084424 性能検討用走行抵抗式(ePT連れ回り排除) 熱140km/h,R/LA2 －",A,45562.01241,0,0,EntryCondition,PT構想審査時点Fix,PT構想審査時点Fix,,JPN,2WD,,2,,2,SElist_Compact_Slide_JPN_2WD,,n,,N/kph#00B2,L2,L2,PRMV0084424,性能検討用走行抵抗式(ePT連れ回り排除),"熱140km/h,R/LA2",－,C7A0743743214D49AE5FFB6973444FCE,PT構想審査,
1,FE176BB6BA564FB88E473176E1732DEA,1,0,"PRMV0084425 性能検討用走行抵抗式(ePT連れ回り排除) 熱140km/h,R/LIP －",A,45562.01241,0,0,EntryCondition,PT構想審査時点Fix,PT構想審査時点Fix,,JPN,2WD,,2,,2,SElist_Compact_Slide_JPN_2WD,,n,,kg,L2,L2,PRMV0084425,性能検討用走行抵抗式(ePT連れ回り排除),"熱140km/h,R/LIP",－,C7A0743743214D49AE5FFB6973444FCE,PT構想審査,
1,2E56F9A0F68E481F985CBCB9EC94B10F,1,0,PRMV0084426 性能検討用走行抵抗式(ePT連れ回り排除) 6分類A0 －,A,45562.01242,0,0,EntryCondition,PT構想審査時点Fix,PT構想審査時点Fix,,JPN,2WD,,2,,2,SElist_Compact_Slide_JPN_2WD,,n,,N,L2,L2,PRMV0084426,性能検討用走行抵抗式(ePT連れ回り排除),6分類A0,－,C7A0743743214D49AE5FFB6973444FCE,PT構想審査,
1,58AF9097969644A499735FFDBBD07206,1,0,PRMV0084427 性能検討用走行抵抗式(ePT連れ回り排除) 6分類A1 －,A,45562.01242,0,0,EntryCondition,PT構想審査時点Fix,PT構想審査時点Fix,,JPN,2WD,,2,,2,SElist_Compact_Slide_JPN_2WD,,n,,N/kph,L2,L2,PRMV0084427,性能検討用走行抵抗式(ePT連れ回り排除),6分類A1,－,C7A0743743214D49AE5FFB6973444FCE,PT構想審査,
1,7F2039714BE840ACB5FCC2A6BB4F4B20,1,0,PRMV0084428 性能検討用走行抵抗式(ePT連れ回り排除) 6分類A2 －,A,45562.01243,0,0,EntryCondition,PT構想審査時点Fix,PT構想審査時点Fix,,JPN,2WD,,2,,2,SElist_Compact_Slide_JPN_2WD,,n,,N/kph#00B2,L2,L2,PRMV0084428,性能検討用走行抵抗式(ePT連れ回り排除),6分類A2,－,C7A0743743214D49AE5FFB6973444FCE,PT構想審査,
1,E2B30DD1AE634BEFA39431EE69B34A64,1,0,PRMV0084429 性能検討用走行抵抗式(ePT連れ回り排除) 6分類IP －,A,45562.01243,0,0,EntryCondition,PT構想審査時点Fix,PT構想審査時点Fix,,JPN,2WD,,2,,2,SElist_Compact_Slide_JPN_2WD,,n,,kg,L2,L2,PRMV0084429,性能検討用走行抵抗式(ePT連れ回り排除),6分類IP,－,C7A0743743214D49AE5FFB6973444FCE,PT構想審査,
1,412B334A8A3B4AEBB920FDC7D42083A9,1,0,PRMV0084430 ePT ENG仕様（名称） －,A,45562.01244,0,0,EntryCondition,PT構想審査時点Fix,PT構想審査時点Fix,,JPN,2WD,,2,,2,SElist_Compact_Slide_JPN_2WD,,HR14,,－,L2,L2,PRMV0084430,ePT,ENG仕様（名称）,－,C7A0743743214D49AE5FFB6973444FCE,PT構想審査,
1,EA8638F49A03400CA2570F020F36718E,1,0,PRMV0084431 ePT ENG排気量 －,A,45562.01244,0,0,EntryCondition,PT構想審査時点Fix,PT構想審査時点Fix,,JPN,2WD,,2,,2,SElist_Compact_Slide_JPN_2WD,,1.4,,l,L2,L2,PRMV0084431,ePT,ENG排気量,－,C7A0743743214D49AE5FFB6973444FCE,PT構想審査,
1,92CE649C5B03456380F3045889D2070A,1,0,PRMV0084432 ePT ENG排圧係数 －,A,45562.01244,0,0,EntryCondition,PT構想審査時点Fix,PT構想審査時点Fix,,JPN,2WD,,2,,2,SElist_Compact_Slide_JPN_2WD,,9,,－,L2,L2,PRMV0084432,ePT,ENG排圧係数,－,C7A0743743214D49AE5FFB6973444FCE,PT構想審査,
1,53BCF579768E404D9AC83C60A9CFD22E,1,0,PRMV0084433 ePT ENGWOT トルクカーブ －,A,45562.01245,0,0,EntryCondition,PT構想審査時点Fix,PT構想審査時点Fix,,JPN,2WD,,2,,2,SElist_Compact_Slide_JPN_2WD,,,,MAP,L2,L2,PRMV0084433,ePT,ENGWOT トルクカーブ,－,C7A0743743214D49AE5FFB6973444FCE,PT構想審査,
1,BE7385A2565A4D86890476C72FF39B40,1,0,PRMV0084434 ePT ENGWOT トルクカーブ最大出力 －,A,45562.01245,0,0,EntryCondition,PT構想審査時点Fix,PT構想審査時点Fix,,JPN,2WD,,2,,2,SElist_Compact_Slide_JPN_2WD,,62/5200,,kW,L2,L2,PRMV0084434,ePT,ENGWOT トルクカーブ最大出力,－,C7A0743743214D49AE5FFB6973444FCE,PT構想審査,
1,38B8A3E685B74D31998011ED0E0D703C,1,0,PRMV0084435 ePT ENGWOT トルクカーブ最大トルク －,A,45562.01247,0,0,EntryCondition,PT構想審査時点Fix,PT構想審査時点Fix,,JPN,2WD,,2,,2,SElist_Compact_Slide_JPN_2WD,,114/5200,,Nm,L2,L2,PRMV0084435,ePT,ENGWOT トルクカーブ最大トルク,－,C7A0743743214D49AE5FFB6973444FCE,PT構想審査,
1,F87D45C8F962465BBEDD734CCF46DFA4,1,0,PRMV0084436 ePT ENGWOT トルクカーブ最大回転数ユニットポテンシャル －,A,45562.01247,0,0,EntryCondition,PT構想審査時点Fix,PT構想審査時点Fix,,JPN,2WD,,2,,2,SElist_Compact_Slide_JPN_2WD,,6000,,rpm,L2,L2,PRMV0084436,ePT,ENGWOT トルクカーブ最大回転数ユニットポテンシャル,－,C7A0743743214D49AE5FFB6973444FCE,PT構想審査,
1,284BF49A8EEB4C409690F2662FC0D082,1,0,PRMV0084437 ePT ENGWOT トルクカーブ最大回転数車両使用回転数 －,A,45562.01248,0,0,EntryCondition,PT構想審査時点Fix,PT構想審査時点Fix,,JPN,2WD,,2,,2,SElist_Compact_Slide_JPN_2WD,,5200,,rpm,L2,L2,PRMV0084437,ePT,ENGWOT トルクカーブ最大回転数車両使用回転数,－,C7A0743743214D49AE5FFB6973444FCE,PT構想審査,
1,320B43E06F57416BBE7744D92AF98194,1,0,PRMV0084438 ePT ENGBSFC中水温 －,A,45562.01248,0,0,EntryCondition,PT構想審査時点Fix,PT構想審査時点Fix,,JPN,2WD,,2,,2,SElist_Compact_Slide_JPN_2WD,,,,MAP,L2,L2,PRMV0084438,ePT,ENGBSFC中水温,－,C7A0743743214D49AE5FFB6973444FCE,PT構想審査,
1,05DFF702EBC745E4B3291BFD2043EC1B,1,0,PRMV0084439 ePT ENGBSFC暖機後 －,A,45562.01248,0,0,EntryCondition,PT構想審査時点Fix,PT構想審査時点Fix,,JPN,2WD,,2,,2,SElist_Compact_Slide_JPN_2WD,,,,MAP,L2,L2,PRMV0084439,ePT,ENGBSFC暖機後,－,C7A0743743214D49AE5FFB6973444FCE,PT構想審査,
1,57E10831E14A4051B206DB5720762300,1,0,PRMV0084440 ePT ENG台上適合条件燃料仕様オクタン価 －,A,45562.01249,0,0,EntryCondition,PT構想審査時点Fix,PT構想審査時点Fix,,JPN,2WD,,2,,2,SElist_Compact_Slide_JPN_2WD,,91,,oct,L2,L2,PRMV0084440,ePT,ENG台上適合条件燃料仕様オクタン価,－,C7A0743743214D49AE5FFB6973444FCE,PT構想審査,
1,B3B0289171614BA49010B47EABDC2338,1,0,PRMV0084441 ePT ENG台上適合条件燃料仕様アルコール含有率 －,A,45562.01249,0,0,EntryCondition,PT構想審査時点Fix,PT構想審査時点Fix,,JPN,2WD,,2,,2,SElist_Compact_Slide_JPN_2WD,,E0,,－,L2,L2,PRMV0084441,ePT,ENG台上適合条件燃料仕様アルコール含有率,－,C7A0743743214D49AE5FFB6973444FCE,PT構想審査,
1,4BE6CA42E36C4CC79E3BA15A5A35541D,1,0,PRMV0084442 ePT ENG台上適合条件燃料仕様燃料比重 －,A,45562.0125,0,0,EntryCondition,PT構想審査時点Fix,PT構想審査時点Fix,,JPN,2WD,,2,,2,SElist_Compact_Slide_JPN_2WD,,0.727,,－,L2,L2,PRMV0084442,ePT,ENG台上適合条件燃料仕様燃料比重,－,C7A0743743214D49AE5FFB6973444FCE,PT構想審査,
1,1856BC96D88B40229F0786399C2FFB8F,1,0,PRMV0084443 ePT ENG台上適合条件燃料仕様低位発熱量 －,A,45562.0125,0,0,EntryCondition,PT構想審査時点Fix,PT構想審査時点Fix,,JPN,2WD,,2,,2,SElist_Compact_Slide_JPN_2WD,,42.9338,,MJ/kg,L2,L2,PRMV0084443,ePT,ENG台上適合条件燃料仕様低位発熱量,－,C7A0743743214D49AE5FFB6973444FCE,PT構想審査,
1,4C048C829290461EB4E31FC2052017BD,1,0,PRMV0084444 ePT ENG台上適合条件オイル名称（0W20 etc) －,A,45562.01251,0,0,EntryCondition,PT構想審査時点Fix,PT構想審査時点Fix,,JPN,2WD,,2,,2,SElist_Compact_Slide_JPN_2WD,,0W-16,,－,L2,L2,PRMV0084444,ePT,ENG台上適合条件オイル名称（0W20 etc),－,C7A0743743214D49AE5FFB6973444FCE,PT構想審査,
1,9E5198A7716C4E40A56B7F689DC99AB9,1,0,PRMV0084445 ePT ENGイナーシャENG本体 －,A,45562.01251,0,0,EntryCondition,PT構想審査時点Fix,PT構想審査時点Fix,,JPN,2WD,,2,,2,SElist_Compact_Slide_JPN_2WD,,0.04288,,kgm^2,L2,L2,PRMV0084445,ePT,ENGイナーシャENG本体,－,C7A0743743214D49AE5FFB6973444FCE,PT構想審査,
1,78616AE243614126BC11F9B67F107898,1,0,PRMV0084446 ePT ENGイナーシャFlywheel －,A,45562.01252,0,0,EntryCondition,PT構想審査時点Fix,PT構想審査時点Fix,,JPN,2WD,,2,,2,SElist_Compact_Slide_JPN_2WD,,0.1076,,kgm^2,L2,L2,PRMV0084446,ePT,ENGイナーシャFlywheel,－,C7A0743743214D49AE5FFB6973444FCE,PT構想審査,
1,3851DDBB8DFC41BE84400511630FBE5A,1,0,PRMV0084447 ePT ENGエネマネモード平均ENG効率 －,A,45562.01252,0,0,EntryCondition,PT構想審査時点Fix,PT構想審査時点Fix,,JPN,2WD,,2,,2,SElist_Compact_Slide_JPN_2WD,,n,,%,L2,L2,PRMV0084447,ePT,ENGエネマネモード平均ENG効率,－,C7A0743743214D49AE5FFB6973444FCE,PT構想審査,
1,DCB9686EC3FC45E7A8108D5F6F899C52,1,0,PRMV0084448 ePT ENGエネマネモード平均ENG効率最良燃費点BSFC －,A,45562.01252,0,0,EntryCondition,PT構想審査時点Fix,PT構想審査時点Fix,,JPN,2WD,,2,,2,SElist_Compact_Slide_JPN_2WD,,214.8,,g/kWh,L2,L2,PRMV0084448,ePT,ENGエネマネモード平均ENG効率最良燃費点BSFC,－,C7A0743743214D49AE5FFB6973444FCE,PT構想審査,
1,1C74DDCD82A544ED88AC3593DA79FD9B,1,0,PRMV0084449 ePT ENGエネマネMode走行時動作点最良燃費点ENG Power －,A,45562.01253,0,0,EntryCondition,PT構想審査時点Fix,PT構想審査時点Fix,,JPN,2WD,,2,,2,SElist_Compact_Slide_JPN_2WD,,19.1,,kW,L2,L2,PRMV0084449,ePT,ENGエネマネMode走行時動作点最良燃費点ENG Power,－,C7A0743743214D49AE5FFB6973444FCE,PT構想審査,
1,4DDF1C30614746AA9F35EA4A935C84CB,1,0,PRMV0084450 ePT ENGエネマネMode走行時動作点最良燃費点ENG REV －,A,45562.01253,0,0,EntryCondition,PT構想審査時点Fix,PT構想審査時点Fix,,JPN,2WD,,2,,2,SElist_Compact_Slide_JPN_2WD,,2000,,rpm,L2,L2,PRMV0084450,ePT,ENGエネマネMode走行時動作点最良燃費点ENG REV,－,C7A0743743214D49AE5FFB6973444FCE,PT構想審査,
1,372034B8841142268779A64020936DD9,1,0,PRMV0084451 ePT ENGエネマネMode走行時動作点最良燃費点ENG TRQ －,A,45562.01255,0,0,EntryCondition,PT構想審査時点Fix,PT構想審査時点Fix,,JPN,2WD,,2,,2,SElist_Compact_Slide_JPN_2WD,,91.3,,Nm,L2,L2,PRMV0084451,ePT,ENGエネマネMode走行時動作点最良燃費点ENG TRQ,－,C7A0743743214D49AE5FFB6973444FCE,PT構想審査,
1,BC2DF3D122A54163BA5F6B4314ABBA6B,1,0,PRMV0084452 ePT ENGエネマネMode走行時動作点最良燃費点ENG α線 －,A,45562.01255,0,0,EntryCondition,PT構想審査時点Fix,PT構想審査時点Fix,,JPN,2WD,,2,,2,SElist_Compact_Slide_JPN_2WD,,BSFC,,－,L2,L2,PRMV0084452,ePT,ENGエネマネMode走行時動作点最良燃費点ENG α線,－,C7A0743743214D49AE5FFB6973444FCE,PT構想審査,
1,2259B36C65774A6491DBD64EE64A5324,1,0,PRMV0084453 ePT ENGエネマネMode走行時動作点定点(EGVR)FC －,A,45562.01256,0,0,EntryCondition,PT構想審査時点Fix,PT構想審査時点Fix,,JPN,2WD,,2,,2,SElist_Compact_Slide_JPN_2WD,,28.0202890752123,,g/min,L2,L2,PRMV0084453,ePT,ENGエネマネMode走行時動作点定点(EGVR)FC,－,C7A0743743214D49AE5FFB6973444FCE,PT構想審査,
1,9E94B50B55404081B14A7417D5324989,1,0,PRMV0084454 ePT ENGエネマネMode走行時動作点定点(EGVR)ENG Power －,A,45562.01256,0,0,EntryCondition,PT構想審査時点Fix,PT構想審査時点Fix,,JPN,2WD,,2,,2,SElist_Compact_Slide_JPN_2WD,,2.8,,kW,L2,L2,PRMV0084454,ePT,ENGエネマネMode走行時動作点定点(EGVR)ENG Power,－,C7A0743743214D49AE5FFB6973444FCE,PT構想審査,
1,79475D89BFF54EC2A3A2766CFFA2AF34,1,0,PRMV0084455 ePT ENGエネマネMode走行時動作点定点(EGVR)ENG REV －,A,45562.01257,0,0,EntryCondition,PT構想審査時点Fix,PT構想審査時点Fix,,JPN,2WD,,2,,2,SElist_Compact_Slide_JPN_2WD,,1500,,rpm,L2,L2,PRMV0084455,ePT,ENGエネマネMode走行時動作点定点(EGVR)ENG REV,－,C7A0743743214D49AE5FFB6973444FCE,PT構想審査,
1,C5DFCB6088084F5DAE652B314491CAB1,1,0,PRMV0084456 ePT ENGエネマネMode走行時動作点定点(EGVR)ENG TRQ －,A,45562.01257,0,0,EntryCondition,PT構想審査時点Fix,PT構想審査時点Fix,,JPN,2WD,,2,,2,SElist_Compact_Slide_JPN_2WD,,17,,Nm,L2,L2,PRMV0084456,ePT,ENGエネマネMode走行時動作点定点(EGVR)ENG TRQ,－,C7A0743743214D49AE5FFB6973444FCE,PT構想審査,
1,B7584931127C4B64A1CE78908608B53F,1,0,PRMV0084457 ePT ENGエネマネMode走行時動作点定点(EGVR)継続時間 －,A,45562.01257,0,0,EntryCondition,PT構想審査時点Fix,PT構想審査時点Fix,,JPN,2WD,,2,,2,SElist_Compact_Slide_JPN_2WD,,52,,sec,L2,L2,PRMV0084457,ePT,ENGエネマネMode走行時動作点定点(EGVR)継続時間,－,C7A0743743214D49AE5FFB6973444FCE,PT構想審査,
1,A7E95C26C98F4D51B58594D480C76C50,1,0,PRMV0084458 ePT ENGエネマネMode走行時動作点定点(EGVR)終了時ENG水温 －,A,45562.01258,0,0,EntryCondition,PT構想審査時点Fix,PT構想審査時点Fix,,JPN,2WD,,2,,2,SElist_Compact_Slide_JPN_2WD,,23,,℃,L2,L2,PRMV0084458,ePT,ENGエネマネMode走行時動作点定点(EGVR)終了時ENG水温,－,C7A0743743214D49AE5FFB6973444FCE,PT構想審査,
1,7146D535C32C4F859E4C5E34743E2840,1,0,PRMV0084459 ePT ENGエネマネMode走行時動作点定点(After EGVR)BFSC －,A,45562.01258,0,0,EntryCondition,PT構想審査時点Fix,PT構想審査時点Fix,,JPN,2WD,,2,,2,SElist_Compact_Slide_JPN_2WD,,218.8,,g/kWh,L2,L2,PRMV0084459,ePT,ENGエネマネMode走行時動作点定点(After EGVR)BFSC,－,C7A0743743214D49AE5FFB6973444FCE,PT構想審査,
1,8C1B4D5050824702AA15B0036FDE9D57,1,0,PRMV0084460 ePT ENGエネマネMode走行時動作点定点(After EGVR)ENG Power －,A,45562.01259,0,0,EntryCondition,PT構想審査時点Fix,PT構想審査時点Fix,,JPN,2WD,,2,,2,SElist_Compact_Slide_JPN_2WD,,20.3,,kW,L2,L2,PRMV0084460,ePT,ENGエネマネMode走行時動作点定点(After EGVR)ENG Power,－,C7A0743743214D49AE5FFB6973444FCE,PT構想審査,
1,8BC844475FF94AE79BD1143060EE2E41,1,0,PRMV0084461 ePT ENGエネマネMode走行時動作点定点(After EGVR)ENG REV －,A,45562.01259,0,0,EntryCondition,PT構想審査時点Fix,PT構想審査時点Fix,,JPN,2WD,,2,,2,SElist_Compact_Slide_JPN_2WD,,2000,,rpm,L2,L2,PRMV0084461,ePT,ENGエネマネMode走行時動作点定点(After EGVR)ENG REV,－,C7A0743743214D49AE5FFB6973444FCE,PT構想審査,
1,5B4CACC8BC594AC5B43DBFAFB908372B,1,0,PRMV0084462 ePT ENGエネマネMode走行時動作点定点(After EGVR)ENG TRQ －,A,45562.01259,0,0,EntryCondition,PT構想審査時点Fix,PT構想審査時点Fix,,JPN,2WD,,2,,2,SElist_Compact_Slide_JPN_2WD,,97,,Nm,L2,L2,PRMV0084462,ePT,ENGエネマネMode走行時動作点定点(After EGVR)ENG TRQ,－,C7A0743743214D49AE5FFB6973444FCE,PT構想審査,
1,2F435C370631483DAB3CEB0FD06B9EAD,1,0,PRMV0084463 ePT ENGエネマネMode走行時動作点定点(After EGVR)継続時間 －,A,45562.0126,0,0,EntryCondition,PT構想審査時点Fix,PT構想審査時点Fix,,JPN,2WD,,2,,2,SElist_Compact_Slide_JPN_2WD,,53,,sec,L2,L2,PRMV0084463,ePT,ENGエネマネMode走行時動作点定点(After EGVR)継続時間,－,C7A0743743214D49AE5FFB6973444FCE,PT構想審査,
1,A5E09FF0778D4EB19EF87318230D772D,1,0,PRMV0084464 ePT ENGエネマネMode走行時動作点定点(After EGVR)終了時ENG水温 －,A,45562.0126,0,0,EntryCondition,PT構想審査時点Fix,PT構想審査時点Fix,,JPN,2WD,,2,,2,SElist_Compact_Slide_JPN_2WD,,55,,℃,L2,L2,PRMV0084464,ePT,ENGエネマネMode走行時動作点定点(After EGVR)終了時ENG水温,－,C7A0743743214D49AE5FFB6973444FCE,PT構想審査,
1,3A0F6E3DDD3B4507AB7DB5F813D49B99,1,0,PRMV0084465 ePT ENGエネマネMode走行時動作点定点(暖気中)BFSC －,A,45562.01262,0,0,EntryCondition,PT構想審査時点Fix,PT構想審査時点Fix,,JPN,2WD,,2,,2,SElist_Compact_Slide_JPN_2WD,,218.8,,g/kWh,L2,L2,PRMV0084465,ePT,ENGエネマネMode走行時動作点定点(暖気中)BFSC,－,C7A0743743214D49AE5FFB6973444FCE,PT構想審査,
1,236F0AB31A2049138FF6963FE488817D,1,0,PRMV0084466 ePT ENGエネマネMode走行時動作点定点(暖気中)ENG Power －,A,45562.01262,0,0,EntryCondition,PT構想審査時点Fix,PT構想審査時点Fix,,JPN,2WD,,2,,2,SElist_Compact_Slide_JPN_2WD,,20.3,,kW,L2,L2,PRMV0084466,ePT,ENGエネマネMode走行時動作点定点(暖気中)ENG Power,－,C7A0743743214D49AE5FFB6973444FCE,PT構想審査,
1,A15B9D288722402EAC217AE0665DEDAF,1,0,PRMV0084467 ePT ENGエネマネMode走行時動作点定点(暖気中)ENG REV －,A,45562.01263,0,0,EntryCondition,PT構想審査時点Fix,PT構想審査時点Fix,,JPN,2WD,,2,,2,SElist_Compact_Slide_JPN_2WD,,2000,,rpm,L2,L2,PRMV0084467,ePT,ENGエネマネMode走行時動作点定点(暖気中)ENG REV,－,C7A0743743214D49AE5FFB6973444FCE,PT構想審査,
1,14137FA1E3F2497B81E40C8561CB68E4,1,0,PRMV0084468 ePT ENGエネマネMode走行時動作点定点(暖気中)ENG TRQ －,A,45562.01263,0,0,EntryCondition,PT構想審査時点Fix,PT構想審査時点Fix,,JPN,2WD,,2,,2,SElist_Compact_Slide_JPN_2WD,,97,,Nm,L2,L2,PRMV0084468,ePT,ENGエネマネMode走行時動作点定点(暖気中)ENG TRQ,－,C7A0743743214D49AE5FFB6973444FCE,PT構想審査,
1,D5D8361AF67B4AF1B6A12B5C272A5418,1,0,PRMV0084469 ePT ENGエネマネMode走行時動作点定点(暖気後)BFSC －,A,45562.01264,0,0,EntryCondition,PT構想審査時点Fix,PT構想審査時点Fix,,JPN,2WD,,2,,2,SElist_Compact_Slide_JPN_2WD,,214.8,,g/kWh,L2,L2,PRMV0084469,ePT,ENGエネマネMode走行時動作点定点(暖気後)BFSC,－,C7A0743743214D49AE5FFB6973444FCE,PT構想審査,
1,E434A43E51C64B2EB2A8CEB1FB51C6D8,1,0,PRMV0084470 ePT ENGエネマネMode走行時動作点定点(暖気後)ENG Power －,A,45562.01264,0,0,EntryCondition,PT構想審査時点Fix,PT構想審査時点Fix,,JPN,2WD,,2,,2,SElist_Compact_Slide_JPN_2WD,,19.1,,kW,L2,L2,PRMV0084470,ePT,ENGエネマネMode走行時動作点定点(暖気後)ENG Power,－,C7A0743743214D49AE5FFB6973444FCE,PT構想審査,
1,27058B060A354D6DB3A01F6D14E885BC,1,0,PRMV0084471 ePT ENGエネマネMode走行時動作点定点(暖気後)ENG REV －,A,45562.01264,0,0,EntryCondition,PT構想審査時点Fix,PT構想審査時点Fix,,JPN,2WD,,2,,2,SElist_Compact_Slide_JPN_2WD,,2000,,rpm,L2,L2,PRMV0084471,ePT,ENGエネマネMode走行時動作点定点(暖気後)ENG REV,－,C7A0743743214D49AE5FFB6973444FCE,PT構想審査,
1,4728B65CE1514F448CEFC0A1EE94F334,1,0,PRMV0084472 ePT ENGエネマネMode走行時動作点定点(暖気後)ENG TRQ －,A,45562.01265,0,0,EntryCondition,PT構想審査時点Fix,PT構想審査時点Fix,,JPN,2WD,,2,,2,SElist_Compact_Slide_JPN_2WD,,91.3,,Nm,L2,L2,PRMV0084472,ePT,ENGエネマネMode走行時動作点定点(暖気後)ENG TRQ,－,C7A0743743214D49AE5FFB6973444FCE,PT構想審査,
1,6EA89AA8FBE4433BA56C42F630EF72E5,1,0,PRMV0084473 ePT ENGエネマネMode走行時動作点クランキング －,A,45562.01265,0,0,EntryCondition,PT構想審査時点Fix,PT構想審査時点Fix,,JPN,2WD,,2,,2,SElist_Compact_Slide_JPN_2WD,,n,,回,L2,L2,PRMV0084473,ePT,ENGエネマネMode走行時動作点クランキング,－,C7A0743743214D49AE5FFB6973444FCE,PT構想審査,
1,5CE31C8A7F8B433ABFEBAB8424B55E57,1,0,PRMV0084474 ePT ENGエネマネエンジン始動回数モータリング(OBD) －,A,45562.01266,0,0,EntryCondition,PT構想審査時点Fix,PT構想審査時点Fix,,JPN,2WD,,2,,2,SElist_Compact_Slide_JPN_2WD,,n,,回,L2,L2,PRMV0084474,ePT,ENGエネマネエンジン始動回数モータリング(OBD),－,C7A0743743214D49AE5FFB6973444FCE,PT構想審査,
1,99257F448A8C498B869625FCAD9EDF88,1,0,PRMV0084475 ePT ENGエネマネエンジン始動回数モータリング(ブレーキ負圧) －,A,45562.01266,0,0,EntryCondition,PT構想審査時点Fix,PT構想審査時点Fix,,JPN,2WD,,2,,2,SElist_Compact_Slide_JPN_2WD,,n,,回,L2,L2,PRMV0084475,ePT,ENGエネマネエンジン始動回数モータリング(ブレーキ負圧),－,C7A0743743214D49AE5FFB6973444FCE,PT構想審査,
1,21B8D8FA99384A92AAD3356CFF810674,1,0,PRMV0084476 ePT ENG燃費デバイスEGR開始ENG水温 －,A,45562.01267,0,0,EntryCondition,PT構想審査時点Fix,PT構想審査時点Fix,,JPN,2WD,,2,,2,SElist_Compact_Slide_JPN_2WD,,45,,℃,L2,L2,PRMV0084476,ePT,ENG燃費デバイスEGR開始ENG水温,－,C7A0743743214D49AE5FFB6973444FCE,PT構想審査,
1,5BCDBEEDCFD14A898B66F27F4002818D,1,0,PRMV0084477 ePT ENG燃費デバイスFSV －,A,45562.01267,0,0,EntryCondition,PT構想審査時点Fix,PT構想審査時点Fix,,JPN,2WD,,2,,2,SElist_Compact_Slide_JPN_2WD,,with,,－,L2,L2,PRMV0084477,ePT,ENG燃費デバイスFSV,－,C7A0743743214D49AE5FFB6973444FCE,PT構想審査,
1,F955C768DB81460D8E3CAB2B197FECB3,1,0,PRMV0084478 ePT ENG燃費デバイス平滑メタル －,A,45562.01267,0,0,EntryCondition,PT構想審査時点Fix,PT構想審査時点Fix,,JPN,2WD,,2,,2,SElist_Compact_Slide_JPN_2WD,,w/o,,－,L2,L2,PRMV0084478,ePT,ENG燃費デバイス平滑メタル,－,C7A0743743214D49AE5FFB6973444FCE,PT構想審査,
1,F68918E868F34E49807F74E31AD2D552,1,0,PRMV0084479 ePT ENG燃費デバイス鏡面ピストン －,A,45562.01269,0,0,EntryCondition,PT構想審査時点Fix,PT構想審査時点Fix,,JPN,2WD,,2,,2,SElist_Compact_Slide_JPN_2WD,,w/o,,－,L2,L2,PRMV0084479,ePT,ENG燃費デバイス鏡面ピストン,－,C7A0743743214D49AE5FFB6973444FCE,PT構想審査,
1,08AD371EF323414E94AFE72C4F6ABDCC,1,0,PRMV0084480 ePT ENG燃費デバイス低粘度オイル －,A,45562.01269,0,0,EntryCondition,PT構想審査時点Fix,PT構想審査時点Fix,,JPN,2WD,,2,,2,SElist_Compact_Slide_JPN_2WD,,w/o,,－,L2,L2,PRMV0084480,ePT,ENG燃費デバイス低粘度オイル,－,C7A0743743214D49AE5FFB6973444FCE,PT構想審査,
1,1A2373C8078248C18FDF9062140596E7,1,0,PRMV0084481 ePT ENG燃費デバイスバランサーシャフト －,A,45562.0127,0,0,EntryCondition,PT構想審査時点Fix,PT構想審査時点Fix,,JPN,2WD,,2,,2,SElist_Compact_Slide_JPN_2WD,,with,,－,L2,L2,PRMV0084481,ePT,ENG燃費デバイスバランサーシャフト,－,C7A0743743214D49AE5FFB6973444FCE,PT構想審査,
1,9262C85376F043C78A02CEA9896458FC,1,0,PRMV0084482 ePT GEN Sys呼称 －,A,45562.0127,0,0,EntryCondition,PT構想審査時点Fix,PT構想審査時点Fix,,JPN,2WD,,2,,2,SElist_Compact_Slide_JPN_2WD,,QH-S(SiC),,－,L2,L2,PRMV0084482,ePT,GEN Sys呼称,－,C7A0743743214D49AE5FFB6973444FCE,PT構想審査,
1,489368645F8F4BAF9E1356A842708DA4,1,0,PRMV0084483 ePT GEN N-T特性 －,A,45562.01271,0,0,EntryCondition,PT構想審査時点Fix,PT構想審査時点Fix,,JPN,2WD,,2,,2,SElist_Compact_Slide_JPN_2WD,,,,MAP,L2,L2,PRMV0084483,ePT,GEN N-T特性,－,C7A0743743214D49AE5FFB6973444FCE,PT構想審査,
1,3B58B7792C68413FBC54271BE9F285E0,1,0,PRMV0084484 ePT GEN N-T特性最大出力 －,A,45562.01271,0,0,EntryCondition,PT構想審査時点Fix,PT構想審査時点Fix,,JPN,2WD,,2,,2,SElist_Compact_Slide_JPN_2WD,,-95,,kW,L2,L2,PRMV0084484,ePT,GEN N-T特性最大出力,－,C7A0743743214D49AE5FFB6973444FCE,PT構想審査,
1,59A49D30B4E6441B862EFB369D8F4835,1,0,PRMV0084485 ePT GEN N-T特性最大トルク －,A,45562.01271,0,0,EntryCondition,PT構想審査時点Fix,PT構想審査時点Fix,,JPN,2WD,,2,,2,SElist_Compact_Slide_JPN_2WD,,-108,,Nm,L2,L2,PRMV0084485,ePT,GEN N-T特性最大トルク,－,C7A0743743214D49AE5FFB6973444FCE,PT構想審査,
1,397FB34385C24554A6A9886459BBF578,1,0,PRMV0084486 ePT GEN N-T特性最大回転数 －,A,45562.01272,0,0,EntryCondition,PT構想審査時点Fix,PT構想審査時点Fix,,JPN,2WD,,2,,2,SElist_Compact_Slide_JPN_2WD,,14000,,rpm,L2,L2,PRMV0084486,ePT,GEN N-T特性最大回転数,－,C7A0743743214D49AE5FFB6973444FCE,PT構想審査,
1,414A28888784418E8A280B6BF9E47FFA,1,0,PRMV0084487 ePT GEN/INV損失ノミナル －,A,45562.01272,0,0,EntryCondition,PT構想審査時点Fix,PT構想審査時点Fix,,JPN,2WD,,2,,2,SElist_Compact_Slide_JPN_2WD,,,,MAP,L2,L2,PRMV0084487,ePT,GEN/INV損失ノミナル,－,C7A0743743214D49AE5FFB6973444FCE,PT構想審査,
1,11231FFC34074C4C9811ECB91158DCDC,1,0,PRMV0084488 ePT GEN/INV損失熱検討用 －,A,45562.01273,0,0,EntryCondition,PT構想審査時点Fix,PT構想審査時点Fix,,JPN,2WD,,2,,2,SElist_Compact_Slide_JPN_2WD,,,,MAP,L2,L2,PRMV0084488,ePT,GEN/INV損失熱検討用,－,C7A0743743214D49AE5FFB6973444FCE,PT構想審査,
1,8495BF0BEED542E5AD8325396967DA1E,1,0,PRMV0084489 ePT GENイナーシャ －,A,45562.01273,0,0,EntryCondition,PT構想審査時点Fix,PT構想審査時点Fix,,JPN,2WD,,2,,2,SElist_Compact_Slide_JPN_2WD,,0.0166,,kgm^2,L2,L2,PRMV0084489,ePT,GENイナーシャ,－,C7A0743743214D49AE5FFB6973444FCE,PT構想審査,
1,B6A26B750C7A447493FF0543594F70D2,1,0,PRMV0084490 ePT GEN GBギヤ比 －,A,45562.01274,0,0,EntryCondition,PT構想審査時点Fix,PT構想審査時点Fix,,JPN,2WD,,2,,2,SElist_Compact_Slide_JPN_2WD,,0.512,,－,L2,L2,PRMV0084490,ePT,GEN GBギヤ比,－,C7A0743743214D49AE5FFB6973444FCE,PT構想審査,
1,2B35F512C7824083AFD836CD57058911,1,0,PRMV0084491 ePT GEN GB損失特性 －,A,45562.01274,0,0,EntryCondition,PT構想審査時点Fix,PT構想審査時点Fix,,JPN,2WD,,2,,2,SElist_Compact_Slide_JPN_2WD,,,,MAP,L2,L2,PRMV0084491,ePT,GEN GB損失特性,－,C7A0743743214D49AE5FFB6973444FCE,PT構想審査,
1,E3848683F57448F39ACC11478A1BA139,1,0,PRMV0084492 ePT GEN GBイナーシャ －,A,45562.01275,0,0,EntryCondition,PT構想審査時点Fix,PT構想審査時点Fix,,JPN,2WD,,2,,2,SElist_Compact_Slide_JPN_2WD,,0.0098,,kgm^2,L2,L2,PRMV0084492,ePT,GEN GBイナーシャ,－,C7A0743743214D49AE5FFB6973444FCE,PT構想審査,
1,0BC3F0D380F04C44BF8DCB9A83493ED3,1,0,PRMV0084493 ePT FR MOT Sys呼称 －,A,45562.01275,0,0,EntryCondition,PT構想審査時点Fix,PT構想審査時点Fix,,JPN,2WD,,2,,2,SElist_Compact_Slide_JPN_2WD,,QH-S(SiC),,－,L2,L2,PRMV0084493,ePT,FR MOT Sys呼称,－,C7A0743743214D49AE5FFB6973444FCE,PT構想審査,
1,577F00191FAA422482A082A016F6F4E7,1,0,PRMV0084494 ePT FR MOT出力N-T特性(回転-トルク) －,A,45562.01275,0,0,EntryCondition,PT構想審査時点Fix,PT構想審査時点Fix,,JPN,2WD,,2,,2,SElist_Compact_Slide_JPN_2WD,,,,MAP,L2,L2,PRMV0084494,ePT,FR MOT出力N-T特性(回転-トルク),－,C7A0743743214D49AE5FFB6973444FCE,PT構想審査,
1,A6E50CCAF4084444AD0D3A47DEF75C6F,1,0,PRMV0084495 ePT FR MOT制限設定トルク上限(第一象限) －,A,45562.01277,0,0,EntryCondition,PT構想審査時点Fix,PT構想審査時点Fix,,JPN,2WD,,2,,2,SElist_Compact_Slide_JPN_2WD,,355,,Nm,L2,L2,PRMV0084495,ePT,FR MOT制限設定トルク上限(第一象限),－,C7A0743743214D49AE5FFB6973444FCE,PT構想審査,
1,283E6CE60B5D44EEAEFE3DF89B9B106B,1,0,PRMV0084496 ePT FR MOT制限設定出力上限(第一象限) －,A,45562.01277,0,0,EntryCondition,PT構想審査時点Fix,PT構想審査時点Fix,,JPN,2WD,,2,,2,SElist_Compact_Slide_JPN_2WD,,140@300V,,kW,L2,L2,PRMV0084496,ePT,FR MOT制限設定出力上限(第一象限),－,C7A0743743214D49AE5FFB6973444FCE,PT構想審査,
1,D03EE8B09C3F476CB84B09F5184E00DE,1,0,PRMV0084497 ePT FR MOT制限設定トルク上限(第二象限) －,A,45562.01278,0,0,EntryCondition,PT構想審査時点Fix,PT構想審査時点Fix,,JPN,2WD,,2,,2,SElist_Compact_Slide_JPN_2WD,,n,,Nm,L2,L2,PRMV0084497,ePT,FR MOT制限設定トルク上限(第二象限),－,C7A0743743214D49AE5FFB6973444FCE,PT構想審査,
1,564135BD46B541E0B40B9CA9785F8EC2,1,0,PRMV0084498 ePT FR MOT制限設定出力上限(第二象限) －,A,45562.01278,0,0,EntryCondition,PT構想審査時点Fix,PT構想審査時点Fix,,JPN,2WD,,2,,2,SElist_Compact_Slide_JPN_2WD,,n,,kW,L2,L2,PRMV0084498,ePT,FR MOT制限設定出力上限(第二象限),－,C7A0743743214D49AE5FFB6973444FCE,PT構想審査,
1,2D80652D947C414AA595FB48B5D7AE58,1,0,PRMV0084499 ePT FR MOT制限設定トルク下限(第四象限) －,A,45562.01279,0,0,EntryCondition,PT構想審査時点Fix,PT構想審査時点Fix,,JPN,2WD,,2,,2,SElist_Compact_Slide_JPN_2WD,,-355,,Nm,L2,L2,PRMV0084499,ePT,FR MOT制限設定トルク下限(第四象限),－,C7A0743743214D49AE5FFB6973444FCE,PT構想審査,
1,B64D0AEC6B49434AA5A33CB1DFCAD822,1,0,PRMV0084500 ePT FR MOT制限設定出力下限(第四象限) －,A,45562.01279,0,0,EntryCondition,PT構想審査時点Fix,PT構想審査時点Fix,,JPN,2WD,,2,,2,SElist_Compact_Slide_JPN_2WD,,-93,,kW,L2,L2,PRMV0084500,ePT,FR MOT制限設定出力下限(第四象限),－,C7A0743743214D49AE5FFB6973444FCE,PT構想審査,
1,4F39CF42C2AE45289B9457822F2C0B6A,1,0,PRMV0084501 ePT FR MOT出力(車両要求特性) トルク上限(第一象限) －,A,45562.0128,0,0,EntryCondition,PT構想審査時点Fix,PT構想審査時点Fix,,JPN,2WD,,2,,2,SElist_Compact_Slide_JPN_2WD,,315,,Nm,L2,L2,PRMV0084501,ePT,FR MOT出力(車両要求特性) トルク上限(第一象限),－,C7A0743743214D49AE5FFB6973444FCE,PT構想審査,
1,A33810FB54E34EE5BC4AE8A24E56531F,1,0,PRMV0084502 ePT FR MOT出力(車両要求特性) 出力上限(第一象限) －,A,45562.0128,0,0,EntryCondition,PT構想審査時点Fix,PT構想審査時点Fix,,JPN,2WD,,2,,2,SElist_Compact_Slide_JPN_2WD,,101,,kW,L2,L2,PRMV0084502,ePT,FR MOT出力(車両要求特性) 出力上限(第一象限),－,C7A0743743214D49AE5FFB6973444FCE,PT構想審査,
1,148A388371894FDD90E9C961528B60E7,1,0,PRMV0084503 ePT FR MOT出力(車両要求特性) トルク上限(第二象限) －,A,45562.0128,0,0,EntryCondition,PT構想審査時点Fix,PT構想審査時点Fix,,JPN,2WD,,2,,2,SElist_Compact_Slide_JPN_2WD,,n,,Nm,L2,L2,PRMV0084503,ePT,FR MOT出力(車両要求特性) トルク上限(第二象限),－,C7A0743743214D49AE5FFB6973444FCE,PT構想審査,
1,9BA1BEF3ADBD4E409C2902BBA8CAABBE,1,0,PRMV0084504 ePT FR MOT出力(車両要求特性) 出力上限(第二象限) －,A,45562.01281,0,0,EntryCondition,PT構想審査時点Fix,PT構想審査時点Fix,,JPN,2WD,,2,,2,SElist_Compact_Slide_JPN_2WD,,n,,kW,L2,L2,PRMV0084504,ePT,FR MOT出力(車両要求特性) 出力上限(第二象限),－,C7A0743743214D49AE5FFB6973444FCE,PT構想審査,
1,3EA1E198245F4061B8B9759E6779A00E,1,0,PRMV0084505 ePT FR MOT出力(車両要求特性) トルク下限(第四象限) －,A,45562.01281,0,0,EntryCondition,PT構想審査時点Fix,PT構想審査時点Fix,,JPN,2WD,,2,,2,SElist_Compact_Slide_JPN_2WD,,-220,,Nm,L2,L2,PRMV0084505,ePT,FR MOT出力(車両要求特性) トルク下限(第四象限),－,C7A0743743214D49AE5FFB6973444FCE,PT構想審査,
1,255BEBF917304383822993880BF5C71E,1,0,PRMV0084506 ePT FR MOT出力(車両要求特性) 出力上限(第四象限) －,A,45562.01282,0,0,EntryCondition,PT構想審査時点Fix,PT構想審査時点Fix,,JPN,2WD,,2,,2,SElist_Compact_Slide_JPN_2WD,,-70,,kW,L2,L2,PRMV0084506,ePT,FR MOT出力(車両要求特性) 出力上限(第四象限),－,C7A0743743214D49AE5FFB6973444FCE,PT構想審査,
1,D50A7D6645E64E73990D43D3016985C5,1,0,PRMV0084507 ePT FR MOT/INV損失ノミナル －,A,45562.01282,0,0,EntryCondition,PT構想審査時点Fix,PT構想審査時点Fix,,JPN,2WD,,2,,2,SElist_Compact_Slide_JPN_2WD,,,,MAP,L2,L2,PRMV0084507,ePT,FR MOT/INV損失ノミナル,－,C7A0743743214D49AE5FFB6973444FCE,PT構想審査,
1,D1BA42F42A8A43269BCAADC581960068,1,0,PRMV0084508 ePT FR MOT/INV損失熱検討用 －,A,45562.01284,0,0,EntryCondition,PT構想審査時点Fix,PT構想審査時点Fix,,JPN,2WD,,2,,2,SElist_Compact_Slide_JPN_2WD,,,,MAP,L2,L2,PRMV0084508,ePT,FR MOT/INV損失熱検討用,－,C7A0743743214D49AE5FFB6973444FCE,PT構想審査,
1,E7FBE13B90DB42F5ADD44068CC11F701,1,0,PRMV0084509 ePT FR MOTイナーシャ －,A,45562.01284,0,0,EntryCondition,PT構想審査時点Fix,PT構想審査時点Fix,,JPN,2WD,,2,,2,SElist_Compact_Slide_JPN_2WD,,0.031,,kgm#00B2,L2,L2,PRMV0084509,ePT,FR MOTイナーシャ,－,C7A0743743214D49AE5FFB6973444FCE,PT構想審査,
1,B4A20C0C80004676A620589B7B9527A9,1,0,PRMV0084510 ePT FR GB減速比 －,A,45562.01284,0,0,EntryCondition,PT構想審査時点Fix,PT構想審査時点Fix,,JPN,2WD,,2,,2,SElist_Compact_Slide_JPN_2WD,,6.782,,－,L2,L2,PRMV0084510,ePT,FR GB減速比,－,C7A0743743214D49AE5FFB6973444FCE,PT構想審査,
1,97E4EC646DAE4D9E97FF7843E4EC5A87,1,0,PRMV0084511 ePT FR GB損失特性(有負荷) －,A,45562.01285,0,0,EntryCondition,PT構想審査時点Fix,PT構想審査時点Fix,,JPN,2WD,,2,,2,SElist_Compact_Slide_JPN_2WD,,,,MAP,L2,L2,PRMV0084511,ePT,FR GB損失特性(有負荷),－,C7A0743743214D49AE5FFB6973444FCE,PT構想審査,
1,8E9AC26B70DD4DEFA29F82CE7C2CB800,1,0,PRMV0084512 ePT FR GBイナーシャ －,A,45562.01285,0,0,EntryCondition,PT構想審査時点Fix,PT構想審査時点Fix,,JPN,2WD,,2,,2,SElist_Compact_Slide_JPN_2WD,,0.00285,,kgm#00B2,L2,L2,PRMV0084512,ePT,FR GBイナーシャ,－,C7A0743743214D49AE5FFB6973444FCE,PT構想審査,
1,8521CC91C1AC4A2F90879EC0C6B268F9,1,0,PRMV0084513 ePT RR MOT Sys呼称 －,A,45562.01286,0,0,EntryCondition,PT構想審査時点Fix,PT構想審査時点Fix,,JPN,2WD,,2,,2,SElist_Compact_Slide_JPN_2WD,,n,,－,L2,L2,PRMV0084513,ePT,RR MOT Sys呼称,－,C7A0743743214D49AE5FFB6973444FCE,PT構想審査,
1,2B29EBEBFC2F48CFAA2067515BEF68F2,1,0,PRMV0084514 ePT RR MOT N-T特性 －,A,45562.01286,0,0,EntryCondition,PT構想審査時点Fix,PT構想審査時点Fix,,JPN,2WD,,2,,2,SElist_Compact_Slide_JPN_2WD,,,,MAP,L2,L2,PRMV0084514,ePT,RR MOT N-T特性,－,C7A0743743214D49AE5FFB6973444FCE,PT構想審査,
1,4F468556FC554472BD4EAD7657E6A0EB,1,0,PRMV0084515 ePT RR MOT制限設定トルク上限(第一象限) －,A,45562.01286,0,0,EntryCondition,PT構想審査時点Fix,PT構想審査時点Fix,,JPN,2WD,,2,,2,SElist_Compact_Slide_JPN_2WD,,n,,Nm,L2,L2,PRMV0084515,ePT,RR MOT制限設定トルク上限(第一象限),－,C7A0743743214D49AE5FFB6973444FCE,PT構想審査,
1,F25AD8F105C84AF39C9E80B9A3C93D4F,1,0,PRMV0084516 ePT RR MOT制限設定出力上限(第一象限) －,A,45562.01287,0,0,EntryCondition,PT構想審査時点Fix,PT構想審査時点Fix,,JPN,2WD,,2,,2,SElist_Compact_Slide_JPN_2WD,,n,,kW,L2,L2,PRMV0084516,ePT,RR MOT制限設定出力上限(第一象限),－,C7A0743743214D49AE5FFB6973444FCE,PT構想審査,
1,FE441BE97E7A43CAB8207D23FFBC17A0,1,0,PRMV0084517 ePT RR MOT制限設定トルク上限(第二象限) －,A,45562.01287,0,0,EntryCondition,PT構想審査時点Fix,PT構想審査時点Fix,,JPN,2WD,,2,,2,SElist_Compact_Slide_JPN_2WD,,n,,Nm,L2,L2,PRMV0084517,ePT,RR MOT制限設定トルク上限(第二象限),－,C7A0743743214D49AE5FFB6973444FCE,PT構想審査,
1,88AE2E60DEF74D8FB077257CC977066D,1,0,PRMV0084518 ePT RR MOT制限設定出力上限(第二象限) －,A,45562.01288,0,0,EntryCondition,PT構想審査時点Fix,PT構想審査時点Fix,,JPN,2WD,,2,,2,SElist_Compact_Slide_JPN_2WD,,n,,kW,L2,L2,PRMV0084518,ePT,RR MOT制限設定出力上限(第二象限),－,C7A0743743214D49AE5FFB6973444FCE,PT構想審査,
1,79AC9E57AA6348AAB53C9CE70B36DA91,1,0,PRMV0084519 ePT RR MOT制限設定トルク下限(第四象限) －,A,45562.01288,0,0,EntryCondition,PT構想審査時点Fix,PT構想審査時点Fix,,JPN,2WD,,2,,2,SElist_Compact_Slide_JPN_2WD,,n,,Nm,L2,L2,PRMV0084519,ePT,RR MOT制限設定トルク下限(第四象限),－,C7A0743743214D49AE5FFB6973444FCE,PT構想審査,
1,C68E240F5E4F41C0BB64B8B00BFE7221,1,0,PRMV0084520 ePT RR MOT制限設定出力下限(第四象限) －,A,45562.01289,0,0,EntryCondition,PT構想審査時点Fix,PT構想審査時点Fix,,JPN,2WD,,2,,2,SElist_Compact_Slide_JPN_2WD,,n,,kW,L2,L2,PRMV0084520,ePT,RR MOT制限設定出力下限(第四象限),－,C7A0743743214D49AE5FFB6973444FCE,PT構想審査,
1,E8C9E4BC1F5D4579B497EA8F0F7C1BD2,1,0,PRMV0084521 ePT RR MOT出力(車両要求特性) トルク上限(第一象限) －,A,45562.01289,0,0,EntryCondition,PT構想審査時点Fix,PT構想審査時点Fix,,JPN,2WD,,2,,2,SElist_Compact_Slide_JPN_2WD,,n,,Nm,L2,L2,PRMV0084521,ePT,RR MOT出力(車両要求特性) トルク上限(第一象限),－,C7A0743743214D49AE5FFB6973444FCE,PT構想審査,
1,87E53786994D46AB8D05EDECFF83D209,1,0,PRMV0084522 ePT RR MOT出力(車両要求特性) 出力上限(第一象限) －,A,45562.01289,0,0,EntryCondition,PT構想審査時点Fix,PT構想審査時点Fix,,JPN,2WD,,2,,2,SElist_Compact_Slide_JPN_2WD,,n,,kW,L2,L2,PRMV0084522,ePT,RR MOT出力(車両要求特性) 出力上限(第一象限),－,C7A0743743214D49AE5FFB6973444FCE,PT構想審査,
1,39905DF2ACA74C3395B16118E5304446,1,0,PRMV0084523 ePT RR MOT出力(車両要求特性) トルク上限(第二象限) －,A,45562.01291,0,0,EntryCondition,PT構想審査時点Fix,PT構想審査時点Fix,,JPN,2WD,,2,,2,SElist_Compact_Slide_JPN_2WD,,n,,Nm,L2,L2,PRMV0084523,ePT,RR MOT出力(車両要求特性) トルク上限(第二象限),－,C7A0743743214D49AE5FFB6973444FCE,PT構想審査,
1,CA96D32954AD47808D9663A92CDB6736,1,0,PRMV0084524 ePT RR MOT出力(車両要求特性) 出力上限(第二象限) －,A,45562.01291,0,0,EntryCondition,PT構想審査時点Fix,PT構想審査時点Fix,,JPN,2WD,,2,,2,SElist_Compact_Slide_JPN_2WD,,n,,kW,L2,L2,PRMV0084524,ePT,RR MOT出力(車両要求特性) 出力上限(第二象限),－,C7A0743743214D49AE5FFB6973444FCE,PT構想審査,
1,67A1D6F6AAFD4CF29027D4D3FADF1C03,1,0,PRMV0084525 ePT RR MOT出力(車両要求特性) トルク下限(第四象限) －,A,45562.01292,0,0,EntryCondition,PT構想審査時点Fix,PT構想審査時点Fix,,JPN,2WD,,2,,2,SElist_Compact_Slide_JPN_2WD,,n,,Nm,L2,L2,PRMV0084525,ePT,RR MOT出力(車両要求特性) トルク下限(第四象限),－,C7A0743743214D49AE5FFB6973444FCE,PT構想審査,
1,A8E95093D2D34E8CAD6EB0404C5B4136,1,0,PRMV0084526 ePT RR MOT出力(車両要求特性) 出力上限(第四象限) －,A,45562.01292,0,0,EntryCondition,PT構想審査時点Fix,PT構想審査時点Fix,,JPN,2WD,,2,,2,SElist_Compact_Slide_JPN_2WD,,n,,kW,L2,L2,PRMV0084526,ePT,RR MOT出力(車両要求特性) 出力上限(第四象限),－,C7A0743743214D49AE5FFB6973444FCE,PT構想審査,
1,C419A890972F44F19EE33778D245B61C,1,0,PRMV0084527 ePT RR MOT/INV損失ノミナル －,A,45562.01293,0,0,EntryCondition,PT構想審査時点Fix,PT構想審査時点Fix,,JPN,2WD,,2,,2,SElist_Compact_Slide_JPN_2WD,,,,MAP,L2,L2,PRMV0084527,ePT,RR MOT/INV損失ノミナル,－,C7A0743743214D49AE5FFB6973444FCE,PT構想審査,
1,1D96585D9D934B49BF0D2F5C531F3DD2,1,0,PRMV0084528 ePT RR MOT/INV損失熱検討用 －,A,45562.01293,0,0,EntryCondition,PT構想審査時点Fix,PT構想審査時点Fix,,JPN,2WD,,2,,2,SElist_Compact_Slide_JPN_2WD,,,,MAP,L2,L2,PRMV0084528,ePT,RR MOT/INV損失熱検討用,－,C7A0743743214D49AE5FFB6973444FCE,PT構想審査,
1,973A1F9DED1B443FB62C10130D4E31D9,1,0,PRMV0084529 ePT RR MOTイナーシャ －,A,45562.01294,0,0,EntryCondition,PT構想審査時点Fix,PT構想審査時点Fix,,JPN,2WD,,2,,2,SElist_Compact_Slide_JPN_2WD,,n,,kgm#00B2,L2,L2,PRMV0084529,ePT,RR MOTイナーシャ,－,C7A0743743214D49AE5FFB6973444FCE,PT構想審査,
1,60F2C13BE45D43D0AF44EBE8F5C55A4A,1,0,PRMV0084530 ePT RR GB減速比 －,A,45562.01294,0,0,EntryCondition,PT構想審査時点Fix,PT構想審査時点Fix,,JPN,2WD,,2,,2,SElist_Compact_Slide_JPN_2WD,,n,,－,L2,L2,PRMV0084530,ePT,RR GB減速比,－,C7A0743743214D49AE5FFB6973444FCE,PT構想審査,
1,868DFC38850E467881E68421BA554F34,1,0,PRMV0084531 ePT RR GB損失特性(有負荷) －,A,45562.01294,0,0,EntryCondition,PT構想審査時点Fix,PT構想審査時点Fix,,JPN,2WD,,2,,2,SElist_Compact_Slide_JPN_2WD,,,,MAP,L2,L2,PRMV0084531,ePT,RR GB損失特性(有負荷),－,C7A0743743214D49AE5FFB6973444FCE,PT構想審査,
1,B386C32AA09043EEA91458A7FF64A49D,1,0,PRMV0084532 ePT RR GBイナーシャ －,A,45562.01295,0,0,EntryCondition,PT構想審査時点Fix,PT構想審査時点Fix,,JPN,2WD,,2,,2,SElist_Compact_Slide_JPN_2WD,,n,,kgm#00B2,L2,L2,PRMV0084532,ePT,RR GBイナーシャ,－,C7A0743743214D49AE5FFB6973444FCE,PT構想審査,
1,B5A8071A7D1B4205A3692198082695AB,1,0,PRMV0084533 HV BATT 仕様/呼称 －,A,45562.01295,0,0,EntryCondition,PT構想審査時点Fix,PT構想審査時点Fix,,JPN,2WD,,2,,2,SElist_Compact_Slide_JPN_2WD,,PP4,,－,L2,L2,PRMV0084533,HV BATT,仕様/呼称,－,C7A0743743214D49AE5FFB6973444FCE,PT構想審査,
1,AF7E940376DF41F18BF31D7BA024A775,1,0,PRMV0084534 HV BATT モデル名 －,A,45562.01296,0,0,EntryCondition,PT構想審査時点Fix,PT構想審査時点Fix,,JPN,2WD,,2,,2,SElist_Compact_Slide_JPN_2WD,,"P13C_PP4_250A_Bat2_vN_Temp9
P13C US Tier4モデル＋W13G定数変更",,－,L2,L2,PRMV0084534,HV BATT,モデル名,－,C7A0743743214D49AE5FFB6973444FCE,PT構想審査,
1,026530F3467C4E5DBA6039610576535B,1,0,PRMV0084535 HV BATT 直列セル数 －,A,45562.01296,0,0,EntryCondition,PT構想審査時点Fix,PT構想審査時点Fix,,JPN,2WD,,2,,2,SElist_Compact_Slide_JPN_2WD,,72,,cell,L2,L2,PRMV0084535,HV BATT,直列セル数,－,C7A0743743214D49AE5FFB6973444FCE,PT構想審査,
1,B21E082B86B44D8CAEB5C6E2436F9F38,1,0,PRMV0084536 HV BATT 並列セル数 －,A,45562.01297,0,0,EntryCondition,PT構想審査時点Fix,PT構想審査時点Fix,,JPN,2WD,,2,,2,SElist_Compact_Slide_JPN_2WD,,1,,para,L2,L2,PRMV0084536,HV BATT,並列セル数,－,C7A0743743214D49AE5FFB6973444FCE,PT構想審査,
1,DDF31A1B3A4041319E1FC39574FC352C,1,0,PRMV0084537 HV BATT パック容量 (capacity) －,A,45562.01297,0,0,EntryCondition,PT構想審査時点Fix,PT構想審査時点Fix,,JPN,2WD,,2,,2,SElist_Compact_Slide_JPN_2WD,,"1.2kWh(輸送劣化なし)
1.0kWh(輸送劣化あり)",,kWh,L2,L2,PRMV0084537,HV BATT,パック容量 (capacity),－,C7A0743743214D49AE5FFB6973444FCE,PT構想審査,
1,48902BF314E54605B7AD0D87479DD4F1,1,0,PRMV0084538 HV BATT バッテリ制限設定(Pout出力上限/BATT温度-SOC-電力) －,A,45562.01299,0,0,EntryCondition,PT構想審査時点Fix,PT構想審査時点Fix,,JPN,2WD,,2,,2,SElist_Compact_Slide_JPN_2WD,,,,MAP,L2,L2,PRMV0084538,HV BATT,バッテリ制限設定(Pout出力上限/BATT温度-SOC-電力),－,C7A0743743214D49AE5FFB6973444FCE,PT構想審査,
1,4262875C5DFE4117912AD195A8C5A117,1,0,PRMV0084539 HV BATT バッテリ制限設定(Pin入力上限/BATT温度-SOC-電力) －,A,45562.01299,0,0,EntryCondition,PT構想審査時点Fix,PT構想審査時点Fix,,JPN,2WD,,2,,2,SElist_Compact_Slide_JPN_2WD,,,,MAP,L2,L2,PRMV0084539,HV BATT,バッテリ制限設定(Pin入力上限/BATT温度-SOC-電力),－,C7A0743743214D49AE5FFB6973444FCE,PT構想審査,
1,539A58561ABE435B8519CD1A60B4F27B,1,0,PRMV0084540 HV BATT 公証電圧 －,A,45562.01299,0,0,EntryCondition,PT構想審査時点Fix,PT構想審査時点Fix,,JPN,2WD,,2,,2,SElist_Compact_Slide_JPN_2WD,,3.7,,V,L2,L2,PRMV0084540,HV BATT,公証電圧,－,C7A0743743214D49AE5FFB6973444FCE,PT構想審査,
1,111441C2D7CF42D2A603591A6B20541C,1,0,PRMV0084541 HV BATT Max電流 －,A,45562.013,0,0,EntryCondition,PT構想審査時点Fix,PT構想審査時点Fix,,JPN,2WD,,2,,2,SElist_Compact_Slide_JPN_2WD,,250,,A,L2,L2,PRMV0084541,HV BATT,Max電流,－,C7A0743743214D49AE5FFB6973444FCE,PT構想審査,
1,FF48CBBF655A4FD59555299E055CEDBB,1,0,PRMV0084542 HV BATT セル開放電圧特性(SOC-OCV) －,A,45562.013,0,0,EntryCondition,PT構想審査時点Fix,PT構想審査時点Fix,,JPN,2WD,,2,,2,SElist_Compact_Slide_JPN_2WD,,,,MAP,L2,L2,PRMV0084542,HV BATT,セル開放電圧特性(SOC-OCV),－,C7A0743743214D49AE5FFB6973444FCE,PT構想審査,
1,CF88C681411A43A8B9C8198EEB23251D,1,0,PRMV0084543 DCDC 仕様（名称） －,A,45562.01301,0,0,EntryCondition,PT構想審査時点Fix,PT構想審査時点Fix,,JPN,2WD,,2,,2,SElist_Compact_Slide_JPN_2WD,,n,,－,L2,L2,PRMV0084543,DCDC,仕様（名称）,－,C7A0743743214D49AE5FFB6973444FCE,PT構想審査,
1,07BA2E17852943CF9157EDB6AD748594,1,0,"PRMV0084544 DCDC DCDC効率(走行時弱電220W,355V入力(SOC20%),13V出力) －",A,45562.01301,0,0,EntryCondition,PT構想審査時点Fix,PT構想審査時点Fix,,JPN,2WD,,2,,2,SElist_Compact_Slide_JPN_2WD,,n,,%,L2,L2,PRMV0084544,DCDC,"DCDC効率(走行時弱電220W,355V入力(SOC20%),13V出力)",－,C7A0743743214D49AE5FFB6973444FCE,PT構想審査,
1,9A2360FB44FB4F78BFDEC9A54AC3645C,1,0,PRMV0084545 4WD Sys 前後配分比 －,A,45562.01302,0,0,EntryCondition,PT構想審査時点Fix,PT構想審査時点Fix,,JPN,2WD,,2,,2,SElist_Compact_Slide_JPN_2WD,,n,,－,L2,L2,PRMV0084545,4WD Sys,前後配分比,－,C7A0743743214D49AE5FFB6973444FCE,PT構想審査,
1,404FC350C2D94755B9BB31A28B741A01,1,0,PRMV0084546 4WD Sys 配分Map －,A,45562.01302,0,0,EntryCondition,PT構想審査時点Fix,PT構想審査時点Fix,,JPN,2WD,,2,,2,SElist_Compact_Slide_JPN_2WD,,,,MAP,L2,L2,PRMV0084546,4WD Sys,配分Map,－,C7A0743743214D49AE5FFB6973444FCE,PT構想審査,
1,A4B3B23E630E4B049FB1F3D1E4CB8548,1,0,PRMV0084547 エネマネ 仕様（名称） －,A,45562.01303,0,0,EntryCondition,PT構想審査時点Fix,PT構想審査時点Fix,,JPN,2WD,,2,,2,SElist_Compact_Slide_JPN_2WD,,n,,－,L2,L2,PRMV0084547,エネマネ,仕様（名称）,－,C7A0743743214D49AE5FFB6973444FCE,PT構想審査,
1,F30A8ED2C8AE4DA18D75C95859C35F0A,1,0,PRMV0084548 エネマネ PT-sys α線 －,A,45562.01303,0,0,EntryCondition,PT構想審査時点Fix,PT構想審査時点Fix,,JPN,2WD,,2,,2,SElist_Compact_Slide_JPN_2WD,,n,,－,L2,L2,PRMV0084548,エネマネ,PT-sys α線,－,C7A0743743214D49AE5FFB6973444FCE,PT構想審査,
1,C7BCDF9C76E94E5FB395EA43B0C99002,1,0,PRMV0084549 エネマネ ENG始動Map －,A,45562.01304,0,0,EntryCondition,PT構想審査時点Fix,PT構想審査時点Fix,,JPN,2WD,,2,,2,SElist_Compact_Slide_JPN_2WD,,,,MAP,L2,L2,PRMV0084549,エネマネ,ENG始動Map,－,C7A0743743214D49AE5FFB6973444FCE,PT構想審査,
1,83238937F084496695D77E92991878DC,1,0,PRMV0084550 エネマネ 変速線 －,A,45562.01304,0,0,EntryCondition,PT構想審査時点Fix,PT構想審査時点Fix,,JPN,2WD,,2,,2,SElist_Compact_Slide_JPN_2WD,,,,MAP,L2,L2,PRMV0084550,エネマネ,変速線,－,C7A0743743214D49AE5FFB6973444FCE,PT構想審査,
1,960E540CA8B84A8E8C128BACD8755868,1,0,PRMV0084551 パワマネ 仕様（名称） －,A,45562.01306,0,0,EntryCondition,PT構想審査時点Fix,PT構想審査時点Fix,,JPN,2WD,,2,,2,SElist_Compact_Slide_JPN_2WD,,n,,－,L2,L2,PRMV0084551,パワマネ,仕様（名称）,－,C7A0743743214D49AE5FFB6973444FCE,PT構想審査,
1,CDBC46AACB3F484F83B78CD53A816B60,1,0,PRMV0084552 パワマネ 駆動力Map(APO-車速-駆動力) －,A,45562.01306,0,0,EntryCondition,PT構想審査時点Fix,PT構想審査時点Fix,,JPN,2WD,,2,,2,SElist_Compact_Slide_JPN_2WD,,,,MAP,L2,L2,PRMV0084552,パワマネ,駆動力Map(APO-車速-駆動力),－,C7A0743743214D49AE5FFB6973444FCE,PT構想審査,
1,6E03CC1119F8422388831006E2A4A42D,1,0,PRMV0084553 燃料タンク タンク容量 －,A,45562.01306,0,0,EntryCondition,PT構想審査時点Fix,PT構想審査時点Fix,,JPN,2WD,,2,,2,SElist_Compact_Slide_JPN_2WD,,n,,－,L2,L2,PRMV0084553,燃料タンク,タンク容量,－,C7A0743743214D49AE5FFB6973444FCE,PT構想審査,
1,30D5F00ACF894DA6990FBEF7B6DACC3C,1,0,PRMV0084554 E&E archi E&E architecture呼称 －,A,45562.01307,0,0,EntryCondition,PT構想審査時点Fix,PT構想審査時点Fix,,JPN,2WD,,2,,2,SElist_Compact_Slide_JPN_2WD,,n,,－,L2,L2,PRMV0084554,E&E archi,E&E architecture呼称,－,C7A0743743214D49AE5FFB6973444FCE,PT構想審査,
1,160816BCFF084B3A8467B71D23EEF797,1,0,PRMV0084555 ブレーキ 回生協調ブレーキ仕様（名称） －,A,45562.01307,0,0,EntryCondition,PT構想審査時点Fix,PT構想審査時点Fix,,JPN,2WD,,2,,2,SElist_Compact_Slide_JPN_2WD,,n,,－,L2,L2,PRMV0084555,ブレーキ,回生協調ブレーキ仕様（名称）,－,C7A0743743214D49AE5FFB6973444FCE,PT構想審査,
1,42B408D286644E0DA4D0B624176951E1,1,0,PRMV0084556 ブレーキ ブレーキ負圧Sys仕様（名称） －,A,45562.01308,0,0,EntryCondition,PT構想審査時点Fix,PT構想審査時点Fix,,JPN,2WD,,2,,2,SElist_Compact_Slide_JPN_2WD,,n,,－,L2,L2,PRMV0084556,ブレーキ,ブレーキ負圧Sys仕様（名称）,－,C7A0743743214D49AE5FFB6973444FCE,PT構想審査,
1,218D0E3E816E49BD97E641F4AF815651,1,0,PRMV0084557 ブレーキ アクセルヒルホールドSysブレーキ協調ASA / MOT －,A,45562.01308,0,0,EntryCondition,PT構想審査時点Fix,PT構想審査時点Fix,,JPN,2WD,,2,,2,SElist_Compact_Slide_JPN_2WD,,n,,－,L2,L2,PRMV0084557,ブレーキ,アクセルヒルホールドSysブレーキ協調ASA / MOT,－,C7A0743743214D49AE5FFB6973444FCE,PT構想審査,
1,934E0B4DDD0B47368286B1025FC7485D,1,0,PRMV0084558 LV BATT AD Sys仕様（名称） －,A,45562.01309,0,0,EntryCondition,PT構想審査時点Fix,PT構想審査時点Fix,,JPN,2WD,,2,,2,SElist_Compact_Slide_JPN_2WD,,AD1 Next,,－,L2,L2,PRMV0084558,LV BATT,AD Sys仕様（名称）,－,C7A0743743214D49AE5FFB6973444FCE,PT構想審査,
1,F82A9BACC44645428DF12EA7A83F3C9B,1,0,PRMV0084559 LV BATT 消費電力(電費試験時WLTCモード)HEV －,A,45562.01309,0,0,EntryCondition,PT構想審査時点Fix,PT構想審査時点Fix,,JPN,2WD,,2,,2,SElist_Compact_Slide_JPN_2WD,,201.75,,W,L2,L2,PRMV0084559,LV BATT,消費電力(電費試験時WLTCモード)HEV,－,C7A0743743214D49AE5FFB6973444FCE,PT構想審査,
1,910F615D263A40AB838CF70336B1AD84,1,0,PRMV0084560 LV BATT 消費電力(電費試験時WLTCモード)EV －,A,45562.0131,0,0,EntryCondition,PT構想審査時点Fix,PT構想審査時点Fix,,JPN,2WD,,2,,2,SElist_Compact_Slide_JPN_2WD,,201.75,,W,L2,L2,PRMV0084560,LV BATT,消費電力(電費試験時WLTCモード)EV,－,C7A0743743214D49AE5FFB6973444FCE,PT構想審査,
1,443822A21F0A40B797C8ACDC24F6EF43,1,0,PRMV0084561 LV BATT 消費電力(電費試験時LA4モード)HEV －,A,45562.0131,0,0,EntryCondition,PT構想審査時点Fix,PT構想審査時点Fix,,JPN,2WD,,2,,2,SElist_Compact_Slide_JPN_2WD,,n,,W,L2,L2,PRMV0084561,LV BATT,消費電力(電費試験時LA4モード)HEV,－,C7A0743743214D49AE5FFB6973444FCE,PT構想審査,
1,0A0366335DF64625878C31A1BF282384,1,0,PRMV0084562 LV BATT 消費電力(電費試験時LA4モード)EV －,A,45562.01311,0,0,EntryCondition,PT構想審査時点Fix,PT構想審査時点Fix,,JPN,2WD,,2,,2,SElist_Compact_Slide_JPN_2WD,,n,,W,L2,L2,PRMV0084562,LV BATT,消費電力(電費試験時LA4モード)EV,－,C7A0743743214D49AE5FFB6973444FCE,PT構想審査,
1,DD4263373F574C85B8F60118B788D851,1,0,PRMV0084563 LV BATT 消費電力(電費試験時HWYモード)HEV －,A,45562.01311,0,0,EntryCondition,PT構想審査時点Fix,PT構想審査時点Fix,,JPN,2WD,,2,,2,SElist_Compact_Slide_JPN_2WD,,n,,W,L2,L2,PRMV0084563,LV BATT,消費電力(電費試験時HWYモード)HEV,－,C7A0743743214D49AE5FFB6973444FCE,PT構想審査,
1,15A6371812FB4DEE8566E34463DFEBBE,1,0,PRMV0084564 LV BATT 消費電力(電費試験時HWYモード)EV －,A,45562.01311,0,0,EntryCondition,PT構想審査時点Fix,PT構想審査時点Fix,,JPN,2WD,,2,,2,SElist_Compact_Slide_JPN_2WD,,n,,W,L2,L2,PRMV0084564,LV BATT,消費電力(電費試験時HWYモード)EV,－,C7A0743743214D49AE5FFB6973444FCE,PT構想審査,
1,8794596879FE444E9CB2E4D4A7670587,1,0,PRMV0084565 LV BATT 消費電力(電費試験時US06モード)HEV －,A,45562.01313,0,0,EntryCondition,PT構想審査時点Fix,PT構想審査時点Fix,,JPN,2WD,,2,,2,SElist_Compact_Slide_JPN_2WD,,n,,W,L2,L2,PRMV0084565,LV BATT,消費電力(電費試験時US06モード)HEV,－,C7A0743743214D49AE5FFB6973444FCE,PT構想審査,
1,9B770E4FF23A429E8F29104ABBDBAEB1,1,0,PRMV0084566 LV BATT 消費電力(電費試験時US06モード)EV －,A,45562.01313,0,0,EntryCondition,PT構想審査時点Fix,PT構想審査時点Fix,,JPN,2WD,,2,,2,SElist_Compact_Slide_JPN_2WD,,n,,W,L2,L2,PRMV0084566,LV BATT,消費電力(電費試験時US06モード)EV,－,C7A0743743214D49AE5FFB6973444FCE,PT構想審査,
1,E7960BDB8C734F348BC7AEBBB792CB9E,1,0,PRMV0084567 LV BATT 消費電力(電費試験時SC03モード)HEV －,A,45562.01314,0,0,EntryCondition,PT構想審査時点Fix,PT構想審査時点Fix,,JPN,2WD,,2,,2,SElist_Compact_Slide_JPN_2WD,,n,,W,L2,L2,PRMV0084567,LV BATT,消費電力(電費試験時SC03モード)HEV,－,C7A0743743214D49AE5FFB6973444FCE,PT構想審査,
1,22FCB7E6C16F445EAADD298BC257F1C2,1,0,PRMV0084568 LV BATT 消費電力(電費試験時SC03モード)EV －,A,45562.01314,0,0,EntryCondition,PT構想審査時点Fix,PT構想審査時点Fix,,JPN,2WD,,2,,2,SElist_Compact_Slide_JPN_2WD,,n,,W,L2,L2,PRMV0084568,LV BATT,消費電力(電費試験時SC03モード)EV,－,C7A0743743214D49AE5FFB6973444FCE,PT構想審査,
1,0512E0DBD0A9454D9229B418DD0CD94C,1,0,PRMV0084569 LV BATT 消費電力(電費試験時-7℃ LA4モード)HEV －,A,45562.01314,0,0,EntryCondition,PT構想審査時点Fix,PT構想審査時点Fix,,JPN,2WD,,2,,2,SElist_Compact_Slide_JPN_2WD,,n,,W,L2,L2,PRMV0084569,LV BATT,消費電力(電費試験時-7℃ LA4モード)HEV,－,C7A0743743214D49AE5FFB6973444FCE,PT構想審査,
1,D139F79747094E9AA28F1B040D17F961,1,0,PRMV0084570 LV BATT 消費電力(電費試験時-7℃ LA4モード)EV －,A,45562.01315,0,0,EntryCondition,PT構想審査時点Fix,PT構想審査時点Fix,,JPN,2WD,,2,,2,SElist_Compact_Slide_JPN_2WD,,n,,W,L2,L2,PRMV0084570,LV BATT,消費電力(電費試験時-7℃ LA4モード)EV,－,C7A0743743214D49AE5FFB6973444FCE,PT構想審査,
1,CD4BAF5ADD6C4F60966CC2D96CA737B5,1,0,PRMV0084571 Sim関連 MilsROM －,A,45562.01315,0,0,EntryCondition,PT構想審査時点Fix,PT構想審査時点Fix,,JPN,2WD,,2,,2,SElist_Compact_Slide_JPN_2WD,,n,,－,L2,L2,PRMV0084571,Sim関連,MilsROM,－,C7A0743743214D49AE5FFB6973444FCE,PT構想審査,
1,B3E92570C66A40A8BCA2517FD5241420,1,0,PRMV0084572 Sim関連 Mils設定ファイル －,A,45562.01316,0,0,EntryCondition,PT構想審査時点Fix,PT構想審査時点Fix,,JPN,2WD,,2,,2,SElist_Compact_Slide_JPN_2WD,,n,,－,L2,L2,PRMV0084572,Sim関連,Mils設定ファイル,－,C7A0743743214D49AE5FFB6973444FCE,PT構想審査,
1,81B7ECBE98EB4AB1919808D158262DEA,1,0,PRMV0084573 Sim関連 CarSettingFile －,A,45562.01316,0,0,EntryCondition,PT構想審査時点Fix,PT構想審査時点Fix,,JPN,2WD,,2,,2,SElist_Compact_Slide_JPN_2WD,,n,,－,L2,L2,PRMV0084573,Sim関連,CarSettingFile,－,C7A0743743214D49AE5FFB6973444FCE,PT構想審査,
1,A4A82A7327FE4CA4AFB11868043127DE,1,0,PRMV0084574 Vehicle Weight Min.C.W. －,A,45562.0165,0,0,EntryCondition,PT構想審査時点Fix,PT構想審査時点Fix,,JPN,2WD,,2,,2,SElist_Compact_Slide_JPN_2WD,,1415,,kg,L3,L3,PRMV0084574,Vehicle Weight,Min.C.W.,－,C7A0743743214D49AE5FFB6973444FCE,PT構想審査,
1,7756169081A4453CB8913C0EACB8FAAB,1,0,PRMV0084575 Vehicle Weight Max.C.W. －,A,45562.01652,0,0,EntryCondition,PT構想審査時点Fix,PT構想審査時点Fix,,JPN,2WD,,2,,2,SElist_Compact_Slide_JPN_2WD,,1471,,kg,L3,L3,PRMV0084575,Vehicle Weight,Max.C.W.,－,C7A0743743214D49AE5FFB6973444FCE,PT構想審査,
1,34A7A70632DC4E16ABD69379363DC4F1,1,0,PRMV0084576 Vehicle Weight スペアタイヤ&工具  －,A,45562.01653,0,0,EntryCondition,PT構想審査時点Fix,PT構想審査時点Fix,,JPN,2WD,,2,,2,SElist_Compact_Slide_JPN_2WD,,1,,kg,L3,L3,PRMV0084576,Vehicle Weight,スペアタイヤ&工具 ,－,C7A0743743214D49AE5FFB6973444FCE,PT構想審査,
1,C03A391AEBAD434DA2323BAB2D136548,1,0,PRMV0084577 Vehicle Weight EPA届出重量 －,A,45562.01653,0,0,EntryCondition,PT構想審査時点Fix,PT構想審査時点Fix,,JPN,2WD,,2,,2,SElist_Compact_Slide_JPN_2WD,,1470,,kg,L3,L3,PRMV0084577,Vehicle Weight,EPA届出重量,－,C7A0743743214D49AE5FFB6973444FCE,PT構想審査,
1,30EB1A2DE45640B09050B84CEACA2F41,1,0,PRMV0084578 Vehicle Weight IP(認証試験) ,A,45562.01654,0,0,EntryCondition,PT構想審査時点Fix,PT構想審査時点Fix,,JPN,2WD,,2,,2,SElist_Compact_Slide_JPN_2WD,,1600,,lbs,L3,L3,PRMV0084578,Vehicle Weight,IP(認証試験),,C7A0743743214D49AE5FFB6973444FCE,PT構想審査,
1,B59F5FE809314563B601352C30B0C694,1,0,PRMV0084579 Vehicle Severe Weight PTW or GVWR －,A,45562.01654,0,0,EntryCondition,PT構想審査時点Fix,PT構想審査時点Fix,,JPN,2WD,,2,,2,SElist_Compact_Slide_JPN_2WD,,1765,,kg,L3,L3,PRMV0084579,Vehicle Severe Weight,PTW or GVWR,－,C7A0743743214D49AE5FFB6973444FCE,PT構想審査,
1,8E7565DC7DDF4563BA1D3A8A58BF9519,1,0,PRMV0084580 Vehicle Severe Weight Towing －,A,45562.01655,0,0,EntryCondition,PT構想審査時点Fix,PT構想審査時点Fix,,JPN,2WD,,2,,2,SElist_Compact_Slide_JPN_2WD,,無し,,kg,L3,L3,PRMV0084580,Vehicle Severe Weight,Towing,－,C7A0743743214D49AE5FFB6973444FCE,PT構想審査,
1,56C2D00B965C486E89731862C1F7C701,1,0,PRMV0084581 Test Weight 燃費 －,A,45562.01655,0,0,EntryCondition,PT構想審査時点Fix,PT構想審査時点Fix,,JPN,2WD,,2,,2,SElist_Compact_Slide_JPN_2WD,,1600,,kg,L3,L3,PRMV0084581,Test Weight,燃費,－,C7A0743743214D49AE5FFB6973444FCE,PT構想審査,
1,DB4B0470B2464014A1F2AEE588F2B48F,1,0,PRMV0084582 Test Weight 動力当り前性能  －,A,45562.01656,0,0,EntryCondition,PT構想審査時点Fix,PT構想審査時点Fix,,JPN,2WD,,2,,2,SElist_Compact_Slide_JPN_2WD,,1765,,kg,L3,L3,PRMV0084582,Test Weight,動力当り前性能 ,－,C7A0743743214D49AE5FFB6973444FCE,PT構想審査,
1,CCA2EC1241664CAC9447D4F535C8B63D,1,0,PRMV0084583 Test Weight 動力Accerelation －,A,45562.01656,0,0,EntryCondition,PT構想審査時点Fix,PT構想審査時点Fix,,JPN,2WD,,2,,2,SElist_Compact_Slide_JPN_2WD,,1560,,kg,L3,L3,PRMV0084583,Test Weight,動力Accerelation,－,C7A0743743214D49AE5FFB6973444FCE,PT構想審査,
1,84CAD466AB4144C3A453AFE9E7AF7BFE,1,0,PRMV0084584 Test Weight 排気(IPランク)WLTC T.W. －,A,45562.01657,0,0,EntryCondition,PT構想審査時点Fix,PT構想審査時点Fix,,JPN,2WD,,2,,2,SElist_Compact_Slide_JPN_2WD,,1600,,kg,L3,L3,PRMV0084584,Test Weight,排気(IPランク)WLTC T.W.,－,C7A0743743214D49AE5FFB6973444FCE,PT構想審査,
1,9F0D2DBBB1A7456A9E692FCE0B038F99,1,0,PRMV0084585 Test Weight 排気(IPランク)RDE －,A,45562.01657,0,0,EntryCondition,PT構想審査時点Fix,PT構想審査時点Fix,,JPN,2WD,,2,,2,SElist_Compact_Slide_JPN_2WD,,1721,,kg,L3,L3,PRMV0084585,Test Weight,排気(IPランク)RDE,－,C7A0743743214D49AE5FFB6973444FCE,PT構想審査,
1,731E2FAF49B54B8DBA1C6F74FA98064F,1,0,PRMV0084586 Test Weight OBD(IPランク)WLTC T.W. －,A,45562.01659,0,0,EntryCondition,PT構想審査時点Fix,PT構想審査時点Fix,,JPN,2WD,,2,,2,SElist_Compact_Slide_JPN_2WD,,n,,kg,L3,L3,PRMV0084586,Test Weight,OBD(IPランク)WLTC T.W.,－,C7A0743743214D49AE5FFB6973444FCE,PT構想審査,
1,6D1A457CABF0490DAE6D5CD89C170F80,1,0,PRMV0084587 Test Weight 熱GVWR －,A,45562.01659,0,0,EntryCondition,PT構想審査時点Fix,PT構想審査時点Fix,,JPN,2WD,,2,,2,SElist_Compact_Slide_JPN_2WD,,n,,kg,L3,L3,PRMV0084587,Test Weight,熱GVWR,－,C7A0743743214D49AE5FFB6973444FCE,PT構想審査,
1,4BFDF31689574FFD8394D6053C557CAD,1,0,PRMV0084588 Test Weight 音 －,A,45562.0166,0,0,EntryCondition,PT構想審査時点Fix,PT構想審査時点Fix,,JPN,2WD,,2,,2,SElist_Compact_Slide_JPN_2WD,,n,,kg,L3,L3,PRMV0084588,Test Weight,音,－,C7A0743743214D49AE5FFB6973444FCE,PT構想審査,
1,8E8F0C2891C84FC58ECC31907401749A,1,0,PRMV0084589 Test Weight 運転性 －,A,45562.0166,0,0,EntryCondition,PT構想審査時点Fix,PT構想審査時点Fix,,JPN,2WD,,2,,2,SElist_Compact_Slide_JPN_2WD,,n,,kg,L3,L3,PRMV0084589,Test Weight,運転性,－,C7A0743743214D49AE5FFB6973444FCE,PT構想審査,
1,16E2EE2DE93A4F29BA3F5BA75A9C3E9C,1,0,PRMV0084590 Test Weight エバポ －,A,45562.01661,0,0,EntryCondition,PT構想審査時点Fix,PT構想審査時点Fix,,JPN,2WD,,2,,2,SElist_Compact_Slide_JPN_2WD,,n,,kg,L3,L3,PRMV0084590,Test Weight,エバポ,－,C7A0743743214D49AE5FFB6973444FCE,PT構想審査,
1,C293F80CF544463E9C127E742741ACA0,1,0,PRMV0084591 Test Weight シビアシーンあざみライン / ターンパイク －,A,45562.01661,0,0,EntryCondition,PT構想審査時点Fix,PT構想審査時点Fix,,JPN,2WD,,2,,2,SElist_Compact_Slide_JPN_2WD,,1765,,kg,L3,L3,PRMV0084591,Test Weight,シビアシーンあざみライン / ターンパイク,－,C7A0743743214D49AE5FFB6973444FCE,PT構想審査,
1,9DE81BD5EB034955BAF08E912CF900CF,1,0,PRMV0084592 Test Weight シビアシーン熱性能GVWR －,A,45562.01662,0,0,EntryCondition,PT構想審査時点Fix,PT構想審査時点Fix,,JPN,2WD,,2,,2,SElist_Compact_Slide_JPN_2WD,,n,,kg,L3,L3,PRMV0084592,Test Weight,シビアシーン熱性能GVWR,－,C7A0743743214D49AE5FFB6973444FCE,PT構想審査,
1,065BD1D28B694FB982FEE5809EE91490,1,0,"PRMV0084593 Test Weight シビアシーン熱性能130km/h,R/L －",A,45562.01662,0,0,EntryCondition,PT構想審査時点Fix,PT構想審査時点Fix,,JPN,2WD,,2,,2,SElist_Compact_Slide_JPN_2WD,,n,,kg,L3,L3,PRMV0084593,Test Weight,"シビアシーン熱性能130km/h,R/L",－,C7A0743743214D49AE5FFB6973444FCE,PT構想審査,
1,10CBCFC19F824CE48AC839A9B54484A4,1,0,"PRMV0084594 Test Weight シビアシーン熱性能60km/h,8.7%勾配 －",A,45562.01663,0,0,EntryCondition,PT構想審査時点Fix,PT構想審査時点Fix,,JPN,2WD,,2,,2,SElist_Compact_Slide_JPN_2WD,,n,,kg,L3,L3,PRMV0084594,Test Weight,"シビアシーン熱性能60km/h,8.7%勾配",－,C7A0743743214D49AE5FFB6973444FCE,PT構想審査,
1,172D50AE7C5849C7A5E31B6DD4EBE359,1,0,PRMV0084595 Test Weight 6分類GVWR －,A,45562.01663,0,0,EntryCondition,PT構想審査時点Fix,PT構想審査時点Fix,,JPN,2WD,,2,,2,SElist_Compact_Slide_JPN_2WD,,n,,kg,L3,L3,PRMV0084595,Test Weight,6分類GVWR,－,C7A0743743214D49AE5FFB6973444FCE,PT構想審査,
1,60CE45CB562945E4811C444E86EE5CE4,1,0,PRMV0084596 空力 Cd  －,A,45562.01664,0,0,EntryCondition,PT構想審査時点Fix,PT構想審査時点Fix,,JPN,2WD,,2,,2,SElist_Compact_Slide_JPN_2WD,,－,,－,L3,L3,PRMV0084596,空力,Cd ,－,C7A0743743214D49AE5FFB6973444FCE,PT構想審査,
1,157BD26D144F44E282EEA1B7FF40CC2B,1,0,PRMV0084597 空力 ΔCd (AGS閉→全開) －,A,45562.01664,0,0,EntryCondition,PT構想審査時点Fix,PT構想審査時点Fix,,JPN,2WD,,2,,2,SElist_Compact_Slide_JPN_2WD,,0.359,,－,L3,L3,PRMV0084597,空力,ΔCd (AGS閉→全開),－,C7A0743743214D49AE5FFB6973444FCE,PT構想審査,
1,3AD3AD4AE02F40AE9D716B27906DD638,1,0,PRMV0084598 空力 A －,A,45562.01666,0,0,EntryCondition,PT構想審査時点Fix,PT構想審査時点Fix,,JPN,2WD,,2,,2,SElist_Compact_Slide_JPN_2WD,,2.51,,m#00B2,L3,L3,PRMV0084598,空力,A,－,C7A0743743214D49AE5FFB6973444FCE,PT構想審査,
1,61A57F49EA1C47D69311706923EF9633,1,0,PRMV0084599 空力 Grill shutter仕様（名称） －,A,45562.01666,0,0,EntryCondition,PT構想審査時点Fix,PT構想審査時点Fix,,JPN,2WD,,2,,2,SElist_Compact_Slide_JPN_2WD,,－,,－,L3,L3,PRMV0084599,空力,Grill shutter仕様（名称）,－,C7A0743743214D49AE5FFB6973444FCE,PT構想審査,
1,F69DF5DFA1864B8BA327310F849B45E7,1,0,PRMV0084600 タイヤ FRサイズ －,A,45562.01667,0,0,EntryCondition,PT構想審査時点Fix,PT構想審査時点Fix,,JPN,2WD,,2,,2,SElist_Compact_Slide_JPN_2WD,,185/65/15,,－,L3,L3,PRMV0084600,タイヤ,FRサイズ,－,C7A0743743214D49AE5FFB6973444FCE,PT構想審査,
1,D28C8B481D174B2FA0BC64569A49BAF6,1,0,PRMV0084601 タイヤ FR動半径 －,A,45562.01667,0,0,EntryCondition,PT構想審査時点Fix,PT構想審査時点Fix,,JPN,2WD,,2,,2,SElist_Compact_Slide_JPN_2WD,,0.298,,m,L3,L3,PRMV0084601,タイヤ,FR動半径,－,C7A0743743214D49AE5FFB6973444FCE,PT構想審査,
1,E6ECFFBC54494B379EFB6D3FF4ADC0BB,1,0,"PRMV0084602 タイヤ FR RRC (ISO 28560 80kmh,210kPa) －",A,45562.01668,0,0,EntryCondition,PT構想審査時点Fix,PT構想審査時点Fix,,JPN,2WD,,2,,2,SElist_Compact_Slide_JPN_2WD,,6.6,,－,L3,L3,PRMV0084602,タイヤ,"FR RRC (ISO 28560 80kmh,210kPa)",－,C7A0743743214D49AE5FFB6973444FCE,PT構想審査,
1,E5E37AC7E8294983A28028D8B722800E,1,0,PRMV0084603 タイヤ FR RRC (車両状態) －,A,45562.01668,0,0,EntryCondition,PT構想審査時点Fix,PT構想審査時点Fix,,JPN,2WD,,2,,2,SElist_Compact_Slide_JPN_2WD,,6.3,,－,L3,L3,PRMV0084603,タイヤ,FR RRC (車両状態),－,C7A0743743214D49AE5FFB6973444FCE,PT構想審査,
1,422C6B0CD2B144428D3E1535E10E0E60,1,0,PRMV0084604 タイヤ FR RRC (車両状態)空気圧 －,A,45562.01669,0,0,EntryCondition,PT構想審査時点Fix,PT構想審査時点Fix,,JPN,2WD,,2,,2,SElist_Compact_Slide_JPN_2WD,,230,,kPa,L3,L3,PRMV0084604,タイヤ,FR RRC (車両状態)空気圧,－,C7A0743743214D49AE5FFB6973444FCE,PT構想審査,
1,5407E25BEE6D4BE3998E19A494BA2FB5,1,0,PRMV0084605 タイヤ FR イナーシャ(1本)  －,A,45562.01669,0,0,EntryCondition,PT構想審査時点Fix,PT構想審査時点Fix,,JPN,2WD,,2,,2,SElist_Compact_Slide_JPN_2WD,,n,,kgm#00B2,L3,L3,PRMV0084605,タイヤ,FR イナーシャ(1本) ,－,C7A0743743214D49AE5FFB6973444FCE,PT構想審査,
1,F64AC4141EFA4BE48DD887CF039DA9AF,1,0,PRMV0084606 タイヤ RRサイズ －,A,45562.0167,0,0,EntryCondition,PT構想審査時点Fix,PT構想審査時点Fix,,JPN,2WD,,2,,2,SElist_Compact_Slide_JPN_2WD,,185/65/15,,－,L3,L3,PRMV0084606,タイヤ,RRサイズ,－,C7A0743743214D49AE5FFB6973444FCE,PT構想審査,
1,BA2576F84DFC49F9A636FC6B16DAEB58,1,0,PRMV0084607 タイヤ RR動半径 －,A,45562.0167,0,0,EntryCondition,PT構想審査時点Fix,PT構想審査時点Fix,,JPN,2WD,,2,,2,SElist_Compact_Slide_JPN_2WD,,0.298,,m,L3,L3,PRMV0084607,タイヤ,RR動半径,－,C7A0743743214D49AE5FFB6973444FCE,PT構想審査,
1,A4632695246C418EA3A093FE862BB64F,1,0,"PRMV0084608 タイヤ RR RRC (ISO 28560 80kmh,210kPa) －",A,45562.01671,0,0,EntryCondition,PT構想審査時点Fix,PT構想審査時点Fix,,JPN,2WD,,2,,2,SElist_Compact_Slide_JPN_2WD,,6.6,,－,L3,L3,PRMV0084608,タイヤ,"RR RRC (ISO 28560 80kmh,210kPa)",－,C7A0743743214D49AE5FFB6973444FCE,PT構想審査,
1,83CF5D47CB284A7C9EB57342C7217787,1,0,PRMV0084609 タイヤ RR RRC (車両状態) －,A,45562.01671,0,0,EntryCondition,PT構想審査時点Fix,PT構想審査時点Fix,,JPN,2WD,,2,,2,SElist_Compact_Slide_JPN_2WD,,6.6,,－,L3,L3,PRMV0084609,タイヤ,RR RRC (車両状態),－,C7A0743743214D49AE5FFB6973444FCE,PT構想審査,
1,62972A7F12C349ED8A75045C1D612502,1,0,PRMV0084610 タイヤ RR RRC (車両状態)空気圧 －,A,45562.01671,0,0,EntryCondition,PT構想審査時点Fix,PT構想審査時点Fix,,JPN,2WD,,2,,2,SElist_Compact_Slide_JPN_2WD,,210,,kPa,L3,L3,PRMV0084610,タイヤ,RR RRC (車両状態)空気圧,－,C7A0743743214D49AE5FFB6973444FCE,PT構想審査,
1,621177C56DF74EEEBE90C9B46697A685,1,0,PRMV0084611 タイヤ RR イナーシャ(1本)  －,A,45562.01672,0,0,EntryCondition,PT構想審査時点Fix,PT構想審査時点Fix,,JPN,2WD,,2,,2,SElist_Compact_Slide_JPN_2WD,,n,,kgm#00B2,L3,L3,PRMV0084611,タイヤ,RR イナーシャ(1本) ,－,C7A0743743214D49AE5FFB6973444FCE,PT構想審査,
1,D7117D0A5ABE406780C3FB6E895595BC,1,0,PRMV0084612 ホイール イナーシャ(1本) －,A,45562.01672,0,0,EntryCondition,PT構想審査時点Fix,PT構想審査時点Fix,,JPN,2WD,,2,,2,SElist_Compact_Slide_JPN_2WD,,n,,kgm#00B2,L3,L3,PRMV0084612,ホイール,イナーシャ(1本),－,C7A0743743214D49AE5FFB6973444FCE,PT構想審査,
1,402C82AEAF8446BA92FBC0E7D3CF5886,1,0,PRMV0084613 HUB FR 引き摺りトルク (@80km/h) －,A,45562.01674,0,0,EntryCondition,PT構想審査時点Fix,PT構想審査時点Fix,,JPN,2WD,,2,,2,SElist_Compact_Slide_JPN_2WD,,160,,Nm/veh,L3,L3,PRMV0084613,HUB,FR 引き摺りトルク (@80km/h),－,C7A0743743214D49AE5FFB6973444FCE,PT構想審査,
1,28CA4A7A7B1D4EAD89FC3C6717610D4F,1,0,PRMV0084614 HUB RR 引き摺りトルク (@80km/h) －,A,45562.01674,0,0,EntryCondition,PT構想審査時点Fix,PT構想審査時点Fix,,JPN,2WD,,2,,2,SElist_Compact_Slide_JPN_2WD,,148,,Nm/veh,L3,L3,PRMV0084614,HUB,RR 引き摺りトルク (@80km/h),－,C7A0743743214D49AE5FFB6973444FCE,PT構想審査,
1,25DD094120E64F5284C6E642172F3CC5,1,0,PRMV0084615 ブレーキ FR引き摺りトルク (経験圧3Mpa＠60kph) －,A,45562.01675,0,0,EntryCondition,PT構想審査時点Fix,PT構想審査時点Fix,,JPN,2WD,,2,,2,SElist_Compact_Slide_JPN_2WD,,224,,Nm/veh,L3,L3,PRMV0084615,ブレーキ,FR引き摺りトルク (経験圧3Mpa＠60kph),－,C7A0743743214D49AE5FFB6973444FCE,PT構想審査,
1,8708DF116788418AA0E1B404B25BE00B,1,0,PRMV0084616 ブレーキ RR引き摺りトルク(経験圧3Mpa＠60kph) －,A,45562.01675,0,0,EntryCondition,PT構想審査時点Fix,PT構想審査時点Fix,,JPN,2WD,,2,,2,SElist_Compact_Slide_JPN_2WD,,0,,Nm/veh,L3,L3,PRMV0084616,ブレーキ,RR引き摺りトルク(経験圧3Mpa＠60kph),－,C7A0743743214D49AE5FFB6973444FCE,PT構想審査,
1,B5B464C1FFE543C6BAB698FA63FDBE2E,1,0,PRMV0084617 走行抵抗 届出(Target Lset式) A0 －,A,45562.01676,0,0,EntryCondition,PT構想審査時点Fix,PT構想審査時点Fix,,JPN,2WD,,2,,2,SElist_Compact_Slide_JPN_2WD,,n,,N,L3,L3,PRMV0084617,走行抵抗,届出(Target Lset式) A0,－,C7A0743743214D49AE5FFB6973444FCE,PT構想審査,
1,B3743ED6E6CA4638A39BA99706D2CD29,1,0,PRMV0084618 走行抵抗 届出(Target Lset式) A1 －,A,45562.01676,0,0,EntryCondition,PT構想審査時点Fix,PT構想審査時点Fix,,JPN,2WD,,2,,2,SElist_Compact_Slide_JPN_2WD,,n,,N/kph,L3,L3,PRMV0084618,走行抵抗,届出(Target Lset式) A1,－,C7A0743743214D49AE5FFB6973444FCE,PT構想審査,
1,BE00F6C29A41402AB386F1A5E3129476,1,0,PRMV0084619 走行抵抗 届出(Target Lset式) A2 －,A,45562.01677,0,0,EntryCondition,PT構想審査時点Fix,PT構想審査時点Fix,,JPN,2WD,,2,,2,SElist_Compact_Slide_JPN_2WD,,n,,N/kph#00B2,L3,L3,PRMV0084619,走行抵抗,届出(Target Lset式) A2,－,C7A0743743214D49AE5FFB6973444FCE,PT構想審査,
1,0D34DA29B5A540FE8887DB9E5C911938,1,0,PRMV0084620 走行抵抗 届出(Target Lset式) IP －,A,45562.01677,0,0,EntryCondition,PT構想審査時点Fix,PT構想審査時点Fix,,JPN,2WD,,2,,2,SElist_Compact_Slide_JPN_2WD,,n,,kg,L3,L3,PRMV0084620,走行抵抗,届出(Target Lset式) IP,－,C7A0743743214D49AE5FFB6973444FCE,PT構想審査,
1,3B3CFEDA22954336BEA3F310C6AAFA69,1,0,PRMV0084621 走行抵抗 届出(Target Lset式) 排気A0 －,A,45562.01677,0,0,EntryCondition,PT構想審査時点Fix,PT構想審査時点Fix,,JPN,2WD,,2,,2,SElist_Compact_Slide_JPN_2WD,,n,,N,L3,L3,PRMV0084621,走行抵抗,届出(Target Lset式) 排気A0,－,C7A0743743214D49AE5FFB6973444FCE,PT構想審査,
1,2EC685BAFAA141E59A38193DFC9F162C,1,0,PRMV0084622 走行抵抗 届出(Target Lset式) 排気A1 －,A,45562.01678,0,0,EntryCondition,PT構想審査時点Fix,PT構想審査時点Fix,,JPN,2WD,,2,,2,SElist_Compact_Slide_JPN_2WD,,n,,N/kph,L3,L3,PRMV0084622,走行抵抗,届出(Target Lset式) 排気A1,－,C7A0743743214D49AE5FFB6973444FCE,PT構想審査,
1,401ADD0EF5FE47B295AA00F41561D091,1,0,PRMV0084623 走行抵抗 届出(Target Lset式) 排気A2 －,A,45562.01678,0,0,EntryCondition,PT構想審査時点Fix,PT構想審査時点Fix,,JPN,2WD,,2,,2,SElist_Compact_Slide_JPN_2WD,,n,,N/kph#00B2,L3,L3,PRMV0084623,走行抵抗,届出(Target Lset式) 排気A2,－,C7A0743743214D49AE5FFB6973444FCE,PT構想審査,
1,B0F814E1ACF745A89C23293B28FFA6AE,1,0,PRMV0084624 走行抵抗 届出(Target Lset式) 排気IP －,A,45562.01679,0,0,EntryCondition,PT構想審査時点Fix,PT構想審査時点Fix,,JPN,2WD,,2,,2,SElist_Compact_Slide_JPN_2WD,,n,,kg,L3,L3,PRMV0084624,走行抵抗,届出(Target Lset式) 排気IP,－,C7A0743743214D49AE5FFB6973444FCE,PT構想審査,
1,87BC20BCE35C4DBC84EE6E19F8847AA6,1,0,PRMV0084625 走行抵抗 届出(Target Lset式) エバポA0 －,A,45562.01679,0,0,EntryCondition,PT構想審査時点Fix,PT構想審査時点Fix,,JPN,2WD,,2,,2,SElist_Compact_Slide_JPN_2WD,,n,,N,L3,L3,PRMV0084625,走行抵抗,届出(Target Lset式) エバポA0,－,C7A0743743214D49AE5FFB6973444FCE,PT構想審査,
1,61185446683C41B08B1BBEF51E332110,1,0,PRMV0084626 走行抵抗 届出(Target Lset式) エバポA1 －,A,45562.01681,0,0,EntryCondition,PT構想審査時点Fix,PT構想審査時点Fix,,JPN,2WD,,2,,2,SElist_Compact_Slide_JPN_2WD,,n,,N/kph,L3,L3,PRMV0084626,走行抵抗,届出(Target Lset式) エバポA1,－,C7A0743743214D49AE5FFB6973444FCE,PT構想審査,
1,4283850F2BC5464D9008CCF763B7B6F3,1,0,PRMV0084627 走行抵抗 届出(Target Lset式) エバポA2 －,A,45562.01681,0,0,EntryCondition,PT構想審査時点Fix,PT構想審査時点Fix,,JPN,2WD,,2,,2,SElist_Compact_Slide_JPN_2WD,,n,,N/kph#00B2,L3,L3,PRMV0084627,走行抵抗,届出(Target Lset式) エバポA2,－,C7A0743743214D49AE5FFB6973444FCE,PT構想審査,
1,271B7D9BC03148B3AF09BB8535268D69,1,0,PRMV0084628 走行抵抗 届出(Target Lset式) エバポIP －,A,45562.01682,0,0,EntryCondition,PT構想審査時点Fix,PT構想審査時点Fix,,JPN,2WD,,2,,2,SElist_Compact_Slide_JPN_2WD,,n,,kg,L3,L3,PRMV0084628,走行抵抗,届出(Target Lset式) エバポIP,－,C7A0743743214D49AE5FFB6973444FCE,PT構想審査,
1,13EA306633D24241AA2713ACC907F2C7,1,0,PRMV0084629 性能検討用走行抵抗式(ePT連れ回り排除) 航続距離(C/D車載状態)A0 －,A,45562.01682,0,0,EntryCondition,PT構想審査時点Fix,PT構想審査時点Fix,,JPN,2WD,,2,,2,SElist_Compact_Slide_JPN_2WD,,n,,N,L3,L3,PRMV0084629,性能検討用走行抵抗式(ePT連れ回り排除),航続距離(C/D車載状態)A0,－,C7A0743743214D49AE5FFB6973444FCE,PT構想審査,
1,9E6FCB3A09234C4EB048E34467197B93,1,0,PRMV0084630 性能検討用走行抵抗式(ePT連れ回り排除) 航続距離(C/D車載状態)A1 －,A,45562.01682,0,0,EntryCondition,PT構想審査時点Fix,PT構想審査時点Fix,,JPN,2WD,,2,,2,SElist_Compact_Slide_JPN_2WD,,n,,N/kph,L3,L3,PRMV0084630,性能検討用走行抵抗式(ePT連れ回り排除),航続距離(C/D車載状態)A1,－,C7A0743743214D49AE5FFB6973444FCE,PT構想審査,
1,FAD6B14B7F8740F5B668E01698FE7C07,1,0,PRMV0084631 性能検討用走行抵抗式(ePT連れ回り排除) 航続距離(C/D車載状態)A2 －,A,45562.01683,0,0,EntryCondition,PT構想審査時点Fix,PT構想審査時点Fix,,JPN,2WD,,2,,2,SElist_Compact_Slide_JPN_2WD,,n,,N/kph#00B2,L3,L3,PRMV0084631,性能検討用走行抵抗式(ePT連れ回り排除),航続距離(C/D車載状態)A2,－,C7A0743743214D49AE5FFB6973444FCE,PT構想審査,
1,AC89477FFC0E45CDB3854D5698AC0A43,1,0,PRMV0084632 性能検討用走行抵抗式(ePT連れ回り排除) 航続距離(C/D車載状態)IP －,A,45562.01683,0,0,EntryCondition,PT構想審査時点Fix,PT構想審査時点Fix,,JPN,2WD,,2,,2,SElist_Compact_Slide_JPN_2WD,,n,,kg,L3,L3,PRMV0084632,性能検討用走行抵抗式(ePT連れ回り排除),航続距離(C/D車載状態)IP,－,C7A0743743214D49AE5FFB6973444FCE,PT構想審査,
1,26114CE5BF8240438892C3EF5394BFC4,1,0,PRMV0084633 性能検討用走行抵抗式(ePT連れ回り排除) 動力当り前性能A0 －,A,45562.01684,0,0,EntryCondition,PT構想審査時点Fix,PT構想審査時点Fix,,JPN,2WD,,2,,2,SElist_Compact_Slide_JPN_2WD,,n,,N,L3,L3,PRMV0084633,性能検討用走行抵抗式(ePT連れ回り排除),動力当り前性能A0,－,C7A0743743214D49AE5FFB6973444FCE,PT構想審査,
1,CBD58AF9324B4856A3F8FC6ACA0D0570,1,0,PRMV0084634 性能検討用走行抵抗式(ePT連れ回り排除) 動力当り前性能A1 －,A,45562.01684,0,0,EntryCondition,PT構想審査時点Fix,PT構想審査時点Fix,,JPN,2WD,,2,,2,SElist_Compact_Slide_JPN_2WD,,n,,N/kph,L3,L3,PRMV0084634,性能検討用走行抵抗式(ePT連れ回り排除),動力当り前性能A1,－,C7A0743743214D49AE5FFB6973444FCE,PT構想審査,
1,26A7F0BA61DA40FBB3725BEBEB8286F4,1,0,PRMV0084635 性能検討用走行抵抗式(ePT連れ回り排除) 動力当り前性能A2 －,A,45562.01685,0,0,EntryCondition,PT構想審査時点Fix,PT構想審査時点Fix,,JPN,2WD,,2,,2,SElist_Compact_Slide_JPN_2WD,,n,,N/kph#00B2,L3,L3,PRMV0084635,性能検討用走行抵抗式(ePT連れ回り排除),動力当り前性能A2,－,C7A0743743214D49AE5FFB6973444FCE,PT構想審査,
1,15A3512E3477487C8A2AF089426AF3B8,1,0,PRMV0084636 性能検討用走行抵抗式(ePT連れ回り排除) 動力当り前性能IP －,A,45562.01685,0,0,EntryCondition,PT構想審査時点Fix,PT構想審査時点Fix,,JPN,2WD,,2,,2,SElist_Compact_Slide_JPN_2WD,,n,,kg,L3,L3,PRMV0084636,性能検討用走行抵抗式(ePT連れ回り排除),動力当り前性能IP,－,C7A0743743214D49AE5FFB6973444FCE,PT構想審査,
1,F6FB895D300D42A382A5439655E12C1C,1,0,PRMV0084637 性能検討用走行抵抗式(ePT連れ回り排除) 動力AccerelationA0 －,A,45562.01685,0,0,EntryCondition,PT構想審査時点Fix,PT構想審査時点Fix,,JPN,2WD,,2,,2,SElist_Compact_Slide_JPN_2WD,,n,,N,L3,L3,PRMV0084637,性能検討用走行抵抗式(ePT連れ回り排除),動力AccerelationA0,－,C7A0743743214D49AE5FFB6973444FCE,PT構想審査,
1,8252F3BF562E41379330162AD8F94917,1,0,PRMV0084638 性能検討用走行抵抗式(ePT連れ回り排除) 動力AccerelationA1 －,A,45562.01686,0,0,EntryCondition,PT構想審査時点Fix,PT構想審査時点Fix,,JPN,2WD,,2,,2,SElist_Compact_Slide_JPN_2WD,,n,,N/kph,L3,L3,PRMV0084638,性能検討用走行抵抗式(ePT連れ回り排除),動力AccerelationA1,－,C7A0743743214D49AE5FFB6973444FCE,PT構想審査,
1,4A93EEC9452547079511C349B1D40125,1,0,PRMV0084639 性能検討用走行抵抗式(ePT連れ回り排除) 動力AccerelationA2 －,A,45562.01688,0,0,EntryCondition,PT構想審査時点Fix,PT構想審査時点Fix,,JPN,2WD,,2,,2,SElist_Compact_Slide_JPN_2WD,,n,,N/kph#00B2,L3,L3,PRMV0084639,性能検討用走行抵抗式(ePT連れ回り排除),動力AccerelationA2,－,C7A0743743214D49AE5FFB6973444FCE,PT構想審査,
1,A8420835E9C9419EBDD25CFC1CCFE1D4,1,0,PRMV0084640 性能検討用走行抵抗式(ePT連れ回り排除) 動力AccerelationIP －,A,45562.01688,0,0,EntryCondition,PT構想審査時点Fix,PT構想審査時点Fix,,JPN,2WD,,2,,2,SElist_Compact_Slide_JPN_2WD,,n,,kg,L3,L3,PRMV0084640,性能検討用走行抵抗式(ePT連れ回り排除),動力AccerelationIP,－,C7A0743743214D49AE5FFB6973444FCE,PT構想審査,
1,A6646E46B59F458597FCF0F886BAB7BB,1,0,PRMV0084641 性能検討用走行抵抗式(ePT連れ回り排除) 動力VmaxA0 －,A,45562.01689,0,0,EntryCondition,PT構想審査時点Fix,PT構想審査時点Fix,,JPN,2WD,,2,,2,SElist_Compact_Slide_JPN_2WD,,n,,N,L3,L3,PRMV0084641,性能検討用走行抵抗式(ePT連れ回り排除),動力VmaxA0,－,C7A0743743214D49AE5FFB6973444FCE,PT構想審査,
1,5612E53626294A41B7C5E2F070FF714B,1,0,PRMV0084642 性能検討用走行抵抗式(ePT連れ回り排除) 動力VmaxA1 －,A,45562.01689,0,0,EntryCondition,PT構想審査時点Fix,PT構想審査時点Fix,,JPN,2WD,,2,,2,SElist_Compact_Slide_JPN_2WD,,n,,N/kph,L3,L3,PRMV0084642,性能検討用走行抵抗式(ePT連れ回り排除),動力VmaxA1,－,C7A0743743214D49AE5FFB6973444FCE,PT構想審査,
1,77B994BE199B4C33AFE5C2314202C697,1,0,PRMV0084643 性能検討用走行抵抗式(ePT連れ回り排除) 動力VmaxA2 －,A,45562.0169,0,0,EntryCondition,PT構想審査時点Fix,PT構想審査時点Fix,,JPN,2WD,,2,,2,SElist_Compact_Slide_JPN_2WD,,n,,N/kph#00B2,L3,L3,PRMV0084643,性能検討用走行抵抗式(ePT連れ回り排除),動力VmaxA2,－,C7A0743743214D49AE5FFB6973444FCE,PT構想審査,
1,CF7EA6A31F1541E6A79EDB937C7CE113,1,0,PRMV0084644 性能検討用走行抵抗式(ePT連れ回り排除) 動力VmaxIP －,A,45562.0169,0,0,EntryCondition,PT構想審査時点Fix,PT構想審査時点Fix,,JPN,2WD,,2,,2,SElist_Compact_Slide_JPN_2WD,,n,,kg,L3,L3,PRMV0084644,性能検討用走行抵抗式(ePT連れ回り排除),動力VmaxIP,－,C7A0743743214D49AE5FFB6973444FCE,PT構想審査,
1,345B5100C5DA4F1AB4EEA3E34EBDC43C,1,0,PRMV0084645 性能検討用走行抵抗式(ePT連れ回り排除) 動力シビアA0 －,A,45562.01691,0,0,EntryCondition,PT構想審査時点Fix,PT構想審査時点Fix,,JPN,2WD,,2,,2,SElist_Compact_Slide_JPN_2WD,,n,,N,L3,L3,PRMV0084645,性能検討用走行抵抗式(ePT連れ回り排除),動力シビアA0,－,C7A0743743214D49AE5FFB6973444FCE,PT構想審査,
1,8F1E625DF7324BECACAE77B78F7D70FD,1,0,PRMV0084646 性能検討用走行抵抗式(ePT連れ回り排除) 動力シビアA1 －,A,45562.01691,0,0,EntryCondition,PT構想審査時点Fix,PT構想審査時点Fix,,JPN,2WD,,2,,2,SElist_Compact_Slide_JPN_2WD,,n,,N/kph,L3,L3,PRMV0084646,性能検討用走行抵抗式(ePT連れ回り排除),動力シビアA1,－,C7A0743743214D49AE5FFB6973444FCE,PT構想審査,
1,6868C8B9B6CB480A9378F33F8FD1F943,1,0,PRMV0084647 性能検討用走行抵抗式(ePT連れ回り排除) 動力シビアA2 －,A,45562.01692,0,0,EntryCondition,PT構想審査時点Fix,PT構想審査時点Fix,,JPN,2WD,,2,,2,SElist_Compact_Slide_JPN_2WD,,n,,N/kph#00B2,L3,L3,PRMV0084647,性能検討用走行抵抗式(ePT連れ回り排除),動力シビアA2,－,C7A0743743214D49AE5FFB6973444FCE,PT構想審査,
1,71FF2F7F963141B4A41C30FF25E3F24A,1,0,PRMV0084648 性能検討用走行抵抗式(ePT連れ回り排除) 動力シビアIP －,A,45562.01692,0,0,EntryCondition,PT構想審査時点Fix,PT構想審査時点Fix,,JPN,2WD,,2,,2,SElist_Compact_Slide_JPN_2WD,,n,,kg,L3,L3,PRMV0084648,性能検討用走行抵抗式(ePT連れ回り排除),動力シビアIP,－,C7A0743743214D49AE5FFB6973444FCE,PT構想審査,
1,4E5E2BC14327458BB60F40A0F065FDA7,1,0,PRMV0084649 性能検討用走行抵抗式(ePT連れ回り排除) 排気WLTCA0 －,A,45562.01693,0,0,EntryCondition,PT構想審査時点Fix,PT構想審査時点Fix,,JPN,2WD,,2,,2,SElist_Compact_Slide_JPN_2WD,,n,,N,L3,L3,PRMV0084649,性能検討用走行抵抗式(ePT連れ回り排除),排気WLTCA0,－,C7A0743743214D49AE5FFB6973444FCE,PT構想審査,
1,67BA099F24A349A6B651EBC21064976C,1,0,PRMV0084650 性能検討用走行抵抗式(ePT連れ回り排除) 排気WLTCA1 －,A,45562.01693,0,0,EntryCondition,PT構想審査時点Fix,PT構想審査時点Fix,,JPN,2WD,,2,,2,SElist_Compact_Slide_JPN_2WD,,n,,N/kph,L3,L3,PRMV0084650,性能検討用走行抵抗式(ePT連れ回り排除),排気WLTCA1,－,C7A0743743214D49AE5FFB6973444FCE,PT構想審査,
1,2533D9A295614899B655C38F7158B518,1,0,PRMV0084651 性能検討用走行抵抗式(ePT連れ回り排除) 排気WLTCA2 －,A,45562.01693,0,0,EntryCondition,PT構想審査時点Fix,PT構想審査時点Fix,,JPN,2WD,,2,,2,SElist_Compact_Slide_JPN_2WD,,n,,N/kph#00B2,L3,L3,PRMV0084651,性能検討用走行抵抗式(ePT連れ回り排除),排気WLTCA2,－,C7A0743743214D49AE5FFB6973444FCE,PT構想審査,
1,6BFC8DC0B56C4E9F836151C7B5A45584,1,0,PRMV0084652 性能検討用走行抵抗式(ePT連れ回り排除) 排気WLTCIP －,A,45562.01694,0,0,EntryCondition,PT構想審査時点Fix,PT構想審査時点Fix,,JPN,2WD,,2,,2,SElist_Compact_Slide_JPN_2WD,,n,,kg,L3,L3,PRMV0084652,性能検討用走行抵抗式(ePT連れ回り排除),排気WLTCIP,－,C7A0743743214D49AE5FFB6973444FCE,PT構想審査,
1,7482D11614D849AC8B805DB723F5A538,1,0,PRMV0084653 性能検討用走行抵抗式(ePT連れ回り排除) 排気RDEA0 －,A,45562.01694,0,0,EntryCondition,PT構想審査時点Fix,PT構想審査時点Fix,,JPN,2WD,,2,,2,SElist_Compact_Slide_JPN_2WD,,n,,N,L3,L3,PRMV0084653,性能検討用走行抵抗式(ePT連れ回り排除),排気RDEA0,－,C7A0743743214D49AE5FFB6973444FCE,PT構想審査,
1,A2FC4E52D90F4999B040EA997CD6D805,1,0,PRMV0084654 性能検討用走行抵抗式(ePT連れ回り排除) 排気RDEA1 －,A,45562.01696,0,0,EntryCondition,PT構想審査時点Fix,PT構想審査時点Fix,,JPN,2WD,,2,,2,SElist_Compact_Slide_JPN_2WD,,n,,N/kph,L3,L3,PRMV0084654,性能検討用走行抵抗式(ePT連れ回り排除),排気RDEA1,－,C7A0743743214D49AE5FFB6973444FCE,PT構想審査,
1,7FD905D079A84BAB9919CA4734B356C3,1,0,PRMV0084655 性能検討用走行抵抗式(ePT連れ回り排除) 排気RDEA2 －,A,45562.01696,0,0,EntryCondition,PT構想審査時点Fix,PT構想審査時点Fix,,JPN,2WD,,2,,2,SElist_Compact_Slide_JPN_2WD,,n,,N/kph#00B2,L3,L3,PRMV0084655,性能検討用走行抵抗式(ePT連れ回り排除),排気RDEA2,－,C7A0743743214D49AE5FFB6973444FCE,PT構想審査,
1,92B010840E20400192468E2ADB60C6DD,1,0,PRMV0084656 性能検討用走行抵抗式(ePT連れ回り排除) 排気RDEIP －,A,45562.01696,0,0,EntryCondition,PT構想審査時点Fix,PT構想審査時点Fix,,JPN,2WD,,2,,2,SElist_Compact_Slide_JPN_2WD,,n,,kg,L3,L3,PRMV0084656,性能検討用走行抵抗式(ePT連れ回り排除),排気RDEIP,－,C7A0743743214D49AE5FFB6973444FCE,PT構想審査,
1,FADB0658324B432B8408785D605A89E4,1,0,PRMV0084657 性能検討用走行抵抗式(ePT連れ回り排除) エバポWLTCA0 －,A,45562.01697,0,0,EntryCondition,PT構想審査時点Fix,PT構想審査時点Fix,,JPN,2WD,,2,,2,SElist_Compact_Slide_JPN_2WD,,n,,N,L3,L3,PRMV0084657,性能検討用走行抵抗式(ePT連れ回り排除),エバポWLTCA0,－,C7A0743743214D49AE5FFB6973444FCE,PT構想審査,
1,3089A15D15A04370AD92680627F8A502,1,0,PRMV0084658 性能検討用走行抵抗式(ePT連れ回り排除) エバポWLTCA1 －,A,45562.01697,0,0,EntryCondition,PT構想審査時点Fix,PT構想審査時点Fix,,JPN,2WD,,2,,2,SElist_Compact_Slide_JPN_2WD,,n,,N/kph,L3,L3,PRMV0084658,性能検討用走行抵抗式(ePT連れ回り排除),エバポWLTCA1,－,C7A0743743214D49AE5FFB6973444FCE,PT構想審査,
1,A711055EF8F944979CE0C4FEBBD6511C,1,0,PRMV0084659 性能検討用走行抵抗式(ePT連れ回り排除) エバポWLTCA2 －,A,45562.01698,0,0,EntryCondition,PT構想審査時点Fix,PT構想審査時点Fix,,JPN,2WD,,2,,2,SElist_Compact_Slide_JPN_2WD,,n,,N/kph#00B2,L3,L3,PRMV0084659,性能検討用走行抵抗式(ePT連れ回り排除),エバポWLTCA2,－,C7A0743743214D49AE5FFB6973444FCE,PT構想審査,
1,2EE5BBCD4AE2473EBB4C609B0D903493,1,0,PRMV0084660 性能検討用走行抵抗式(ePT連れ回り排除) エバポWLTCIP －,A,45562.01698,0,0,EntryCondition,PT構想審査時点Fix,PT構想審査時点Fix,,JPN,2WD,,2,,2,SElist_Compact_Slide_JPN_2WD,,n,,kg,L3,L3,PRMV0084660,性能検討用走行抵抗式(ePT連れ回り排除),エバポWLTCIP,－,C7A0743743214D49AE5FFB6973444FCE,PT構想審査,
1,0FA71BCCD7C844B9B4C76CE4C07CA144,1,0,PRMV0084661 性能検討用走行抵抗式(ePT連れ回り排除) 熱NEMシビアシーンA0 －,A,45562.01699,0,0,EntryCondition,PT構想審査時点Fix,PT構想審査時点Fix,,JPN,2WD,,2,,2,SElist_Compact_Slide_JPN_2WD,,n,,N,L3,L3,PRMV0084661,性能検討用走行抵抗式(ePT連れ回り排除),熱NEMシビアシーンA0,－,C7A0743743214D49AE5FFB6973444FCE,PT構想審査,
1,78D3A23D625241B28BD0EA6641AEF8AC,1,0,PRMV0084662 性能検討用走行抵抗式(ePT連れ回り排除) 熱NEMシビアシーンA1 －,A,45562.01699,0,0,EntryCondition,PT構想審査時点Fix,PT構想審査時点Fix,,JPN,2WD,,2,,2,SElist_Compact_Slide_JPN_2WD,,n,,N/kph,L3,L3,PRMV0084662,性能検討用走行抵抗式(ePT連れ回り排除),熱NEMシビアシーンA1,－,C7A0743743214D49AE5FFB6973444FCE,PT構想審査,
1,7EAC53E3647C48C8A980CE4996E1E180,1,0,PRMV0084663 性能検討用走行抵抗式(ePT連れ回り排除) 熱NEMシビアシーンA2 －,A,45562.01699,0,0,EntryCondition,PT構想審査時点Fix,PT構想審査時点Fix,,JPN,2WD,,2,,2,SElist_Compact_Slide_JPN_2WD,,n,,N/kph#00B2,L3,L3,PRMV0084663,性能検討用走行抵抗式(ePT連れ回り排除),熱NEMシビアシーンA2,－,C7A0743743214D49AE5FFB6973444FCE,PT構想審査,
1,97300F28B4924C8298732B8E918C5040,1,0,PRMV0084664 性能検討用走行抵抗式(ePT連れ回り排除) 熱NEMシビアシーンIP －,A,45562.017,0,0,EntryCondition,PT構想審査時点Fix,PT構想審査時点Fix,,JPN,2WD,,2,,2,SElist_Compact_Slide_JPN_2WD,,n,,kg,L3,L3,PRMV0084664,性能検討用走行抵抗式(ePT連れ回り排除),熱NEMシビアシーンIP,－,C7A0743743214D49AE5FFB6973444FCE,PT構想審査,
1,6E266A4073E440BB9B5C80FD8E09FCE0,1,0,"PRMV0084665 性能検討用走行抵抗式(ePT連れ回り排除) 熱140km/h,R/LA0 －",A,45562.017,0,0,EntryCondition,PT構想審査時点Fix,PT構想審査時点Fix,,JPN,2WD,,2,,2,SElist_Compact_Slide_JPN_2WD,,n,,N,L3,L3,PRMV0084665,性能検討用走行抵抗式(ePT連れ回り排除),"熱140km/h,R/LA0",－,C7A0743743214D49AE5FFB6973444FCE,PT構想審査,
1,510BCA6D427F4C17A56955C28499D4C1,1,0,"PRMV0084666 性能検討用走行抵抗式(ePT連れ回り排除) 熱140km/h,R/LA1 －",A,45562.01701,0,0,EntryCondition,PT構想審査時点Fix,PT構想審査時点Fix,,JPN,2WD,,2,,2,SElist_Compact_Slide_JPN_2WD,,n,,N/kph,L3,L3,PRMV0084666,性能検討用走行抵抗式(ePT連れ回り排除),"熱140km/h,R/LA1",－,C7A0743743214D49AE5FFB6973444FCE,PT構想審査,
1,B4694574CB4240C8AE5A80320E3EFA83,1,0,"PRMV0084667 性能検討用走行抵抗式(ePT連れ回り排除) 熱140km/h,R/LA2 －",A,45562.01701,0,0,EntryCondition,PT構想審査時点Fix,PT構想審査時点Fix,,JPN,2WD,,2,,2,SElist_Compact_Slide_JPN_2WD,,n,,N/kph#00B2,L3,L3,PRMV0084667,性能検討用走行抵抗式(ePT連れ回り排除),"熱140km/h,R/LA2",－,C7A0743743214D49AE5FFB6973444FCE,PT構想審査,
1,102D1A2840304923BCC243C52AEA2BFF,1,0,"PRMV0084668 性能検討用走行抵抗式(ePT連れ回り排除) 熱140km/h,R/LIP －",A,45562.01703,0,0,EntryCondition,PT構想審査時点Fix,PT構想審査時点Fix,,JPN,2WD,,2,,2,SElist_Compact_Slide_JPN_2WD,,n,,kg,L3,L3,PRMV0084668,性能検討用走行抵抗式(ePT連れ回り排除),"熱140km/h,R/LIP",－,C7A0743743214D49AE5FFB6973444FCE,PT構想審査,
1,4A2325F7F862478CA984D874F8E319DC,1,0,PRMV0084669 性能検討用走行抵抗式(ePT連れ回り排除) 6分類A0 －,A,45562.01703,0,0,EntryCondition,PT構想審査時点Fix,PT構想審査時点Fix,,JPN,2WD,,2,,2,SElist_Compact_Slide_JPN_2WD,,n,,N,L3,L3,PRMV0084669,性能検討用走行抵抗式(ePT連れ回り排除),6分類A0,－,C7A0743743214D49AE5FFB6973444FCE,PT構想審査,
1,45D596C8F02A485F8051C4E13BD7D165,1,0,PRMV0084670 性能検討用走行抵抗式(ePT連れ回り排除) 6分類A1 －,A,45562.01703,0,0,EntryCondition,PT構想審査時点Fix,PT構想審査時点Fix,,JPN,2WD,,2,,2,SElist_Compact_Slide_JPN_2WD,,n,,N/kph,L3,L3,PRMV0084670,性能検討用走行抵抗式(ePT連れ回り排除),6分類A1,－,C7A0743743214D49AE5FFB6973444FCE,PT構想審査,
1,3C5D618FBE3E439C8C88E96B18D30A29,1,0,PRMV0084671 性能検討用走行抵抗式(ePT連れ回り排除) 6分類A2 －,A,45562.01704,0,0,EntryCondition,PT構想審査時点Fix,PT構想審査時点Fix,,JPN,2WD,,2,,2,SElist_Compact_Slide_JPN_2WD,,n,,N/kph#00B2,L3,L3,PRMV0084671,性能検討用走行抵抗式(ePT連れ回り排除),6分類A2,－,C7A0743743214D49AE5FFB6973444FCE,PT構想審査,
1,7D2953E08EE14263BCE6ACBA945200A4,1,0,PRMV0084672 性能検討用走行抵抗式(ePT連れ回り排除) 6分類IP －,A,45562.01704,0,0,EntryCondition,PT構想審査時点Fix,PT構想審査時点Fix,,JPN,2WD,,2,,2,SElist_Compact_Slide_JPN_2WD,,n,,kg,L3,L3,PRMV0084672,性能検討用走行抵抗式(ePT連れ回り排除),6分類IP,－,C7A0743743214D49AE5FFB6973444FCE,PT構想審査,
1,4A0CC310D0194E8F8892CB7568E4FB85,1,0,PRMV0084673 ePT ENG仕様（名称） －,A,45562.01705,0,0,EntryCondition,PT構想審査時点Fix,PT構想審査時点Fix,,JPN,2WD,,2,,2,SElist_Compact_Slide_JPN_2WD,,HR14,,－,L3,L3,PRMV0084673,ePT,ENG仕様（名称）,－,C7A0743743214D49AE5FFB6973444FCE,PT構想審査,
1,4275EEAE0742456CAD3430AB9869DB6B,1,0,PRMV0084674 ePT ENG排気量 －,A,45562.01705,0,0,EntryCondition,PT構想審査時点Fix,PT構想審査時点Fix,,JPN,2WD,,2,,2,SElist_Compact_Slide_JPN_2WD,,1.4,,l,L3,L3,PRMV0084674,ePT,ENG排気量,－,C7A0743743214D49AE5FFB6973444FCE,PT構想審査,
1,0BBB6A4714594067AFA067EBF1089B7B,1,0,PRMV0084675 ePT ENG排圧係数 －,A,45562.01705,0,0,EntryCondition,PT構想審査時点Fix,PT構想審査時点Fix,,JPN,2WD,,2,,2,SElist_Compact_Slide_JPN_2WD,,9,,－,L3,L3,PRMV0084675,ePT,ENG排圧係数,－,C7A0743743214D49AE5FFB6973444FCE,PT構想審査,
1,F1BFA384854344A4B2C937653C1370CA,1,0,PRMV0084676 ePT ENGWOT トルクカーブ －,A,45562.01706,0,0,EntryCondition,PT構想審査時点Fix,PT構想審査時点Fix,,JPN,2WD,,2,,2,SElist_Compact_Slide_JPN_2WD,,,,MAP,L3,L3,PRMV0084676,ePT,ENGWOT トルクカーブ,－,C7A0743743214D49AE5FFB6973444FCE,PT構想審査,
1,91A7178E3AE8484597A9577D6D808B4A,1,0,PRMV0084677 ePT ENGWOT トルクカーブ最大出力 －,A,45562.01706,0,0,EntryCondition,PT構想審査時点Fix,PT構想審査時点Fix,,JPN,2WD,,2,,2,SElist_Compact_Slide_JPN_2WD,,62/5200,,kW,L3,L3,PRMV0084677,ePT,ENGWOT トルクカーブ最大出力,－,C7A0743743214D49AE5FFB6973444FCE,PT構想審査,
1,36700D4ED9174E9AA3A7B1B358E8D57D,1,0,PRMV0084678 ePT ENGWOT トルクカーブ最大トルク －,A,45562.01707,0,0,EntryCondition,PT構想審査時点Fix,PT構想審査時点Fix,,JPN,2WD,,2,,2,SElist_Compact_Slide_JPN_2WD,,114/5200,,Nm,L3,L3,PRMV0084678,ePT,ENGWOT トルクカーブ最大トルク,－,C7A0743743214D49AE5FFB6973444FCE,PT構想審査,
1,54398E074A914F59A15BCDD364AB0D02,1,0,PRMV0084679 ePT ENGWOT トルクカーブ最大回転数ユニットポテンシャル －,A,45562.01707,0,0,EntryCondition,PT構想審査時点Fix,PT構想審査時点Fix,,JPN,2WD,,2,,2,SElist_Compact_Slide_JPN_2WD,,6000,,rpm,L3,L3,PRMV0084679,ePT,ENGWOT トルクカーブ最大回転数ユニットポテンシャル,－,C7A0743743214D49AE5FFB6973444FCE,PT構想審査,
1,E86210D0036D423CBA75B89556A2AF87,1,0,PRMV0084680 ePT ENGWOT トルクカーブ最大回転数車両使用回転数 －,A,45562.01708,0,0,EntryCondition,PT構想審査時点Fix,PT構想審査時点Fix,,JPN,2WD,,2,,2,SElist_Compact_Slide_JPN_2WD,,5200,,rpm,L3,L3,PRMV0084680,ePT,ENGWOT トルクカーブ最大回転数車両使用回転数,－,C7A0743743214D49AE5FFB6973444FCE,PT構想審査,
1,30833A56F50A46F4B65CC9DF3DF90EA1,1,0,PRMV0084681 ePT ENGBSFC中水温 －,A,45562.01708,0,0,EntryCondition,PT構想審査時点Fix,PT構想審査時点Fix,,JPN,2WD,,2,,2,SElist_Compact_Slide_JPN_2WD,,,,MAP,L3,L3,PRMV0084681,ePT,ENGBSFC中水温,－,C7A0743743214D49AE5FFB6973444FCE,PT構想審査,
1,B94EDB0DB7D8454E8198577EFB35C828,1,0,PRMV0084682 ePT ENGBSFC暖機後 －,A,45562.01708,0,0,EntryCondition,PT構想審査時点Fix,PT構想審査時点Fix,,JPN,2WD,,2,,2,SElist_Compact_Slide_JPN_2WD,,,,MAP,L3,L3,PRMV0084682,ePT,ENGBSFC暖機後,－,C7A0743743214D49AE5FFB6973444FCE,PT構想審査,
1,27625025C1E94B82A0A1A8CCDC0EB5DC,1,0,PRMV0084683 ePT ENG台上適合条件燃料仕様オクタン価 －,A,45562.01709,0,0,EntryCondition,PT構想審査時点Fix,PT構想審査時点Fix,,JPN,2WD,,2,,2,SElist_Compact_Slide_JPN_2WD,,91,,oct,L3,L3,PRMV0084683,ePT,ENG台上適合条件燃料仕様オクタン価,－,C7A0743743214D49AE5FFB6973444FCE,PT構想審査,
1,1DD566FE4CAD40C8A1342BF4FF3D165B,1,0,PRMV0084684 ePT ENG台上適合条件燃料仕様アルコール含有率 －,A,45562.01709,0,0,EntryCondition,PT構想審査時点Fix,PT構想審査時点Fix,,JPN,2WD,,2,,2,SElist_Compact_Slide_JPN_2WD,,E0,,－,L3,L3,PRMV0084684,ePT,ENG台上適合条件燃料仕様アルコール含有率,－,C7A0743743214D49AE5FFB6973444FCE,PT構想審査,
1,7E70D8AA16354D8BBD76B52F64070889,1,0,PRMV0084685 ePT ENG台上適合条件燃料仕様燃料比重 －,A,45562.01711,0,0,EntryCondition,PT構想審査時点Fix,PT構想審査時点Fix,,JPN,2WD,,2,,2,SElist_Compact_Slide_JPN_2WD,,0.727,,－,L3,L3,PRMV0084685,ePT,ENG台上適合条件燃料仕様燃料比重,－,C7A0743743214D49AE5FFB6973444FCE,PT構想審査,
1,310EF549130648A89F9F38095A515A3D,1,0,PRMV0084686 ePT ENG台上適合条件燃料仕様低位発熱量 －,A,45562.01711,0,0,EntryCondition,PT構想審査時点Fix,PT構想審査時点Fix,,JPN,2WD,,2,,2,SElist_Compact_Slide_JPN_2WD,,42.9338,,MJ/kg,L3,L3,PRMV0084686,ePT,ENG台上適合条件燃料仕様低位発熱量,－,C7A0743743214D49AE5FFB6973444FCE,PT構想審査,
1,D07EEFB6FD844CB2938D11E4DA1C85EE,1,0,PRMV0084687 ePT ENG台上適合条件オイル名称（0W20 etc) －,A,45562.01712,0,0,EntryCondition,PT構想審査時点Fix,PT構想審査時点Fix,,JPN,2WD,,2,,2,SElist_Compact_Slide_JPN_2WD,,0W-16,,－,L3,L3,PRMV0084687,ePT,ENG台上適合条件オイル名称（0W20 etc),－,C7A0743743214D49AE5FFB6973444FCE,PT構想審査,
1,CF28564E2F1143F9B61910B6D181DADC,1,0,PRMV0084688 ePT ENGイナーシャENG本体 －,A,45562.01712,0,0,EntryCondition,PT構想審査時点Fix,PT構想審査時点Fix,,JPN,2WD,,2,,2,SElist_Compact_Slide_JPN_2WD,,0.04288,,kgm^2,L3,L3,PRMV0084688,ePT,ENGイナーシャENG本体,－,C7A0743743214D49AE5FFB6973444FCE,PT構想審査,
1,B5C71534880547519DA83D23F64E7DB1,1,0,PRMV0084689 ePT ENGイナーシャFlywheel －,A,45562.01712,0,0,EntryCondition,PT構想審査時点Fix,PT構想審査時点Fix,,JPN,2WD,,2,,2,SElist_Compact_Slide_JPN_2WD,,0.1076,,kgm^2,L3,L3,PRMV0084689,ePT,ENGイナーシャFlywheel,－,C7A0743743214D49AE5FFB6973444FCE,PT構想審査,
1,155A370D773645B0B1AEE0E74E0DC491,1,0,PRMV0084690 ePT ENGエネマネモード平均ENG効率 －,A,45562.01713,0,0,EntryCondition,PT構想審査時点Fix,PT構想審査時点Fix,,JPN,2WD,,2,,2,SElist_Compact_Slide_JPN_2WD,,n,,%,L3,L3,PRMV0084690,ePT,ENGエネマネモード平均ENG効率,－,C7A0743743214D49AE5FFB6973444FCE,PT構想審査,
1,24AB8969E8B94B27B2F563B317958F00,1,0,PRMV0084691 ePT ENGエネマネモード平均ENG効率最良燃費点BSFC －,A,45562.01713,0,0,EntryCondition,PT構想審査時点Fix,PT構想審査時点Fix,,JPN,2WD,,2,,2,SElist_Compact_Slide_JPN_2WD,,214.8,,g/kWh,L3,L3,PRMV0084691,ePT,ENGエネマネモード平均ENG効率最良燃費点BSFC,－,C7A0743743214D49AE5FFB6973444FCE,PT構想審査,
1,511D29860965454EAF337ECF27C9E887,1,0,PRMV0084692 ePT ENGエネマネMode走行時動作点最良燃費点ENG Power －,A,45562.01714,0,0,EntryCondition,PT構想審査時点Fix,PT構想審査時点Fix,,JPN,2WD,,2,,2,SElist_Compact_Slide_JPN_2WD,,19.1,,kW,L3,L3,PRMV0084692,ePT,ENGエネマネMode走行時動作点最良燃費点ENG Power,－,C7A0743743214D49AE5FFB6973444FCE,PT構想審査,
1,F96458830DEE44A9A93D964ECB416B2A,1,0,PRMV0084693 ePT ENGエネマネMode走行時動作点最良燃費点ENG REV －,A,45562.01714,0,0,EntryCondition,PT構想審査時点Fix,PT構想審査時点Fix,,JPN,2WD,,2,,2,SElist_Compact_Slide_JPN_2WD,,2000,,rpm,L3,L3,PRMV0084693,ePT,ENGエネマネMode走行時動作点最良燃費点ENG REV,－,C7A0743743214D49AE5FFB6973444FCE,PT構想審査,
1,958AF5DF2DB746CFB4B9E28556DC2092,1,0,PRMV0084694 ePT ENGエネマネMode走行時動作点最良燃費点ENG TRQ －,A,45562.01715,0,0,EntryCondition,PT構想審査時点Fix,PT構想審査時点Fix,,JPN,2WD,,2,,2,SElist_Compact_Slide_JPN_2WD,,91.3,,Nm,L3,L3,PRMV0084694,ePT,ENGエネマネMode走行時動作点最良燃費点ENG TRQ,－,C7A0743743214D49AE5FFB6973444FCE,PT構想審査,
1,8D39F8D1E05E4F88AAEA8B32AF3E131D,1,0,PRMV0084695 ePT ENGエネマネMode走行時動作点最良燃費点ENG α線 －,A,45562.01715,0,0,EntryCondition,PT構想審査時点Fix,PT構想審査時点Fix,,JPN,2WD,,2,,2,SElist_Compact_Slide_JPN_2WD,,BSFC,,－,L3,L3,PRMV0084695,ePT,ENGエネマネMode走行時動作点最良燃費点ENG α線,－,C7A0743743214D49AE5FFB6973444FCE,PT構想審査,
1,17A4BF03085C4CB098437F7DC96561C3,1,0,PRMV0084696 ePT ENGエネマネMode走行時動作点定点(EGVR)FC －,A,45562.01716,0,0,EntryCondition,PT構想審査時点Fix,PT構想審査時点Fix,,JPN,2WD,,2,,2,SElist_Compact_Slide_JPN_2WD,,28.0202890752123,,g/min,L3,L3,PRMV0084696,ePT,ENGエネマネMode走行時動作点定点(EGVR)FC,－,C7A0743743214D49AE5FFB6973444FCE,PT構想審査,
1,3FBBC4F9CEEC41968B16A966D315035B,1,0,PRMV0084697 ePT ENGエネマネMode走行時動作点定点(EGVR)ENG Power －,A,45562.01716,0,0,EntryCondition,PT構想審査時点Fix,PT構想審査時点Fix,,JPN,2WD,,2,,2,SElist_Compact_Slide_JPN_2WD,,2.8,,kW,L3,L3,PRMV0084697,ePT,ENGエネマネMode走行時動作点定点(EGVR)ENG Power,－,C7A0743743214D49AE5FFB6973444FCE,PT構想審査,
1,1B89E02D35254245927F26634F6E446F,1,0,PRMV0084698 ePT ENGエネマネMode走行時動作点定点(EGVR)ENG REV －,A,45562.01716,0,0,EntryCondition,PT構想審査時点Fix,PT構想審査時点Fix,,JPN,2WD,,2,,2,SElist_Compact_Slide_JPN_2WD,,1500,,rpm,L3,L3,PRMV0084698,ePT,ENGエネマネMode走行時動作点定点(EGVR)ENG REV,－,C7A0743743214D49AE5FFB6973444FCE,PT構想審査,
1,6D4292652DAD475895C9D5CA7696A391,1,0,PRMV0084699 ePT ENGエネマネMode走行時動作点定点(EGVR)ENG TRQ －,A,45562.01718,0,0,EntryCondition,PT構想審査時点Fix,PT構想審査時点Fix,,JPN,2WD,,2,,2,SElist_Compact_Slide_JPN_2WD,,17,,Nm,L3,L3,PRMV0084699,ePT,ENGエネマネMode走行時動作点定点(EGVR)ENG TRQ,－,C7A0743743214D49AE5FFB6973444FCE,PT構想審査,
1,2A474F2CC0BF45B4AFF7746D7DE419D0,1,0,PRMV0084700 ePT ENGエネマネMode走行時動作点定点(EGVR)継続時間 －,A,45562.01718,0,0,EntryCondition,PT構想審査時点Fix,PT構想審査時点Fix,,JPN,2WD,,2,,2,SElist_Compact_Slide_JPN_2WD,,52,,sec,L3,L3,PRMV0084700,ePT,ENGエネマネMode走行時動作点定点(EGVR)継続時間,－,C7A0743743214D49AE5FFB6973444FCE,PT構想審査,
1,77AB43F32B504C5E94EB1659B6FDFD14,1,0,PRMV0084701 ePT ENGエネマネMode走行時動作点定点(EGVR)終了時ENG水温 －,A,45562.01719,0,0,EntryCondition,PT構想審査時点Fix,PT構想審査時点Fix,,JPN,2WD,,2,,2,SElist_Compact_Slide_JPN_2WD,,23,,℃,L3,L3,PRMV0084701,ePT,ENGエネマネMode走行時動作点定点(EGVR)終了時ENG水温,－,C7A0743743214D49AE5FFB6973444FCE,PT構想審査,
1,99D7F9D166D74D179029C394CA9F27A0,1,0,PRMV0084702 ePT ENGエネマネMode走行時動作点定点(After EGVR)BFSC －,A,45562.01719,0,0,EntryCondition,PT構想審査時点Fix,PT構想審査時点Fix,,JPN,2WD,,2,,2,SElist_Compact_Slide_JPN_2WD,,218.8,,g/kWh,L3,L3,PRMV0084702,ePT,ENGエネマネMode走行時動作点定点(After EGVR)BFSC,－,C7A0743743214D49AE5FFB6973444FCE,PT構想審査,
1,962A81D8A7304A91AFF7A43394E04E82,1,0,PRMV0084703 ePT ENGエネマネMode走行時動作点定点(After EGVR)ENG Power －,A,45562.0172,0,0,EntryCondition,PT構想審査時点Fix,PT構想審査時点Fix,,JPN,2WD,,2,,2,SElist_Compact_Slide_JPN_2WD,,20.3,,kW,L3,L3,PRMV0084703,ePT,ENGエネマネMode走行時動作点定点(After EGVR)ENG Power,－,C7A0743743214D49AE5FFB6973444FCE,PT構想審査,
1,7EF14B6A17924258B474AA7701DFB887,1,0,PRMV0084704 ePT ENGエネマネMode走行時動作点定点(After EGVR)ENG REV －,A,45562.0172,0,0,EntryCondition,PT構想審査時点Fix,PT構想審査時点Fix,,JPN,2WD,,2,,2,SElist_Compact_Slide_JPN_2WD,,2000,,rpm,L3,L3,PRMV0084704,ePT,ENGエネマネMode走行時動作点定点(After EGVR)ENG REV,－,C7A0743743214D49AE5FFB6973444FCE,PT構想審査,
1,ACFEF845C33E4C71B9826AD4A0AD7CC5,1,0,PRMV0084705 ePT ENGエネマネMode走行時動作点定点(After EGVR)ENG TRQ －,A,45562.0172,0,0,EntryCondition,PT構想審査時点Fix,PT構想審査時点Fix,,JPN,2WD,,2,,2,SElist_Compact_Slide_JPN_2WD,,97,,Nm,L3,L3,PRMV0084705,ePT,ENGエネマネMode走行時動作点定点(After EGVR)ENG TRQ,－,C7A0743743214D49AE5FFB6973444FCE,PT構想審査,
1,F428AED1B8B54CC8A119E9951A2F9B9A,1,0,PRMV0084706 ePT ENGエネマネMode走行時動作点定点(After EGVR)継続時間 －,A,45562.01721,0,0,EntryCondition,PT構想審査時点Fix,PT構想審査時点Fix,,JPN,2WD,,2,,2,SElist_Compact_Slide_JPN_2WD,,53,,sec,L3,L3,PRMV0084706,ePT,ENGエネマネMode走行時動作点定点(After EGVR)継続時間,－,C7A0743743214D49AE5FFB6973444FCE,PT構想審査,
1,BD1E3300A55043F09CBB0623F688D388,1,0,PRMV0084707 ePT ENGエネマネMode走行時動作点定点(After EGVR)終了時ENG水温 －,A,45562.01721,0,0,EntryCondition,PT構想審査時点Fix,PT構想審査時点Fix,,JPN,2WD,,2,,2,SElist_Compact_Slide_JPN_2WD,,55,,℃,L3,L3,PRMV0084707,ePT,ENGエネマネMode走行時動作点定点(After EGVR)終了時ENG水温,－,C7A0743743214D49AE5FFB6973444FCE,PT構想審査,
1,897F0D7CCC8F49968977D670BA169A36,1,0,PRMV0084708 ePT ENGエネマネMode走行時動作点定点(暖気中)BFSC －,A,45562.01722,0,0,EntryCondition,PT構想審査時点Fix,PT構想審査時点Fix,,JPN,2WD,,2,,2,SElist_Compact_Slide_JPN_2WD,,218.8,,g/kWh,L3,L3,PRMV0084708,ePT,ENGエネマネMode走行時動作点定点(暖気中)BFSC,－,C7A0743743214D49AE5FFB6973444FCE,PT構想審査,
1,E8FD887ACA9144699CC83FF98CAFBB6F,1,0,PRMV0084709 ePT ENGエネマネMode走行時動作点定点(暖気中)ENG Power －,A,45562.01722,0,0,EntryCondition,PT構想審査時点Fix,PT構想審査時点Fix,,JPN,2WD,,2,,2,SElist_Compact_Slide_JPN_2WD,,20.3,,kW,L3,L3,PRMV0084709,ePT,ENGエネマネMode走行時動作点定点(暖気中)ENG Power,－,C7A0743743214D49AE5FFB6973444FCE,PT構想審査,
1,BE6BD8F5D4B242CDBEE16F86D6DECB6F,1,0,PRMV0084710 ePT ENGエネマネMode走行時動作点定点(暖気中)ENG REV －,A,45562.01723,0,0,EntryCondition,PT構想審査時点Fix,PT構想審査時点Fix,,JPN,2WD,,2,,2,SElist_Compact_Slide_JPN_2WD,,2000,,rpm,L3,L3,PRMV0084710,ePT,ENGエネマネMode走行時動作点定点(暖気中)ENG REV,－,C7A0743743214D49AE5FFB6973444FCE,PT構想審査,
1,CB7F210D411F47CBAB520D229266E528,1,0,PRMV0084711 ePT ENGエネマネMode走行時動作点定点(暖気中)ENG TRQ －,A,45562.01723,0,0,EntryCondition,PT構想審査時点Fix,PT構想審査時点Fix,,JPN,2WD,,2,,2,SElist_Compact_Slide_JPN_2WD,,97,,Nm,L3,L3,PRMV0084711,ePT,ENGエネマネMode走行時動作点定点(暖気中)ENG TRQ,－,C7A0743743214D49AE5FFB6973444FCE,PT構想審査,
1,A2E8ED906D6D4A6A834B7090402482B0,1,0,PRMV0084712 ePT ENGエネマネMode走行時動作点定点(暖気後)BFSC －,A,45562.01723,0,0,EntryCondition,PT構想審査時点Fix,PT構想審査時点Fix,,JPN,2WD,,2,,2,SElist_Compact_Slide_JPN_2WD,,214.8,,g/kWh,L3,L3,PRMV0084712,ePT,ENGエネマネMode走行時動作点定点(暖気後)BFSC,－,C7A0743743214D49AE5FFB6973444FCE,PT構想審査,
1,CB80158C3B494A36B46A401B0037B4AF,1,0,PRMV0084713 ePT ENGエネマネMode走行時動作点定点(暖気後)ENG Power －,A,45562.01725,0,0,EntryCondition,PT構想審査時点Fix,PT構想審査時点Fix,,JPN,2WD,,2,,2,SElist_Compact_Slide_JPN_2WD,,19.1,,kW,L3,L3,PRMV0084713,ePT,ENGエネマネMode走行時動作点定点(暖気後)ENG Power,－,C7A0743743214D49AE5FFB6973444FCE,PT構想審査,
1,F073AD0AC2F04B208E44639E25517485,1,0,PRMV0084714 ePT ENGエネマネMode走行時動作点定点(暖気後)ENG REV －,A,45562.01725,0,0,EntryCondition,PT構想審査時点Fix,PT構想審査時点Fix,,JPN,2WD,,2,,2,SElist_Compact_Slide_JPN_2WD,,2000,,rpm,L3,L3,PRMV0084714,ePT,ENGエネマネMode走行時動作点定点(暖気後)ENG REV,－,C7A0743743214D49AE5FFB6973444FCE,PT構想審査,
1,24AAC79D787E4D6380693D1CE93BA2ED,1,0,PRMV0084715 ePT ENGエネマネMode走行時動作点定点(暖気後)ENG TRQ －,A,45562.01726,0,0,EntryCondition,PT構想審査時点Fix,PT構想審査時点Fix,,JPN,2WD,,2,,2,SElist_Compact_Slide_JPN_2WD,,91.3,,Nm,L3,L3,PRMV0084715,ePT,ENGエネマネMode走行時動作点定点(暖気後)ENG TRQ,－,C7A0743743214D49AE5FFB6973444FCE,PT構想審査,
1,46E01EA98A2A41688F57E51CA8A974FB,1,0,PRMV0084716 ePT ENGエネマネMode走行時動作点クランキング －,A,45562.01726,0,0,EntryCondition,PT構想審査時点Fix,PT構想審査時点Fix,,JPN,2WD,,2,,2,SElist_Compact_Slide_JPN_2WD,,n,,回,L3,L3,PRMV0084716,ePT,ENGエネマネMode走行時動作点クランキング,－,C7A0743743214D49AE5FFB6973444FCE,PT構想審査,
1,94C1DEEA8C624A1FA22691285B014A69,1,0,PRMV0084717 ePT ENGエネマネエンジン始動回数モータリング(OBD) －,A,45562.01726,0,0,EntryCondition,PT構想審査時点Fix,PT構想審査時点Fix,,JPN,2WD,,2,,2,SElist_Compact_Slide_JPN_2WD,,n,,回,L3,L3,PRMV0084717,ePT,ENGエネマネエンジン始動回数モータリング(OBD),－,C7A0743743214D49AE5FFB6973444FCE,PT構想審査,
1,33CA060997374090A236251FC99D7060,1,0,PRMV0084718 ePT ENGエネマネエンジン始動回数モータリング(ブレーキ負圧) －,A,45562.01727,0,0,EntryCondition,PT構想審査時点Fix,PT構想審査時点Fix,,JPN,2WD,,2,,2,SElist_Compact_Slide_JPN_2WD,,n,,回,L3,L3,PRMV0084718,ePT,ENGエネマネエンジン始動回数モータリング(ブレーキ負圧),－,C7A0743743214D49AE5FFB6973444FCE,PT構想審査,
1,E486DCA6982546DF90188DD4939BA8B6,1,0,PRMV0084719 ePT ENG燃費デバイスEGR開始ENG水温 －,A,45562.01727,0,0,EntryCondition,PT構想審査時点Fix,PT構想審査時点Fix,,JPN,2WD,,2,,2,SElist_Compact_Slide_JPN_2WD,,45,,℃,L3,L3,PRMV0084719,ePT,ENG燃費デバイスEGR開始ENG水温,－,C7A0743743214D49AE5FFB6973444FCE,PT構想審査,
1,E8203CA6F3AA4939B583832A2608344B,1,0,PRMV0084720 ePT ENG燃費デバイスFSV －,A,45562.01728,0,0,EntryCondition,PT構想審査時点Fix,PT構想審査時点Fix,,JPN,2WD,,2,,2,SElist_Compact_Slide_JPN_2WD,,with,,－,L3,L3,PRMV0084720,ePT,ENG燃費デバイスFSV,－,C7A0743743214D49AE5FFB6973444FCE,PT構想審査,
1,8C1E48A321E642A596EFBAF9C8C4FA9B,1,0,PRMV0084721 ePT ENG燃費デバイス平滑メタル －,A,45562.01728,0,0,EntryCondition,PT構想審査時点Fix,PT構想審査時点Fix,,JPN,2WD,,2,,2,SElist_Compact_Slide_JPN_2WD,,w/o,,－,L3,L3,PRMV0084721,ePT,ENG燃費デバイス平滑メタル,－,C7A0743743214D49AE5FFB6973444FCE,PT構想審査,
1,6735F42C79D0415D836D395C1B3A2C78,1,0,PRMV0084722 ePT ENG燃費デバイス鏡面ピストン －,A,45562.01729,0,0,EntryCondition,PT構想審査時点Fix,PT構想審査時点Fix,,JPN,2WD,,2,,2,SElist_Compact_Slide_JPN_2WD,,w/o,,－,L3,L3,PRMV0084722,ePT,ENG燃費デバイス鏡面ピストン,－,C7A0743743214D49AE5FFB6973444FCE,PT構想審査,
1,120238A3FB7749AFBC00011E0FE074F3,1,0,PRMV0084723 ePT ENG燃費デバイス低粘度オイル －,A,45562.01729,0,0,EntryCondition,PT構想審査時点Fix,PT構想審査時点Fix,,JPN,2WD,,2,,2,SElist_Compact_Slide_JPN_2WD,,w/o,,－,L3,L3,PRMV0084723,ePT,ENG燃費デバイス低粘度オイル,－,C7A0743743214D49AE5FFB6973444FCE,PT構想審査,
1,852AECCBBA8442DCBCCF31E189EB4126,1,0,PRMV0084724 ePT ENG燃費デバイスバランサーシャフト －,A,45562.0173,0,0,EntryCondition,PT構想審査時点Fix,PT構想審査時点Fix,,JPN,2WD,,2,,2,SElist_Compact_Slide_JPN_2WD,,with,,－,L3,L3,PRMV0084724,ePT,ENG燃費デバイスバランサーシャフト,－,C7A0743743214D49AE5FFB6973444FCE,PT構想審査,
1,DAE57FED46FC40A38F00A7CA44D65E96,1,0,PRMV0084725 ePT GEN Sys呼称 －,A,45562.0173,0,0,EntryCondition,PT構想審査時点Fix,PT構想審査時点Fix,,JPN,2WD,,2,,2,SElist_Compact_Slide_JPN_2WD,,QH-S(SiC),,－,L3,L3,PRMV0084725,ePT,GEN Sys呼称,－,C7A0743743214D49AE5FFB6973444FCE,PT構想審査,
1,2107E03F32F04DB8A9553B62F6DDBD3E,1,0,PRMV0084726 ePT GEN N-T特性 －,A,45562.0173,0,0,EntryCondition,PT構想審査時点Fix,PT構想審査時点Fix,,JPN,2WD,,2,,2,SElist_Compact_Slide_JPN_2WD,,,,MAP,L3,L3,PRMV0084726,ePT,GEN N-T特性,－,C7A0743743214D49AE5FFB6973444FCE,PT構想審査,
1,50F542EA33D0472082A26C1B1BD01663,1,0,PRMV0084727 ePT GEN N-T特性最大出力 －,A,45562.01731,0,0,EntryCondition,PT構想審査時点Fix,PT構想審査時点Fix,,JPN,2WD,,2,,2,SElist_Compact_Slide_JPN_2WD,,-95,,kW,L3,L3,PRMV0084727,ePT,GEN N-T特性最大出力,－,C7A0743743214D49AE5FFB6973444FCE,PT構想審査,
1,5BD30920E3F74803B01B18F7B2CCC6C9,1,0,PRMV0084728 ePT GEN N-T特性最大トルク －,A,45562.01731,0,0,EntryCondition,PT構想審査時点Fix,PT構想審査時点Fix,,JPN,2WD,,2,,2,SElist_Compact_Slide_JPN_2WD,,-108,,Nm,L3,L3,PRMV0084728,ePT,GEN N-T特性最大トルク,－,C7A0743743214D49AE5FFB6973444FCE,PT構想審査,
1,68F20FF5B00549CD891E153A9A4A162B,1,0,PRMV0084729 ePT GEN N-T特性最大回転数 －,A,45562.01733,0,0,EntryCondition,PT構想審査時点Fix,PT構想審査時点Fix,,JPN,2WD,,2,,2,SElist_Compact_Slide_JPN_2WD,,14000,,rpm,L3,L3,PRMV0084729,ePT,GEN N-T特性最大回転数,－,C7A0743743214D49AE5FFB6973444FCE,PT構想審査,
1,20D8DD1C4DCD446B8E8EA68006E88A00,1,0,PRMV0084730 ePT GEN/INV損失ノミナル －,A,45562.01733,0,0,EntryCondition,PT構想審査時点Fix,PT構想審査時点Fix,,JPN,2WD,,2,,2,SElist_Compact_Slide_JPN_2WD,,,,MAP,L3,L3,PRMV0084730,ePT,GEN/INV損失ノミナル,－,C7A0743743214D49AE5FFB6973444FCE,PT構想審査,
1,4398B3B21D064EE990B2FA6EBBAF8FD3,1,0,PRMV0084731 ePT GEN/INV損失熱検討用 －,A,45562.01733,0,0,EntryCondition,PT構想審査時点Fix,PT構想審査時点Fix,,JPN,2WD,,2,,2,SElist_Compact_Slide_JPN_2WD,,,,MAP,L3,L3,PRMV0084731,ePT,GEN/INV損失熱検討用,－,C7A0743743214D49AE5FFB6973444FCE,PT構想審査,
1,F9E56EBE918743378F2F9E3F2E53E8CD,1,0,PRMV0084732 ePT GENイナーシャ －,A,45562.01734,0,0,EntryCondition,PT構想審査時点Fix,PT構想審査時点Fix,,JPN,2WD,,2,,2,SElist_Compact_Slide_JPN_2WD,,0.0166,,kgm^2,L3,L3,PRMV0084732,ePT,GENイナーシャ,－,C7A0743743214D49AE5FFB6973444FCE,PT構想審査,
1,E7E748F3110F4EA3A9BF6D9D333F4621,1,0,PRMV0084733 ePT GEN GBギヤ比 －,A,45562.01734,0,0,EntryCondition,PT構想審査時点Fix,PT構想審査時点Fix,,JPN,2WD,,2,,2,SElist_Compact_Slide_JPN_2WD,,0.512,,－,L3,L3,PRMV0084733,ePT,GEN GBギヤ比,－,C7A0743743214D49AE5FFB6973444FCE,PT構想審査,
1,DE516B6FE02A47F4B53D5B8521B5DF3D,1,0,PRMV0084734 ePT GEN GB損失特性 －,A,45562.01735,0,0,EntryCondition,PT構想審査時点Fix,PT構想審査時点Fix,,JPN,2WD,,2,,2,SElist_Compact_Slide_JPN_2WD,,,,MAP,L3,L3,PRMV0084734,ePT,GEN GB損失特性,－,C7A0743743214D49AE5FFB6973444FCE,PT構想審査,
1,4C47E3CEF9CF465C84760B0F7C784B97,1,0,PRMV0084735 ePT GEN GBイナーシャ －,A,45562.01735,0,0,EntryCondition,PT構想審査時点Fix,PT構想審査時点Fix,,JPN,2WD,,2,,2,SElist_Compact_Slide_JPN_2WD,,0.0098,,kgm^2,L3,L3,PRMV0084735,ePT,GEN GBイナーシャ,－,C7A0743743214D49AE5FFB6973444FCE,PT構想審査,
1,A818AFA4E3474842BAD7CA9A24A2EF6A,1,0,PRMV0084736 ePT FR MOT Sys呼称 －,A,45562.01736,0,0,EntryCondition,PT構想審査時点Fix,PT構想審査時点Fix,,JPN,2WD,,2,,2,SElist_Compact_Slide_JPN_2WD,,QH-S(SiC),,－,L3,L3,PRMV0084736,ePT,FR MOT Sys呼称,－,C7A0743743214D49AE5FFB6973444FCE,PT構想審査,
1,9C7421EB113149A5B333A89C8E79CB35,1,0,PRMV0084737 ePT FR MOT出力N-T特性(回転-トルク) －,A,45562.01736,0,0,EntryCondition,PT構想審査時点Fix,PT構想審査時点Fix,,JPN,2WD,,2,,2,SElist_Compact_Slide_JPN_2WD,,,,MAP,L3,L3,PRMV0084737,ePT,FR MOT出力N-T特性(回転-トルク),－,C7A0743743214D49AE5FFB6973444FCE,PT構想審査,
1,7157B728F3694D44BDF3C997327882C1,1,0,PRMV0084738 ePT FR MOT制限設定トルク上限(第一象限) －,A,45562.01736,0,0,EntryCondition,PT構想審査時点Fix,PT構想審査時点Fix,,JPN,2WD,,2,,2,SElist_Compact_Slide_JPN_2WD,,355,,Nm,L3,L3,PRMV0084738,ePT,FR MOT制限設定トルク上限(第一象限),－,C7A0743743214D49AE5FFB6973444FCE,PT構想審査,
1,735DBDF1902B4B6581475857FF3E7E1A,1,0,PRMV0084739 ePT FR MOT制限設定出力上限(第一象限) －,A,45562.01737,0,0,EntryCondition,PT構想審査時点Fix,PT構想審査時点Fix,,JPN,2WD,,2,,2,SElist_Compact_Slide_JPN_2WD,,140@300V,,kW,L3,L3,PRMV0084739,ePT,FR MOT制限設定出力上限(第一象限),－,C7A0743743214D49AE5FFB6973444FCE,PT構想審査,
1,B494C0AD8B35435B83A8D61E4328CC7C,1,0,PRMV0084740 ePT FR MOT制限設定トルク上限(第二象限) －,A,45562.01738,0,0,EntryCondition,PT構想審査時点Fix,PT構想審査時点Fix,,JPN,2WD,,2,,2,SElist_Compact_Slide_JPN_2WD,,n,,Nm,L3,L3,PRMV0084740,ePT,FR MOT制限設定トルク上限(第二象限),－,C7A0743743214D49AE5FFB6973444FCE,PT構想審査,
1,03722C692B5B41868632B9BBED5BFCE9,1,0,PRMV0084741 ePT FR MOT制限設定出力上限(第二象限) －,A,45562.01738,0,0,EntryCondition,PT構想審査時点Fix,PT構想審査時点Fix,,JPN,2WD,,2,,2,SElist_Compact_Slide_JPN_2WD,,n,,kW,L3,L3,PRMV0084741,ePT,FR MOT制限設定出力上限(第二象限),－,C7A0743743214D49AE5FFB6973444FCE,PT構想審査,
1,C59E4121ED3A493B95A61B82E8BBC341,1,0,PRMV0084742 ePT FR MOT制限設定トルク下限(第四象限) －,A,45562.0174,0,0,EntryCondition,PT構想審査時点Fix,PT構想審査時点Fix,,JPN,2WD,,2,,2,SElist_Compact_Slide_JPN_2WD,,-355,,Nm,L3,L3,PRMV0084742,ePT,FR MOT制限設定トルク下限(第四象限),－,C7A0743743214D49AE5FFB6973444FCE,PT構想審査,
1,5348792D6A404B5D97F5ACEB1CFD157B,1,0,PRMV0084743 ePT FR MOT制限設定出力下限(第四象限) －,A,45562.0174,0,0,EntryCondition,PT構想審査時点Fix,PT構想審査時点Fix,,JPN,2WD,,2,,2,SElist_Compact_Slide_JPN_2WD,,-93,,kW,L3,L3,PRMV0084743,ePT,FR MOT制限設定出力下限(第四象限),－,C7A0743743214D49AE5FFB6973444FCE,PT構想審査,
1,58078BCA85CD410BB09C439DFD7EB3CC,1,0,PRMV0084744 ePT FR MOT出力(車両要求特性) トルク上限(第一象限) －,A,45562.01741,0,0,EntryCondition,PT構想審査時点Fix,PT構想審査時点Fix,,JPN,2WD,,2,,2,SElist_Compact_Slide_JPN_2WD,,315,,Nm,L3,L3,PRMV0084744,ePT,FR MOT出力(車両要求特性) トルク上限(第一象限),－,C7A0743743214D49AE5FFB6973444FCE,PT構想審査,
1,D03E924A8A634D38BC465F6DFD04B3CB,1,0,PRMV0084745 ePT FR MOT出力(車両要求特性) 出力上限(第一象限) －,A,45562.01741,0,0,EntryCondition,PT構想審査時点Fix,PT構想審査時点Fix,,JPN,2WD,,2,,2,SElist_Compact_Slide_JPN_2WD,,101,,kW,L3,L3,PRMV0084745,ePT,FR MOT出力(車両要求特性) 出力上限(第一象限),－,C7A0743743214D49AE5FFB6973444FCE,PT構想審査,
1,952EF117BEBA49A6A6AF5D0F35D80227,1,0,PRMV0084746 ePT FR MOT出力(車両要求特性) トルク上限(第二象限) －,A,45562.01742,0,0,EntryCondition,PT構想審査時点Fix,PT構想審査時点Fix,,JPN,2WD,,2,,2,SElist_Compact_Slide_JPN_2WD,,n,,Nm,L3,L3,PRMV0084746,ePT,FR MOT出力(車両要求特性) トルク上限(第二象限),－,C7A0743743214D49AE5FFB6973444FCE,PT構想審査,
1,9F58DE2201D14467B44F9D9DDF526FC5,1,0,PRMV0084747 ePT FR MOT出力(車両要求特性) 出力上限(第二象限) －,A,45562.01742,0,0,EntryCondition,PT構想審査時点Fix,PT構想審査時点Fix,,JPN,2WD,,2,,2,SElist_Compact_Slide_JPN_2WD,,n,,kW,L3,L3,PRMV0084747,ePT,FR MOT出力(車両要求特性) 出力上限(第二象限),－,C7A0743743214D49AE5FFB6973444FCE,PT構想審査,
1,5EAE4CDFAE6E4F0CAE08A65AABCB1E6D,1,0,PRMV0084748 ePT FR MOT出力(車両要求特性) トルク下限(第四象限) －,A,45562.01742,0,0,EntryCondition,PT構想審査時点Fix,PT構想審査時点Fix,,JPN,2WD,,2,,2,SElist_Compact_Slide_JPN_2WD,,-220,,Nm,L3,L3,PRMV0084748,ePT,FR MOT出力(車両要求特性) トルク下限(第四象限),－,C7A0743743214D49AE5FFB6973444FCE,PT構想審査,
1,1CE0A3366F6F4ED58ED5E4301F2F992F,1,0,PRMV0084749 ePT FR MOT出力(車両要求特性) 出力上限(第四象限) －,A,45562.01743,0,0,EntryCondition,PT構想審査時点Fix,PT構想審査時点Fix,,JPN,2WD,,2,,2,SElist_Compact_Slide_JPN_2WD,,-70,,kW,L3,L3,PRMV0084749,ePT,FR MOT出力(車両要求特性) 出力上限(第四象限),－,C7A0743743214D49AE5FFB6973444FCE,PT構想審査,
1,91F6044293524C5DBA3B02C3C98F8C71,1,0,PRMV0084750 ePT FR MOT/INV損失ノミナル －,A,45562.01743,0,0,EntryCondition,PT構想審査時点Fix,PT構想審査時点Fix,,JPN,2WD,,2,,2,SElist_Compact_Slide_JPN_2WD,,,,MAP,L3,L3,PRMV0084750,ePT,FR MOT/INV損失ノミナル,－,C7A0743743214D49AE5FFB6973444FCE,PT構想審査,
1,C54D5AF5A4414E9DA05178DDA1551370,1,0,PRMV0084751 ePT FR MOT/INV損失熱検討用 －,A,45562.01744,0,0,EntryCondition,PT構想審査時点Fix,PT構想審査時点Fix,,JPN,2WD,,2,,2,SElist_Compact_Slide_JPN_2WD,,,,MAP,L3,L3,PRMV0084751,ePT,FR MOT/INV損失熱検討用,－,C7A0743743214D49AE5FFB6973444FCE,PT構想審査,
1,B3396825121543A68F3F0DA9E197F11E,1,0,PRMV0084752 ePT FR MOTイナーシャ －,A,45562.01744,0,0,EntryCondition,PT構想審査時点Fix,PT構想審査時点Fix,,JPN,2WD,,2,,2,SElist_Compact_Slide_JPN_2WD,,0.031,,kgm#00B2,L3,L3,PRMV0084752,ePT,FR MOTイナーシャ,－,C7A0743743214D49AE5FFB6973444FCE,PT構想審査,
1,9D0425BFF3784BB385F84F7BAA98D0E8,1,0,PRMV0084753 ePT FR GB減速比 －,A,45562.01745,0,0,EntryCondition,PT構想審査時点Fix,PT構想審査時点Fix,,JPN,2WD,,2,,2,SElist_Compact_Slide_JPN_2WD,,6.782,,－,L3,L3,PRMV0084753,ePT,FR GB減速比,－,C7A0743743214D49AE5FFB6973444FCE,PT構想審査,
1,77FDE20AA3464852A4639C89A474DBFE,1,0,PRMV0084754 ePT FR GB損失特性(有負荷) －,A,45562.01745,0,0,EntryCondition,PT構想審査時点Fix,PT構想審査時点Fix,,JPN,2WD,,2,,2,SElist_Compact_Slide_JPN_2WD,,,,MAP,L3,L3,PRMV0084754,ePT,FR GB損失特性(有負荷),－,C7A0743743214D49AE5FFB6973444FCE,PT構想審査,
1,599A4D360BD643C7B821C1121A07F5F7,1,0,PRMV0084755 ePT FR GBイナーシャ －,A,45562.01747,0,0,EntryCondition,PT構想審査時点Fix,PT構想審査時点Fix,,JPN,2WD,,2,,2,SElist_Compact_Slide_JPN_2WD,,0.00285,,kgm#00B2,L3,L3,PRMV0084755,ePT,FR GBイナーシャ,－,C7A0743743214D49AE5FFB6973444FCE,PT構想審査,
1,9445CCAC94DA4F919F5C1D578BE0C015,1,0,PRMV0084756 ePT RR MOT Sys呼称 －,A,45562.01747,0,0,EntryCondition,PT構想審査時点Fix,PT構想審査時点Fix,,JPN,2WD,,2,,2,SElist_Compact_Slide_JPN_2WD,,n,,－,L3,L3,PRMV0084756,ePT,RR MOT Sys呼称,－,C7A0743743214D49AE5FFB6973444FCE,PT構想審査,
1,E39D51518E7240C29642FB8DA8E56D49,1,0,PRMV0084757 ePT RR MOT N-T特性 －,A,45562.01747,0,0,EntryCondition,PT構想審査時点Fix,PT構想審査時点Fix,,JPN,2WD,,2,,2,SElist_Compact_Slide_JPN_2WD,,,,MAP,L3,L3,PRMV0084757,ePT,RR MOT N-T特性,－,C7A0743743214D49AE5FFB6973444FCE,PT構想審査,
1,F7BE7916BB8447B28FF5BBADCE4EA0A5,1,0,PRMV0084758 ePT RR MOT制限設定トルク上限(第一象限) －,A,45562.01748,0,0,EntryCondition,PT構想審査時点Fix,PT構想審査時点Fix,,JPN,2WD,,2,,2,SElist_Compact_Slide_JPN_2WD,,n,,Nm,L3,L3,PRMV0084758,ePT,RR MOT制限設定トルク上限(第一象限),－,C7A0743743214D49AE5FFB6973444FCE,PT構想審査,
1,8114940507E14B15949E93309524E6AF,1,0,PRMV0084759 ePT RR MOT制限設定出力上限(第一象限) －,A,45562.01748,0,0,EntryCondition,PT構想審査時点Fix,PT構想審査時点Fix,,JPN,2WD,,2,,2,SElist_Compact_Slide_JPN_2WD,,n,,kW,L3,L3,PRMV0084759,ePT,RR MOT制限設定出力上限(第一象限),－,C7A0743743214D49AE5FFB6973444FCE,PT構想審査,
1,52EB8719A05542DAB4EC799633D1FAB6,1,0,PRMV0084760 ePT RR MOT制限設定トルク上限(第二象限) －,A,45562.01749,0,0,EntryCondition,PT構想審査時点Fix,PT構想審査時点Fix,,JPN,2WD,,2,,2,SElist_Compact_Slide_JPN_2WD,,n,,Nm,L3,L3,PRMV0084760,ePT,RR MOT制限設定トルク上限(第二象限),－,C7A0743743214D49AE5FFB6973444FCE,PT構想審査,
1,AA1F99B6377E4298A7711F035934C586,1,0,PRMV0084761 ePT RR MOT制限設定出力上限(第二象限) －,A,45562.0175,0,0,EntryCondition,PT構想審査時点Fix,PT構想審査時点Fix,,JPN,2WD,,2,,2,SElist_Compact_Slide_JPN_2WD,,n,,kW,L3,L3,PRMV0084761,ePT,RR MOT制限設定出力上限(第二象限),－,C7A0743743214D49AE5FFB6973444FCE,PT構想審査,
1,73C541208C79446B8716012DB5950D01,1,0,PRMV0084762 ePT RR MOT制限設定トルク下限(第四象限) －,A,45562.0175,0,0,EntryCondition,PT構想審査時点Fix,PT構想審査時点Fix,,JPN,2WD,,2,,2,SElist_Compact_Slide_JPN_2WD,,n,,Nm,L3,L3,PRMV0084762,ePT,RR MOT制限設定トルク下限(第四象限),－,C7A0743743214D49AE5FFB6973444FCE,PT構想審査,
1,316E18496D754C7EAAC1B0BE33F7D8B5,1,0,PRMV0084763 ePT RR MOT制限設定出力下限(第四象限) －,A,45562.0175,0,0,EntryCondition,PT構想審査時点Fix,PT構想審査時点Fix,,JPN,2WD,,2,,2,SElist_Compact_Slide_JPN_2WD,,n,,kW,L3,L3,PRMV0084763,ePT,RR MOT制限設定出力下限(第四象限),－,C7A0743743214D49AE5FFB6973444FCE,PT構想審査,
1,8FDDF30FF8E24E50B5DD40F7C96285D4,1,0,PRMV0084764 ePT RR MOT出力(車両要求特性) トルク上限(第一象限) －,A,45562.01751,0,0,EntryCondition,PT構想審査時点Fix,PT構想審査時点Fix,,JPN,2WD,,2,,2,SElist_Compact_Slide_JPN_2WD,,n,,Nm,L3,L3,PRMV0084764,ePT,RR MOT出力(車両要求特性) トルク上限(第一象限),－,C7A0743743214D49AE5FFB6973444FCE,PT構想審査,
1,ADF65D097F504A8AACEE32B9D9CD52C6,1,0,PRMV0084765 ePT RR MOT出力(車両要求特性) 出力上限(第一象限) －,A,45562.01751,0,0,EntryCondition,PT構想審査時点Fix,PT構想審査時点Fix,,JPN,2WD,,2,,2,SElist_Compact_Slide_JPN_2WD,,n,,kW,L3,L3,PRMV0084765,ePT,RR MOT出力(車両要求特性) 出力上限(第一象限),－,C7A0743743214D49AE5FFB6973444FCE,PT構想審査,
1,5002A32F3F4040B9B178A2DDF6ACE41A,1,0,PRMV0084766 ePT RR MOT出力(車両要求特性) トルク上限(第二象限) －,A,45562.01752,0,0,EntryCondition,PT構想審査時点Fix,PT構想審査時点Fix,,JPN,2WD,,2,,2,SElist_Compact_Slide_JPN_2WD,,n,,Nm,L3,L3,PRMV0084766,ePT,RR MOT出力(車両要求特性) トルク上限(第二象限),－,C7A0743743214D49AE5FFB6973444FCE,PT構想審査,
1,9D178FA938B845FF8C942DDC8BF66F6C,1,0,PRMV0084767 ePT RR MOT出力(車両要求特性) 出力上限(第二象限) －,A,45562.01752,0,0,EntryCondition,PT構想審査時点Fix,PT構想審査時点Fix,,JPN,2WD,,2,,2,SElist_Compact_Slide_JPN_2WD,,n,,kW,L3,L3,PRMV0084767,ePT,RR MOT出力(車両要求特性) 出力上限(第二象限),－,C7A0743743214D49AE5FFB6973444FCE,PT構想審査,
1,06C277F913D0487988533810915A44A2,1,0,PRMV0084768 ePT RR MOT出力(車両要求特性) トルク下限(第四象限) －,A,45562.01753,0,0,EntryCondition,PT構想審査時点Fix,PT構想審査時点Fix,,JPN,2WD,,2,,2,SElist_Compact_Slide_JPN_2WD,,n,,Nm,L3,L3,PRMV0084768,ePT,RR MOT出力(車両要求特性) トルク下限(第四象限),－,C7A0743743214D49AE5FFB6973444FCE,PT構想審査,
1,B5705C28A5664C9B841186BD769FE0A8,1,0,PRMV0084769 ePT RR MOT出力(車両要求特性) 出力上限(第四象限) －,A,45562.01753,0,0,EntryCondition,PT構想審査時点Fix,PT構想審査時点Fix,,JPN,2WD,,2,,2,SElist_Compact_Slide_JPN_2WD,,n,,kW,L3,L3,PRMV0084769,ePT,RR MOT出力(車両要求特性) 出力上限(第四象限),－,C7A0743743214D49AE5FFB6973444FCE,PT構想審査,
1,A5BBD6FFF90542CAA9F467EF2B7DA958,1,0,PRMV0084770 ePT RR MOT/INV損失ノミナル －,A,45562.01755,0,0,EntryCondition,PT構想審査時点Fix,PT構想審査時点Fix,,JPN,2WD,,2,,2,SElist_Compact_Slide_JPN_2WD,,,,MAP,L3,L3,PRMV0084770,ePT,RR MOT/INV損失ノミナル,－,C7A0743743214D49AE5FFB6973444FCE,PT構想審査,
1,9BED288403954DE49BC3660A5DAFE3A1,1,0,PRMV0084771 ePT RR MOT/INV損失熱検討用 －,A,45562.01755,0,0,EntryCondition,PT構想審査時点Fix,PT構想審査時点Fix,,JPN,2WD,,2,,2,SElist_Compact_Slide_JPN_2WD,,,,MAP,L3,L3,PRMV0084771,ePT,RR MOT/INV損失熱検討用,－,C7A0743743214D49AE5FFB6973444FCE,PT構想審査,
1,75960362B4AD45FB87D319F4F9E02370,1,0,PRMV0084772 ePT RR MOTイナーシャ －,A,45562.01756,0,0,EntryCondition,PT構想審査時点Fix,PT構想審査時点Fix,,JPN,2WD,,2,,2,SElist_Compact_Slide_JPN_2WD,,n,,kgm#00B2,L3,L3,PRMV0084772,ePT,RR MOTイナーシャ,－,C7A0743743214D49AE5FFB6973444FCE,PT構想審査,
1,C04A934A8D814FD5A7BEC5EDBF8DD177,1,0,PRMV0084773 ePT RR GB減速比 －,A,45562.01756,0,0,EntryCondition,PT構想審査時点Fix,PT構想審査時点Fix,,JPN,2WD,,2,,2,SElist_Compact_Slide_JPN_2WD,,n,,－,L3,L3,PRMV0084773,ePT,RR GB減速比,－,C7A0743743214D49AE5FFB6973444FCE,PT構想審査,
1,9DF3087D222148A4B4BEAA2AEE9A9B37,1,0,PRMV0084774 ePT RR GB損失特性(有負荷) －,A,45562.01757,0,0,EntryCondition,PT構想審査時点Fix,PT構想審査時点Fix,,JPN,2WD,,2,,2,SElist_Compact_Slide_JPN_2WD,,,,MAP,L3,L3,PRMV0084774,ePT,RR GB損失特性(有負荷),－,C7A0743743214D49AE5FFB6973444FCE,PT構想審査,
1,269F82B952E54AC685577C6E8E0BBA3F,1,0,PRMV0084775 ePT RR GBイナーシャ －,A,45562.01757,0,0,EntryCondition,PT構想審査時点Fix,PT構想審査時点Fix,,JPN,2WD,,2,,2,SElist_Compact_Slide_JPN_2WD,,n,,kgm#00B2,L3,L3,PRMV0084775,ePT,RR GBイナーシャ,－,C7A0743743214D49AE5FFB6973444FCE,PT構想審査,
1,07D66728479E4C6688B6115DEF174252,1,0,PRMV0084776 HV BATT 仕様/呼称 －,A,45562.01757,0,0,EntryCondition,PT構想審査時点Fix,PT構想審査時点Fix,,JPN,2WD,,2,,2,SElist_Compact_Slide_JPN_2WD,,PP4,,－,L3,L3,PRMV0084776,HV BATT,仕様/呼称,－,C7A0743743214D49AE5FFB6973444FCE,PT構想審査,
1,DC6CEDF14A0446E3A8D83A06B62AA4D2,1,0,PRMV0084777 HV BATT モデル名 －,A,45562.01758,0,0,EntryCondition,PT構想審査時点Fix,PT構想審査時点Fix,,JPN,2WD,,2,,2,SElist_Compact_Slide_JPN_2WD,,"P13C_PP4_250A_Bat2_vN_Temp9
P13C US Tier4モデル＋W13G定数変更",,－,L3,L3,PRMV0084777,HV BATT,モデル名,－,C7A0743743214D49AE5FFB6973444FCE,PT構想審査,
1,773DFB8F7D4B416EBD999C5DBB053BD1,1,0,PRMV0084778 HV BATT 直列セル数 －,A,45562.01758,0,0,EntryCondition,PT構想審査時点Fix,PT構想審査時点Fix,,JPN,2WD,,2,,2,SElist_Compact_Slide_JPN_2WD,,72,,cell,L3,L3,PRMV0084778,HV BATT,直列セル数,－,C7A0743743214D49AE5FFB6973444FCE,PT構想審査,
1,6D8E972EE7D74FE38D0004FF74A134F8,1,0,PRMV0084779 HV BATT 並列セル数 －,A,45562.01759,0,0,EntryCondition,PT構想審査時点Fix,PT構想審査時点Fix,,JPN,2WD,,2,,2,SElist_Compact_Slide_JPN_2WD,,1,,para,L3,L3,PRMV0084779,HV BATT,並列セル数,－,C7A0743743214D49AE5FFB6973444FCE,PT構想審査,
1,6F8E27D02AAE4B61863EA29CB9481003,1,0,PRMV0084780 HV BATT パック容量 (capacity) －,A,45562.01759,0,0,EntryCondition,PT構想審査時点Fix,PT構想審査時点Fix,,JPN,2WD,,2,,2,SElist_Compact_Slide_JPN_2WD,,"1.2kWh(輸送劣化なし)
1.0kWh(輸送劣化あり)",,kWh,L3,L3,PRMV0084780,HV BATT,パック容量 (capacity),－,C7A0743743214D49AE5FFB6973444FCE,PT構想審査,
1,BD8F40963AD24A46A4A82C762E0EAF6C,1,0,PRMV0084781 HV BATT バッテリ制限設定(Pout出力上限/BATT温度-SOC-電力) －,A,45562.0176,0,0,EntryCondition,PT構想審査時点Fix,PT構想審査時点Fix,,JPN,2WD,,2,,2,SElist_Compact_Slide_JPN_2WD,,,,MAP,L3,L3,PRMV0084781,HV BATT,バッテリ制限設定(Pout出力上限/BATT温度-SOC-電力),－,C7A0743743214D49AE5FFB6973444FCE,PT構想審査,
1,4FD8B71ECA4E4A049164AF2DF5ABAAEF,1,0,PRMV0084782 HV BATT バッテリ制限設定(Pin入力上限/BATT温度-SOC-電力) －,A,45562.0176,0,0,EntryCondition,PT構想審査時点Fix,PT構想審査時点Fix,,JPN,2WD,,2,,2,SElist_Compact_Slide_JPN_2WD,,,,MAP,L3,L3,PRMV0084782,HV BATT,バッテリ制限設定(Pin入力上限/BATT温度-SOC-電力),－,C7A0743743214D49AE5FFB6973444FCE,PT構想審査,
1,B9D6CBE030CB4BAF874139CE5BA7FD4F,1,0,PRMV0084783 HV BATT 公証電圧 －,A,45562.0176,0,0,EntryCondition,PT構想審査時点Fix,PT構想審査時点Fix,,JPN,2WD,,2,,2,SElist_Compact_Slide_JPN_2WD,,3.7,,V,L3,L3,PRMV0084783,HV BATT,公証電圧,－,C7A0743743214D49AE5FFB6973444FCE,PT構想審査,
1,CC762E851D114C42AD608BDFB61BE5FC,1,0,PRMV0084784 HV BATT Max電流 －,A,45562.01762,0,0,EntryCondition,PT構想審査時点Fix,PT構想審査時点Fix,,JPN,2WD,,2,,2,SElist_Compact_Slide_JPN_2WD,,250,,A,L3,L3,PRMV0084784,HV BATT,Max電流,－,C7A0743743214D49AE5FFB6973444FCE,PT構想審査,
1,EDD72B4580A64E8FBC5A42C2DC7C4DA6,1,0,PRMV0084785 HV BATT セル開放電圧特性(SOC-OCV) －,A,45562.01762,0,0,EntryCondition,PT構想審査時点Fix,PT構想審査時点Fix,,JPN,2WD,,2,,2,SElist_Compact_Slide_JPN_2WD,,,,MAP,L3,L3,PRMV0084785,HV BATT,セル開放電圧特性(SOC-OCV),－,C7A0743743214D49AE5FFB6973444FCE,PT構想審査,
1,C08B1B36EEB94CB0BB2B1F003454509A,1,0,PRMV0084786 DCDC 仕様（名称） －,A,45562.01763,0,0,EntryCondition,PT構想審査時点Fix,PT構想審査時点Fix,,JPN,2WD,,2,,2,SElist_Compact_Slide_JPN_2WD,,n,,－,L3,L3,PRMV0084786,DCDC,仕様（名称）,－,C7A0743743214D49AE5FFB6973444FCE,PT構想審査,
1,725B9D05E7CD4031B39D8191759DA273,1,0,"PRMV0084787 DCDC DCDC効率(走行時弱電220W,355V入力(SOC20%),13V出力) －",A,45562.01763,0,0,EntryCondition,PT構想審査時点Fix,PT構想審査時点Fix,,JPN,2WD,,2,,2,SElist_Compact_Slide_JPN_2WD,,n,,%,L3,L3,PRMV0084787,DCDC,"DCDC効率(走行時弱電220W,355V入力(SOC20%),13V出力)",－,C7A0743743214D49AE5FFB6973444FCE,PT構想審査,
1,906248CDEEBF4D2B995464D1C5505DD5,1,0,PRMV0084788 4WD Sys 前後配分比 －,A,45562.01764,0,0,EntryCondition,PT構想審査時点Fix,PT構想審査時点Fix,,JPN,2WD,,2,,2,SElist_Compact_Slide_JPN_2WD,,n,,－,L3,L3,PRMV0084788,4WD Sys,前後配分比,－,C7A0743743214D49AE5FFB6973444FCE,PT構想審査,
1,0C6368E2157A412FA4F25A657F00BE29,1,0,PRMV0084789 4WD Sys 配分Map －,A,45562.01764,0,0,EntryCondition,PT構想審査時点Fix,PT構想審査時点Fix,,JPN,2WD,,2,,2,SElist_Compact_Slide_JPN_2WD,,,,MAP,L3,L3,PRMV0084789,4WD Sys,配分Map,－,C7A0743743214D49AE5FFB6973444FCE,PT構想審査,
1,661229F790A8472591A53C2DB8EA90CA,1,0,PRMV0084790 エネマネ 仕様（名称） －,A,45562.01765,0,0,EntryCondition,PT構想審査時点Fix,PT構想審査時点Fix,,JPN,2WD,,2,,2,SElist_Compact_Slide_JPN_2WD,,n,,－,L3,L3,PRMV0084790,エネマネ,仕様（名称）,－,C7A0743743214D49AE5FFB6973444FCE,PT構想審査,
1,B5B1F1BFBBE14AF6B707873C1F4BFEF0,1,0,PRMV0084791 エネマネ PT-sys α線 －,A,45562.01765,0,0,EntryCondition,PT構想審査時点Fix,PT構想審査時点Fix,,JPN,2WD,,2,,2,SElist_Compact_Slide_JPN_2WD,,n,,－,L3,L3,PRMV0084791,エネマネ,PT-sys α線,－,C7A0743743214D49AE5FFB6973444FCE,PT構想審査,
1,4E7E1E9DED78469789ACCAEA34CAA2FE,1,0,PRMV0084792 エネマネ ENG始動Map －,A,45562.01765,0,0,EntryCondition,PT構想審査時点Fix,PT構想審査時点Fix,,JPN,2WD,,2,,2,SElist_Compact_Slide_JPN_2WD,,,,MAP,L3,L3,PRMV0084792,エネマネ,ENG始動Map,－,C7A0743743214D49AE5FFB6973444FCE,PT構想審査,
1,95EF24FD635B41568A2CBF52C1216720,1,0,PRMV0084793 エネマネ 変速線 －,A,45562.01766,0,0,EntryCondition,PT構想審査時点Fix,PT構想審査時点Fix,,JPN,2WD,,2,,2,SElist_Compact_Slide_JPN_2WD,,,,MAP,L3,L3,PRMV0084793,エネマネ,変速線,－,C7A0743743214D49AE5FFB6973444FCE,PT構想審査,
1,D105F746C00B4B8AB9FF374A5B423B85,1,0,PRMV0084794 パワマネ 仕様（名称） －,A,45562.01766,0,0,EntryCondition,PT構想審査時点Fix,PT構想審査時点Fix,,JPN,2WD,,2,,2,SElist_Compact_Slide_JPN_2WD,,n,,－,L3,L3,PRMV0084794,パワマネ,仕様（名称）,－,C7A0743743214D49AE5FFB6973444FCE,PT構想審査,
1,8C291B8802E540EE8F3743FD0C9E7908,1,0,PRMV0084795 パワマネ 駆動力Map(APO-車速-駆動力) －,A,45562.01767,0,0,EntryCondition,PT構想審査時点Fix,PT構想審査時点Fix,,JPN,2WD,,2,,2,SElist_Compact_Slide_JPN_2WD,,,,MAP,L3,L3,PRMV0084795,パワマネ,駆動力Map(APO-車速-駆動力),－,C7A0743743214D49AE5FFB6973444FCE,PT構想審査,
1,B3180F22B4684848A4A120E862F2A671,1,0,PRMV0084796 燃料タンク タンク容量 －,A,45562.01767,0,0,EntryCondition,PT構想審査時点Fix,PT構想審査時点Fix,,JPN,2WD,,2,,2,SElist_Compact_Slide_JPN_2WD,,n,,－,L3,L3,PRMV0084796,燃料タンク,タンク容量,－,C7A0743743214D49AE5FFB6973444FCE,PT構想審査,
1,8B149B315344435B80FBD177DE864911,1,0,PRMV0084797 E&E archi E&E architecture呼称 －,A,45562.01769,0,0,EntryCondition,PT構想審査時点Fix,PT構想審査時点Fix,,JPN,2WD,,2,,2,SElist_Compact_Slide_JPN_2WD,,n,,－,L3,L3,PRMV0084797,E&E archi,E&E architecture呼称,－,C7A0743743214D49AE5FFB6973444FCE,PT構想審査,
1,1218685D873246B3906B90A68FE7DB20,1,0,PRMV0084798 ブレーキ 回生協調ブレーキ仕様（名称） －,A,45562.01769,0,0,EntryCondition,PT構想審査時点Fix,PT構想審査時点Fix,,JPN,2WD,,2,,2,SElist_Compact_Slide_JPN_2WD,,n,,－,L3,L3,PRMV0084798,ブレーキ,回生協調ブレーキ仕様（名称）,－,C7A0743743214D49AE5FFB6973444FCE,PT構想審査,
1,0F57A23CEAE747C98698F19678DB5892,1,0,PRMV0084799 ブレーキ ブレーキ負圧Sys仕様（名称） －,A,45562.0177,0,0,EntryCondition,PT構想審査時点Fix,PT構想審査時点Fix,,JPN,2WD,,2,,2,SElist_Compact_Slide_JPN_2WD,,n,,－,L3,L3,PRMV0084799,ブレーキ,ブレーキ負圧Sys仕様（名称）,－,C7A0743743214D49AE5FFB6973444FCE,PT構想審査,
1,10C7529F4372481F964DA36C522AE744,1,0,PRMV0084800 ブレーキ アクセルヒルホールドSysブレーキ協調ASA / MOT －,A,45562.0177,0,0,EntryCondition,PT構想審査時点Fix,PT構想審査時点Fix,,JPN,2WD,,2,,2,SElist_Compact_Slide_JPN_2WD,,n,,－,L3,L3,PRMV0084800,ブレーキ,アクセルヒルホールドSysブレーキ協調ASA / MOT,－,C7A0743743214D49AE5FFB6973444FCE,PT構想審査,
1,0B12101A9DB147D1BF66EAFCF2FFB554,1,0,PRMV0084801 LV BATT AD Sys仕様（名称） －,A,45562.0177,0,0,EntryCondition,PT構想審査時点Fix,PT構想審査時点Fix,,JPN,2WD,,2,,2,SElist_Compact_Slide_JPN_2WD,,AD1 Next,,－,L3,L3,PRMV0084801,LV BATT,AD Sys仕様（名称）,－,C7A0743743214D49AE5FFB6973444FCE,PT構想審査,
1,772793E4423B4CC0BFDF82041AD0FDD1,1,0,PRMV0084802 LV BATT 消費電力(電費試験時WLTCモード)HEV －,A,45562.01771,0,0,EntryCondition,PT構想審査時点Fix,PT構想審査時点Fix,,JPN,2WD,,2,,2,SElist_Compact_Slide_JPN_2WD,,201.75,,W,L3,L3,PRMV0084802,LV BATT,消費電力(電費試験時WLTCモード)HEV,－,C7A0743743214D49AE5FFB6973444FCE,PT構想審査,
1,A3C6D25F1326452A8284F85BE601AA11,1,0,PRMV0084803 LV BATT 消費電力(電費試験時WLTCモード)EV －,A,45562.01771,0,0,EntryCondition,PT構想審査時点Fix,PT構想審査時点Fix,,JPN,2WD,,2,,2,SElist_Compact_Slide_JPN_2WD,,201.75,,W,L3,L3,PRMV0084803,LV BATT,消費電力(電費試験時WLTCモード)EV,－,C7A0743743214D49AE5FFB6973444FCE,PT構想審査,
1,CA4169D82AC14158923565706593A5B0,1,0,PRMV0084804 LV BATT 消費電力(電費試験時LA4モード)HEV －,A,45562.01772,0,0,EntryCondition,PT構想審査時点Fix,PT構想審査時点Fix,,JPN,2WD,,2,,2,SElist_Compact_Slide_JPN_2WD,,n,,W,L3,L3,PRMV0084804,LV BATT,消費電力(電費試験時LA4モード)HEV,－,C7A0743743214D49AE5FFB6973444FCE,PT構想審査,
1,4BE045F58F18457BB95A02A0650F2492,1,0,PRMV0084805 LV BATT 消費電力(電費試験時LA4モード)EV －,A,45562.01772,0,0,EntryCondition,PT構想審査時点Fix,PT構想審査時点Fix,,JPN,2WD,,2,,2,SElist_Compact_Slide_JPN_2WD,,n,,W,L3,L3,PRMV0084805,LV BATT,消費電力(電費試験時LA4モード)EV,－,C7A0743743214D49AE5FFB6973444FCE,PT構想審査,
1,92AFC587285F421E82126697DB47D2FF,1,0,PRMV0084806 LV BATT 消費電力(電費試験時HWYモード)HEV －,A,45562.01773,0,0,EntryCondition,PT構想審査時点Fix,PT構想審査時点Fix,,JPN,2WD,,2,,2,SElist_Compact_Slide_JPN_2WD,,n,,W,L3,L3,PRMV0084806,LV BATT,消費電力(電費試験時HWYモード)HEV,－,C7A0743743214D49AE5FFB6973444FCE,PT構想審査,
1,AB10BF2685A344FB914C93517C0D6ECA,1,0,PRMV0084807 LV BATT 消費電力(電費試験時HWYモード)EV －,A,45562.01773,0,0,EntryCondition,PT構想審査時点Fix,PT構想審査時点Fix,,JPN,2WD,,2,,2,SElist_Compact_Slide_JPN_2WD,,n,,W,L3,L3,PRMV0084807,LV BATT,消費電力(電費試験時HWYモード)EV,－,C7A0743743214D49AE5FFB6973444FCE,PT構想審査,
1,AC382D3323D94E8B952A8D2867A23369,1,0,PRMV0084808 LV BATT 消費電力(電費試験時US06モード)HEV －,A,45562.01774,0,0,EntryCondition,PT構想審査時点Fix,PT構想審査時点Fix,,JPN,2WD,,2,,2,SElist_Compact_Slide_JPN_2WD,,n,,W,L3,L3,PRMV0084808,LV BATT,消費電力(電費試験時US06モード)HEV,－,C7A0743743214D49AE5FFB6973444FCE,PT構想審査,
1,AED14430959A4260823F8C2B8FB20656,1,0,PRMV0084809 LV BATT 消費電力(電費試験時US06モード)EV －,A,45562.01774,0,0,EntryCondition,PT構想審査時点Fix,PT構想審査時点Fix,,JPN,2WD,,2,,2,SElist_Compact_Slide_JPN_2WD,,n,,W,L3,L3,PRMV0084809,LV BATT,消費電力(電費試験時US06モード)EV,－,C7A0743743214D49AE5FFB6973444FCE,PT構想審査,
1,F2E7CA9513854AF09D084A6902E0BB49,1,0,PRMV0084810 LV BATT 消費電力(電費試験時SC03モード)HEV －,A,45562.01774,0,0,EntryCondition,PT構想審査時点Fix,PT構想審査時点Fix,,JPN,2WD,,2,,2,SElist_Compact_Slide_JPN_2WD,,n,,W,L3,L3,PRMV0084810,LV BATT,消費電力(電費試験時SC03モード)HEV,－,C7A0743743214D49AE5FFB6973444FCE,PT構想審査,
1,B46E0CFA153E48439F42E54AFFCB2D87,1,0,PRMV0084811 LV BATT 消費電力(電費試験時SC03モード)EV －,A,45562.01775,0,0,EntryCondition,PT構想審査時点Fix,PT構想審査時点Fix,,JPN,2WD,,2,,2,SElist_Compact_Slide_JPN_2WD,,n,,W,L3,L3,PRMV0084811,LV BATT,消費電力(電費試験時SC03モード)EV,－,C7A0743743214D49AE5FFB6973444FCE,PT構想審査,
1,27CC370AE48F49798834DB9C64D02D5A,1,0,PRMV0084812 LV BATT 消費電力(電費試験時-7℃ LA4モード)HEV －,A,45562.01775,0,0,EntryCondition,PT構想審査時点Fix,PT構想審査時点Fix,,JPN,2WD,,2,,2,SElist_Compact_Slide_JPN_2WD,,n,,W,L3,L3,PRMV0084812,LV BATT,消費電力(電費試験時-7℃ LA4モード)HEV,－,C7A0743743214D49AE5FFB6973444FCE,PT構想審査,
1,1F5BF139EC254DDABA727BFD81E8DA51,1,0,PRMV0084813 LV BATT 消費電力(電費試験時-7℃ LA4モード)EV －,A,45562.01777,0,0,EntryCondition,PT構想審査時点Fix,PT構想審査時点Fix,,JPN,2WD,,2,,2,SElist_Compact_Slide_JPN_2WD,,n,,W,L3,L3,PRMV0084813,LV BATT,消費電力(電費試験時-7℃ LA4モード)EV,－,C7A0743743214D49AE5FFB6973444FCE,PT構想審査,
1,AD0495F4A7C7441293C7759016708945,1,0,PRMV0084814 Sim関連 MilsROM －,A,45562.01777,0,0,EntryCondition,PT構想審査時点Fix,PT構想審査時点Fix,,JPN,2WD,,2,,2,SElist_Compact_Slide_JPN_2WD,,n,,－,L3,L3,PRMV0084814,Sim関連,MilsROM,－,C7A0743743214D49AE5FFB6973444FCE,PT構想審査,
1,DE29308A0637404D913ECACCFEA4520A,1,0,PRMV0084815 Sim関連 Mils設定ファイル －,A,45562.01777,0,0,EntryCondition,PT構想審査時点Fix,PT構想審査時点Fix,,JPN,2WD,,2,,2,SElist_Compact_Slide_JPN_2WD,,n,,－,L3,L3,PRMV0084815,Sim関連,Mils設定ファイル,－,C7A0743743214D49AE5FFB6973444FCE,PT構想審査,
1,B54A00B78E274BA293F851C6C176031C,1,0,PRMV0084816 Sim関連 CarSettingFile －,A,45562.01778,0,0,EntryCondition,PT構想審査時点Fix,PT構想審査時点Fix,,JPN,2WD,,2,,2,SElist_Compact_Slide_JPN_2WD,,n,,－,L3,L3,PRMV0084816,Sim関連,CarSettingFile,－,C7A0743743214D49AE5FFB6973444FCE,PT構想審査,
1,ABB1627939AB4147B432117487762D77,1,0,PRMV0084817 Vehicle Weight Min.C.W. －,A,45562.01995,0,0,EntryCondition,PT構想審査時点Fix,PT構想審査時点Fix,,JPN,4WD,,2,,2,SElist_Compact_Slide_JPN_4WD,,1535,,kg,L2,L2,PRMV0084817,Vehicle Weight,Min.C.W.,－,C7A0743743214D49AE5FFB6973444FCE,PT構想審査,
1,8D71E5E8712D4011B3A5DB94622F75D8,1,0,PRMV0084818 Vehicle Weight Max.C.W. －,A,45562.01995,0,0,EntryCondition,PT構想審査時点Fix,PT構想審査時点Fix,,JPN,4WD,,2,,2,SElist_Compact_Slide_JPN_4WD,,1571,,kg,L2,L2,PRMV0084818,Vehicle Weight,Max.C.W.,－,C7A0743743214D49AE5FFB6973444FCE,PT構想審査,
1,B2C1881AC8D949CD820955C396E41A4F,1,0,PRMV0084819 Vehicle Weight スペアタイヤ&工具  －,A,45562.01997,0,0,EntryCondition,PT構想審査時点Fix,PT構想審査時点Fix,,JPN,4WD,,2,,2,SElist_Compact_Slide_JPN_4WD,,1,,kg,L2,L2,PRMV0084819,Vehicle Weight,スペアタイヤ&工具 ,－,C7A0743743214D49AE5FFB6973444FCE,PT構想審査,
1,5405FDEEE56D4EFEB5941CB5B4C9576D,1,0,PRMV0084820 Vehicle Weight EPA届出重量 －,A,45562.01997,0,0,EntryCondition,PT構想審査時点Fix,PT構想審査時点Fix,,JPN,4WD,,2,,2,SElist_Compact_Slide_JPN_4WD,,1540,,kg,L2,L2,PRMV0084820,Vehicle Weight,EPA届出重量,－,C7A0743743214D49AE5FFB6973444FCE,PT構想審査,
1,FC2A6ADE1E3A430CBF5BCFBACE33DD9D,1,0,PRMV0084821 Vehicle Weight IP(認証試験) ,A,45562.01998,0,0,EntryCondition,PT構想審査時点Fix,PT構想審査時点Fix,,JPN,4WD,,2,,2,SElist_Compact_Slide_JPN_4WD,,1674,,lbs,L2,L2,PRMV0084821,Vehicle Weight,IP(認証試験),,C7A0743743214D49AE5FFB6973444FCE,PT構想審査,
1,2B0E99D99E0C46DA8DF1018D6B588EAF,1,0,PRMV0084822 Vehicle Severe Weight PTW or GVWR －,A,45562.01999,0,0,EntryCondition,PT構想審査時点Fix,PT構想審査時点Fix,,JPN,4WD,,2,,2,SElist_Compact_Slide_JPN_4WD,,1880,,kg,L2,L2,PRMV0084822,Vehicle Severe Weight,PTW or GVWR,－,C7A0743743214D49AE5FFB6973444FCE,PT構想審査,
1,50D521F1F2D24919AF8065D050112368,1,0,PRMV0084823 Vehicle Severe Weight Towing －,A,45562.01999,0,0,EntryCondition,PT構想審査時点Fix,PT構想審査時点Fix,,JPN,4WD,,2,,2,SElist_Compact_Slide_JPN_4WD,,無し,,kg,L2,L2,PRMV0084823,Vehicle Severe Weight,Towing,－,C7A0743743214D49AE5FFB6973444FCE,PT構想審査,
1,B1B56A87E9F3406191CE5BD64E9069FF,1,0,PRMV0084824 Test Weight 燃費 －,A,45562.02,0,0,EntryCondition,PT構想審査時点Fix,PT構想審査時点Fix,,JPN,4WD,,2,,2,SElist_Compact_Slide_JPN_4WD,,1674,,kg,L2,L2,PRMV0084824,Test Weight,燃費,－,C7A0743743214D49AE5FFB6973444FCE,PT構想審査,
1,B3398E34D8264EEA936EFAE5ABA4647D,1,0,PRMV0084825 Test Weight 動力当り前性能  －,A,45562.02,0,0,EntryCondition,PT構想審査時点Fix,PT構想審査時点Fix,,JPN,4WD,,2,,2,SElist_Compact_Slide_JPN_4WD,,1880,,kg,L2,L2,PRMV0084825,Test Weight,動力当り前性能 ,－,C7A0743743214D49AE5FFB6973444FCE,PT構想審査,
1,9B00D3B980154A24A0EA9E9973C97CC7,1,0,PRMV0084826 Test Weight 動力Accerelation －,A,45562.02001,0,0,EntryCondition,PT構想審査時点Fix,PT構想審査時点Fix,,JPN,4WD,,2,,2,SElist_Compact_Slide_JPN_4WD,,1680,,kg,L2,L2,PRMV0084826,Test Weight,動力Accerelation,－,C7A0743743214D49AE5FFB6973444FCE,PT構想審査,
1,191EEEDBB60B4D238F260EAAF799CFE0,1,0,PRMV0084827 Test Weight 排気(IPランク)WLTC T.W. －,A,45562.02001,0,0,EntryCondition,PT構想審査時点Fix,PT構想審査時点Fix,,JPN,4WD,,2,,2,SElist_Compact_Slide_JPN_4WD,,n,,kg,L2,L2,PRMV0084827,Test Weight,排気(IPランク)WLTC T.W.,－,C7A0743743214D49AE5FFB6973444FCE,PT構想審査,
1,945B5BCB0FC64EB7A8D5947C0E26FAB2,1,0,PRMV0084828 Test Weight 排気(IPランク)RDE －,A,45562.02002,0,0,EntryCondition,PT構想審査時点Fix,PT構想審査時点Fix,,JPN,4WD,,2,,2,SElist_Compact_Slide_JPN_4WD,,n,,kg,L2,L2,PRMV0084828,Test Weight,排気(IPランク)RDE,－,C7A0743743214D49AE5FFB6973444FCE,PT構想審査,
1,8A16A7C2A1D643C293A3F35047212FB7,1,0,PRMV0084829 Test Weight OBD(IPランク)WLTC T.W. －,A,45562.02002,0,0,EntryCondition,PT構想審査時点Fix,PT構想審査時点Fix,,JPN,4WD,,2,,2,SElist_Compact_Slide_JPN_4WD,,n,,kg,L2,L2,PRMV0084829,Test Weight,OBD(IPランク)WLTC T.W.,－,C7A0743743214D49AE5FFB6973444FCE,PT構想審査,
1,D32E52FEB361423D994D919D396B1B58,1,0,PRMV0084830 Test Weight 熱GVWR －,A,45562.02002,0,0,EntryCondition,PT構想審査時点Fix,PT構想審査時点Fix,,JPN,4WD,,2,,2,SElist_Compact_Slide_JPN_4WD,,n,,kg,L2,L2,PRMV0084830,Test Weight,熱GVWR,－,C7A0743743214D49AE5FFB6973444FCE,PT構想審査,
1,50E8F240ACB34E71988716D04C84402F,1,0,PRMV0084831 Test Weight 音 －,A,45562.02003,0,0,EntryCondition,PT構想審査時点Fix,PT構想審査時点Fix,,JPN,4WD,,2,,2,SElist_Compact_Slide_JPN_4WD,,n,,kg,L2,L2,PRMV0084831,Test Weight,音,－,C7A0743743214D49AE5FFB6973444FCE,PT構想審査,
1,72D9727CD6FC4A86BDAC1638E69FA7FD,1,0,PRMV0084832 Test Weight 運転性 －,A,45562.02003,0,0,EntryCondition,PT構想審査時点Fix,PT構想審査時点Fix,,JPN,4WD,,2,,2,SElist_Compact_Slide_JPN_4WD,,n,,kg,L2,L2,PRMV0084832,Test Weight,運転性,－,C7A0743743214D49AE5FFB6973444FCE,PT構想審査,
1,0562C880A73F4B9083112DD61A384CB0,1,0,PRMV0084833 Test Weight エバポ －,A,45562.02005,0,0,EntryCondition,PT構想審査時点Fix,PT構想審査時点Fix,,JPN,4WD,,2,,2,SElist_Compact_Slide_JPN_4WD,,1.9865,,kg,L2,L2,PRMV0084833,Test Weight,エバポ,－,C7A0743743214D49AE5FFB6973444FCE,PT構想審査,
1,E3A3253D3F5741D284CE5DE031E056CE,1,0,PRMV0084834 Test Weight シビアシーンあざみライン / ターンパイク －,A,45562.02005,0,0,EntryCondition,PT構想審査時点Fix,PT構想審査時点Fix,,JPN,4WD,,2,,2,SElist_Compact_Slide_JPN_4WD,,n,,kg,L2,L2,PRMV0084834,Test Weight,シビアシーンあざみライン / ターンパイク,－,C7A0743743214D49AE5FFB6973444FCE,PT構想審査,
1,D8128105D5304C8E961BD0DC264EF001,1,0,PRMV0084835 Test Weight シビアシーン熱性能GVWR －,A,45562.02006,0,0,EntryCondition,PT構想審査時点Fix,PT構想審査時点Fix,,JPN,4WD,,2,,2,SElist_Compact_Slide_JPN_4WD,,n,,kg,L2,L2,PRMV0084835,Test Weight,シビアシーン熱性能GVWR,－,C7A0743743214D49AE5FFB6973444FCE,PT構想審査,
1,36FF8EA55B5C488F8978196DAA80B7FF,1,0,"PRMV0084836 Test Weight シビアシーン熱性能130km/h,R/L －",A,45562.02006,0,0,EntryCondition,PT構想審査時点Fix,PT構想審査時点Fix,,JPN,4WD,,2,,2,SElist_Compact_Slide_JPN_4WD,,n,,kg,L2,L2,PRMV0084836,Test Weight,"シビアシーン熱性能130km/h,R/L",－,C7A0743743214D49AE5FFB6973444FCE,PT構想審査,
1,1E8F9202F53E4E94B0B4CA877442B8F0,1,0,"PRMV0084837 Test Weight シビアシーン熱性能60km/h,8.7%勾配 －",A,45562.02007,0,0,EntryCondition,PT構想審査時点Fix,PT構想審査時点Fix,,JPN,4WD,,2,,2,SElist_Compact_Slide_JPN_4WD,,n,,kg,L2,L2,PRMV0084837,Test Weight,"シビアシーン熱性能60km/h,8.7%勾配",－,C7A0743743214D49AE5FFB6973444FCE,PT構想審査,
1,61F642260C4348D58A048D54CDB25B65,1,0,PRMV0084838 Test Weight 6分類GVWR －,A,45562.02007,0,0,EntryCondition,PT構想審査時点Fix,PT構想審査時点Fix,,JPN,4WD,,2,,2,SElist_Compact_Slide_JPN_4WD,,n,,kg,L2,L2,PRMV0084838,Test Weight,6分類GVWR,－,C7A0743743214D49AE5FFB6973444FCE,PT構想審査,
1,78F8AF8BA10045859965644465978139,1,0,PRMV0084839 空力 Cd  －,A,45562.02007,0,0,EntryCondition,PT構想審査時点Fix,PT構想審査時点Fix,,JPN,4WD,,2,,2,SElist_Compact_Slide_JPN_4WD,,－,,－,L2,L2,PRMV0084839,空力,Cd ,－,C7A0743743214D49AE5FFB6973444FCE,PT構想審査,
1,AB8BB93846B84E0BBF89A376702CBCCB,1,0,PRMV0084840 空力 ΔCd (AGS閉→全開) －,A,45562.02008,0,0,EntryCondition,PT構想審査時点Fix,PT構想審査時点Fix,,JPN,4WD,,2,,2,SElist_Compact_Slide_JPN_4WD,,0.372,,－,L2,L2,PRMV0084840,空力,ΔCd (AGS閉→全開),－,C7A0743743214D49AE5FFB6973444FCE,PT構想審査,
1,CAC740A3878E4D889A37929867960F01,1,0,PRMV0084841 空力 A －,A,45562.02009,0,0,EntryCondition,PT構想審査時点Fix,PT構想審査時点Fix,,JPN,4WD,,2,,2,SElist_Compact_Slide_JPN_4WD,,2.51,,m#00B2,L2,L2,PRMV0084841,空力,A,－,C7A0743743214D49AE5FFB6973444FCE,PT構想審査,
1,15774CF57FE34713BA0BC37FF21D354A,1,0,PRMV0084842 空力 Grill shutter仕様（名称） －,A,45562.02009,0,0,EntryCondition,PT構想審査時点Fix,PT構想審査時点Fix,,JPN,4WD,,2,,2,SElist_Compact_Slide_JPN_4WD,,－,,－,L2,L2,PRMV0084842,空力,Grill shutter仕様（名称）,－,C7A0743743214D49AE5FFB6973444FCE,PT構想審査,
1,FD614125315243D5BC654D14A3B3E944,1,0,PRMV0084843 タイヤ FRサイズ －,A,45562.0201,0,0,EntryCondition,PT構想審査時点Fix,PT構想審査時点Fix,,JPN,4WD,,2,,2,SElist_Compact_Slide_JPN_4WD,,185/65/15,,－,L2,L2,PRMV0084843,タイヤ,FRサイズ,－,C7A0743743214D49AE5FFB6973444FCE,PT構想審査,
1,08E0D7F766F841459B3771790F2F78EE,1,0,PRMV0084844 タイヤ FR動半径 －,A,45562.0201,0,0,EntryCondition,PT構想審査時点Fix,PT構想審査時点Fix,,JPN,4WD,,2,,2,SElist_Compact_Slide_JPN_4WD,,0.298,,m,L2,L2,PRMV0084844,タイヤ,FR動半径,－,C7A0743743214D49AE5FFB6973444FCE,PT構想審査,
1,35E0D2F28B4B45B8BCA0BBE43A132A36,1,0,"PRMV0084845 タイヤ FR RRC (ISO 28560 80kmh,210kPa) －",A,45562.02012,0,0,EntryCondition,PT構想審査時点Fix,PT構想審査時点Fix,,JPN,4WD,,2,,2,SElist_Compact_Slide_JPN_4WD,,6.6,,－,L2,L2,PRMV0084845,タイヤ,"FR RRC (ISO 28560 80kmh,210kPa)",－,C7A0743743214D49AE5FFB6973444FCE,PT構想審査,
1,77A7DCBFF30A4C5C8F58C249D2036AA0,1,0,PRMV0084846 タイヤ FR RRC (車両状態) －,A,45562.02012,0,0,EntryCondition,PT構想審査時点Fix,PT構想審査時点Fix,,JPN,4WD,,2,,2,SElist_Compact_Slide_JPN_4WD,,6.3,,－,L2,L2,PRMV0084846,タイヤ,FR RRC (車両状態),－,C7A0743743214D49AE5FFB6973444FCE,PT構想審査,
1,D244220AB6194D0BBCDCD0B399A55BBB,1,0,PRMV0084847 タイヤ FR RRC (車両状態)空気圧 －,A,45562.02012,0,0,EntryCondition,PT構想審査時点Fix,PT構想審査時点Fix,,JPN,4WD,,2,,2,SElist_Compact_Slide_JPN_4WD,,230,,kPa,L2,L2,PRMV0084847,タイヤ,FR RRC (車両状態)空気圧,－,C7A0743743214D49AE5FFB6973444FCE,PT構想審査,
1,059FCB3F94424C37925649AC7F4A13B8,1,0,PRMV0084848 タイヤ FR イナーシャ(1本)  －,A,45562.02013,0,0,EntryCondition,PT構想審査時点Fix,PT構想審査時点Fix,,JPN,4WD,,2,,2,SElist_Compact_Slide_JPN_4WD,,n,,kgm#00B2,L2,L2,PRMV0084848,タイヤ,FR イナーシャ(1本) ,－,C7A0743743214D49AE5FFB6973444FCE,PT構想審査,
1,FBAB06A271904612AE72B22D28784879,1,0,PRMV0084849 タイヤ RRサイズ －,A,45562.02013,0,0,EntryCondition,PT構想審査時点Fix,PT構想審査時点Fix,,JPN,4WD,,2,,2,SElist_Compact_Slide_JPN_4WD,,185/65/15,,－,L2,L2,PRMV0084849,タイヤ,RRサイズ,－,C7A0743743214D49AE5FFB6973444FCE,PT構想審査,
1,9625CF49E6544E03AD2493F9313332EB,1,0,PRMV0084850 タイヤ RR動半径 －,A,45562.02014,0,0,EntryCondition,PT構想審査時点Fix,PT構想審査時点Fix,,JPN,4WD,,2,,2,SElist_Compact_Slide_JPN_4WD,,0.298,,m,L2,L2,PRMV0084850,タイヤ,RR動半径,－,C7A0743743214D49AE5FFB6973444FCE,PT構想審査,
1,A2AE255B44EA4318B69F3E3C0158A7C2,1,0,"PRMV0084851 タイヤ RR RRC (ISO 28560 80kmh,210kPa) －",A,45562.02014,0,0,EntryCondition,PT構想審査時点Fix,PT構想審査時点Fix,,JPN,4WD,,2,,2,SElist_Compact_Slide_JPN_4WD,,6.6,,－,L2,L2,PRMV0084851,タイヤ,"RR RRC (ISO 28560 80kmh,210kPa)",－,C7A0743743214D49AE5FFB6973444FCE,PT構想審査,
1,3DF702A76ECD490E8D20C5CD1ADBC398,1,0,PRMV0084852 タイヤ RR RRC (車両状態) －,A,45562.02015,0,0,EntryCondition,PT構想審査時点Fix,PT構想審査時点Fix,,JPN,4WD,,2,,2,SElist_Compact_Slide_JPN_4WD,,6.6,,－,L2,L2,PRMV0084852,タイヤ,RR RRC (車両状態),－,C7A0743743214D49AE5FFB6973444FCE,PT構想審査,
1,25486069E11440F0AB4061BCB9AF3103,1,0,PRMV0084853 タイヤ RR RRC (車両状態)空気圧 －,A,45562.02015,0,0,EntryCondition,PT構想審査時点Fix,PT構想審査時点Fix,,JPN,4WD,,2,,2,SElist_Compact_Slide_JPN_4WD,,210,,kPa,L2,L2,PRMV0084853,タイヤ,RR RRC (車両状態)空気圧,－,C7A0743743214D49AE5FFB6973444FCE,PT構想審査,
1,9213EF72FDE8414CA5AB3CDEA8D3FC2D,1,0,PRMV0084854 タイヤ RR イナーシャ(1本)  －,A,45562.02016,0,0,EntryCondition,PT構想審査時点Fix,PT構想審査時点Fix,,JPN,4WD,,2,,2,SElist_Compact_Slide_JPN_4WD,,n,,kgm#00B2,L2,L2,PRMV0084854,タイヤ,RR イナーシャ(1本) ,－,C7A0743743214D49AE5FFB6973444FCE,PT構想審査,
1,1B22D69807D9490A92DC56BD86298F1F,1,0,PRMV0084855 ホイール イナーシャ(1本) －,A,45562.02016,0,0,EntryCondition,PT構想審査時点Fix,PT構想審査時点Fix,,JPN,4WD,,2,,2,SElist_Compact_Slide_JPN_4WD,,n,,kgm#00B2,L2,L2,PRMV0084855,ホイール,イナーシャ(1本),－,C7A0743743214D49AE5FFB6973444FCE,PT構想審査,
1,9EFB9FC79C80415B8C72BE43188FF3AA,1,0,PRMV0084856 HUB FR 引き摺りトルク (@80km/h) －,A,45562.02017,0,0,EntryCondition,PT構想審査時点Fix,PT構想審査時点Fix,,JPN,4WD,,2,,2,SElist_Compact_Slide_JPN_4WD,,160,,Nm/veh,L2,L2,PRMV0084856,HUB,FR 引き摺りトルク (@80km/h),－,C7A0743743214D49AE5FFB6973444FCE,PT構想審査,
1,B6EB2B634EE14D55834AE419F81D2BF9,1,0,PRMV0084857 HUB RR 引き摺りトルク (@80km/h) －,A,45562.02017,0,0,EntryCondition,PT構想審査時点Fix,PT構想審査時点Fix,,JPN,4WD,,2,,2,SElist_Compact_Slide_JPN_4WD,,300,,Nm/veh,L2,L2,PRMV0084857,HUB,RR 引き摺りトルク (@80km/h),－,C7A0743743214D49AE5FFB6973444FCE,PT構想審査,
1,6A20EA69BB84494C8C369BCA1695340D,1,0,PRMV0084858 ブレーキ FR引き摺りトルク (経験圧3Mpa＠60kph) －,A,45562.02019,0,0,EntryCondition,PT構想審査時点Fix,PT構想審査時点Fix,,JPN,4WD,,2,,2,SElist_Compact_Slide_JPN_4WD,,224,,Nm/veh,L2,L2,PRMV0084858,ブレーキ,FR引き摺りトルク (経験圧3Mpa＠60kph),－,C7A0743743214D49AE5FFB6973444FCE,PT構想審査,
1,71FF6BFA6C704931A2816E160FC3E785,1,0,PRMV0084859 ブレーキ RR引き摺りトルク(経験圧3Mpa＠60kph) －,A,45562.02019,0,0,EntryCondition,PT構想審査時点Fix,PT構想審査時点Fix,,JPN,4WD,,2,,2,SElist_Compact_Slide_JPN_4WD,,0,,Nm/veh,L2,L2,PRMV0084859,ブレーキ,RR引き摺りトルク(経験圧3Mpa＠60kph),－,C7A0743743214D49AE5FFB6973444FCE,PT構想審査,
1,D4ACD857BB3746998E1EC0E112CFC425,1,0,PRMV0084860 走行抵抗 届出(Target Lset式) A0 －,A,45562.02019,0,0,EntryCondition,PT構想審査時点Fix,PT構想審査時点Fix,,JPN,4WD,,2,,2,SElist_Compact_Slide_JPN_4WD,,n,,N,L2,L2,PRMV0084860,走行抵抗,届出(Target Lset式) A0,－,C7A0743743214D49AE5FFB6973444FCE,PT構想審査,
1,AA11FFD1EEB24C0CAC76F24756017625,1,0,PRMV0084861 走行抵抗 届出(Target Lset式) A1 －,A,45562.0202,0,0,EntryCondition,PT構想審査時点Fix,PT構想審査時点Fix,,JPN,4WD,,2,,2,SElist_Compact_Slide_JPN_4WD,,n,,N/kph,L2,L2,PRMV0084861,走行抵抗,届出(Target Lset式) A1,－,C7A0743743214D49AE5FFB6973444FCE,PT構想審査,
1,C843FEF56CA4426CB4B139FEEAE6C0FD,1,0,PRMV0084862 走行抵抗 届出(Target Lset式) A2 －,A,45562.02021,0,0,EntryCondition,PT構想審査時点Fix,PT構想審査時点Fix,,JPN,4WD,,2,,2,SElist_Compact_Slide_JPN_4WD,,n,,N/kph#00B2,L2,L2,PRMV0084862,走行抵抗,届出(Target Lset式) A2,－,C7A0743743214D49AE5FFB6973444FCE,PT構想審査,
1,7800ADD9C4EE4A5FBBE455B8625C673D,1,0,PRMV0084863 走行抵抗 届出(Target Lset式) IP －,A,45562.02021,0,0,EntryCondition,PT構想審査時点Fix,PT構想審査時点Fix,,JPN,4WD,,2,,2,SElist_Compact_Slide_JPN_4WD,,n,,kg,L2,L2,PRMV0084863,走行抵抗,届出(Target Lset式) IP,－,C7A0743743214D49AE5FFB6973444FCE,PT構想審査,
1,A9CD1AADBCF842D193A08ED71FB74A07,1,0,PRMV0084864 走行抵抗 届出(Target Lset式) 排気A0 －,A,45562.02021,0,0,EntryCondition,PT構想審査時点Fix,PT構想審査時点Fix,,JPN,4WD,,2,,2,SElist_Compact_Slide_JPN_4WD,,n,,N,L2,L2,PRMV0084864,走行抵抗,届出(Target Lset式) 排気A0,－,C7A0743743214D49AE5FFB6973444FCE,PT構想審査,
1,54544FEA78AC47EEBE3A2173601F3A5B,1,0,PRMV0084865 走行抵抗 届出(Target Lset式) 排気A1 －,A,45562.02022,0,0,EntryCondition,PT構想審査時点Fix,PT構想審査時点Fix,,JPN,4WD,,2,,2,SElist_Compact_Slide_JPN_4WD,,n,,N/kph,L2,L2,PRMV0084865,走行抵抗,届出(Target Lset式) 排気A1,－,C7A0743743214D49AE5FFB6973444FCE,PT構想審査,
1,26E91926BE1349209A2E0CA68ACE346A,1,0,PRMV0084866 走行抵抗 届出(Target Lset式) 排気A2 －,A,45562.02022,0,0,EntryCondition,PT構想審査時点Fix,PT構想審査時点Fix,,JPN,4WD,,2,,2,SElist_Compact_Slide_JPN_4WD,,n,,N/kph#00B2,L2,L2,PRMV0084866,走行抵抗,届出(Target Lset式) 排気A2,－,C7A0743743214D49AE5FFB6973444FCE,PT構想審査,
1,6C7F18F6A2C34AB8A8173247E755FA99,1,0,PRMV0084867 走行抵抗 届出(Target Lset式) 排気IP －,A,45562.02023,0,0,EntryCondition,PT構想審査時点Fix,PT構想審査時点Fix,,JPN,4WD,,2,,2,SElist_Compact_Slide_JPN_4WD,,n,,kg,L2,L2,PRMV0084867,走行抵抗,届出(Target Lset式) 排気IP,－,C7A0743743214D49AE5FFB6973444FCE,PT構想審査,
1,F5B5248D65494A3CBCC4C7872D4B947C,1,0,PRMV0084868 走行抵抗 届出(Target Lset式) エバポA0 －,A,45562.02023,0,0,EntryCondition,PT構想審査時点Fix,PT構想審査時点Fix,,JPN,4WD,,2,,2,SElist_Compact_Slide_JPN_4WD,,n,,N,L2,L2,PRMV0084868,走行抵抗,届出(Target Lset式) エバポA0,－,C7A0743743214D49AE5FFB6973444FCE,PT構想審査,
1,F4CB38FFFA2F49F389A9444E30601A69,1,0,PRMV0084869 走行抵抗 届出(Target Lset式) エバポA1 －,A,45562.02023,0,0,EntryCondition,PT構想審査時点Fix,PT構想審査時点Fix,,JPN,4WD,,2,,2,SElist_Compact_Slide_JPN_4WD,,n,,N/kph,L2,L2,PRMV0084869,走行抵抗,届出(Target Lset式) エバポA1,－,C7A0743743214D49AE5FFB6973444FCE,PT構想審査,
1,B68EE0C793A04FCA806496C1C1CF1BF4,1,0,PRMV0084870 走行抵抗 届出(Target Lset式) エバポA2 －,A,45562.02024,0,0,EntryCondition,PT構想審査時点Fix,PT構想審査時点Fix,,JPN,4WD,,2,,2,SElist_Compact_Slide_JPN_4WD,,n,,N/kph#00B2,L2,L2,PRMV0084870,走行抵抗,届出(Target Lset式) エバポA2,－,C7A0743743214D49AE5FFB6973444FCE,PT構想審査,
1,238016507BB949329F5B44CF01687E31,1,0,PRMV0084871 走行抵抗 届出(Target Lset式) エバポIP －,A,45562.02024,0,0,EntryCondition,PT構想審査時点Fix,PT構想審査時点Fix,,JPN,4WD,,2,,2,SElist_Compact_Slide_JPN_4WD,,n,,kg,L2,L2,PRMV0084871,走行抵抗,届出(Target Lset式) エバポIP,－,C7A0743743214D49AE5FFB6973444FCE,PT構想審査,
1,FDCB87F20F864ED28EE2F926BAC7CBBA,1,0,PRMV0084872 性能検討用走行抵抗式(ePT連れ回り排除) 航続距離(C/D車載状態)A0 －,A,45562.02025,0,0,EntryCondition,PT構想審査時点Fix,PT構想審査時点Fix,,JPN,4WD,,2,,2,SElist_Compact_Slide_JPN_4WD,,n,,N,L2,L2,PRMV0084872,性能検討用走行抵抗式(ePT連れ回り排除),航続距離(C/D車載状態)A0,－,C7A0743743214D49AE5FFB6973444FCE,PT構想審査,
1,70CC0896B3944FAC82CB01AF19F8FF75,1,0,PRMV0084873 性能検討用走行抵抗式(ePT連れ回り排除) 航続距離(C/D車載状態)A1 －,A,45562.02025,0,0,EntryCondition,PT構想審査時点Fix,PT構想審査時点Fix,,JPN,4WD,,2,,2,SElist_Compact_Slide_JPN_4WD,,n,,N/kph,L2,L2,PRMV0084873,性能検討用走行抵抗式(ePT連れ回り排除),航続距離(C/D車載状態)A1,－,C7A0743743214D49AE5FFB6973444FCE,PT構想審査,
1,8BBA7A0DB1F14EB280A6509923D05719,1,0,PRMV0084874 性能検討用走行抵抗式(ePT連れ回り排除) 航続距離(C/D車載状態)A2 －,A,45562.02027,0,0,EntryCondition,PT構想審査時点Fix,PT構想審査時点Fix,,JPN,4WD,,2,,2,SElist_Compact_Slide_JPN_4WD,,n,,N/kph#00B2,L2,L2,PRMV0084874,性能検討用走行抵抗式(ePT連れ回り排除),航続距離(C/D車載状態)A2,－,C7A0743743214D49AE5FFB6973444FCE,PT構想審査,
1,A3694D3190194E29A1FC9690B761CB55,1,0,PRMV0084875 性能検討用走行抵抗式(ePT連れ回り排除) 航続距離(C/D車載状態)IP －,A,45562.02027,0,0,EntryCondition,PT構想審査時点Fix,PT構想審査時点Fix,,JPN,4WD,,2,,2,SElist_Compact_Slide_JPN_4WD,,n,,kg,L2,L2,PRMV0084875,性能検討用走行抵抗式(ePT連れ回り排除),航続距離(C/D車載状態)IP,－,C7A0743743214D49AE5FFB6973444FCE,PT構想審査,
1,DBABED2FCA624DFDAF015682E60438C2,1,0,PRMV0084876 性能検討用走行抵抗式(ePT連れ回り排除) 動力当り前性能A0 －,A,45562.02027,0,0,EntryCondition,PT構想審査時点Fix,PT構想審査時点Fix,,JPN,4WD,,2,,2,SElist_Compact_Slide_JPN_4WD,,n,,N,L2,L2,PRMV0084876,性能検討用走行抵抗式(ePT連れ回り排除),動力当り前性能A0,－,C7A0743743214D49AE5FFB6973444FCE,PT構想審査,
1,C820CC022AA14C599376F60089A512F3,1,0,PRMV0084877 性能検討用走行抵抗式(ePT連れ回り排除) 動力当り前性能A1 －,A,45562.02028,0,0,EntryCondition,PT構想審査時点Fix,PT構想審査時点Fix,,JPN,4WD,,2,,2,SElist_Compact_Slide_JPN_4WD,,n,,N/kph,L2,L2,PRMV0084877,性能検討用走行抵抗式(ePT連れ回り排除),動力当り前性能A1,－,C7A0743743214D49AE5FFB6973444FCE,PT構想審査,
1,F5206B7206374D448B452AB213696F0A,1,0,PRMV0084878 性能検討用走行抵抗式(ePT連れ回り排除) 動力当り前性能A2 －,A,45562.02028,0,0,EntryCondition,PT構想審査時点Fix,PT構想審査時点Fix,,JPN,4WD,,2,,2,SElist_Compact_Slide_JPN_4WD,,n,,N/kph#00B2,L2,L2,PRMV0084878,性能検討用走行抵抗式(ePT連れ回り排除),動力当り前性能A2,－,C7A0743743214D49AE5FFB6973444FCE,PT構想審査,
1,BE401E73E6CF42FD9EEAEA47603E8203,1,0,PRMV0084879 性能検討用走行抵抗式(ePT連れ回り排除) 動力当り前性能IP －,A,45562.02029,0,0,EntryCondition,PT構想審査時点Fix,PT構想審査時点Fix,,JPN,4WD,,2,,2,SElist_Compact_Slide_JPN_4WD,,n,,kg,L2,L2,PRMV0084879,性能検討用走行抵抗式(ePT連れ回り排除),動力当り前性能IP,－,C7A0743743214D49AE5FFB6973444FCE,PT構想審査,
1,1D610575E67A48528A3F437E343D456E,1,0,PRMV0084880 性能検討用走行抵抗式(ePT連れ回り排除) 動力AccerelationA0 －,A,45562.02029,0,0,EntryCondition,PT構想審査時点Fix,PT構想審査時点Fix,,JPN,4WD,,2,,2,SElist_Compact_Slide_JPN_4WD,,n,,N,L2,L2,PRMV0084880,性能検討用走行抵抗式(ePT連れ回り排除),動力AccerelationA0,－,C7A0743743214D49AE5FFB6973444FCE,PT構想審査,
1,2C132ED701C943519B27878A0DD80B53,1,0,PRMV0084881 性能検討用走行抵抗式(ePT連れ回り排除) 動力AccerelationA1 －,A,45562.0203,0,0,EntryCondition,PT構想審査時点Fix,PT構想審査時点Fix,,JPN,4WD,,2,,2,SElist_Compact_Slide_JPN_4WD,,n,,N/kph,L2,L2,PRMV0084881,性能検討用走行抵抗式(ePT連れ回り排除),動力AccerelationA1,－,C7A0743743214D49AE5FFB6973444FCE,PT構想審査,
1,FFC2230C9EF84DE788FB28DC062C60D3,1,0,PRMV0084882 性能検討用走行抵抗式(ePT連れ回り排除) 動力AccerelationA2 －,A,45562.0203,0,0,EntryCondition,PT構想審査時点Fix,PT構想審査時点Fix,,JPN,4WD,,2,,2,SElist_Compact_Slide_JPN_4WD,,n,,N/kph#00B2,L2,L2,PRMV0084882,性能検討用走行抵抗式(ePT連れ回り排除),動力AccerelationA2,－,C7A0743743214D49AE5FFB6973444FCE,PT構想審査,
1,F54EC640ECC041419243C1820AEBE713,1,0,PRMV0084883 性能検討用走行抵抗式(ePT連れ回り排除) 動力AccerelationIP －,A,45562.0203,0,0,EntryCondition,PT構想審査時点Fix,PT構想審査時点Fix,,JPN,4WD,,2,,2,SElist_Compact_Slide_JPN_4WD,,n,,kg,L2,L2,PRMV0084883,性能検討用走行抵抗式(ePT連れ回り排除),動力AccerelationIP,－,C7A0743743214D49AE5FFB6973444FCE,PT構想審査,
1,3DD4B22F8B4949D7BAECFDC8C33A5A7B,1,0,PRMV0084884 性能検討用走行抵抗式(ePT連れ回り排除) 動力VmaxA0 －,A,45562.02031,0,0,EntryCondition,PT構想審査時点Fix,PT構想審査時点Fix,,JPN,4WD,,2,,2,SElist_Compact_Slide_JPN_4WD,,n,,N,L2,L2,PRMV0084884,性能検討用走行抵抗式(ePT連れ回り排除),動力VmaxA0,－,C7A0743743214D49AE5FFB6973444FCE,PT構想審査,
1,DD3CB7CBD0764CA3B113A5FBA9AE4119,1,0,PRMV0084885 性能検討用走行抵抗式(ePT連れ回り排除) 動力VmaxA1 －,A,45562.02031,0,0,EntryCondition,PT構想審査時点Fix,PT構想審査時点Fix,,JPN,4WD,,2,,2,SElist_Compact_Slide_JPN_4WD,,n,,N/kph,L2,L2,PRMV0084885,性能検討用走行抵抗式(ePT連れ回り排除),動力VmaxA1,－,C7A0743743214D49AE5FFB6973444FCE,PT構想審査,
1,4DDCBBA309614F53BE64489DFC73E22B,1,0,PRMV0084886 性能検討用走行抵抗式(ePT連れ回り排除) 動力VmaxA2 －,A,45562.02032,0,0,EntryCondition,PT構想審査時点Fix,PT構想審査時点Fix,,JPN,4WD,,2,,2,SElist_Compact_Slide_JPN_4WD,,n,,N/kph#00B2,L2,L2,PRMV0084886,性能検討用走行抵抗式(ePT連れ回り排除),動力VmaxA2,－,C7A0743743214D49AE5FFB6973444FCE,PT構想審査,
1,1F637D26FC9C405195E188156BD3B3CC,1,0,PRMV0084887 性能検討用走行抵抗式(ePT連れ回り排除) 動力VmaxIP －,A,45562.02032,0,0,EntryCondition,PT構想審査時点Fix,PT構想審査時点Fix,,JPN,4WD,,2,,2,SElist_Compact_Slide_JPN_4WD,,n,,kg,L2,L2,PRMV0084887,性能検討用走行抵抗式(ePT連れ回り排除),動力VmaxIP,－,C7A0743743214D49AE5FFB6973444FCE,PT構想審査,
1,F2AF85E2E2E846A4B101133A11D33FEA,1,0,PRMV0084888 性能検討用走行抵抗式(ePT連れ回り排除) 動力シビアA0 －,A,45562.02034,0,0,EntryCondition,PT構想審査時点Fix,PT構想審査時点Fix,,JPN,4WD,,2,,2,SElist_Compact_Slide_JPN_4WD,,n,,N,L2,L2,PRMV0084888,性能検討用走行抵抗式(ePT連れ回り排除),動力シビアA0,－,C7A0743743214D49AE5FFB6973444FCE,PT構想審査,
1,9EC356859F594351B52B44916D20A677,1,0,PRMV0084889 性能検討用走行抵抗式(ePT連れ回り排除) 動力シビアA1 －,A,45562.02034,0,0,EntryCondition,PT構想審査時点Fix,PT構想審査時点Fix,,JPN,4WD,,2,,2,SElist_Compact_Slide_JPN_4WD,,n,,N/kph,L2,L2,PRMV0084889,性能検討用走行抵抗式(ePT連れ回り排除),動力シビアA1,－,C7A0743743214D49AE5FFB6973444FCE,PT構想審査,
1,8475C1890F4A4D868C3CFC34796041F9,1,0,PRMV0084890 性能検討用走行抵抗式(ePT連れ回り排除) 動力シビアA2 －,A,45562.02034,0,0,EntryCondition,PT構想審査時点Fix,PT構想審査時点Fix,,JPN,4WD,,2,,2,SElist_Compact_Slide_JPN_4WD,,n,,N/kph#00B2,L2,L2,PRMV0084890,性能検討用走行抵抗式(ePT連れ回り排除),動力シビアA2,－,C7A0743743214D49AE5FFB6973444FCE,PT構想審査,
1,868097AB0CCB4D8891AC79332E5CDAA8,1,0,PRMV0084891 性能検討用走行抵抗式(ePT連れ回り排除) 動力シビアIP －,A,45562.02035,0,0,EntryCondition,PT構想審査時点Fix,PT構想審査時点Fix,,JPN,4WD,,2,,2,SElist_Compact_Slide_JPN_4WD,,n,,kg,L2,L2,PRMV0084891,性能検討用走行抵抗式(ePT連れ回り排除),動力シビアIP,－,C7A0743743214D49AE5FFB6973444FCE,PT構想審査,
1,933D19A160D445CD9907F43198B72743,1,0,PRMV0084892 性能検討用走行抵抗式(ePT連れ回り排除) 排気WLTCA0 －,A,45562.02035,0,0,EntryCondition,PT構想審査時点Fix,PT構想審査時点Fix,,JPN,4WD,,2,,2,SElist_Compact_Slide_JPN_4WD,,n,,N,L2,L2,PRMV0084892,性能検討用走行抵抗式(ePT連れ回り排除),排気WLTCA0,－,C7A0743743214D49AE5FFB6973444FCE,PT構想審査,
1,A4AF9472CFCF4DAAA4EF83F98CD5082C,1,0,PRMV0084893 性能検討用走行抵抗式(ePT連れ回り排除) 排気WLTCA1 －,A,45562.02036,0,0,EntryCondition,PT構想審査時点Fix,PT構想審査時点Fix,,JPN,4WD,,2,,2,SElist_Compact_Slide_JPN_4WD,,n,,N/kph,L2,L2,PRMV0084893,性能検討用走行抵抗式(ePT連れ回り排除),排気WLTCA1,－,C7A0743743214D49AE5FFB6973444FCE,PT構想審査,
1,CE09F28AD9984F55A2F618EF962CFA0E,1,0,PRMV0084894 性能検討用走行抵抗式(ePT連れ回り排除) 排気WLTCA2 －,A,45562.02036,0,0,EntryCondition,PT構想審査時点Fix,PT構想審査時点Fix,,JPN,4WD,,2,,2,SElist_Compact_Slide_JPN_4WD,,n,,N/kph#00B2,L2,L2,PRMV0084894,性能検討用走行抵抗式(ePT連れ回り排除),排気WLTCA2,－,C7A0743743214D49AE5FFB6973444FCE,PT構想審査,
1,0894B0C1007C43B0BA945B1B72191E87,1,0,PRMV0084895 性能検討用走行抵抗式(ePT連れ回り排除) 排気WLTCIP －,A,45562.02036,0,0,EntryCondition,PT構想審査時点Fix,PT構想審査時点Fix,,JPN,4WD,,2,,2,SElist_Compact_Slide_JPN_4WD,,n,,kg,L2,L2,PRMV0084895,性能検討用走行抵抗式(ePT連れ回り排除),排気WLTCIP,－,C7A0743743214D49AE5FFB6973444FCE,PT構想審査,
1,094FF212CAE24DD38788A829B4143FA0,1,0,PRMV0084896 性能検討用走行抵抗式(ePT連れ回り排除) 排気RDEA0 －,A,45562.02037,0,0,EntryCondition,PT構想審査時点Fix,PT構想審査時点Fix,,JPN,4WD,,2,,2,SElist_Compact_Slide_JPN_4WD,,n,,N,L2,L2,PRMV0084896,性能検討用走行抵抗式(ePT連れ回り排除),排気RDEA0,－,C7A0743743214D49AE5FFB6973444FCE,PT構想審査,
1,A383025671C547629FFD6ADFB1CBB13E,1,0,PRMV0084897 性能検討用走行抵抗式(ePT連れ回り排除) 排気RDEA1 －,A,45562.02037,0,0,EntryCondition,PT構想審査時点Fix,PT構想審査時点Fix,,JPN,4WD,,2,,2,SElist_Compact_Slide_JPN_4WD,,n,,N/kph,L2,L2,PRMV0084897,性能検討用走行抵抗式(ePT連れ回り排除),排気RDEA1,－,C7A0743743214D49AE5FFB6973444FCE,PT構想審査,
1,DA14679951C1409C8E782123FA482B24,1,0,PRMV0084898 性能検討用走行抵抗式(ePT連れ回り排除) 排気RDEA2 －,A,45562.02038,0,0,EntryCondition,PT構想審査時点Fix,PT構想審査時点Fix,,JPN,4WD,,2,,2,SElist_Compact_Slide_JPN_4WD,,n,,N/kph#00B2,L2,L2,PRMV0084898,性能検討用走行抵抗式(ePT連れ回り排除),排気RDEA2,－,C7A0743743214D49AE5FFB6973444FCE,PT構想審査,
1,22FF6D08C3C24B4C978170374877670A,1,0,PRMV0084899 性能検討用走行抵抗式(ePT連れ回り排除) 排気RDEIP －,A,45562.02038,0,0,EntryCondition,PT構想審査時点Fix,PT構想審査時点Fix,,JPN,4WD,,2,,2,SElist_Compact_Slide_JPN_4WD,,n,,kg,L2,L2,PRMV0084899,性能検討用走行抵抗式(ePT連れ回り排除),排気RDEIP,－,C7A0743743214D49AE5FFB6973444FCE,PT構想審査,
1,15311D833C0F475195D7AD9276CCED30,1,0,PRMV0084900 性能検討用走行抵抗式(ePT連れ回り排除) エバポWLTCA0 －,A,45562.02039,0,0,EntryCondition,PT構想審査時点Fix,PT構想審査時点Fix,,JPN,4WD,,2,,2,SElist_Compact_Slide_JPN_4WD,,n,,N,L2,L2,PRMV0084900,性能検討用走行抵抗式(ePT連れ回り排除),エバポWLTCA0,－,C7A0743743214D49AE5FFB6973444FCE,PT構想審査,
1,259F58BF8D3E48ADBA6A704016D553D0,1,0,PRMV0084901 性能検討用走行抵抗式(ePT連れ回り排除) エバポWLTCA1 －,A,45562.02039,0,0,EntryCondition,PT構想審査時点Fix,PT構想審査時点Fix,,JPN,4WD,,2,,2,SElist_Compact_Slide_JPN_4WD,,n,,N/kph,L2,L2,PRMV0084901,性能検討用走行抵抗式(ePT連れ回り排除),エバポWLTCA1,－,C7A0743743214D49AE5FFB6973444FCE,PT構想審査,
1,80562A6F6B9647FE9769111A1DF1A209,1,0,PRMV0084902 性能検討用走行抵抗式(ePT連れ回り排除) エバポWLTCA2 －,A,45562.02041,0,0,EntryCondition,PT構想審査時点Fix,PT構想審査時点Fix,,JPN,4WD,,2,,2,SElist_Compact_Slide_JPN_4WD,,n,,N/kph#00B2,L2,L2,PRMV0084902,性能検討用走行抵抗式(ePT連れ回り排除),エバポWLTCA2,－,C7A0743743214D49AE5FFB6973444FCE,PT構想審査,
1,A84A2388A63B4925AF058397D75A7FED,1,0,PRMV0084903 性能検討用走行抵抗式(ePT連れ回り排除) エバポWLTCIP －,A,45562.02041,0,0,EntryCondition,PT構想審査時点Fix,PT構想審査時点Fix,,JPN,4WD,,2,,2,SElist_Compact_Slide_JPN_4WD,,n,,kg,L2,L2,PRMV0084903,性能検討用走行抵抗式(ePT連れ回り排除),エバポWLTCIP,－,C7A0743743214D49AE5FFB6973444FCE,PT構想審査,
1,BBAF73DADA1E4F8A90A9DC37B4514B87,1,0,PRMV0084904 性能検討用走行抵抗式(ePT連れ回り排除) 熱NEMシビアシーンA0 －,A,45562.02042,0,0,EntryCondition,PT構想審査時点Fix,PT構想審査時点Fix,,JPN,4WD,,2,,2,SElist_Compact_Slide_JPN_4WD,,n,,N,L2,L2,PRMV0084904,性能検討用走行抵抗式(ePT連れ回り排除),熱NEMシビアシーンA0,－,C7A0743743214D49AE5FFB6973444FCE,PT構想審査,
1,B4BC3281C49945C28FB80D01DAE51C64,1,0,PRMV0084905 性能検討用走行抵抗式(ePT連れ回り排除) 熱NEMシビアシーンA1 －,A,45562.02042,0,0,EntryCondition,PT構想審査時点Fix,PT構想審査時点Fix,,JPN,4WD,,2,,2,SElist_Compact_Slide_JPN_4WD,,n,,N/kph,L2,L2,PRMV0084905,性能検討用走行抵抗式(ePT連れ回り排除),熱NEMシビアシーンA1,－,C7A0743743214D49AE5FFB6973444FCE,PT構想審査,
1,213CD6BA2FE0406CA31A5161EAA0D1A9,1,0,PRMV0084906 性能検討用走行抵抗式(ePT連れ回り排除) 熱NEMシビアシーンA2 －,A,45562.02043,0,0,EntryCondition,PT構想審査時点Fix,PT構想審査時点Fix,,JPN,4WD,,2,,2,SElist_Compact_Slide_JPN_4WD,,n,,N/kph#00B2,L2,L2,PRMV0084906,性能検討用走行抵抗式(ePT連れ回り排除),熱NEMシビアシーンA2,－,C7A0743743214D49AE5FFB6973444FCE,PT構想審査,
1,0BBBC1BB13A640A38EAC0E018E14A144,1,0,PRMV0084907 性能検討用走行抵抗式(ePT連れ回り排除) 熱NEMシビアシーンIP －,A,45562.02043,0,0,EntryCondition,PT構想審査時点Fix,PT構想審査時点Fix,,JPN,4WD,,2,,2,SElist_Compact_Slide_JPN_4WD,,n,,kg,L2,L2,PRMV0084907,性能検討用走行抵抗式(ePT連れ回り排除),熱NEMシビアシーンIP,－,C7A0743743214D49AE5FFB6973444FCE,PT構想審査,
1,94C745917AF84FC5B780195ACA33A05D,1,0,"PRMV0084908 性能検討用走行抵抗式(ePT連れ回り排除) 熱140km/h,R/LA0 －",A,45562.02043,0,0,EntryCondition,PT構想審査時点Fix,PT構想審査時点Fix,,JPN,4WD,,2,,2,SElist_Compact_Slide_JPN_4WD,,n,,N,L2,L2,PRMV0084908,性能検討用走行抵抗式(ePT連れ回り排除),"熱140km/h,R/LA0",－,C7A0743743214D49AE5FFB6973444FCE,PT構想審査,
1,8FF18089D3BE4AAFBF48AE70485C5D4D,1,0,"PRMV0084909 性能検討用走行抵抗式(ePT連れ回り排除) 熱140km/h,R/LA1 －",A,45562.02044,0,0,EntryCondition,PT構想審査時点Fix,PT構想審査時点Fix,,JPN,4WD,,2,,2,SElist_Compact_Slide_JPN_4WD,,n,,N/kph,L2,L2,PRMV0084909,性能検討用走行抵抗式(ePT連れ回り排除),"熱140km/h,R/LA1",－,C7A0743743214D49AE5FFB6973444FCE,PT構想審査,
1,E614FA2BFA8E4EE1A59AF44A6E023E60,1,0,"PRMV0084910 性能検討用走行抵抗式(ePT連れ回り排除) 熱140km/h,R/LA2 －",A,45562.02044,0,0,EntryCondition,PT構想審査時点Fix,PT構想審査時点Fix,,JPN,4WD,,2,,2,SElist_Compact_Slide_JPN_4WD,,n,,N/kph#00B2,L2,L2,PRMV0084910,性能検討用走行抵抗式(ePT連れ回り排除),"熱140km/h,R/LA2",－,C7A0743743214D49AE5FFB6973444FCE,PT構想審査,
1,14A03C2420CF40FF9FFF430F7C5456F2,1,0,"PRMV0084911 性能検討用走行抵抗式(ePT連れ回り排除) 熱140km/h,R/LIP －",A,45562.02045,0,0,EntryCondition,PT構想審査時点Fix,PT構想審査時点Fix,,JPN,4WD,,2,,2,SElist_Compact_Slide_JPN_4WD,,n,,kg,L2,L2,PRMV0084911,性能検討用走行抵抗式(ePT連れ回り排除),"熱140km/h,R/LIP",－,C7A0743743214D49AE5FFB6973444FCE,PT構想審査,
1,B34A3285677745FA8968179F237AC1C6,1,0,PRMV0084912 性能検討用走行抵抗式(ePT連れ回り排除) 6分類A0 －,A,45562.02045,0,0,EntryCondition,PT構想審査時点Fix,PT構想審査時点Fix,,JPN,4WD,,2,,2,SElist_Compact_Slide_JPN_4WD,,n,,N,L2,L2,PRMV0084912,性能検討用走行抵抗式(ePT連れ回り排除),6分類A0,－,C7A0743743214D49AE5FFB6973444FCE,PT構想審査,
1,EFA62C573C044102B13EC477397CED7E,1,0,PRMV0084913 性能検討用走行抵抗式(ePT連れ回り排除) 6分類A1 －,A,45562.02046,0,0,EntryCondition,PT構想審査時点Fix,PT構想審査時点Fix,,JPN,4WD,,2,,2,SElist_Compact_Slide_JPN_4WD,,n,,N/kph,L2,L2,PRMV0084913,性能検討用走行抵抗式(ePT連れ回り排除),6分類A1,－,C7A0743743214D49AE5FFB6973444FCE,PT構想審査,
1,909366E47DA7440A981D27975D0A21C7,1,0,PRMV0084914 性能検討用走行抵抗式(ePT連れ回り排除) 6分類A2 －,A,45562.02046,0,0,EntryCondition,PT構想審査時点Fix,PT構想審査時点Fix,,JPN,4WD,,2,,2,SElist_Compact_Slide_JPN_4WD,,n,,N/kph#00B2,L2,L2,PRMV0084914,性能検討用走行抵抗式(ePT連れ回り排除),6分類A2,－,C7A0743743214D49AE5FFB6973444FCE,PT構想審査,
1,0B30B65C93B84D58A308D540C9CCF205,1,0,PRMV0084915 性能検討用走行抵抗式(ePT連れ回り排除) 6分類IP －,A,45562.02047,0,0,EntryCondition,PT構想審査時点Fix,PT構想審査時点Fix,,JPN,4WD,,2,,2,SElist_Compact_Slide_JPN_4WD,,n,,kg,L2,L2,PRMV0084915,性能検討用走行抵抗式(ePT連れ回り排除),6分類IP,－,C7A0743743214D49AE5FFB6973444FCE,PT構想審査,
1,E821DF2D9DC3405F894D6F7C2436D04A,1,0,PRMV0084916 ePT ENG仕様（名称） －,A,45562.02047,0,0,EntryCondition,PT構想審査時点Fix,PT構想審査時点Fix,,JPN,4WD,,2,,2,SElist_Compact_Slide_JPN_4WD,,HR14,,－,L2,L2,PRMV0084916,ePT,ENG仕様（名称）,－,C7A0743743214D49AE5FFB6973444FCE,PT構想審査,
1,09C7874E473142908FA80DB72B6E6892,1,0,PRMV0084917 ePT ENG排気量 －,A,45562.02047,0,0,EntryCondition,PT構想審査時点Fix,PT構想審査時点Fix,,JPN,4WD,,2,,2,SElist_Compact_Slide_JPN_4WD,,1.4,,l,L2,L2,PRMV0084917,ePT,ENG排気量,－,C7A0743743214D49AE5FFB6973444FCE,PT構想審査,
1,CBDF24FD2A324E63B2F83897260A0EFD,1,0,PRMV0084918 ePT ENG排圧係数 －,A,45562.02049,0,0,EntryCondition,PT構想審査時点Fix,PT構想審査時点Fix,,JPN,4WD,,2,,2,SElist_Compact_Slide_JPN_4WD,,9,,－,L2,L2,PRMV0084918,ePT,ENG排圧係数,－,C7A0743743214D49AE5FFB6973444FCE,PT構想審査,
1,59AFEA64810249068A21C8262E932656,1,0,PRMV0084919 ePT ENGWOT トルクカーブ －,A,45562.02049,0,0,EntryCondition,PT構想審査時点Fix,PT構想審査時点Fix,,JPN,4WD,,2,,2,SElist_Compact_Slide_JPN_4WD,,,,MAP,L2,L2,PRMV0084919,ePT,ENGWOT トルクカーブ,－,C7A0743743214D49AE5FFB6973444FCE,PT構想審査,
1,2406F9CC133149CCBBF488AE189EDBAD,1,0,PRMV0084920 ePT ENGWOT トルクカーブ最大出力 －,A,45562.0205,0,0,EntryCondition,PT構想審査時点Fix,PT構想審査時点Fix,,JPN,4WD,,2,,2,SElist_Compact_Slide_JPN_4WD,,62/5200,,kW,L2,L2,PRMV0084920,ePT,ENGWOT トルクカーブ最大出力,－,C7A0743743214D49AE5FFB6973444FCE,PT構想審査,
1,10554B396C6A4F8187DB377A16A99AB5,1,0,PRMV0084921 ePT ENGWOT トルクカーブ最大トルク －,A,45562.0205,0,0,EntryCondition,PT構想審査時点Fix,PT構想審査時点Fix,,JPN,4WD,,2,,2,SElist_Compact_Slide_JPN_4WD,,114/5200,,Nm,L2,L2,PRMV0084921,ePT,ENGWOT トルクカーブ最大トルク,－,C7A0743743214D49AE5FFB6973444FCE,PT構想審査,
1,149ED19219194C57B4C7CBEE62BA59F0,1,0,PRMV0084922 ePT ENGWOT トルクカーブ最大回転数ユニットポテンシャル －,A,45562.02051,0,0,EntryCondition,PT構想審査時点Fix,PT構想審査時点Fix,,JPN,4WD,,2,,2,SElist_Compact_Slide_JPN_4WD,,6000,,rpm,L2,L2,PRMV0084922,ePT,ENGWOT トルクカーブ最大回転数ユニットポテンシャル,－,C7A0743743214D49AE5FFB6973444FCE,PT構想審査,
1,2F8DDF4FE66945B6A15CE3BF48981C4D,1,0,PRMV0084923 ePT ENGWOT トルクカーブ最大回転数車両使用回転数 －,A,45562.02051,0,0,EntryCondition,PT構想審査時点Fix,PT構想審査時点Fix,,JPN,4WD,,2,,2,SElist_Compact_Slide_JPN_4WD,,5200,,rpm,L2,L2,PRMV0084923,ePT,ENGWOT トルクカーブ最大回転数車両使用回転数,－,C7A0743743214D49AE5FFB6973444FCE,PT構想審査,
1,46DE588C23A5470AAF92CBE2E668C330,1,0,PRMV0084924 ePT ENGBSFC中水温 －,A,45562.02051,0,0,EntryCondition,PT構想審査時点Fix,PT構想審査時点Fix,,JPN,4WD,,2,,2,SElist_Compact_Slide_JPN_4WD,,,,MAP,L2,L2,PRMV0084924,ePT,ENGBSFC中水温,－,C7A0743743214D49AE5FFB6973444FCE,PT構想審査,
1,EB064FA599FE4A5FAC67DDAE74AE661B,1,0,PRMV0084925 ePT ENGBSFC暖機後 －,A,45562.02052,0,0,EntryCondition,PT構想審査時点Fix,PT構想審査時点Fix,,JPN,4WD,,2,,2,SElist_Compact_Slide_JPN_4WD,,,,MAP,L2,L2,PRMV0084925,ePT,ENGBSFC暖機後,－,C7A0743743214D49AE5FFB6973444FCE,PT構想審査,
1,075ADE988D3F4291A789BC4F4FFEB468,1,0,PRMV0084926 ePT ENG台上適合条件燃料仕様オクタン価 －,A,45562.02052,0,0,EntryCondition,PT構想審査時点Fix,PT構想審査時点Fix,,JPN,4WD,,2,,2,SElist_Compact_Slide_JPN_4WD,,91,,oct,L2,L2,PRMV0084926,ePT,ENG台上適合条件燃料仕様オクタン価,－,C7A0743743214D49AE5FFB6973444FCE,PT構想審査,
1,2E173F6AB457411AA096B5B21DB87342,1,0,PRMV0084927 ePT ENG台上適合条件燃料仕様アルコール含有率 －,A,45562.02053,0,0,EntryCondition,PT構想審査時点Fix,PT構想審査時点Fix,,JPN,4WD,,2,,2,SElist_Compact_Slide_JPN_4WD,,E0,,－,L2,L2,PRMV0084927,ePT,ENG台上適合条件燃料仕様アルコール含有率,－,C7A0743743214D49AE5FFB6973444FCE,PT構想審査,
1,4484E99D9521458EB486A5603EC921A3,1,0,PRMV0084928 ePT ENG台上適合条件燃料仕様燃料比重 －,A,45562.02053,0,0,EntryCondition,PT構想審査時点Fix,PT構想審査時点Fix,,JPN,4WD,,2,,2,SElist_Compact_Slide_JPN_4WD,,0.727,,－,L2,L2,PRMV0084928,ePT,ENG台上適合条件燃料仕様燃料比重,－,C7A0743743214D49AE5FFB6973444FCE,PT構想審査,
1,F235987063E54B18B005983FACF72E2A,1,0,PRMV0084929 ePT ENG台上適合条件燃料仕様低位発熱量 －,A,45562.02054,0,0,EntryCondition,PT構想審査時点Fix,PT構想審査時点Fix,,JPN,4WD,,2,,2,SElist_Compact_Slide_JPN_4WD,,42.9338,,MJ/kg,L2,L2,PRMV0084929,ePT,ENG台上適合条件燃料仕様低位発熱量,－,C7A0743743214D49AE5FFB6973444FCE,PT構想審査,
1,F2FAF9AD428341A8AC2BA0B2E896FE23,1,0,PRMV0084930 ePT ENG台上適合条件オイル名称（0W20 etc) －,A,45562.02054,0,0,EntryCondition,PT構想審査時点Fix,PT構想審査時点Fix,,JPN,4WD,,2,,2,SElist_Compact_Slide_JPN_4WD,,0W-16,,－,L2,L2,PRMV0084930,ePT,ENG台上適合条件オイル名称（0W20 etc),－,C7A0743743214D49AE5FFB6973444FCE,PT構想審査,
1,3D559B177AD9425884BB630629970502,1,0,PRMV0084931 ePT ENGイナーシャENG本体 －,A,45562.02056,0,0,EntryCondition,PT構想審査時点Fix,PT構想審査時点Fix,,JPN,4WD,,2,,2,SElist_Compact_Slide_JPN_4WD,,0.04288,,kgm^2,L2,L2,PRMV0084931,ePT,ENGイナーシャENG本体,－,C7A0743743214D49AE5FFB6973444FCE,PT構想審査,
1,07680F809D684691961C017299E41559,1,0,PRMV0084932 ePT ENGイナーシャFlywheel －,A,45562.02056,0,0,EntryCondition,PT構想審査時点Fix,PT構想審査時点Fix,,JPN,4WD,,2,,2,SElist_Compact_Slide_JPN_4WD,,0.1076,,kgm^2,L2,L2,PRMV0084932,ePT,ENGイナーシャFlywheel,－,C7A0743743214D49AE5FFB6973444FCE,PT構想審査,
1,A7AD0F1491FD467A986B9F3BE635BC14,1,0,PRMV0084933 ePT ENGエネマネモード平均ENG効率 －,A,45562.02056,0,0,EntryCondition,PT構想審査時点Fix,PT構想審査時点Fix,,JPN,4WD,,2,,2,SElist_Compact_Slide_JPN_4WD,,n,,%,L2,L2,PRMV0084933,ePT,ENGエネマネモード平均ENG効率,－,C7A0743743214D49AE5FFB6973444FCE,PT構想審査,
1,98652939A60543F897A2D847A4E4E922,1,0,PRMV0084934 ePT ENGエネマネモード平均ENG効率最良燃費点BSFC －,A,45562.02057,0,0,EntryCondition,PT構想審査時点Fix,PT構想審査時点Fix,,JPN,4WD,,2,,2,SElist_Compact_Slide_JPN_4WD,,214.8,,g/kWh,L2,L2,PRMV0084934,ePT,ENGエネマネモード平均ENG効率最良燃費点BSFC,－,C7A0743743214D49AE5FFB6973444FCE,PT構想審査,
1,03491EBEA0404F498B76A1E670F0286F,1,0,PRMV0084935 ePT ENGエネマネMode走行時動作点最良燃費点ENG Power －,A,45562.02057,0,0,EntryCondition,PT構想審査時点Fix,PT構想審査時点Fix,,JPN,4WD,,2,,2,SElist_Compact_Slide_JPN_4WD,,19.1,,kW,L2,L2,PRMV0084935,ePT,ENGエネマネMode走行時動作点最良燃費点ENG Power,－,C7A0743743214D49AE5FFB6973444FCE,PT構想審査,
1,43B66D108673432C9FEF73BC22D88748,1,0,PRMV0084936 ePT ENGエネマネMode走行時動作点最良燃費点ENG REV －,A,45562.02058,0,0,EntryCondition,PT構想審査時点Fix,PT構想審査時点Fix,,JPN,4WD,,2,,2,SElist_Compact_Slide_JPN_4WD,,2000,,rpm,L2,L2,PRMV0084936,ePT,ENGエネマネMode走行時動作点最良燃費点ENG REV,－,C7A0743743214D49AE5FFB6973444FCE,PT構想審査,
1,DC48A0C572674223ACD346E2824D7EF6,1,0,PRMV0084937 ePT ENGエネマネMode走行時動作点最良燃費点ENG TRQ －,A,45562.02058,0,0,EntryCondition,PT構想審査時点Fix,PT構想審査時点Fix,,JPN,4WD,,2,,2,SElist_Compact_Slide_JPN_4WD,,91.3,,Nm,L2,L2,PRMV0084937,ePT,ENGエネマネMode走行時動作点最良燃費点ENG TRQ,－,C7A0743743214D49AE5FFB6973444FCE,PT構想審査,
1,55F4365CD79340808304BB008602AD7D,1,0,PRMV0084938 ePT ENGエネマネMode走行時動作点最良燃費点ENG α線 －,A,45562.02059,0,0,EntryCondition,PT構想審査時点Fix,PT構想審査時点Fix,,JPN,4WD,,2,,2,SElist_Compact_Slide_JPN_4WD,,BSFC,,－,L2,L2,PRMV0084938,ePT,ENGエネマネMode走行時動作点最良燃費点ENG α線,－,C7A0743743214D49AE5FFB6973444FCE,PT構想審査,
1,D92124E27FB8444B9C2E9EC3649A26FE,1,0,PRMV0084939 ePT ENGエネマネMode走行時動作点定点(EGVR)FC －,A,45562.02059,0,0,EntryCondition,PT構想審査時点Fix,PT構想審査時点Fix,,JPN,4WD,,2,,2,SElist_Compact_Slide_JPN_4WD,,28.0202890752123,,g/min,L2,L2,PRMV0084939,ePT,ENGエネマネMode走行時動作点定点(EGVR)FC,－,C7A0743743214D49AE5FFB6973444FCE,PT構想審査,
1,18F449CAEC5E4C2685FB886B484CE138,1,0,PRMV0084940 ePT ENGエネマネMode走行時動作点定点(EGVR)ENG Power －,A,45562.0206,0,0,EntryCondition,PT構想審査時点Fix,PT構想審査時点Fix,,JPN,4WD,,2,,2,SElist_Compact_Slide_JPN_4WD,,2.8,,kW,L2,L2,PRMV0084940,ePT,ENGエネマネMode走行時動作点定点(EGVR)ENG Power,－,C7A0743743214D49AE5FFB6973444FCE,PT構想審査,
1,FE5043506D5B44BD961FA953B01CC30A,1,0,PRMV0084941 ePT ENGエネマネMode走行時動作点定点(EGVR)ENG REV －,A,45562.0206,0,0,EntryCondition,PT構想審査時点Fix,PT構想審査時点Fix,,JPN,4WD,,2,,2,SElist_Compact_Slide_JPN_4WD,,1500,,rpm,L2,L2,PRMV0084941,ePT,ENGエネマネMode走行時動作点定点(EGVR)ENG REV,－,C7A0743743214D49AE5FFB6973444FCE,PT構想審査,
1,853470E738C24334BF09A60CAD14C896,1,0,PRMV0084942 ePT ENGエネマネMode走行時動作点定点(EGVR)ENG TRQ －,A,45562.0206,0,0,EntryCondition,PT構想審査時点Fix,PT構想審査時点Fix,,JPN,4WD,,2,,2,SElist_Compact_Slide_JPN_4WD,,17,,Nm,L2,L2,PRMV0084942,ePT,ENGエネマネMode走行時動作点定点(EGVR)ENG TRQ,－,C7A0743743214D49AE5FFB6973444FCE,PT構想審査,
1,A163F3B91DEF4432AA433C7D7D9863F9,1,0,PRMV0084943 ePT ENGエネマネMode走行時動作点定点(EGVR)継続時間 －,A,45562.02061,0,0,EntryCondition,PT構想審査時点Fix,PT構想審査時点Fix,,JPN,4WD,,2,,2,SElist_Compact_Slide_JPN_4WD,,52,,sec,L2,L2,PRMV0084943,ePT,ENGエネマネMode走行時動作点定点(EGVR)継続時間,－,C7A0743743214D49AE5FFB6973444FCE,PT構想審査,
1,114FADEC3778427BAB427A88DA974CED,1,0,PRMV0084944 ePT ENGエネマネMode走行時動作点定点(EGVR)終了時ENG水温 －,A,45562.02061,0,0,EntryCondition,PT構想審査時点Fix,PT構想審査時点Fix,,JPN,4WD,,2,,2,SElist_Compact_Slide_JPN_4WD,,23,,℃,L2,L2,PRMV0084944,ePT,ENGエネマネMode走行時動作点定点(EGVR)終了時ENG水温,－,C7A0743743214D49AE5FFB6973444FCE,PT構想審査,
1,B396CC79CB7E4619B4AB8C0A9D01C0E2,1,0,PRMV0084945 ePT ENGエネマネMode走行時動作点定点(After EGVR)BFSC －,A,45562.02063,0,0,EntryCondition,PT構想審査時点Fix,PT構想審査時点Fix,,JPN,4WD,,2,,2,SElist_Compact_Slide_JPN_4WD,,218.8,,g/kWh,L2,L2,PRMV0084945,ePT,ENGエネマネMode走行時動作点定点(After EGVR)BFSC,－,C7A0743743214D49AE5FFB6973444FCE,PT構想審査,
1,B65EAA9680F44AB78E2B35C141F6F54A,1,0,PRMV0084946 ePT ENGエネマネMode走行時動作点定点(After EGVR)ENG Power －,A,45562.02063,0,0,EntryCondition,PT構想審査時点Fix,PT構想審査時点Fix,,JPN,4WD,,2,,2,SElist_Compact_Slide_JPN_4WD,,20.3,,kW,L2,L2,PRMV0084946,ePT,ENGエネマネMode走行時動作点定点(After EGVR)ENG Power,－,C7A0743743214D49AE5FFB6973444FCE,PT構想審査,
1,04045C17E943428BA50262E57C461C28,1,0,PRMV0084947 ePT ENGエネマネMode走行時動作点定点(After EGVR)ENG REV －,A,45562.02064,0,0,EntryCondition,PT構想審査時点Fix,PT構想審査時点Fix,,JPN,4WD,,2,,2,SElist_Compact_Slide_JPN_4WD,,2000,,rpm,L2,L2,PRMV0084947,ePT,ENGエネマネMode走行時動作点定点(After EGVR)ENG REV,－,C7A0743743214D49AE5FFB6973444FCE,PT構想審査,
1,BB5DDA345C0E48CC81747FE7C3115BA4,1,0,PRMV0084948 ePT ENGエネマネMode走行時動作点定点(After EGVR)ENG TRQ －,A,45562.02064,0,0,EntryCondition,PT構想審査時点Fix,PT構想審査時点Fix,,JPN,4WD,,2,,2,SElist_Compact_Slide_JPN_4WD,,97,,Nm,L2,L2,PRMV0084948,ePT,ENGエネマネMode走行時動作点定点(After EGVR)ENG TRQ,－,C7A0743743214D49AE5FFB6973444FCE,PT構想審査,
1,58F028281D4E4E76951B5B4BDA3D8B1C,1,0,PRMV0084949 ePT ENGエネマネMode走行時動作点定点(After EGVR)継続時間 －,A,45562.02065,0,0,EntryCondition,PT構想審査時点Fix,PT構想審査時点Fix,,JPN,4WD,,2,,2,SElist_Compact_Slide_JPN_4WD,,53,,sec,L2,L2,PRMV0084949,ePT,ENGエネマネMode走行時動作点定点(After EGVR)継続時間,－,C7A0743743214D49AE5FFB6973444FCE,PT構想審査,
1,3FE0E69E80904419AE4E4F610506AB11,1,0,PRMV0084950 ePT ENGエネマネMode走行時動作点定点(After EGVR)終了時ENG水温 －,A,45562.02065,0,0,EntryCondition,PT構想審査時点Fix,PT構想審査時点Fix,,JPN,4WD,,2,,2,SElist_Compact_Slide_JPN_4WD,,55,,℃,L2,L2,PRMV0084950,ePT,ENGエネマネMode走行時動作点定点(After EGVR)終了時ENG水温,－,C7A0743743214D49AE5FFB6973444FCE,PT構想審査,
1,609EB8D8D2C2417FA69528CA01B4A576,1,0,PRMV0084951 ePT ENGエネマネMode走行時動作点定点(暖気中)BFSC －,A,45562.02065,0,0,EntryCondition,PT構想審査時点Fix,PT構想審査時点Fix,,JPN,4WD,,2,,2,SElist_Compact_Slide_JPN_4WD,,218.8,,g/kWh,L2,L2,PRMV0084951,ePT,ENGエネマネMode走行時動作点定点(暖気中)BFSC,－,C7A0743743214D49AE5FFB6973444FCE,PT構想審査,
1,562EA543920C4AF0956B2AE616BD1D07,1,0,PRMV0084952 ePT ENGエネマネMode走行時動作点定点(暖気中)ENG Power －,A,45562.02066,0,0,EntryCondition,PT構想審査時点Fix,PT構想審査時点Fix,,JPN,4WD,,2,,2,SElist_Compact_Slide_JPN_4WD,,20.3,,kW,L2,L2,PRMV0084952,ePT,ENGエネマネMode走行時動作点定点(暖気中)ENG Power,－,C7A0743743214D49AE5FFB6973444FCE,PT構想審査,
1,145CA0EFDBAB4978A1782CDAB872C89E,1,0,PRMV0084953 ePT ENGエネマネMode走行時動作点定点(暖気中)ENG REV －,A,45562.02066,0,0,EntryCondition,PT構想審査時点Fix,PT構想審査時点Fix,,JPN,4WD,,2,,2,SElist_Compact_Slide_JPN_4WD,,2000,,rpm,L2,L2,PRMV0084953,ePT,ENGエネマネMode走行時動作点定点(暖気中)ENG REV,－,C7A0743743214D49AE5FFB6973444FCE,PT構想審査,
1,BBEFF1FAD6B34A879307DFA47D8B3CA3,1,0,PRMV0084954 ePT ENGエネマネMode走行時動作点定点(暖気中)ENG TRQ －,A,45562.02067,0,0,EntryCondition,PT構想審査時点Fix,PT構想審査時点Fix,,JPN,4WD,,2,,2,SElist_Compact_Slide_JPN_4WD,,97,,Nm,L2,L2,PRMV0084954,ePT,ENGエネマネMode走行時動作点定点(暖気中)ENG TRQ,－,C7A0743743214D49AE5FFB6973444FCE,PT構想審査,
1,A8C9AA18FF3345ACA7AB0DF7A46B11E8,1,0,PRMV0084955 ePT ENGエネマネMode走行時動作点定点(暖気後)BFSC －,A,45562.02068,0,0,EntryCondition,PT構想審査時点Fix,PT構想審査時点Fix,,JPN,4WD,,2,,2,SElist_Compact_Slide_JPN_4WD,,214.8,,g/kWh,L2,L2,PRMV0084955,ePT,ENGエネマネMode走行時動作点定点(暖気後)BFSC,－,C7A0743743214D49AE5FFB6973444FCE,PT構想審査,
1,1C9484D6DF5D4CFF88771B63FAD728C5,1,0,PRMV0084956 ePT ENGエネマネMode走行時動作点定点(暖気後)ENG Power －,A,45562.02068,0,0,EntryCondition,PT構想審査時点Fix,PT構想審査時点Fix,,JPN,4WD,,2,,2,SElist_Compact_Slide_JPN_4WD,,19.1,,kW,L2,L2,PRMV0084956,ePT,ENGエネマネMode走行時動作点定点(暖気後)ENG Power,－,C7A0743743214D49AE5FFB6973444FCE,PT構想審査,
1,6D67A34BBEBB4A95A2C4765266226CB1,1,0,PRMV0084957 ePT ENGエネマネMode走行時動作点定点(暖気後)ENG REV －,A,45562.02068,0,0,EntryCondition,PT構想審査時点Fix,PT構想審査時点Fix,,JPN,4WD,,2,,2,SElist_Compact_Slide_JPN_4WD,,2000,,rpm,L2,L2,PRMV0084957,ePT,ENGエネマネMode走行時動作点定点(暖気後)ENG REV,－,C7A0743743214D49AE5FFB6973444FCE,PT構想審査,
1,D3B183FC652D45FE8D4D738A9B6543E8,1,0,PRMV0084958 ePT ENGエネマネMode走行時動作点定点(暖気後)ENG TRQ －,A,45562.02069,0,0,EntryCondition,PT構想審査時点Fix,PT構想審査時点Fix,,JPN,4WD,,2,,2,SElist_Compact_Slide_JPN_4WD,,91.3,,Nm,L2,L2,PRMV0084958,ePT,ENGエネマネMode走行時動作点定点(暖気後)ENG TRQ,－,C7A0743743214D49AE5FFB6973444FCE,PT構想審査,
1,043EB6D9BB8F4EB09C4C5C2AB46C5B82,1,0,PRMV0084959 ePT ENGエネマネMode走行時動作点クランキング －,A,45562.02069,0,0,EntryCondition,PT構想審査時点Fix,PT構想審査時点Fix,,JPN,4WD,,2,,2,SElist_Compact_Slide_JPN_4WD,,n,,回,L2,L2,PRMV0084959,ePT,ENGエネマネMode走行時動作点クランキング,－,C7A0743743214D49AE5FFB6973444FCE,PT構想審査,
1,0DFC3FC0430E43D5B03B552F107E422E,1,0,PRMV0084960 ePT ENGエネマネエンジン始動回数モータリング(OBD) －,A,45562.02071,0,0,EntryCondition,PT構想審査時点Fix,PT構想審査時点Fix,,JPN,4WD,,2,,2,SElist_Compact_Slide_JPN_4WD,,n,,回,L2,L2,PRMV0084960,ePT,ENGエネマネエンジン始動回数モータリング(OBD),－,C7A0743743214D49AE5FFB6973444FCE,PT構想審査,
1,492FEF20CA5144F7A6BFA964D169F3EF,1,0,PRMV0084961 ePT ENGエネマネエンジン始動回数モータリング(ブレーキ負圧) －,A,45562.02071,0,0,EntryCondition,PT構想審査時点Fix,PT構想審査時点Fix,,JPN,4WD,,2,,2,SElist_Compact_Slide_JPN_4WD,,n,,回,L2,L2,PRMV0084961,ePT,ENGエネマネエンジン始動回数モータリング(ブレーキ負圧),－,C7A0743743214D49AE5FFB6973444FCE,PT構想審査,
1,4B8FC375890C442FB531B82662E59A06,1,0,PRMV0084962 ePT ENG燃費デバイスEGR開始ENG水温 －,A,45562.02072,0,0,EntryCondition,PT構想審査時点Fix,PT構想審査時点Fix,,JPN,4WD,,2,,2,SElist_Compact_Slide_JPN_4WD,,45,,℃,L2,L2,PRMV0084962,ePT,ENG燃費デバイスEGR開始ENG水温,－,C7A0743743214D49AE5FFB6973444FCE,PT構想審査,
1,8D5B2C0061AC490C884A7B40658C8176,1,0,PRMV0084963 ePT ENG燃費デバイスFSV －,A,45562.02072,0,0,EntryCondition,PT構想審査時点Fix,PT構想審査時点Fix,,JPN,4WD,,2,,2,SElist_Compact_Slide_JPN_4WD,,with,,－,L2,L2,PRMV0084963,ePT,ENG燃費デバイスFSV,－,C7A0743743214D49AE5FFB6973444FCE,PT構想審査,
1,778BBB9659F5423AB4E1F97C66181E6B,1,0,PRMV0084964 ePT ENG燃費デバイス平滑メタル －,A,45562.02072,0,0,EntryCondition,PT構想審査時点Fix,PT構想審査時点Fix,,JPN,4WD,,2,,2,SElist_Compact_Slide_JPN_4WD,,w/o,,－,L2,L2,PRMV0084964,ePT,ENG燃費デバイス平滑メタル,－,C7A0743743214D49AE5FFB6973444FCE,PT構想審査,
1,C255D32ADA9841188F08E3BBEFE470C1,1,0,PRMV0084965 ePT ENG燃費デバイス鏡面ピストン －,A,45562.02073,0,0,EntryCondition,PT構想審査時点Fix,PT構想審査時点Fix,,JPN,4WD,,2,,2,SElist_Compact_Slide_JPN_4WD,,w/o,,－,L2,L2,PRMV0084965,ePT,ENG燃費デバイス鏡面ピストン,－,C7A0743743214D49AE5FFB6973444FCE,PT構想審査,
1,EE20A98DB7894B188D080F3C7E2098F1,1,0,PRMV0084966 ePT ENG燃費デバイス低粘度オイル －,A,45562.02073,0,0,EntryCondition,PT構想審査時点Fix,PT構想審査時点Fix,,JPN,4WD,,2,,2,SElist_Compact_Slide_JPN_4WD,,w/o,,－,L2,L2,PRMV0084966,ePT,ENG燃費デバイス低粘度オイル,－,C7A0743743214D49AE5FFB6973444FCE,PT構想審査,
1,D74EFB9C3E2B4475B20A61BB62CBDCBB,1,0,PRMV0084967 ePT ENG燃費デバイスバランサーシャフト －,A,45562.02074,0,0,EntryCondition,PT構想審査時点Fix,PT構想審査時点Fix,,JPN,4WD,,2,,2,SElist_Compact_Slide_JPN_4WD,,with,,－,L2,L2,PRMV0084967,ePT,ENG燃費デバイスバランサーシャフト,－,C7A0743743214D49AE5FFB6973444FCE,PT構想審査,
1,7D600FDB2B9C427684929EA2B9CB94A9,1,0,PRMV0084968 ePT GEN Sys呼称 －,A,45562.02074,0,0,EntryCondition,PT構想審査時点Fix,PT構想審査時点Fix,,JPN,4WD,,2,,2,SElist_Compact_Slide_JPN_4WD,,QH-S(SiC),,－,L2,L2,PRMV0084968,ePT,GEN Sys呼称,－,C7A0743743214D49AE5FFB6973444FCE,PT構想審査,
1,FE77CD6354A8433F8D2011773867140E,1,0,PRMV0084969 ePT GEN N-T特性 －,A,45562.02075,0,0,EntryCondition,PT構想審査時点Fix,PT構想審査時点Fix,,JPN,4WD,,2,,2,SElist_Compact_Slide_JPN_4WD,,,,MAP,L2,L2,PRMV0084969,ePT,GEN N-T特性,－,C7A0743743214D49AE5FFB6973444FCE,PT構想審査,
1,349725FBB09C442AACA108938BEDC2F3,1,0,PRMV0084970 ePT GEN N-T特性最大出力 －,A,45562.02075,0,0,EntryCondition,PT構想審査時点Fix,PT構想審査時点Fix,,JPN,4WD,,2,,2,SElist_Compact_Slide_JPN_4WD,,-95,,kW,L2,L2,PRMV0084970,ePT,GEN N-T特性最大出力,－,C7A0743743214D49AE5FFB6973444FCE,PT構想審査,
1,6336A9EF95A74488A4CA0C10717DB32F,1,0,PRMV0084971 ePT GEN N-T特性最大トルク －,A,45562.02075,0,0,EntryCondition,PT構想審査時点Fix,PT構想審査時点Fix,,JPN,4WD,,2,,2,SElist_Compact_Slide_JPN_4WD,,-108,,Nm,L2,L2,PRMV0084971,ePT,GEN N-T特性最大トルク,－,C7A0743743214D49AE5FFB6973444FCE,PT構想審査,
1,29AAF0D84EDC452C8103007437AD2B49,1,0,PRMV0084972 ePT GEN N-T特性最大回転数 －,A,45562.02076,0,0,EntryCondition,PT構想審査時点Fix,PT構想審査時点Fix,,JPN,4WD,,2,,2,SElist_Compact_Slide_JPN_4WD,,14000,,rpm,L2,L2,PRMV0084972,ePT,GEN N-T特性最大回転数,－,C7A0743743214D49AE5FFB6973444FCE,PT構想審査,
1,FA64E468ECDE4ED895FE6FE70F1F35DE,1,0,PRMV0084973 ePT GEN/INV損失ノミナル －,A,45562.02076,0,0,EntryCondition,PT構想審査時点Fix,PT構想審査時点Fix,,JPN,4WD,,2,,2,SElist_Compact_Slide_JPN_4WD,,,,MAP,L2,L2,PRMV0084973,ePT,GEN/INV損失ノミナル,－,C7A0743743214D49AE5FFB6973444FCE,PT構想審査,
1,6732773EED614290AE3A3AAEF3283678,1,0,PRMV0084974 ePT GEN/INV損失熱検討用 －,A,45562.02078,0,0,EntryCondition,PT構想審査時点Fix,PT構想審査時点Fix,,JPN,4WD,,2,,2,SElist_Compact_Slide_JPN_4WD,,,,MAP,L2,L2,PRMV0084974,ePT,GEN/INV損失熱検討用,－,C7A0743743214D49AE5FFB6973444FCE,PT構想審査,
1,65E5AACCABDF4AB4B9DCAE9168DBD719,1,0,PRMV0084975 ePT GENイナーシャ －,A,45562.02078,0,0,EntryCondition,PT構想審査時点Fix,PT構想審査時点Fix,,JPN,4WD,,2,,2,SElist_Compact_Slide_JPN_4WD,,0.0166,,kgm^2,L2,L2,PRMV0084975,ePT,GENイナーシャ,－,C7A0743743214D49AE5FFB6973444FCE,PT構想審査,
1,E1046F83F9A84A328CAF4576EB569C48,1,0,PRMV0084976 ePT GEN GBギヤ比 －,A,45562.02079,0,0,EntryCondition,PT構想審査時点Fix,PT構想審査時点Fix,,JPN,4WD,,2,,2,SElist_Compact_Slide_JPN_4WD,,0.512,,－,L2,L2,PRMV0084976,ePT,GEN GBギヤ比,－,C7A0743743214D49AE5FFB6973444FCE,PT構想審査,
1,0568EDA4513546D6B91E87A36BA9C992,1,0,PRMV0084977 ePT GEN GB損失特性 －,A,45562.02079,0,0,EntryCondition,PT構想審査時点Fix,PT構想審査時点Fix,,JPN,4WD,,2,,2,SElist_Compact_Slide_JPN_4WD,,,,MAP,L2,L2,PRMV0084977,ePT,GEN GB損失特性,－,C7A0743743214D49AE5FFB6973444FCE,PT構想審査,
1,E4264E62B2A84BEE9EBA21A0B714FE01,1,0,PRMV0084978 ePT GEN GBイナーシャ －,A,45562.0208,0,0,EntryCondition,PT構想審査時点Fix,PT構想審査時点Fix,,JPN,4WD,,2,,2,SElist_Compact_Slide_JPN_4WD,,0.0098,,kgm^2,L2,L2,PRMV0084978,ePT,GEN GBイナーシャ,－,C7A0743743214D49AE5FFB6973444FCE,PT構想審査,
1,7600A697269A4E88BA04A46D47BD7AA3,1,0,PRMV0084979 ePT FR MOT Sys呼称 －,A,45562.0208,0,0,EntryCondition,PT構想審査時点Fix,PT構想審査時点Fix,,JPN,4WD,,2,,2,SElist_Compact_Slide_JPN_4WD,,QH-S(SiC),,－,L2,L2,PRMV0084979,ePT,FR MOT Sys呼称,－,C7A0743743214D49AE5FFB6973444FCE,PT構想審査,
1,451DDC9D52A841C4AB0427166A36EF95,1,0,PRMV0084980 ePT FR MOT出力N-T特性(回転-トルク) －,A,45562.0208,0,0,EntryCondition,PT構想審査時点Fix,PT構想審査時点Fix,,JPN,4WD,,2,,2,SElist_Compact_Slide_JPN_4WD,,,,MAP,L2,L2,PRMV0084980,ePT,FR MOT出力N-T特性(回転-トルク),－,C7A0743743214D49AE5FFB6973444FCE,PT構想審査,
1,00F206CF0E9B4271B22A87648A6C1359,1,0,PRMV0084981 ePT FR MOT制限設定トルク上限(第一象限) －,A,45562.02081,0,0,EntryCondition,PT構想審査時点Fix,PT構想審査時点Fix,,JPN,4WD,,2,,2,SElist_Compact_Slide_JPN_4WD,,355,,Nm,L2,L2,PRMV0084981,ePT,FR MOT制限設定トルク上限(第一象限),－,C7A0743743214D49AE5FFB6973444FCE,PT構想審査,
1,443851DA8517496B927AFFFD7C5F9BA5,1,0,PRMV0084982 ePT FR MOT制限設定出力上限(第一象限) －,A,45562.02081,0,0,EntryCondition,PT構想審査時点Fix,PT構想審査時点Fix,,JPN,4WD,,2,,2,SElist_Compact_Slide_JPN_4WD,,140@300V,,kW,L2,L2,PRMV0084982,ePT,FR MOT制限設定出力上限(第一象限),－,C7A0743743214D49AE5FFB6973444FCE,PT構想審査,
1,4474D607E23F44BC9528172EEDE3CAC0,1,0,PRMV0084983 ePT FR MOT制限設定トルク上限(第二象限) －,A,45562.02082,0,0,EntryCondition,PT構想審査時点Fix,PT構想審査時点Fix,,JPN,4WD,,2,,2,SElist_Compact_Slide_JPN_4WD,,n,,Nm,L2,L2,PRMV0084983,ePT,FR MOT制限設定トルク上限(第二象限),－,C7A0743743214D49AE5FFB6973444FCE,PT構想審査,
1,9D56840EAF424C2CA65515CCAFDE7621,1,0,PRMV0084984 ePT FR MOT制限設定出力上限(第二象限) －,A,45562.02082,0,0,EntryCondition,PT構想審査時点Fix,PT構想審査時点Fix,,JPN,4WD,,2,,2,SElist_Compact_Slide_JPN_4WD,,n,,kW,L2,L2,PRMV0084984,ePT,FR MOT制限設定出力上限(第二象限),－,C7A0743743214D49AE5FFB6973444FCE,PT構想審査,
1,FC245CFEAC9F4C63B1D78084F6414F04,1,0,PRMV0084985 ePT FR MOT制限設定トルク下限(第四象限) －,A,45562.02083,0,0,EntryCondition,PT構想審査時点Fix,PT構想審査時点Fix,,JPN,4WD,,2,,2,SElist_Compact_Slide_JPN_4WD,,-355,,Nm,L2,L2,PRMV0084985,ePT,FR MOT制限設定トルク下限(第四象限),－,C7A0743743214D49AE5FFB6973444FCE,PT構想審査,
1,12BCD33415574AA2AEC3496E936CA00F,1,0,PRMV0084986 ePT FR MOT制限設定出力下限(第四象限) －,A,45562.02083,0,0,EntryCondition,PT構想審査時点Fix,PT構想審査時点Fix,,JPN,4WD,,2,,2,SElist_Compact_Slide_JPN_4WD,,-93,,kW,L2,L2,PRMV0084986,ePT,FR MOT制限設定出力下限(第四象限),－,C7A0743743214D49AE5FFB6973444FCE,PT構想審査,
1,62B2068E938748329D39B77BDB0E92BE,1,0,PRMV0084987 ePT FR MOT出力(車両要求特性) トルク上限(第一象限) －,A,45562.02084,0,0,EntryCondition,PT構想審査時点Fix,PT構想審査時点Fix,,JPN,4WD,,2,,2,SElist_Compact_Slide_JPN_4WD,,315,,Nm,L2,L2,PRMV0084987,ePT,FR MOT出力(車両要求特性) トルク上限(第一象限),－,C7A0743743214D49AE5FFB6973444FCE,PT構想審査,
1,B64A95EE189E430BB66DAD8E7465D925,1,0,PRMV0084988 ePT FR MOT出力(車両要求特性) 出力上限(第一象限) －,A,45562.02084,0,0,EntryCondition,PT構想審査時点Fix,PT構想審査時点Fix,,JPN,4WD,,2,,2,SElist_Compact_Slide_JPN_4WD,,101,,kW,L2,L2,PRMV0084988,ePT,FR MOT出力(車両要求特性) 出力上限(第一象限),－,C7A0743743214D49AE5FFB6973444FCE,PT構想審査,
1,1AB25A320C0D4E189D274B4C4F032CAF,1,0,PRMV0084989 ePT FR MOT出力(車両要求特性) トルク上限(第二象限) －,A,45562.02086,0,0,EntryCondition,PT構想審査時点Fix,PT構想審査時点Fix,,JPN,4WD,,2,,2,SElist_Compact_Slide_JPN_4WD,,n,,Nm,L2,L2,PRMV0084989,ePT,FR MOT出力(車両要求特性) トルク上限(第二象限),－,C7A0743743214D49AE5FFB6973444FCE,PT構想審査,
1,744CB5F49EB649D38B879545C6306260,1,0,PRMV0084990 ePT FR MOT出力(車両要求特性) 出力上限(第二象限) －,A,45562.02086,0,0,EntryCondition,PT構想審査時点Fix,PT構想審査時点Fix,,JPN,4WD,,2,,2,SElist_Compact_Slide_JPN_4WD,,n,,kW,L2,L2,PRMV0084990,ePT,FR MOT出力(車両要求特性) 出力上限(第二象限),－,C7A0743743214D49AE5FFB6973444FCE,PT構想審査,
1,FCCABCD36194421C9E2DFCCE7662E353,1,0,PRMV0084991 ePT FR MOT出力(車両要求特性) トルク下限(第四象限) －,A,45562.02087,0,0,EntryCondition,PT構想審査時点Fix,PT構想審査時点Fix,,JPN,4WD,,2,,2,SElist_Compact_Slide_JPN_4WD,,-220,,Nm,L2,L2,PRMV0084991,ePT,FR MOT出力(車両要求特性) トルク下限(第四象限),－,C7A0743743214D49AE5FFB6973444FCE,PT構想審査,
1,A7485E19A503487B86D9F58E156ACD83,1,0,PRMV0084992 ePT FR MOT出力(車両要求特性) 出力上限(第四象限) －,A,45562.02087,0,0,EntryCondition,PT構想審査時点Fix,PT構想審査時点Fix,,JPN,4WD,,2,,2,SElist_Compact_Slide_JPN_4WD,,-70,,kW,L2,L2,PRMV0084992,ePT,FR MOT出力(車両要求特性) 出力上限(第四象限),－,C7A0743743214D49AE5FFB6973444FCE,PT構想審査,
1,036CF147C8544341A01CBB3F651F5C38,1,0,PRMV0084993 ePT FR MOT/INV損失ノミナル －,A,45562.02088,0,0,EntryCondition,PT構想審査時点Fix,PT構想審査時点Fix,,JPN,4WD,,2,,2,SElist_Compact_Slide_JPN_4WD,,,,MAP,L2,L2,PRMV0084993,ePT,FR MOT/INV損失ノミナル,－,C7A0743743214D49AE5FFB6973444FCE,PT構想審査,
1,69E19E05538C48CA911C41BD1B38BD4B,1,0,PRMV0084994 ePT FR MOT/INV損失熱検討用 －,A,45562.02088,0,0,EntryCondition,PT構想審査時点Fix,PT構想審査時点Fix,,JPN,4WD,,2,,2,SElist_Compact_Slide_JPN_4WD,,,,MAP,L2,L2,PRMV0084994,ePT,FR MOT/INV損失熱検討用,－,C7A0743743214D49AE5FFB6973444FCE,PT構想審査,
1,881E5CB48C8B4582B2FD1810D5C95D4D,1,0,PRMV0084995 ePT FR MOTイナーシャ －,A,45562.02089,0,0,EntryCondition,PT構想審査時点Fix,PT構想審査時点Fix,,JPN,4WD,,2,,2,SElist_Compact_Slide_JPN_4WD,,0.031,,kgm#00B2,L2,L2,PRMV0084995,ePT,FR MOTイナーシャ,－,C7A0743743214D49AE5FFB6973444FCE,PT構想審査,
1,5FCAFA7899C64E269E47A21F87386D2D,1,0,PRMV0084996 ePT FR GB減速比 －,A,45562.02089,0,0,EntryCondition,PT構想審査時点Fix,PT構想審査時点Fix,,JPN,4WD,,2,,2,SElist_Compact_Slide_JPN_4WD,,6.782,,－,L2,L2,PRMV0084996,ePT,FR GB減速比,－,C7A0743743214D49AE5FFB6973444FCE,PT構想審査,
1,008CE0467BA0478D9FD14D68243EF227,1,0,PRMV0084997 ePT FR GB損失特性(有負荷) －,A,45562.02089,0,0,EntryCondition,PT構想審査時点Fix,PT構想審査時点Fix,,JPN,4WD,,2,,2,SElist_Compact_Slide_JPN_4WD,,,,MAP,L2,L2,PRMV0084997,ePT,FR GB損失特性(有負荷),－,C7A0743743214D49AE5FFB6973444FCE,PT構想審査,
1,09AE3A5E89DF41E987E4650E1668F882,1,0,PRMV0084998 ePT FR GBイナーシャ －,A,45562.0209,0,0,EntryCondition,PT構想審査時点Fix,PT構想審査時点Fix,,JPN,4WD,,2,,2,SElist_Compact_Slide_JPN_4WD,,0.00285,,kgm#00B2,L2,L2,PRMV0084998,ePT,FR GBイナーシャ,－,C7A0743743214D49AE5FFB6973444FCE,PT構想審査,
1,4AB585141CB548319312753891C3A6C4,1,0,PRMV0084999 ePT RR MOT Sys呼称 －,A,45562.0209,0,0,EntryCondition,PT構想審査時点Fix,PT構想審査時点Fix,,JPN,4WD,,2,,2,SElist_Compact_Slide_JPN_4WD,,NH gen1,,－,L2,L2,PRMV0084999,ePT,RR MOT Sys呼称,－,C7A0743743214D49AE5FFB6973444FCE,PT構想審査,
1,BD33B4C7D8F34B16B2F6204B73B94284,1,0,PRMV0085000 ePT RR MOT N-T特性 －,A,45562.02091,0,0,EntryCondition,PT構想審査時点Fix,PT構想審査時点Fix,,JPN,4WD,,2,,2,SElist_Compact_Slide_JPN_4WD,,,,MAP,L2,L2,PRMV0085000,ePT,RR MOT N-T特性,－,C7A0743743214D49AE5FFB6973444FCE,PT構想審査,
1,AD9BFFB735124580AFD88D0532A3BB63,1,0,PRMV0085001 ePT RR MOT制限設定トルク上限(第一象限) －,A,45562.02091,0,0,EntryCondition,PT構想審査時点Fix,PT構想審査時点Fix,,JPN,4WD,,2,,2,SElist_Compact_Slide_JPN_4WD,,195,,Nm,L2,L2,PRMV0085001,ePT,RR MOT制限設定トルク上限(第一象限),－,C7A0743743214D49AE5FFB6973444FCE,PT構想審査,
1,E8E895115967448898651000606AFD50,1,0,PRMV0085002 ePT RR MOT制限設定出力上限(第一象限) －,A,45562.02093,0,0,EntryCondition,PT構想審査時点Fix,PT構想審査時点Fix,,JPN,4WD,,2,,2,SElist_Compact_Slide_JPN_4WD,,100@340V,,kW,L2,L2,PRMV0085002,ePT,RR MOT制限設定出力上限(第一象限),－,C7A0743743214D49AE5FFB6973444FCE,PT構想審査,
1,34E570DA28264D80A5142C841A7802DF,1,0,PRMV0085003 ePT RR MOT制限設定トルク上限(第二象限) －,A,45562.02093,0,0,EntryCondition,PT構想審査時点Fix,PT構想審査時点Fix,,JPN,4WD,,2,,2,SElist_Compact_Slide_JPN_4WD,,n,,Nm,L2,L2,PRMV0085003,ePT,RR MOT制限設定トルク上限(第二象限),－,C7A0743743214D49AE5FFB6973444FCE,PT構想審査,
1,D3300AFE49B141FDB28B9E6AD1146578,1,0,PRMV0085004 ePT RR MOT制限設定出力上限(第二象限) －,A,45562.02094,0,0,EntryCondition,PT構想審査時点Fix,PT構想審査時点Fix,,JPN,4WD,,2,,2,SElist_Compact_Slide_JPN_4WD,,n,,kW,L2,L2,PRMV0085004,ePT,RR MOT制限設定出力上限(第二象限),－,C7A0743743214D49AE5FFB6973444FCE,PT構想審査,
1,13D3370CE59044C49BF04726F8EED8C1,1,0,PRMV0085005 ePT RR MOT制限設定トルク下限(第四象限) －,A,45562.02094,0,0,EntryCondition,PT構想審査時点Fix,PT構想審査時点Fix,,JPN,4WD,,2,,2,SElist_Compact_Slide_JPN_4WD,,-195,,Nm,L2,L2,PRMV0085005,ePT,RR MOT制限設定トルク下限(第四象限),－,C7A0743743214D49AE5FFB6973444FCE,PT構想審査,
1,99D4E53BCF3E4F87B864409B3C082995,1,0,PRMV0085006 ePT RR MOT制限設定出力下限(第四象限) －,A,45562.02094,0,0,EntryCondition,PT構想審査時点Fix,PT構想審査時点Fix,,JPN,4WD,,2,,2,SElist_Compact_Slide_JPN_4WD,,-60,,kW,L2,L2,PRMV0085006,ePT,RR MOT制限設定出力下限(第四象限),－,C7A0743743214D49AE5FFB6973444FCE,PT構想審査,
1,5F56AF0F8C1F45A1A714A7BF1679B2F8,1,0,PRMV0085007 ePT RR MOT出力(車両要求特性) トルク上限(第一象限) －,A,45562.02095,0,0,EntryCondition,PT構想審査時点Fix,PT構想審査時点Fix,,JPN,4WD,,2,,2,SElist_Compact_Slide_JPN_4WD,,110,,Nm,L2,L2,PRMV0085007,ePT,RR MOT出力(車両要求特性) トルク上限(第一象限),－,C7A0743743214D49AE5FFB6973444FCE,PT構想審査,
1,C4AB468550054F99A637C23C0C8393DC,1,0,PRMV0085008 ePT RR MOT出力(車両要求特性) 出力上限(第一象限) －,A,45562.02095,0,0,EntryCondition,PT構想審査時点Fix,PT構想審査時点Fix,,JPN,4WD,,2,,2,SElist_Compact_Slide_JPN_4WD,,60,,kW,L2,L2,PRMV0085008,ePT,RR MOT出力(車両要求特性) 出力上限(第一象限),－,C7A0743743214D49AE5FFB6973444FCE,PT構想審査,
1,36C0EDE37D464BFE9C234CA912E142CE,1,0,PRMV0085009 ePT RR MOT出力(車両要求特性) トルク上限(第二象限) －,A,45562.02096,0,0,EntryCondition,PT構想審査時点Fix,PT構想審査時点Fix,,JPN,4WD,,2,,2,SElist_Compact_Slide_JPN_4WD,,n,,Nm,L2,L2,PRMV0085009,ePT,RR MOT出力(車両要求特性) トルク上限(第二象限),－,C7A0743743214D49AE5FFB6973444FCE,PT構想審査,
1,47A7B9DF639540AE9FEB9C1622F04635,1,0,PRMV0085010 ePT RR MOT出力(車両要求特性) 出力上限(第二象限) －,A,45562.02096,0,0,EntryCondition,PT構想審査時点Fix,PT構想審査時点Fix,,JPN,4WD,,2,,2,SElist_Compact_Slide_JPN_4WD,,n,,kW,L2,L2,PRMV0085010,ePT,RR MOT出力(車両要求特性) 出力上限(第二象限),－,C7A0743743214D49AE5FFB6973444FCE,PT構想審査,
1,18BF4C9E448048EE93584046ADA1BEFC,1,0,PRMV0085011 ePT RR MOT出力(車両要求特性) トルク下限(第四象限) －,A,45562.02097,0,0,EntryCondition,PT構想審査時点Fix,PT構想審査時点Fix,,JPN,4WD,,2,,2,SElist_Compact_Slide_JPN_4WD,,-110,,Nm,L2,L2,PRMV0085011,ePT,RR MOT出力(車両要求特性) トルク下限(第四象限),－,C7A0743743214D49AE5FFB6973444FCE,PT構想審査,
1,DD242E33678B4549988930F34AFECB37,1,0,PRMV0085012 ePT RR MOT出力(車両要求特性) 出力上限(第四象限) －,A,45562.02097,0,0,EntryCondition,PT構想審査時点Fix,PT構想審査時点Fix,,JPN,4WD,,2,,2,SElist_Compact_Slide_JPN_4WD,,-60,,kW,L2,L2,PRMV0085012,ePT,RR MOT出力(車両要求特性) 出力上限(第四象限),－,C7A0743743214D49AE5FFB6973444FCE,PT構想審査,
1,E176BC1610BB4192A0CE75821B1D74E0,1,0,PRMV0085013 ePT RR MOT/INV損失ノミナル －,A,45562.02097,0,0,EntryCondition,PT構想審査時点Fix,PT構想審査時点Fix,,JPN,4WD,,2,,2,SElist_Compact_Slide_JPN_4WD,,,,MAP,L2,L2,PRMV0085013,ePT,RR MOT/INV損失ノミナル,－,C7A0743743214D49AE5FFB6973444FCE,PT構想審査,
1,92224719B5774D55AD806C29A098BC31,1,0,PRMV0085014 ePT RR MOT/INV損失熱検討用 －,A,45562.02098,0,0,EntryCondition,PT構想審査時点Fix,PT構想審査時点Fix,,JPN,4WD,,2,,2,SElist_Compact_Slide_JPN_4WD,,,,MAP,L2,L2,PRMV0085014,ePT,RR MOT/INV損失熱検討用,－,C7A0743743214D49AE5FFB6973444FCE,PT構想審査,
1,40A62BFE36284EEA94AB018AC9D5A3A8,1,0,PRMV0085015 ePT RR MOTイナーシャ －,A,45562.02098,0,0,EntryCondition,PT構想審査時点Fix,PT構想審査時点Fix,,JPN,4WD,,2,,2,SElist_Compact_Slide_JPN_4WD,,0.0244,,kgm#00B2,L2,L2,PRMV0085015,ePT,RR MOTイナーシャ,－,C7A0743743214D49AE5FFB6973444FCE,PT構想審査,
1,E3A1068FACF5491DA978D8447C6F44C2,1,0,PRMV0085016 ePT RR GB減速比 －,A,45562.021,0,0,EntryCondition,PT構想審査時点Fix,PT構想審査時点Fix,,JPN,4WD,,2,,2,SElist_Compact_Slide_JPN_4WD,,n,,－,L2,L2,PRMV0085016,ePT,RR GB減速比,－,C7A0743743214D49AE5FFB6973444FCE,PT構想審査,
1,97D8F89ED9C945D28C1A7033E0D15286,1,0,PRMV0085017 ePT RR GB損失特性(有負荷) －,A,45562.021,0,0,EntryCondition,PT構想審査時点Fix,PT構想審査時点Fix,,JPN,4WD,,2,,2,SElist_Compact_Slide_JPN_4WD,,,,MAP,L2,L2,PRMV0085017,ePT,RR GB損失特性(有負荷),－,C7A0743743214D49AE5FFB6973444FCE,PT構想審査,
1,0591D98A161A47168AE7A93DDB76B1E7,1,0,PRMV0085018 ePT RR GBイナーシャ －,A,45562.02101,0,0,EntryCondition,PT構想審査時点Fix,PT構想審査時点Fix,,JPN,4WD,,2,,2,SElist_Compact_Slide_JPN_4WD,,n,,kgm#00B2,L2,L2,PRMV0085018,ePT,RR GBイナーシャ,－,C7A0743743214D49AE5FFB6973444FCE,PT構想審査,
1,A6AC0BE6D7D947849C89E8002D8CF121,1,0,PRMV0085019 HV BATT 仕様/呼称 －,A,45562.02101,0,0,EntryCondition,PT構想審査時点Fix,PT構想審査時点Fix,,JPN,4WD,,2,,2,SElist_Compact_Slide_JPN_4WD,,PP4,,－,L2,L2,PRMV0085019,HV BATT,仕様/呼称,－,C7A0743743214D49AE5FFB6973444FCE,PT構想審査,
1,800C1C96753348D58DF58CA3F780A033,1,0,PRMV0085020 HV BATT モデル名 －,A,45562.02101,0,0,EntryCondition,PT構想審査時点Fix,PT構想審査時点Fix,,JPN,4WD,,2,,2,SElist_Compact_Slide_JPN_4WD,,"P13C_PP4_250A_Bat2_vN_Temp9
P13C US Tier4モデル＋W13G定数変更",,－,L2,L2,PRMV0085020,HV BATT,モデル名,－,C7A0743743214D49AE5FFB6973444FCE,PT構想審査,
1,3563E4179BC1440FB8B01A25E5B86AF7,1,0,PRMV0085021 HV BATT 直列セル数 －,A,45562.02102,0,0,EntryCondition,PT構想審査時点Fix,PT構想審査時点Fix,,JPN,4WD,,2,,2,SElist_Compact_Slide_JPN_4WD,,72,,cell,L2,L2,PRMV0085021,HV BATT,直列セル数,－,C7A0743743214D49AE5FFB6973444FCE,PT構想審査,
1,D1FEB64162244AE1B9EE97BC038DF97E,1,0,PRMV0085022 HV BATT 並列セル数 －,A,45562.02102,0,0,EntryCondition,PT構想審査時点Fix,PT構想審査時点Fix,,JPN,4WD,,2,,2,SElist_Compact_Slide_JPN_4WD,,1,,para,L2,L2,PRMV0085022,HV BATT,並列セル数,－,C7A0743743214D49AE5FFB6973444FCE,PT構想審査,
1,C3C3FD6357E646D3B1D16BE8A29A6ED1,1,0,PRMV0085023 HV BATT パック容量 (capacity) －,A,45562.02103,0,0,EntryCondition,PT構想審査時点Fix,PT構想審査時点Fix,,JPN,4WD,,2,,2,SElist_Compact_Slide_JPN_4WD,,"1.2kWh(輸送劣化なし)
1.0kWh(輸送劣化あり)",,kWh,L2,L2,PRMV0085023,HV BATT,パック容量 (capacity),－,C7A0743743214D49AE5FFB6973444FCE,PT構想審査,
1,5C1562CBF5924DFC8C1D8313915ED221,1,0,PRMV0085024 HV BATT バッテリ制限設定(Pout出力上限/BATT温度-SOC-電力) －,A,45562.02103,0,0,EntryCondition,PT構想審査時点Fix,PT構想審査時点Fix,,JPN,4WD,,2,,2,SElist_Compact_Slide_JPN_4WD,,,,MAP,L2,L2,PRMV0085024,HV BATT,バッテリ制限設定(Pout出力上限/BATT温度-SOC-電力),－,C7A0743743214D49AE5FFB6973444FCE,PT構想審査,
1,882E0F3CEE6E4771A34EF79C94061CAD,1,0,PRMV0085025 HV BATT バッテリ制限設定(Pin入力上限/BATT温度-SOC-電力) －,A,45562.02104,0,0,EntryCondition,PT構想審査時点Fix,PT構想審査時点Fix,,JPN,4WD,,2,,2,SElist_Compact_Slide_JPN_4WD,,,,MAP,L2,L2,PRMV0085025,HV BATT,バッテリ制限設定(Pin入力上限/BATT温度-SOC-電力),－,C7A0743743214D49AE5FFB6973444FCE,PT構想審査,
1,CD359C8DB1A14EA2BA00FFE491C65BFF,1,0,PRMV0085026 HV BATT 公証電圧 －,A,45562.02104,0,0,EntryCondition,PT構想審査時点Fix,PT構想審査時点Fix,,JPN,4WD,,2,,2,SElist_Compact_Slide_JPN_4WD,,3.7,,V,L2,L2,PRMV0085026,HV BATT,公証電圧,－,C7A0743743214D49AE5FFB6973444FCE,PT構想審査,
1,D54C0C57F3F14115A70ECD4C6A4F868C,1,0,PRMV0085027 HV BATT Max電流 －,A,45562.02105,0,0,EntryCondition,PT構想審査時点Fix,PT構想審査時点Fix,,JPN,4WD,,2,,2,SElist_Compact_Slide_JPN_4WD,,250,,A,L2,L2,PRMV0085027,HV BATT,Max電流,－,C7A0743743214D49AE5FFB6973444FCE,PT構想審査,
1,25544FB129C545078FD9DAB12B79354E,1,0,PRMV0085028 HV BATT セル開放電圧特性(SOC-OCV) －,A,45562.02105,0,0,EntryCondition,PT構想審査時点Fix,PT構想審査時点Fix,,JPN,4WD,,2,,2,SElist_Compact_Slide_JPN_4WD,,,,MAP,L2,L2,PRMV0085028,HV BATT,セル開放電圧特性(SOC-OCV),－,C7A0743743214D49AE5FFB6973444FCE,PT構想審査,
1,EF5DD7F294DC4E639F05DD1BB1B4F856,1,0,PRMV0085029 DCDC 仕様（名称） －,A,45562.02105,0,0,EntryCondition,PT構想審査時点Fix,PT構想審査時点Fix,,JPN,4WD,,2,,2,SElist_Compact_Slide_JPN_4WD,,n,,－,L2,L2,PRMV0085029,DCDC,仕様（名称）,－,C7A0743743214D49AE5FFB6973444FCE,PT構想審査,
1,67B9EDDA09EC4F33B42C5A52329CCC31,1,0,"PRMV0085030 DCDC DCDC効率(走行時弱電220W,355V入力(SOC20%),13V出力) －",A,45562.02106,0,0,EntryCondition,PT構想審査時点Fix,PT構想審査時点Fix,,JPN,4WD,,2,,2,SElist_Compact_Slide_JPN_4WD,,n,,%,L2,L2,PRMV0085030,DCDC,"DCDC効率(走行時弱電220W,355V入力(SOC20%),13V出力)",－,C7A0743743214D49AE5FFB6973444FCE,PT構想審査,
1,CB0F9F0BEF5E4890917C1E5E1EAEA7AE,1,0,PRMV0085031 4WD Sys 前後配分比 －,A,45562.02106,0,0,EntryCondition,PT構想審査時点Fix,PT構想審査時点Fix,,JPN,4WD,,2,,2,SElist_Compact_Slide_JPN_4WD,,n,,－,L2,L2,PRMV0085031,4WD Sys,前後配分比,－,C7A0743743214D49AE5FFB6973444FCE,PT構想審査,
1,84622983CBC84F889ECBC5F1C1C9C612,1,0,PRMV0085032 4WD Sys 配分Map －,A,45562.02108,0,0,EntryCondition,PT構想審査時点Fix,PT構想審査時点Fix,,JPN,4WD,,2,,2,SElist_Compact_Slide_JPN_4WD,,,,MAP,L2,L2,PRMV0085032,4WD Sys,配分Map,－,C7A0743743214D49AE5FFB6973444FCE,PT構想審査,
1,C1325634AF9442D98EDA8CE4289BBCFA,1,0,PRMV0085033 エネマネ 仕様（名称） －,A,45562.02108,0,0,EntryCondition,PT構想審査時点Fix,PT構想審査時点Fix,,JPN,4WD,,2,,2,SElist_Compact_Slide_JPN_4WD,,n,,－,L2,L2,PRMV0085033,エネマネ,仕様（名称）,－,C7A0743743214D49AE5FFB6973444FCE,PT構想審査,
1,BE3A99319BB84483936695EDF4FB54AB,1,0,PRMV0085034 エネマネ PT-sys α線 －,A,45562.02109,0,0,EntryCondition,PT構想審査時点Fix,PT構想審査時点Fix,,JPN,4WD,,2,,2,SElist_Compact_Slide_JPN_4WD,,n,,－,L2,L2,PRMV0085034,エネマネ,PT-sys α線,－,C7A0743743214D49AE5FFB6973444FCE,PT構想審査,
1,4FB49F12AFB9446DBB948C68C39D538B,1,0,PRMV0085035 エネマネ ENG始動Map －,A,45562.02109,0,0,EntryCondition,PT構想審査時点Fix,PT構想審査時点Fix,,JPN,4WD,,2,,2,SElist_Compact_Slide_JPN_4WD,,,,MAP,L2,L2,PRMV0085035,エネマネ,ENG始動Map,－,C7A0743743214D49AE5FFB6973444FCE,PT構想審査,
1,C4219685DFEB4D08B76A99E912C1E7F4,1,0,PRMV0085036 エネマネ 変速線 －,A,45562.0211,0,0,EntryCondition,PT構想審査時点Fix,PT構想審査時点Fix,,JPN,4WD,,2,,2,SElist_Compact_Slide_JPN_4WD,,,,MAP,L2,L2,PRMV0085036,エネマネ,変速線,－,C7A0743743214D49AE5FFB6973444FCE,PT構想審査,
1,125F3FAFDDAC471099551943935DC369,1,0,PRMV0085037 パワマネ 仕様（名称） －,A,45562.0211,0,0,EntryCondition,PT構想審査時点Fix,PT構想審査時点Fix,,JPN,4WD,,2,,2,SElist_Compact_Slide_JPN_4WD,,n,,－,L2,L2,PRMV0085037,パワマネ,仕様（名称）,－,C7A0743743214D49AE5FFB6973444FCE,PT構想審査,
1,13DC6B099DE447DD979D2254E13FAF7D,1,0,PRMV0085038 パワマネ 駆動力Map(APO-車速-駆動力) －,A,45562.02111,0,0,EntryCondition,PT構想審査時点Fix,PT構想審査時点Fix,,JPN,4WD,,2,,2,SElist_Compact_Slide_JPN_4WD,,,,MAP,L2,L2,PRMV0085038,パワマネ,駆動力Map(APO-車速-駆動力),－,C7A0743743214D49AE5FFB6973444FCE,PT構想審査,
1,75996299549D4ED8A2C923F6FF520E6F,1,0,PRMV0085039 燃料タンク タンク容量 －,A,45562.02111,0,0,EntryCondition,PT構想審査時点Fix,PT構想審査時点Fix,,JPN,4WD,,2,,2,SElist_Compact_Slide_JPN_4WD,,n,,－,L2,L2,PRMV0085039,燃料タンク,タンク容量,－,C7A0743743214D49AE5FFB6973444FCE,PT構想審査,
1,6904203253134C9F8D31B80033F71F7F,1,0,PRMV0085040 E&E archi E&E architecture呼称 －,A,45562.02111,0,0,EntryCondition,PT構想審査時点Fix,PT構想審査時点Fix,,JPN,4WD,,2,,2,SElist_Compact_Slide_JPN_4WD,,n,,－,L2,L2,PRMV0085040,E&E archi,E&E architecture呼称,－,C7A0743743214D49AE5FFB6973444FCE,PT構想審査,
1,8B29F7432A61477BACF77AD3C3E09EA6,1,0,PRMV0085041 ブレーキ 回生協調ブレーキ仕様（名称） －,A,45562.02112,0,0,EntryCondition,PT構想審査時点Fix,PT構想審査時点Fix,,JPN,4WD,,2,,2,SElist_Compact_Slide_JPN_4WD,,n,,－,L2,L2,PRMV0085041,ブレーキ,回生協調ブレーキ仕様（名称）,－,C7A0743743214D49AE5FFB6973444FCE,PT構想審査,
1,C3B6DDE174264E599D6D447CCB702910,1,0,PRMV0085042 ブレーキ ブレーキ負圧Sys仕様（名称） －,A,45562.02112,0,0,EntryCondition,PT構想審査時点Fix,PT構想審査時点Fix,,JPN,4WD,,2,,2,SElist_Compact_Slide_JPN_4WD,,n,,－,L2,L2,PRMV0085042,ブレーキ,ブレーキ負圧Sys仕様（名称）,－,C7A0743743214D49AE5FFB6973444FCE,PT構想審査,
1,2B26140587254C979F70CEE4C37A8595,1,0,PRMV0085043 ブレーキ アクセルヒルホールドSysブレーキ協調ASA / MOT －,A,45562.02113,0,0,EntryCondition,PT構想審査時点Fix,PT構想審査時点Fix,,JPN,4WD,,2,,2,SElist_Compact_Slide_JPN_4WD,,n,,－,L2,L2,PRMV0085043,ブレーキ,アクセルヒルホールドSysブレーキ協調ASA / MOT,－,C7A0743743214D49AE5FFB6973444FCE,PT構想審査,
1,76B1BC15C2F544D092703410B19DA4AB,1,0,PRMV0085044 LV BATT AD Sys仕様（名称） －,A,45562.02113,0,0,EntryCondition,PT構想審査時点Fix,PT構想審査時点Fix,,JPN,4WD,,2,,2,SElist_Compact_Slide_JPN_4WD,,AD1 Next,,－,L2,L2,PRMV0085044,LV BATT,AD Sys仕様（名称）,－,C7A0743743214D49AE5FFB6973444FCE,PT構想審査,
1,3E00D47B3C0346A78ECFD35DD74F0BBF,1,0,PRMV0085045 LV BATT 消費電力(電費試験時WLTCモード)HEV －,A,45562.02115,0,0,EntryCondition,PT構想審査時点Fix,PT構想審査時点Fix,,JPN,4WD,,2,,2,SElist_Compact_Slide_JPN_4WD,,244.35,,W,L2,L2,PRMV0085045,LV BATT,消費電力(電費試験時WLTCモード)HEV,－,C7A0743743214D49AE5FFB6973444FCE,PT構想審査,
1,E098BD1E30B74631AE014ECDCA80EB80,1,0,PRMV0085046 LV BATT 消費電力(電費試験時WLTCモード)EV －,A,45562.02115,0,0,EntryCondition,PT構想審査時点Fix,PT構想審査時点Fix,,JPN,4WD,,2,,2,SElist_Compact_Slide_JPN_4WD,,244.35,,W,L2,L2,PRMV0085046,LV BATT,消費電力(電費試験時WLTCモード)EV,－,C7A0743743214D49AE5FFB6973444FCE,PT構想審査,
1,EF96ECF14B364BAA9058CD67AA8F120B,1,0,PRMV0085047 LV BATT 消費電力(電費試験時LA4モード)HEV －,A,45562.02115,0,0,EntryCondition,PT構想審査時点Fix,PT構想審査時点Fix,,JPN,4WD,,2,,2,SElist_Compact_Slide_JPN_4WD,,n,,W,L2,L2,PRMV0085047,LV BATT,消費電力(電費試験時LA4モード)HEV,－,C7A0743743214D49AE5FFB6973444FCE,PT構想審査,
1,09E217FEB9F44913B65F9EFC031ABE71,1,0,PRMV0085048 LV BATT 消費電力(電費試験時LA4モード)EV －,A,45562.02116,0,0,EntryCondition,PT構想審査時点Fix,PT構想審査時点Fix,,JPN,4WD,,2,,2,SElist_Compact_Slide_JPN_4WD,,n,,W,L2,L2,PRMV0085048,LV BATT,消費電力(電費試験時LA4モード)EV,－,C7A0743743214D49AE5FFB6973444FCE,PT構想審査,
1,FC76B3F4C5E14C9CB84689850D58AFAC,1,0,PRMV0085049 LV BATT 消費電力(電費試験時HWYモード)HEV －,A,45562.02116,0,0,EntryCondition,PT構想審査時点Fix,PT構想審査時点Fix,,JPN,4WD,,2,,2,SElist_Compact_Slide_JPN_4WD,,n,,W,L2,L2,PRMV0085049,LV BATT,消費電力(電費試験時HWYモード)HEV,－,C7A0743743214D49AE5FFB6973444FCE,PT構想審査,
1,62817F89B7A54E7BBB20AEB4D8CF4620,1,0,PRMV0085050 LV BATT 消費電力(電費試験時HWYモード)EV －,A,45562.02117,0,0,EntryCondition,PT構想審査時点Fix,PT構想審査時点Fix,,JPN,4WD,,2,,2,SElist_Compact_Slide_JPN_4WD,,n,,W,L2,L2,PRMV0085050,LV BATT,消費電力(電費試験時HWYモード)EV,－,C7A0743743214D49AE5FFB6973444FCE,PT構想審査,
1,81928183FC83420DB4FB73EB072C25A5,1,0,PRMV0085051 LV BATT 消費電力(電費試験時US06モード)HEV －,A,45562.02117,0,0,EntryCondition,PT構想審査時点Fix,PT構想審査時点Fix,,JPN,4WD,,2,,2,SElist_Compact_Slide_JPN_4WD,,n,,W,L2,L2,PRMV0085051,LV BATT,消費電力(電費試験時US06モード)HEV,－,C7A0743743214D49AE5FFB6973444FCE,PT構想審査,
1,236373326C6D4C0F84CB0E209A8186B0,1,0,PRMV0085052 LV BATT 消費電力(電費試験時US06モード)EV －,A,45562.02118,0,0,EntryCondition,PT構想審査時点Fix,PT構想審査時点Fix,,JPN,4WD,,2,,2,SElist_Compact_Slide_JPN_4WD,,n,,W,L2,L2,PRMV0085052,LV BATT,消費電力(電費試験時US06モード)EV,－,C7A0743743214D49AE5FFB6973444FCE,PT構想審査,
1,88AB1CD5CEB346A7A35761F43F13F2B3,1,0,PRMV0085053 LV BATT 消費電力(電費試験時SC03モード)HEV －,A,45562.02118,0,0,EntryCondition,PT構想審査時点Fix,PT構想審査時点Fix,,JPN,4WD,,2,,2,SElist_Compact_Slide_JPN_4WD,,n,,W,L2,L2,PRMV0085053,LV BATT,消費電力(電費試験時SC03モード)HEV,－,C7A0743743214D49AE5FFB6973444FCE,PT構想審査,
1,8FF33D97D68B4D8DBDC0615EE78CB695,1,0,PRMV0085054 LV BATT 消費電力(電費試験時SC03モード)EV －,A,45562.02118,0,0,EntryCondition,PT構想審査時点Fix,PT構想審査時点Fix,,JPN,4WD,,2,,2,SElist_Compact_Slide_JPN_4WD,,n,,W,L2,L2,PRMV0085054,LV BATT,消費電力(電費試験時SC03モード)EV,－,C7A0743743214D49AE5FFB6973444FCE,PT構想審査,
1,776A00EFA7EB4ADA8753F73532BA2AC6,1,0,PRMV0085055 LV BATT 消費電力(電費試験時-7℃ LA4モード)HEV －,A,45562.02119,0,0,EntryCondition,PT構想審査時点Fix,PT構想審査時点Fix,,JPN,4WD,,2,,2,SElist_Compact_Slide_JPN_4WD,,n,,W,L2,L2,PRMV0085055,LV BATT,消費電力(電費試験時-7℃ LA4モード)HEV,－,C7A0743743214D49AE5FFB6973444FCE,PT構想審査,
1,629EB79A808B4511BFAC9DBAA0D86842,1,0,PRMV0085056 LV BATT 消費電力(電費試験時-7℃ LA4モード)EV －,A,45562.02119,0,0,EntryCondition,PT構想審査時点Fix,PT構想審査時点Fix,,JPN,4WD,,2,,2,SElist_Compact_Slide_JPN_4WD,,n,,W,L2,L2,PRMV0085056,LV BATT,消費電力(電費試験時-7℃ LA4モード)EV,－,C7A0743743214D49AE5FFB6973444FCE,PT構想審査,
1,DEA6CED914A047D3A0196D9BE151E0DB,1,0,PRMV0085057 Sim関連 MilsROM －,A,45562.0212,0,0,EntryCondition,PT構想審査時点Fix,PT構想審査時点Fix,,JPN,4WD,,2,,2,SElist_Compact_Slide_JPN_4WD,,n,,－,L2,L2,PRMV0085057,Sim関連,MilsROM,－,C7A0743743214D49AE5FFB6973444FCE,PT構想審査,
1,72F14367C0ED47B3A47FF5CF84EA64CE,1,0,PRMV0085058 Sim関連 Mils設定ファイル －,A,45562.0212,0,0,EntryCondition,PT構想審査時点Fix,PT構想審査時点Fix,,JPN,4WD,,2,,2,SElist_Compact_Slide_JPN_4WD,,n,,－,L2,L2,PRMV0085058,Sim関連,Mils設定ファイル,－,C7A0743743214D49AE5FFB6973444FCE,PT構想審査,
1,7511B2505FB74B8AA9639473EA465E82,1,0,PRMV0085059 Sim関連 CarSettingFile －,A,45562.02122,0,0,EntryCondition,PT構想審査時点Fix,PT構想審査時点Fix,,JPN,4WD,,2,,2,SElist_Compact_Slide_JPN_4WD,,n,,－,L2,L2,PRMV0085059,Sim関連,CarSettingFile,－,C7A0743743214D49AE5FFB6973444FCE,PT構想審査,
1,82ACCC1F50704CDDB9C97E8D614EFC3E,1,0,PRMV0085060 Vehicle Weight Min.C.W. －,A,45562.02301,0,0,EntryCondition,PT構想審査時点Fix,PT構想審査時点Fix,,JPN,4WD,,2,,2,SElist_Compact_Slide_JPN_4WD,,1535,,kg,L3,L3,PRMV0085060,Vehicle Weight,Min.C.W.,－,C7A0743743214D49AE5FFB6973444FCE,PT構想審査,
1,0237E95CAD6044E59655346893B4B9ED,1,0,PRMV0085061 Vehicle Weight Max.C.W. －,A,45562.02302,0,0,EntryCondition,PT構想審査時点Fix,PT構想審査時点Fix,,JPN,4WD,,2,,2,SElist_Compact_Slide_JPN_4WD,,1571,,kg,L3,L3,PRMV0085061,Vehicle Weight,Max.C.W.,－,C7A0743743214D49AE5FFB6973444FCE,PT構想審査,
1,59DC0BD342DC43A8845870C7DACA76AD,1,0,PRMV0085062 Vehicle Weight スペアタイヤ&工具  －,A,45562.02302,0,0,EntryCondition,PT構想審査時点Fix,PT構想審査時点Fix,,JPN,4WD,,2,,2,SElist_Compact_Slide_JPN_4WD,,1,,kg,L3,L3,PRMV0085062,Vehicle Weight,スペアタイヤ&工具 ,－,C7A0743743214D49AE5FFB6973444FCE,PT構想審査,
1,192724B4B2214DB9AE5B2B4A00069BC8,1,0,PRMV0085063 Vehicle Weight EPA届出重量 －,A,45562.02303,0,0,EntryCondition,PT構想審査時点Fix,PT構想審査時点Fix,,JPN,4WD,,2,,2,SElist_Compact_Slide_JPN_4WD,,1570,,kg,L3,L3,PRMV0085063,Vehicle Weight,EPA届出重量,－,C7A0743743214D49AE5FFB6973444FCE,PT構想審査,
1,C2D4564A5F904FB8B756FC4404444916,1,0,PRMV0085064 Vehicle Weight IP(認証試験) ,A,45562.02303,0,0,EntryCondition,PT構想審査時点Fix,PT構想審査時点Fix,,JPN,4WD,,2,,2,SElist_Compact_Slide_JPN_4WD,,1700,,lbs,L3,L3,PRMV0085064,Vehicle Weight,IP(認証試験),,C7A0743743214D49AE5FFB6973444FCE,PT構想審査,
1,648BBE27990E47AAA30AC96563745B2E,1,0,PRMV0085065 Vehicle Severe Weight PTW or GVWR －,A,45562.02304,0,0,EntryCondition,PT構想審査時点Fix,PT構想審査時点Fix,,JPN,4WD,,2,,2,SElist_Compact_Slide_JPN_4WD,,1880,,kg,L3,L3,PRMV0085065,Vehicle Severe Weight,PTW or GVWR,－,C7A0743743214D49AE5FFB6973444FCE,PT構想審査,
1,FF9E3A8B1DE043C0807CE73FEC2F91A4,1,0,PRMV0085066 Vehicle Severe Weight Towing －,A,45562.02304,0,0,EntryCondition,PT構想審査時点Fix,PT構想審査時点Fix,,JPN,4WD,,2,,2,SElist_Compact_Slide_JPN_4WD,,無し,,kg,L3,L3,PRMV0085066,Vehicle Severe Weight,Towing,－,C7A0743743214D49AE5FFB6973444FCE,PT構想審査,
1,9DA08B62B1424588AC1D33F6FCB374FA,1,0,PRMV0085067 Test Weight 燃費 －,A,45562.02306,0,0,EntryCondition,PT構想審査時点Fix,PT構想審査時点Fix,,JPN,4WD,,2,,2,SElist_Compact_Slide_JPN_4WD,,1700,,kg,L3,L3,PRMV0085067,Test Weight,燃費,－,C7A0743743214D49AE5FFB6973444FCE,PT構想審査,
1,C504717E18724121B614EF4475283E6E,1,0,PRMV0085068 Test Weight 動力当り前性能  －,A,45562.02306,0,0,EntryCondition,PT構想審査時点Fix,PT構想審査時点Fix,,JPN,4WD,,2,,2,SElist_Compact_Slide_JPN_4WD,,1880,,kg,L3,L3,PRMV0085068,Test Weight,動力当り前性能 ,－,C7A0743743214D49AE5FFB6973444FCE,PT構想審査,
1,9752F627FF1D44AFBD6280F2B646EFE7,1,0,PRMV0085069 Test Weight 動力Accerelation －,A,45562.02307,0,0,EntryCondition,PT構想審査時点Fix,PT構想審査時点Fix,,JPN,4WD,,2,,2,SElist_Compact_Slide_JPN_4WD,,1680,,kg,L3,L3,PRMV0085069,Test Weight,動力Accerelation,－,C7A0743743214D49AE5FFB6973444FCE,PT構想審査,
1,11AE4FA89C0D4443A3FE45EE1E3DCA57,1,0,PRMV0085070 Test Weight 排気(IPランク)WLTC T.W. －,A,45562.02307,0,0,EntryCondition,PT構想審査時点Fix,PT構想審査時点Fix,,JPN,4WD,,2,,2,SElist_Compact_Slide_JPN_4WD,,1700,,kg,L3,L3,PRMV0085070,Test Weight,排気(IPランク)WLTC T.W.,－,C7A0743743214D49AE5FFB6973444FCE,PT構想審査,
1,84C0D76C289842EEA0A03311D0939DD1,1,0,PRMV0085071 Test Weight 排気(IPランク)RDE －,A,45562.02308,0,0,EntryCondition,PT構想審査時点Fix,PT構想審査時点Fix,,JPN,4WD,,2,,2,SElist_Compact_Slide_JPN_4WD,,1821,,kg,L3,L3,PRMV0085071,Test Weight,排気(IPランク)RDE,－,C7A0743743214D49AE5FFB6973444FCE,PT構想審査,
1,16CBDED45056406BBC55A46B2B27BBAB,1,0,PRMV0085072 Test Weight OBD(IPランク)WLTC T.W. －,A,45562.02308,0,0,EntryCondition,PT構想審査時点Fix,PT構想審査時点Fix,,JPN,4WD,,2,,2,SElist_Compact_Slide_JPN_4WD,,n,,kg,L3,L3,PRMV0085072,Test Weight,OBD(IPランク)WLTC T.W.,－,C7A0743743214D49AE5FFB6973444FCE,PT構想審査,
1,299CCBE09CE94396AA99B21823ABDF59,1,0,PRMV0085073 Test Weight 熱GVWR －,A,45562.02309,0,0,EntryCondition,PT構想審査時点Fix,PT構想審査時点Fix,,JPN,4WD,,2,,2,SElist_Compact_Slide_JPN_4WD,,n,,kg,L3,L3,PRMV0085073,Test Weight,熱GVWR,－,C7A0743743214D49AE5FFB6973444FCE,PT構想審査,
1,C7347D8BCF7F475FBA20024C41215779,1,0,PRMV0085074 Test Weight 音 －,A,45562.02309,0,0,EntryCondition,PT構想審査時点Fix,PT構想審査時点Fix,,JPN,4WD,,2,,2,SElist_Compact_Slide_JPN_4WD,,n,,kg,L3,L3,PRMV0085074,Test Weight,音,－,C7A0743743214D49AE5FFB6973444FCE,PT構想審査,
1,F71328D9034B4A80BD54CFFB01507B47,1,0,PRMV0085075 Test Weight 運転性 －,A,45562.0231,0,0,EntryCondition,PT構想審査時点Fix,PT構想審査時点Fix,,JPN,4WD,,2,,2,SElist_Compact_Slide_JPN_4WD,,n,,kg,L3,L3,PRMV0085075,Test Weight,運転性,－,C7A0743743214D49AE5FFB6973444FCE,PT構想審査,
1,957AB0C5F00143149B05718B258C55D8,1,0,PRMV0085076 Test Weight エバポ －,A,45562.0231,0,0,EntryCondition,PT構想審査時点Fix,PT構想審査時点Fix,,JPN,4WD,,2,,2,SElist_Compact_Slide_JPN_4WD,,n,,kg,L3,L3,PRMV0085076,Test Weight,エバポ,－,C7A0743743214D49AE5FFB6973444FCE,PT構想審査,
1,3C6A88469509488F8EB38374BD9A22B6,1,0,PRMV0085077 Test Weight シビアシーンあざみライン / ターンパイク －,A,45562.02311,0,0,EntryCondition,PT構想審査時点Fix,PT構想審査時点Fix,,JPN,4WD,,2,,2,SElist_Compact_Slide_JPN_4WD,,1880,,kg,L3,L3,PRMV0085077,Test Weight,シビアシーンあざみライン / ターンパイク,－,C7A0743743214D49AE5FFB6973444FCE,PT構想審査,
1,64D56ED6647E4B63A41331C880761D98,1,0,PRMV0085078 Test Weight シビアシーン熱性能GVWR －,A,45562.02311,0,0,EntryCondition,PT構想審査時点Fix,PT構想審査時点Fix,,JPN,4WD,,2,,2,SElist_Compact_Slide_JPN_4WD,,n,,kg,L3,L3,PRMV0085078,Test Weight,シビアシーン熱性能GVWR,－,C7A0743743214D49AE5FFB6973444FCE,PT構想審査,
1,E348CA546E724896B8C91C503BF2A34D,1,0,"PRMV0085079 Test Weight シビアシーン熱性能130km/h,R/L －",A,45562.02313,0,0,EntryCondition,PT構想審査時点Fix,PT構想審査時点Fix,,JPN,4WD,,2,,2,SElist_Compact_Slide_JPN_4WD,,n,,kg,L3,L3,PRMV0085079,Test Weight,"シビアシーン熱性能130km/h,R/L",－,C7A0743743214D49AE5FFB6973444FCE,PT構想審査,
1,31C380AEC7DF42929BFDE3A0D28CB282,1,0,"PRMV0085080 Test Weight シビアシーン熱性能60km/h,8.7%勾配 －",A,45562.02313,0,0,EntryCondition,PT構想審査時点Fix,PT構想審査時点Fix,,JPN,4WD,,2,,2,SElist_Compact_Slide_JPN_4WD,,n,,kg,L3,L3,PRMV0085080,Test Weight,"シビアシーン熱性能60km/h,8.7%勾配",－,C7A0743743214D49AE5FFB6973444FCE,PT構想審査,
1,23C6FF6B08234DE7A307B933E2FCCB59,1,0,PRMV0085081 Test Weight 6分類GVWR －,A,45562.02314,0,0,EntryCondition,PT構想審査時点Fix,PT構想審査時点Fix,,JPN,4WD,,2,,2,SElist_Compact_Slide_JPN_4WD,,n,,kg,L3,L3,PRMV0085081,Test Weight,6分類GVWR,－,C7A0743743214D49AE5FFB6973444FCE,PT構想審査,
1,B44AFC346B394BD7BD9C035D9CD34091,1,0,PRMV0085082 空力 Cd  －,A,45562.02314,0,0,EntryCondition,PT構想審査時点Fix,PT構想審査時点Fix,,JPN,4WD,,2,,2,SElist_Compact_Slide_JPN_4WD,,－,,－,L3,L3,PRMV0085082,空力,Cd ,－,C7A0743743214D49AE5FFB6973444FCE,PT構想審査,
1,70D6D31671A047ADBB4C8D5D8BB9FF0A,1,0,PRMV0085083 空力 ΔCd (AGS閉→全開) －,A,45562.02315,0,0,EntryCondition,PT構想審査時点Fix,PT構想審査時点Fix,,JPN,4WD,,2,,2,SElist_Compact_Slide_JPN_4WD,,0.372,,－,L3,L3,PRMV0085083,空力,ΔCd (AGS閉→全開),－,C7A0743743214D49AE5FFB6973444FCE,PT構想審査,
1,D61D6B7D1A0B4C7C84053186923BC8EC,1,0,PRMV0085084 空力 A －,A,45562.02315,0,0,EntryCondition,PT構想審査時点Fix,PT構想審査時点Fix,,JPN,4WD,,2,,2,SElist_Compact_Slide_JPN_4WD,,2.51,,m#00B2,L3,L3,PRMV0085084,空力,A,－,C7A0743743214D49AE5FFB6973444FCE,PT構想審査,
1,58A885A17F77448680405A110BF908F7,1,0,PRMV0085085 空力 Grill shutter仕様（名称） －,A,45562.02316,0,0,EntryCondition,PT構想審査時点Fix,PT構想審査時点Fix,,JPN,4WD,,2,,2,SElist_Compact_Slide_JPN_4WD,,－,,－,L3,L3,PRMV0085085,空力,Grill shutter仕様（名称）,－,C7A0743743214D49AE5FFB6973444FCE,PT構想審査,
1,E1E5B9F746824277AE13C244BC560CAE,1,0,PRMV0085086 タイヤ FRサイズ －,A,45562.02316,0,0,EntryCondition,PT構想審査時点Fix,PT構想審査時点Fix,,JPN,4WD,,2,,2,SElist_Compact_Slide_JPN_4WD,,185/65/15,,－,L3,L3,PRMV0085086,タイヤ,FRサイズ,－,C7A0743743214D49AE5FFB6973444FCE,PT構想審査,
1,C745A4F388A44928BCD3E11C97DB7FCC,1,0,PRMV0085087 タイヤ FR動半径 －,A,45562.02317,0,0,EntryCondition,PT構想審査時点Fix,PT構想審査時点Fix,,JPN,4WD,,2,,2,SElist_Compact_Slide_JPN_4WD,,0.298,,m,L3,L3,PRMV0085087,タイヤ,FR動半径,－,C7A0743743214D49AE5FFB6973444FCE,PT構想審査,
1,B6FDAC645D4E41B5835EDF71FD95D8E5,1,0,"PRMV0085088 タイヤ FR RRC (ISO 28560 80kmh,210kPa) －",A,45562.02317,0,0,EntryCondition,PT構想審査時点Fix,PT構想審査時点Fix,,JPN,4WD,,2,,2,SElist_Compact_Slide_JPN_4WD,,6.6,,－,L3,L3,PRMV0085088,タイヤ,"FR RRC (ISO 28560 80kmh,210kPa)",－,C7A0743743214D49AE5FFB6973444FCE,PT構想審査,
1,2BAE32B722D445D2A9F635DFA5FB2870,1,0,PRMV0085089 タイヤ FR RRC (車両状態) －,A,45562.02318,0,0,EntryCondition,PT構想審査時点Fix,PT構想審査時点Fix,,JPN,4WD,,2,,2,SElist_Compact_Slide_JPN_4WD,,6.3,,－,L3,L3,PRMV0085089,タイヤ,FR RRC (車両状態),－,C7A0743743214D49AE5FFB6973444FCE,PT構想審査,
1,D99AA04C98E44E6B99703466D54BAF7F,1,0,PRMV0085090 タイヤ FR RRC (車両状態)空気圧 －,A,45562.02318,0,0,EntryCondition,PT構想審査時点Fix,PT構想審査時点Fix,,JPN,4WD,,2,,2,SElist_Compact_Slide_JPN_4WD,,230,,kPa,L3,L3,PRMV0085090,タイヤ,FR RRC (車両状態)空気圧,－,C7A0743743214D49AE5FFB6973444FCE,PT構想審査,
1,4F305D726F9E414484F7D04FEA2BC08B,1,0,PRMV0085091 タイヤ FR イナーシャ(1本)  －,A,45562.02319,0,0,EntryCondition,PT構想審査時点Fix,PT構想審査時点Fix,,JPN,4WD,,2,,2,SElist_Compact_Slide_JPN_4WD,,n,,kgm#00B2,L3,L3,PRMV0085091,タイヤ,FR イナーシャ(1本) ,－,C7A0743743214D49AE5FFB6973444FCE,PT構想審査,
1,52FB4F429BAA416D92DBAB87E2AACD71,1,0,PRMV0085092 タイヤ RRサイズ －,A,45562.02319,0,0,EntryCondition,PT構想審査時点Fix,PT構想審査時点Fix,,JPN,4WD,,2,,2,SElist_Compact_Slide_JPN_4WD,,185/65/15,,－,L3,L3,PRMV0085092,タイヤ,RRサイズ,－,C7A0743743214D49AE5FFB6973444FCE,PT構想審査,
1,90291BB2B8B140D69FEFBDD41E921951,1,0,PRMV0085093 タイヤ RR動半径 －,A,45562.02321,0,0,EntryCondition,PT構想審査時点Fix,PT構想審査時点Fix,,JPN,4WD,,2,,2,SElist_Compact_Slide_JPN_4WD,,0.298,,m,L3,L3,PRMV0085093,タイヤ,RR動半径,－,C7A0743743214D49AE5FFB6973444FCE,PT構想審査,
1,56038DFD714E40B488394676EED324F7,1,0,"PRMV0085094 タイヤ RR RRC (ISO 28560 80kmh,210kPa) －",A,45562.02321,0,0,EntryCondition,PT構想審査時点Fix,PT構想審査時点Fix,,JPN,4WD,,2,,2,SElist_Compact_Slide_JPN_4WD,,6.6,,－,L3,L3,PRMV0085094,タイヤ,"RR RRC (ISO 28560 80kmh,210kPa)",－,C7A0743743214D49AE5FFB6973444FCE,PT構想審査,
1,EFDA2AFFD2CA4131A8BE010E616F985C,1,0,PRMV0085095 タイヤ RR RRC (車両状態) －,A,45562.02322,0,0,EntryCondition,PT構想審査時点Fix,PT構想審査時点Fix,,JPN,4WD,,2,,2,SElist_Compact_Slide_JPN_4WD,,6.6,,－,L3,L3,PRMV0085095,タイヤ,RR RRC (車両状態),－,C7A0743743214D49AE5FFB6973444FCE,PT構想審査,
1,0FBF340BB3814D98AEF83FF4D667A612,1,0,PRMV0085096 タイヤ RR RRC (車両状態)空気圧 －,A,45562.02322,0,0,EntryCondition,PT構想審査時点Fix,PT構想審査時点Fix,,JPN,4WD,,2,,2,SElist_Compact_Slide_JPN_4WD,,210,,kPa,L3,L3,PRMV0085096,タイヤ,RR RRC (車両状態)空気圧,－,C7A0743743214D49AE5FFB6973444FCE,PT構想審査,
1,4C0BED677B1E4ABEBE4612AB26877CDE,1,0,PRMV0085097 タイヤ RR イナーシャ(1本)  －,A,45562.02323,0,0,EntryCondition,PT構想審査時点Fix,PT構想審査時点Fix,,JPN,4WD,,2,,2,SElist_Compact_Slide_JPN_4WD,,n,,kgm#00B2,L3,L3,PRMV0085097,タイヤ,RR イナーシャ(1本) ,－,C7A0743743214D49AE5FFB6973444FCE,PT構想審査,
1,195ADEFFE99548089B2B8905DD196A4F,1,0,PRMV0085098 ホイール イナーシャ(1本) －,A,45562.02323,0,0,EntryCondition,PT構想審査時点Fix,PT構想審査時点Fix,,JPN,4WD,,2,,2,SElist_Compact_Slide_JPN_4WD,,n,,kgm#00B2,L3,L3,PRMV0085098,ホイール,イナーシャ(1本),－,C7A0743743214D49AE5FFB6973444FCE,PT構想審査,
1,ED2E05E91B1D4466AEF12B8DCCBB33FB,1,0,PRMV0085099 HUB FR 引き摺りトルク (@80km/h) －,A,45562.02324,0,0,EntryCondition,PT構想審査時点Fix,PT構想審査時点Fix,,JPN,4WD,,2,,2,SElist_Compact_Slide_JPN_4WD,,160,,Nm/veh,L3,L3,PRMV0085099,HUB,FR 引き摺りトルク (@80km/h),－,C7A0743743214D49AE5FFB6973444FCE,PT構想審査,
1,B6F7E0B55AAF45DB93DB28588572866B,1,0,PRMV0085100 HUB RR 引き摺りトルク (@80km/h) －,A,45562.02324,0,0,EntryCondition,PT構想審査時点Fix,PT構想審査時点Fix,,JPN,4WD,,2,,2,SElist_Compact_Slide_JPN_4WD,,300,,Nm/veh,L3,L3,PRMV0085100,HUB,RR 引き摺りトルク (@80km/h),－,C7A0743743214D49AE5FFB6973444FCE,PT構想審査,
1,94D3323741CB4A55A4C6C0622D93F8D1,1,0,PRMV0085101 ブレーキ FR引き摺りトルク (経験圧3Mpa＠60kph) －,A,45562.02325,0,0,EntryCondition,PT構想審査時点Fix,PT構想審査時点Fix,,JPN,4WD,,2,,2,SElist_Compact_Slide_JPN_4WD,,224,,Nm/veh,L3,L3,PRMV0085101,ブレーキ,FR引き摺りトルク (経験圧3Mpa＠60kph),－,C7A0743743214D49AE5FFB6973444FCE,PT構想審査,
1,67C3EF81530E4A2D9F529FDB5CD5501C,1,0,PRMV0085102 ブレーキ RR引き摺りトルク(経験圧3Mpa＠60kph) －,A,45562.02325,0,0,EntryCondition,PT構想審査時点Fix,PT構想審査時点Fix,,JPN,4WD,,2,,2,SElist_Compact_Slide_JPN_4WD,,0,,Nm/veh,L3,L3,PRMV0085102,ブレーキ,RR引き摺りトルク(経験圧3Mpa＠60kph),－,C7A0743743214D49AE5FFB6973444FCE,PT構想審査,
1,F2BB7ADF62D54A8EB0020D12F3EDE05B,1,0,PRMV0085103 走行抵抗 届出(Target Lset式) A0 －,A,45562.02326,0,0,EntryCondition,PT構想審査時点Fix,PT構想審査時点Fix,,JPN,4WD,,2,,2,SElist_Compact_Slide_JPN_4WD,,n,,N,L3,L3,PRMV0085103,走行抵抗,届出(Target Lset式) A0,－,C7A0743743214D49AE5FFB6973444FCE,PT構想審査,
1,1E86F87B1A3843BE8778F84A9C54650F,1,0,PRMV0085104 走行抵抗 届出(Target Lset式) A1 －,A,45562.02326,0,0,EntryCondition,PT構想審査時点Fix,PT構想審査時点Fix,,JPN,4WD,,2,,2,SElist_Compact_Slide_JPN_4WD,,n,,N/kph,L3,L3,PRMV0085104,走行抵抗,届出(Target Lset式) A1,－,C7A0743743214D49AE5FFB6973444FCE,PT構想審査,
1,1DBDEB64F183419AA4EA065A5BB63F04,1,0,PRMV0085105 走行抵抗 届出(Target Lset式) A2 －,A,45562.02328,0,0,EntryCondition,PT構想審査時点Fix,PT構想審査時点Fix,,JPN,4WD,,2,,2,SElist_Compact_Slide_JPN_4WD,,n,,N/kph#00B2,L3,L3,PRMV0085105,走行抵抗,届出(Target Lset式) A2,－,C7A0743743214D49AE5FFB6973444FCE,PT構想審査,
1,5CF55A1442D94F398DD1792AC07AF829,1,0,PRMV0085106 走行抵抗 届出(Target Lset式) IP －,A,45562.02328,0,0,EntryCondition,PT構想審査時点Fix,PT構想審査時点Fix,,JPN,4WD,,2,,2,SElist_Compact_Slide_JPN_4WD,,n,,kg,L3,L3,PRMV0085106,走行抵抗,届出(Target Lset式) IP,－,C7A0743743214D49AE5FFB6973444FCE,PT構想審査,
1,9AF1D4A7249F43699394F9F525CC727D,1,0,PRMV0085107 走行抵抗 届出(Target Lset式) 排気A0 －,A,45562.02329,0,0,EntryCondition,PT構想審査時点Fix,PT構想審査時点Fix,,JPN,4WD,,2,,2,SElist_Compact_Slide_JPN_4WD,,n,,N,L3,L3,PRMV0085107,走行抵抗,届出(Target Lset式) 排気A0,－,C7A0743743214D49AE5FFB6973444FCE,PT構想審査,
1,224C569B08A34D0AB59B0D4546E0A29B,1,0,PRMV0085108 走行抵抗 届出(Target Lset式) 排気A1 －,A,45562.02329,0,0,EntryCondition,PT構想審査時点Fix,PT構想審査時点Fix,,JPN,4WD,,2,,2,SElist_Compact_Slide_JPN_4WD,,n,,N/kph,L3,L3,PRMV0085108,走行抵抗,届出(Target Lset式) 排気A1,－,C7A0743743214D49AE5FFB6973444FCE,PT構想審査,
1,9FCE2F2D7871469EAC78E4B9D24EF7CC,1,0,PRMV0085109 走行抵抗 届出(Target Lset式) 排気A2 －,A,45562.0233,0,0,EntryCondition,PT構想審査時点Fix,PT構想審査時点Fix,,JPN,4WD,,2,,2,SElist_Compact_Slide_JPN_4WD,,n,,N/kph#00B2,L3,L3,PRMV0085109,走行抵抗,届出(Target Lset式) 排気A2,－,C7A0743743214D49AE5FFB6973444FCE,PT構想審査,
1,69A9B6B019624B5297431083C87A25ED,1,0,PRMV0085110 走行抵抗 届出(Target Lset式) 排気IP －,A,45562.0233,0,0,EntryCondition,PT構想審査時点Fix,PT構想審査時点Fix,,JPN,4WD,,2,,2,SElist_Compact_Slide_JPN_4WD,,n,,kg,L3,L3,PRMV0085110,走行抵抗,届出(Target Lset式) 排気IP,－,C7A0743743214D49AE5FFB6973444FCE,PT構想審査,
1,FCA0CF7770D24398A9FC64F3BE303EE5,1,0,PRMV0085111 走行抵抗 届出(Target Lset式) エバポA0 －,A,45562.02331,0,0,EntryCondition,PT構想審査時点Fix,PT構想審査時点Fix,,JPN,4WD,,2,,2,SElist_Compact_Slide_JPN_4WD,,n,,N,L3,L3,PRMV0085111,走行抵抗,届出(Target Lset式) エバポA0,－,C7A0743743214D49AE5FFB6973444FCE,PT構想審査,
1,54B68752BC2F4C1C9899B4511F050DB9,1,0,PRMV0085112 走行抵抗 届出(Target Lset式) エバポA1 －,A,45562.02331,0,0,EntryCondition,PT構想審査時点Fix,PT構想審査時点Fix,,JPN,4WD,,2,,2,SElist_Compact_Slide_JPN_4WD,,n,,N/kph,L3,L3,PRMV0085112,走行抵抗,届出(Target Lset式) エバポA1,－,C7A0743743214D49AE5FFB6973444FCE,PT構想審査,
1,D66ED7DEE95E4EF0A924DF7467849E0C,1,0,PRMV0085113 走行抵抗 届出(Target Lset式) エバポA2 －,A,45562.02331,0,0,EntryCondition,PT構想審査時点Fix,PT構想審査時点Fix,,JPN,4WD,,2,,2,SElist_Compact_Slide_JPN_4WD,,n,,N/kph#00B2,L3,L3,PRMV0085113,走行抵抗,届出(Target Lset式) エバポA2,－,C7A0743743214D49AE5FFB6973444FCE,PT構想審査,
1,3DF0884641F94F2B975747E0A0E6BF05,1,0,PRMV0085114 走行抵抗 届出(Target Lset式) エバポIP －,A,45562.02332,0,0,EntryCondition,PT構想審査時点Fix,PT構想審査時点Fix,,JPN,4WD,,2,,2,SElist_Compact_Slide_JPN_4WD,,n,,kg,L3,L3,PRMV0085114,走行抵抗,届出(Target Lset式) エバポIP,－,C7A0743743214D49AE5FFB6973444FCE,PT構想審査,
1,0BD1C53123DF42EAAF6AC5A8EC89961C,1,0,PRMV0085115 性能検討用走行抵抗式(ePT連れ回り排除) 航続距離(C/D車載状態)A0 －,A,45562.02332,0,0,EntryCondition,PT構想審査時点Fix,PT構想審査時点Fix,,JPN,4WD,,2,,2,SElist_Compact_Slide_JPN_4WD,,n,,N,L3,L3,PRMV0085115,性能検討用走行抵抗式(ePT連れ回り排除),航続距離(C/D車載状態)A0,－,C7A0743743214D49AE5FFB6973444FCE,PT構想審査,
1,5B64EB9DD7924B3D9DD58D6D2E8FE8E1,1,0,PRMV0085116 性能検討用走行抵抗式(ePT連れ回り排除) 航続距離(C/D車載状態)A1 －,A,45562.02333,0,0,EntryCondition,PT構想審査時点Fix,PT構想審査時点Fix,,JPN,4WD,,2,,2,SElist_Compact_Slide_JPN_4WD,,n,,N/kph,L3,L3,PRMV0085116,性能検討用走行抵抗式(ePT連れ回り排除),航続距離(C/D車載状態)A1,－,C7A0743743214D49AE5FFB6973444FCE,PT構想審査,
1,0F70183C9D784058AA611C0C4FCC4D30,1,0,PRMV0085117 性能検討用走行抵抗式(ePT連れ回り排除) 航続距離(C/D車載状態)A2 －,A,45562.02333,0,0,EntryCondition,PT構想審査時点Fix,PT構想審査時点Fix,,JPN,4WD,,2,,2,SElist_Compact_Slide_JPN_4WD,,n,,N/kph#00B2,L3,L3,PRMV0085117,性能検討用走行抵抗式(ePT連れ回り排除),航続距離(C/D車載状態)A2,－,C7A0743743214D49AE5FFB6973444FCE,PT構想審査,
1,C60560F06C304ED99FE72A11A4FB1100,1,0,PRMV0085118 性能検討用走行抵抗式(ePT連れ回り排除) 航続距離(C/D車載状態)IP －,A,45562.02334,0,0,EntryCondition,PT構想審査時点Fix,PT構想審査時点Fix,,JPN,4WD,,2,,2,SElist_Compact_Slide_JPN_4WD,,n,,kg,L3,L3,PRMV0085118,性能検討用走行抵抗式(ePT連れ回り排除),航続距離(C/D車載状態)IP,－,C7A0743743214D49AE5FFB6973444FCE,PT構想審査,
1,1B94C4A2D57644698A2CC7B6FB5E52DF,1,0,PRMV0085119 性能検討用走行抵抗式(ePT連れ回り排除) 動力当り前性能A0 －,A,45562.02334,0,0,EntryCondition,PT構想審査時点Fix,PT構想審査時点Fix,,JPN,4WD,,2,,2,SElist_Compact_Slide_JPN_4WD,,n,,N,L3,L3,PRMV0085119,性能検討用走行抵抗式(ePT連れ回り排除),動力当り前性能A0,－,C7A0743743214D49AE5FFB6973444FCE,PT構想審査,
1,33374A89C1094E0781DD1C4CF276A6E3,1,0,PRMV0085120 性能検討用走行抵抗式(ePT連れ回り排除) 動力当り前性能A1 －,A,45562.02334,0,0,EntryCondition,PT構想審査時点Fix,PT構想審査時点Fix,,JPN,4WD,,2,,2,SElist_Compact_Slide_JPN_4WD,,n,,N/kph,L3,L3,PRMV0085120,性能検討用走行抵抗式(ePT連れ回り排除),動力当り前性能A1,－,C7A0743743214D49AE5FFB6973444FCE,PT構想審査,
1,7B7C9239CF1F4053B49A7DFDFFFE1015,1,0,PRMV0085121 性能検討用走行抵抗式(ePT連れ回り排除) 動力当り前性能A2 －,A,45562.02336,0,0,EntryCondition,PT構想審査時点Fix,PT構想審査時点Fix,,JPN,4WD,,2,,2,SElist_Compact_Slide_JPN_4WD,,n,,N/kph#00B2,L3,L3,PRMV0085121,性能検討用走行抵抗式(ePT連れ回り排除),動力当り前性能A2,－,C7A0743743214D49AE5FFB6973444FCE,PT構想審査,
1,D4CB5CEE334B47688AFBFCDB289D3F0E,1,0,PRMV0085122 性能検討用走行抵抗式(ePT連れ回り排除) 動力当り前性能IP －,A,45562.02336,0,0,EntryCondition,PT構想審査時点Fix,PT構想審査時点Fix,,JPN,4WD,,2,,2,SElist_Compact_Slide_JPN_4WD,,n,,kg,L3,L3,PRMV0085122,性能検討用走行抵抗式(ePT連れ回り排除),動力当り前性能IP,－,C7A0743743214D49AE5FFB6973444FCE,PT構想審査,
1,021E1C7981EA4B9EB75A6B7B0E76C6CD,1,0,PRMV0085123 性能検討用走行抵抗式(ePT連れ回り排除) 動力AccerelationA0 －,A,45562.02337,0,0,EntryCondition,PT構想審査時点Fix,PT構想審査時点Fix,,JPN,4WD,,2,,2,SElist_Compact_Slide_JPN_4WD,,n,,N,L3,L3,PRMV0085123,性能検討用走行抵抗式(ePT連れ回り排除),動力AccerelationA0,－,C7A0743743214D49AE5FFB6973444FCE,PT構想審査,
1,D456A1A6CFB04D978A10EA10EEAF2A10,1,0,PRMV0085124 性能検討用走行抵抗式(ePT連れ回り排除) 動力AccerelationA1 －,A,45562.02337,0,0,EntryCondition,PT構想審査時点Fix,PT構想審査時点Fix,,JPN,4WD,,2,,2,SElist_Compact_Slide_JPN_4WD,,n,,N/kph,L3,L3,PRMV0085124,性能検討用走行抵抗式(ePT連れ回り排除),動力AccerelationA1,－,C7A0743743214D49AE5FFB6973444FCE,PT構想審査,
1,6CC8D0F07BB7469795B68C7D94404044,1,0,PRMV0085125 性能検討用走行抵抗式(ePT連れ回り排除) 動力AccerelationA2 －,A,45562.02338,0,0,EntryCondition,PT構想審査時点Fix,PT構想審査時点Fix,,JPN,4WD,,2,,2,SElist_Compact_Slide_JPN_4WD,,n,,N/kph#00B2,L3,L3,PRMV0085125,性能検討用走行抵抗式(ePT連れ回り排除),動力AccerelationA2,－,C7A0743743214D49AE5FFB6973444FCE,PT構想審査,
1,C870EF6FA4BB4DF8A13D3FFDBEE71F4F,1,0,PRMV0085126 性能検討用走行抵抗式(ePT連れ回り排除) 動力AccerelationIP －,A,45562.02338,0,0,EntryCondition,PT構想審査時点Fix,PT構想審査時点Fix,,JPN,4WD,,2,,2,SElist_Compact_Slide_JPN_4WD,,n,,kg,L3,L3,PRMV0085126,性能検討用走行抵抗式(ePT連れ回り排除),動力AccerelationIP,－,C7A0743743214D49AE5FFB6973444FCE,PT構想審査,
1,1D0910482C1F48819519B858667005E7,1,0,PRMV0085127 性能検討用走行抵抗式(ePT連れ回り排除) 動力VmaxA0 －,A,45562.02339,0,0,EntryCondition,PT構想審査時点Fix,PT構想審査時点Fix,,JPN,4WD,,2,,2,SElist_Compact_Slide_JPN_4WD,,n,,N,L3,L3,PRMV0085127,性能検討用走行抵抗式(ePT連れ回り排除),動力VmaxA0,－,C7A0743743214D49AE5FFB6973444FCE,PT構想審査,
1,F4F91AF2D12D4464BF04423E00BAE106,1,0,PRMV0085128 性能検討用走行抵抗式(ePT連れ回り排除) 動力VmaxA1 －,A,45562.02339,0,0,EntryCondition,PT構想審査時点Fix,PT構想審査時点Fix,,JPN,4WD,,2,,2,SElist_Compact_Slide_JPN_4WD,,n,,N/kph,L3,L3,PRMV0085128,性能検討用走行抵抗式(ePT連れ回り排除),動力VmaxA1,－,C7A0743743214D49AE5FFB6973444FCE,PT構想審査,
1,0F29023C260E4210B365EA187B203FAD,1,0,PRMV0085129 性能検討用走行抵抗式(ePT連れ回り排除) 動力VmaxA2 －,A,45562.02339,0,0,EntryCondition,PT構想審査時点Fix,PT構想審査時点Fix,,JPN,4WD,,2,,2,SElist_Compact_Slide_JPN_4WD,,n,,N/kph#00B2,L3,L3,PRMV0085129,性能検討用走行抵抗式(ePT連れ回り排除),動力VmaxA2,－,C7A0743743214D49AE5FFB6973444FCE,PT構想審査,
1,45819F76E4FB42D789CE757395608C98,1,0,PRMV0085130 性能検討用走行抵抗式(ePT連れ回り排除) 動力VmaxIP －,A,45562.0234,0,0,EntryCondition,PT構想審査時点Fix,PT構想審査時点Fix,,JPN,4WD,,2,,2,SElist_Compact_Slide_JPN_4WD,,n,,kg,L3,L3,PRMV0085130,性能検討用走行抵抗式(ePT連れ回り排除),動力VmaxIP,－,C7A0743743214D49AE5FFB6973444FCE,PT構想審査,
1,94284A671EAE4236B78E46852BAABE97,1,0,PRMV0085131 性能検討用走行抵抗式(ePT連れ回り排除) 動力シビアA0 －,A,45562.0234,0,0,EntryCondition,PT構想審査時点Fix,PT構想審査時点Fix,,JPN,4WD,,2,,2,SElist_Compact_Slide_JPN_4WD,,n,,N,L3,L3,PRMV0085131,性能検討用走行抵抗式(ePT連れ回り排除),動力シビアA0,－,C7A0743743214D49AE5FFB6973444FCE,PT構想審査,
1,7FFD9F7F037A41B597CDB80B4112A294,1,0,PRMV0085132 性能検討用走行抵抗式(ePT連れ回り排除) 動力シビアA1 －,A,45562.02341,0,0,EntryCondition,PT構想審査時点Fix,PT構想審査時点Fix,,JPN,4WD,,2,,2,SElist_Compact_Slide_JPN_4WD,,n,,N/kph,L3,L3,PRMV0085132,性能検討用走行抵抗式(ePT連れ回り排除),動力シビアA1,－,C7A0743743214D49AE5FFB6973444FCE,PT構想審査,
1,4F21418AF67A48E5AAD906DFB819AA33,1,0,PRMV0085133 性能検討用走行抵抗式(ePT連れ回り排除) 動力シビアA2 －,A,45562.02341,0,0,EntryCondition,PT構想審査時点Fix,PT構想審査時点Fix,,JPN,4WD,,2,,2,SElist_Compact_Slide_JPN_4WD,,n,,N/kph#00B2,L3,L3,PRMV0085133,性能検討用走行抵抗式(ePT連れ回り排除),動力シビアA2,－,C7A0743743214D49AE5FFB6973444FCE,PT構想審査,
1,6D8D3A4176FF439C838C188623AADBCD,1,0,PRMV0085134 性能検討用走行抵抗式(ePT連れ回り排除) 動力シビアIP －,A,45562.02343,0,0,EntryCondition,PT構想審査時点Fix,PT構想審査時点Fix,,JPN,4WD,,2,,2,SElist_Compact_Slide_JPN_4WD,,n,,kg,L3,L3,PRMV0085134,性能検討用走行抵抗式(ePT連れ回り排除),動力シビアIP,－,C7A0743743214D49AE5FFB6973444FCE,PT構想審査,
1,8C41C8AB9DED4814BD208DCA62681E32,1,0,PRMV0085135 性能検討用走行抵抗式(ePT連れ回り排除) 排気WLTCA0 －,A,45562.02343,0,0,EntryCondition,PT構想審査時点Fix,PT構想審査時点Fix,,JPN,4WD,,2,,2,SElist_Compact_Slide_JPN_4WD,,n,,N,L3,L3,PRMV0085135,性能検討用走行抵抗式(ePT連れ回り排除),排気WLTCA0,－,C7A0743743214D49AE5FFB6973444FCE,PT構想審査,
1,EA616F46DAF64CE093134DDE25B57829,1,0,PRMV0085136 性能検討用走行抵抗式(ePT連れ回り排除) 排気WLTCA1 －,A,45562.02343,0,0,EntryCondition,PT構想審査時点Fix,PT構想審査時点Fix,,JPN,4WD,,2,,2,SElist_Compact_Slide_JPN_4WD,,n,,N/kph,L3,L3,PRMV0085136,性能検討用走行抵抗式(ePT連れ回り排除),排気WLTCA1,－,C7A0743743214D49AE5FFB6973444FCE,PT構想審査,
1,2250B77D7BD44A949D3D383554E1D643,1,0,PRMV0085137 性能検討用走行抵抗式(ePT連れ回り排除) 排気WLTCA2 －,A,45562.02344,0,0,EntryCondition,PT構想審査時点Fix,PT構想審査時点Fix,,JPN,4WD,,2,,2,SElist_Compact_Slide_JPN_4WD,,n,,N/kph#00B2,L3,L3,PRMV0085137,性能検討用走行抵抗式(ePT連れ回り排除),排気WLTCA2,－,C7A0743743214D49AE5FFB6973444FCE,PT構想審査,
1,E0D0FDE0479B44DFB0E99E4D7E155094,1,0,PRMV0085138 性能検討用走行抵抗式(ePT連れ回り排除) 排気WLTCIP －,A,45562.02344,0,0,EntryCondition,PT構想審査時点Fix,PT構想審査時点Fix,,JPN,4WD,,2,,2,SElist_Compact_Slide_JPN_4WD,,n,,kg,L3,L3,PRMV0085138,性能検討用走行抵抗式(ePT連れ回り排除),排気WLTCIP,－,C7A0743743214D49AE5FFB6973444FCE,PT構想審査,
1,0C4AFEDC30A04772A1EF728C5278CC04,1,0,PRMV0085139 性能検討用走行抵抗式(ePT連れ回り排除) 排気RDEA0 －,A,45562.02345,0,0,EntryCondition,PT構想審査時点Fix,PT構想審査時点Fix,,JPN,4WD,,2,,2,SElist_Compact_Slide_JPN_4WD,,n,,N,L3,L3,PRMV0085139,性能検討用走行抵抗式(ePT連れ回り排除),排気RDEA0,－,C7A0743743214D49AE5FFB6973444FCE,PT構想審査,
1,9B3CC5B7A4A243499915618E69E07132,1,0,PRMV0085140 性能検討用走行抵抗式(ePT連れ回り排除) 排気RDEA1 －,A,45562.02345,0,0,EntryCondition,PT構想審査時点Fix,PT構想審査時点Fix,,JPN,4WD,,2,,2,SElist_Compact_Slide_JPN_4WD,,n,,N/kph,L3,L3,PRMV0085140,性能検討用走行抵抗式(ePT連れ回り排除),排気RDEA1,－,C7A0743743214D49AE5FFB6973444FCE,PT構想審査,
1,E504D67542AA49B68CE1F45F0C128EC0,1,0,PRMV0085141 性能検討用走行抵抗式(ePT連れ回り排除) 排気RDEA2 －,A,45562.02346,0,0,EntryCondition,PT構想審査時点Fix,PT構想審査時点Fix,,JPN,4WD,,2,,2,SElist_Compact_Slide_JPN_4WD,,n,,N/kph#00B2,L3,L3,PRMV0085141,性能検討用走行抵抗式(ePT連れ回り排除),排気RDEA2,－,C7A0743743214D49AE5FFB6973444FCE,PT構想審査,
1,89F9DD39C71D4E82ABDDA62CF307F688,1,0,PRMV0085142 性能検討用走行抵抗式(ePT連れ回り排除) 排気RDEIP －,A,45562.02346,0,0,EntryCondition,PT構想審査時点Fix,PT構想審査時点Fix,,JPN,4WD,,2,,2,SElist_Compact_Slide_JPN_4WD,,n,,kg,L3,L3,PRMV0085142,性能検討用走行抵抗式(ePT連れ回り排除),排気RDEIP,－,C7A0743743214D49AE5FFB6973444FCE,PT構想審査,
1,39BB14E16F864814BF5AE7792465FA9B,1,0,PRMV0085143 性能検討用走行抵抗式(ePT連れ回り排除) エバポWLTCA0 －,A,45562.02346,0,0,EntryCondition,PT構想審査時点Fix,PT構想審査時点Fix,,JPN,4WD,,2,,2,SElist_Compact_Slide_JPN_4WD,,n,,N,L3,L3,PRMV0085143,性能検討用走行抵抗式(ePT連れ回り排除),エバポWLTCA0,－,C7A0743743214D49AE5FFB6973444FCE,PT構想審査,
1,027EEA877E1E4AE9BCCAF1935AA89312,1,0,PRMV0085144 性能検討用走行抵抗式(ePT連れ回り排除) エバポWLTCA1 －,A,45562.02347,0,0,EntryCondition,PT構想審査時点Fix,PT構想審査時点Fix,,JPN,4WD,,2,,2,SElist_Compact_Slide_JPN_4WD,,n,,N/kph,L3,L3,PRMV0085144,性能検討用走行抵抗式(ePT連れ回り排除),エバポWLTCA1,－,C7A0743743214D49AE5FFB6973444FCE,PT構想審査,
1,C0E172B6CC3B4A6096775D2972B5926F,1,0,PRMV0085145 性能検討用走行抵抗式(ePT連れ回り排除) エバポWLTCA2 －,A,45562.02347,0,0,EntryCondition,PT構想審査時点Fix,PT構想審査時点Fix,,JPN,4WD,,2,,2,SElist_Compact_Slide_JPN_4WD,,n,,N/kph#00B2,L3,L3,PRMV0085145,性能検討用走行抵抗式(ePT連れ回り排除),エバポWLTCA2,－,C7A0743743214D49AE5FFB6973444FCE,PT構想審査,
1,657577B1BC9841F280A2CBA19404E9C9,1,0,PRMV0085146 性能検討用走行抵抗式(ePT連れ回り排除) エバポWLTCIP －,A,45562.02348,0,0,EntryCondition,PT構想審査時点Fix,PT構想審査時点Fix,,JPN,4WD,,2,,2,SElist_Compact_Slide_JPN_4WD,,n,,kg,L3,L3,PRMV0085146,性能検討用走行抵抗式(ePT連れ回り排除),エバポWLTCIP,－,C7A0743743214D49AE5FFB6973444FCE,PT構想審査,
1,E510E793007144F1926C84624B30D2A7,1,0,PRMV0085147 性能検討用走行抵抗式(ePT連れ回り排除) 熱NEMシビアシーンA0 －,A,45562.02348,0,0,EntryCondition,PT構想審査時点Fix,PT構想審査時点Fix,,JPN,4WD,,2,,2,SElist_Compact_Slide_JPN_4WD,,n,,N,L3,L3,PRMV0085147,性能検討用走行抵抗式(ePT連れ回り排除),熱NEMシビアシーンA0,－,C7A0743743214D49AE5FFB6973444FCE,PT構想審査,
1,FC6CC365F29A441194A02BE7BF06CA11,1,0,PRMV0085148 性能検討用走行抵抗式(ePT連れ回り排除) 熱NEMシビアシーンA1 －,A,45562.0235,0,0,EntryCondition,PT構想審査時点Fix,PT構想審査時点Fix,,JPN,4WD,,2,,2,SElist_Compact_Slide_JPN_4WD,,n,,N/kph,L3,L3,PRMV0085148,性能検討用走行抵抗式(ePT連れ回り排除),熱NEMシビアシーンA1,－,C7A0743743214D49AE5FFB6973444FCE,PT構想審査,
1,A4EDFAE272484C77AC7AD4C38E5248CA,1,0,PRMV0085149 性能検討用走行抵抗式(ePT連れ回り排除) 熱NEMシビアシーンA2 －,A,45562.0235,0,0,EntryCondition,PT構想審査時点Fix,PT構想審査時点Fix,,JPN,4WD,,2,,2,SElist_Compact_Slide_JPN_4WD,,n,,N/kph#00B2,L3,L3,PRMV0085149,性能検討用走行抵抗式(ePT連れ回り排除),熱NEMシビアシーンA2,－,C7A0743743214D49AE5FFB6973444FCE,PT構想審査,
1,828F3B8F8BED4906A7BE5C63C14B6C62,1,0,PRMV0085150 性能検討用走行抵抗式(ePT連れ回り排除) 熱NEMシビアシーンIP －,A,45562.02351,0,0,EntryCondition,PT構想審査時点Fix,PT構想審査時点Fix,,JPN,4WD,,2,,2,SElist_Compact_Slide_JPN_4WD,,n,,kg,L3,L3,PRMV0085150,性能検討用走行抵抗式(ePT連れ回り排除),熱NEMシビアシーンIP,－,C7A0743743214D49AE5FFB6973444FCE,PT構想審査,
1,D62077CAEF4A45FBA119F2CD5D5C12D6,1,0,"PRMV0085151 性能検討用走行抵抗式(ePT連れ回り排除) 熱140km/h,R/LA0 －",A,45562.02351,0,0,EntryCondition,PT構想審査時点Fix,PT構想審査時点Fix,,JPN,4WD,,2,,2,SElist_Compact_Slide_JPN_4WD,,n,,N,L3,L3,PRMV0085151,性能検討用走行抵抗式(ePT連れ回り排除),"熱140km/h,R/LA0",－,C7A0743743214D49AE5FFB6973444FCE,PT構想審査,
1,7543554886EB42DABF56F49FCA754B0E,1,0,"PRMV0085152 性能検討用走行抵抗式(ePT連れ回り排除) 熱140km/h,R/LA1 －",A,45562.02352,0,0,EntryCondition,PT構想審査時点Fix,PT構想審査時点Fix,,JPN,4WD,,2,,2,SElist_Compact_Slide_JPN_4WD,,n,,N/kph,L3,L3,PRMV0085152,性能検討用走行抵抗式(ePT連れ回り排除),"熱140km/h,R/LA1",－,C7A0743743214D49AE5FFB6973444FCE,PT構想審査,
1,0BB2EDE97F854FC89B8547A9EED7E2EB,1,0,"PRMV0085153 性能検討用走行抵抗式(ePT連れ回り排除) 熱140km/h,R/LA2 －",A,45562.02352,0,0,EntryCondition,PT構想審査時点Fix,PT構想審査時点Fix,,JPN,4WD,,2,,2,SElist_Compact_Slide_JPN_4WD,,n,,N/kph#00B2,L3,L3,PRMV0085153,性能検討用走行抵抗式(ePT連れ回り排除),"熱140km/h,R/LA2",－,C7A0743743214D49AE5FFB6973444FCE,PT構想審査,
1,6F2DE46B0893467BA0BB1C68A92A6697,1,0,"PRMV0085154 性能検討用走行抵抗式(ePT連れ回り排除) 熱140km/h,R/LIP －",A,45562.02352,0,0,EntryCondition,PT構想審査時点Fix,PT構想審査時点Fix,,JPN,4WD,,2,,2,SElist_Compact_Slide_JPN_4WD,,n,,kg,L3,L3,PRMV0085154,性能検討用走行抵抗式(ePT連れ回り排除),"熱140km/h,R/LIP",－,C7A0743743214D49AE5FFB6973444FCE,PT構想審査,
1,7569D1F714C5493885CEAEF23B2403B5,1,0,PRMV0085155 性能検討用走行抵抗式(ePT連れ回り排除) 6分類A0 －,A,45562.02353,0,0,EntryCondition,PT構想審査時点Fix,PT構想審査時点Fix,,JPN,4WD,,2,,2,SElist_Compact_Slide_JPN_4WD,,n,,N,L3,L3,PRMV0085155,性能検討用走行抵抗式(ePT連れ回り排除),6分類A0,－,C7A0743743214D49AE5FFB6973444FCE,PT構想審査,
1,777D475439034566888934A0FD566AD2,1,0,PRMV0085156 性能検討用走行抵抗式(ePT連れ回り排除) 6分類A1 －,A,45562.02353,0,0,EntryCondition,PT構想審査時点Fix,PT構想審査時点Fix,,JPN,4WD,,2,,2,SElist_Compact_Slide_JPN_4WD,,n,,N/kph,L3,L3,PRMV0085156,性能検討用走行抵抗式(ePT連れ回り排除),6分類A1,－,C7A0743743214D49AE5FFB6973444FCE,PT構想審査,
1,0D4BD54EBA2248B4AE658C42AEE5A65E,1,0,PRMV0085157 性能検討用走行抵抗式(ePT連れ回り排除) 6分類A2 －,A,45562.02354,0,0,EntryCondition,PT構想審査時点Fix,PT構想審査時点Fix,,JPN,4WD,,2,,2,SElist_Compact_Slide_JPN_4WD,,n,,N/kph#00B2,L3,L3,PRMV0085157,性能検討用走行抵抗式(ePT連れ回り排除),6分類A2,－,C7A0743743214D49AE5FFB6973444FCE,PT構想審査,
1,27F685ECC2BE453697362C0426B2B821,1,0,PRMV0085158 性能検討用走行抵抗式(ePT連れ回り排除) 6分類IP －,A,45562.02354,0,0,EntryCondition,PT構想審査時点Fix,PT構想審査時点Fix,,JPN,4WD,,2,,2,SElist_Compact_Slide_JPN_4WD,,n,,kg,L3,L3,PRMV0085158,性能検討用走行抵抗式(ePT連れ回り排除),6分類IP,－,C7A0743743214D49AE5FFB6973444FCE,PT構想審査,
1,314B32D7A1834AE6A274158D6CAD999D,1,0,PRMV0085159 ePT ENG仕様（名称） －,A,45562.02355,0,0,EntryCondition,PT構想審査時点Fix,PT構想審査時点Fix,,JPN,4WD,,2,,2,SElist_Compact_Slide_JPN_4WD,,HR14,,－,L3,L3,PRMV0085159,ePT,ENG仕様（名称）,－,C7A0743743214D49AE5FFB6973444FCE,PT構想審査,
1,8B2822A4E44341B992C6DDB4D28A3753,1,0,PRMV0085160 ePT ENG排気量 －,A,45562.02355,0,0,EntryCondition,PT構想審査時点Fix,PT構想審査時点Fix,,JPN,4WD,,2,,2,SElist_Compact_Slide_JPN_4WD,,1.4,,l,L3,L3,PRMV0085160,ePT,ENG排気量,－,C7A0743743214D49AE5FFB6973444FCE,PT構想審査,
1,181A222C69B34C5F99FB78E47DB82386,1,0,PRMV0085161 ePT ENG排圧係数 －,A,45562.02356,0,0,EntryCondition,PT構想審査時点Fix,PT構想審査時点Fix,,JPN,4WD,,2,,2,SElist_Compact_Slide_JPN_4WD,,9,,－,L3,L3,PRMV0085161,ePT,ENG排圧係数,－,C7A0743743214D49AE5FFB6973444FCE,PT構想審査,
1,AB81A22625E0493290EF39C224DB6648,1,0,PRMV0085162 ePT ENGWOT トルクカーブ －,A,45562.02356,0,0,EntryCondition,PT構想審査時点Fix,PT構想審査時点Fix,,JPN,4WD,,2,,2,SElist_Compact_Slide_JPN_4WD,,,,MAP,L3,L3,PRMV0085162,ePT,ENGWOT トルクカーブ,－,C7A0743743214D49AE5FFB6973444FCE,PT構想審査,
1,6BEAEA13825E414CBE179672CE0119A2,1,0,PRMV0085163 ePT ENGWOT トルクカーブ最大出力 －,A,45562.02356,0,0,EntryCondition,PT構想審査時点Fix,PT構想審査時点Fix,,JPN,4WD,,2,,2,SElist_Compact_Slide_JPN_4WD,,62/5200,,kW,L3,L3,PRMV0085163,ePT,ENGWOT トルクカーブ最大出力,－,C7A0743743214D49AE5FFB6973444FCE,PT構想審査,
1,3BD8B2FCE91F43ABA95EB2F8ECDEFB37,1,0,PRMV0085164 ePT ENGWOT トルクカーブ最大トルク －,A,45562.02358,0,0,EntryCondition,PT構想審査時点Fix,PT構想審査時点Fix,,JPN,4WD,,2,,2,SElist_Compact_Slide_JPN_4WD,,114/5200,,Nm,L3,L3,PRMV0085164,ePT,ENGWOT トルクカーブ最大トルク,－,C7A0743743214D49AE5FFB6973444FCE,PT構想審査,
1,8AC010E4A0964316975946F94D7B3F62,1,0,PRMV0085165 ePT ENGWOT トルクカーブ最大回転数ユニットポテンシャル －,A,45562.02358,0,0,EntryCondition,PT構想審査時点Fix,PT構想審査時点Fix,,JPN,4WD,,2,,2,SElist_Compact_Slide_JPN_4WD,,6000,,rpm,L3,L3,PRMV0085165,ePT,ENGWOT トルクカーブ最大回転数ユニットポテンシャル,－,C7A0743743214D49AE5FFB6973444FCE,PT構想審査,
1,D2D3D313A9ED4B5BB3A4C7EE46193BBD,1,0,PRMV0085166 ePT ENGWOT トルクカーブ最大回転数車両使用回転数 －,A,45562.02359,0,0,EntryCondition,PT構想審査時点Fix,PT構想審査時点Fix,,JPN,4WD,,2,,2,SElist_Compact_Slide_JPN_4WD,,5200,,rpm,L3,L3,PRMV0085166,ePT,ENGWOT トルクカーブ最大回転数車両使用回転数,－,C7A0743743214D49AE5FFB6973444FCE,PT構想審査,
1,D5545C6EC94146AC9D1F1ADFEBBCE32B,1,0,PRMV0085167 ePT ENGBSFC中水温 －,A,45562.02359,0,0,EntryCondition,PT構想審査時点Fix,PT構想審査時点Fix,,JPN,4WD,,2,,2,SElist_Compact_Slide_JPN_4WD,,,,MAP,L3,L3,PRMV0085167,ePT,ENGBSFC中水温,－,C7A0743743214D49AE5FFB6973444FCE,PT構想審査,
1,92966A79A0404172A1AADB9E8BB7BC39,1,0,PRMV0085168 ePT ENGBSFC暖機後 －,A,45562.0236,0,0,EntryCondition,PT構想審査時点Fix,PT構想審査時点Fix,,JPN,4WD,,2,,2,SElist_Compact_Slide_JPN_4WD,,,,MAP,L3,L3,PRMV0085168,ePT,ENGBSFC暖機後,－,C7A0743743214D49AE5FFB6973444FCE,PT構想審査,
1,4AF543B5B02A415B8172B610D7E8EB03,1,0,PRMV0085169 ePT ENG台上適合条件燃料仕様オクタン価 －,A,45562.0236,0,0,EntryCondition,PT構想審査時点Fix,PT構想審査時点Fix,,JPN,4WD,,2,,2,SElist_Compact_Slide_JPN_4WD,,91,,oct,L3,L3,PRMV0085169,ePT,ENG台上適合条件燃料仕様オクタン価,－,C7A0743743214D49AE5FFB6973444FCE,PT構想審査,
1,2744678CEC9540AFB42D580FB78E2C3D,1,0,PRMV0085170 ePT ENG台上適合条件燃料仕様アルコール含有率 －,A,45562.0236,0,0,EntryCondition,PT構想審査時点Fix,PT構想審査時点Fix,,JPN,4WD,,2,,2,SElist_Compact_Slide_JPN_4WD,,E0,,－,L3,L3,PRMV0085170,ePT,ENG台上適合条件燃料仕様アルコール含有率,－,C7A0743743214D49AE5FFB6973444FCE,PT構想審査,
1,475975808B3D4640832BE4DADD2584F4,1,0,PRMV0085171 ePT ENG台上適合条件燃料仕様燃料比重 －,A,45562.02361,0,0,EntryCondition,PT構想審査時点Fix,PT構想審査時点Fix,,JPN,4WD,,2,,2,SElist_Compact_Slide_JPN_4WD,,0.727,,－,L3,L3,PRMV0085171,ePT,ENG台上適合条件燃料仕様燃料比重,－,C7A0743743214D49AE5FFB6973444FCE,PT構想審査,
1,4B8617A14F5D471E9C5CCE70A82DF7A7,1,0,PRMV0085172 ePT ENG台上適合条件燃料仕様低位発熱量 －,A,45562.02361,0,0,EntryCondition,PT構想審査時点Fix,PT構想審査時点Fix,,JPN,4WD,,2,,2,SElist_Compact_Slide_JPN_4WD,,42.9338,,MJ/kg,L3,L3,PRMV0085172,ePT,ENG台上適合条件燃料仕様低位発熱量,－,C7A0743743214D49AE5FFB6973444FCE,PT構想審査,
1,43114D27846847DC8A30E6AF81BD6B8F,1,0,PRMV0085173 ePT ENG台上適合条件オイル名称（0W20 etc) －,A,45562.02362,0,0,EntryCondition,PT構想審査時点Fix,PT構想審査時点Fix,,JPN,4WD,,2,,2,SElist_Compact_Slide_JPN_4WD,,0W-16,,－,L3,L3,PRMV0085173,ePT,ENG台上適合条件オイル名称（0W20 etc),－,C7A0743743214D49AE5FFB6973444FCE,PT構想審査,
1,A9B63D0B669446FBA490DD9E649D60B2,1,0,PRMV0085174 ePT ENGイナーシャENG本体 －,A,45562.02362,0,0,EntryCondition,PT構想審査時点Fix,PT構想審査時点Fix,,JPN,4WD,,2,,2,SElist_Compact_Slide_JPN_4WD,,0.04288,,kgm^2,L3,L3,PRMV0085174,ePT,ENGイナーシャENG本体,－,C7A0743743214D49AE5FFB6973444FCE,PT構想審査,
1,652783F5E9E1484BA69F0ECCA89E87B7,1,0,PRMV0085175 ePT ENGイナーシャFlywheel －,A,45562.02363,0,0,EntryCondition,PT構想審査時点Fix,PT構想審査時点Fix,,JPN,4WD,,2,,2,SElist_Compact_Slide_JPN_4WD,,0.1076,,kgm^2,L3,L3,PRMV0085175,ePT,ENGイナーシャFlywheel,－,C7A0743743214D49AE5FFB6973444FCE,PT構想審査,
1,37A3384D013748E0B9816E8DDEB2B939,1,0,PRMV0085176 ePT ENGエネマネモード平均ENG効率 －,A,45562.02363,0,0,EntryCondition,PT構想審査時点Fix,PT構想審査時点Fix,,JPN,4WD,,2,,2,SElist_Compact_Slide_JPN_4WD,,n,,%,L3,L3,PRMV0085176,ePT,ENGエネマネモード平均ENG効率,－,C7A0743743214D49AE5FFB6973444FCE,PT構想審査,
1,82BAC72F2A5946A1976125C58E367255,1,0,PRMV0085177 ePT ENGエネマネモード平均ENG効率最良燃費点BSFC －,A,45562.02363,0,0,EntryCondition,PT構想審査時点Fix,PT構想審査時点Fix,,JPN,4WD,,2,,2,SElist_Compact_Slide_JPN_4WD,,214.8,,g/kWh,L3,L3,PRMV0085177,ePT,ENGエネマネモード平均ENG効率最良燃費点BSFC,－,C7A0743743214D49AE5FFB6973444FCE,PT構想審査,
1,DD3C8E50791D4C598144D9999F68124D,1,0,PRMV0085178 ePT ENGエネマネMode走行時動作点最良燃費点ENG Power －,A,45562.02365,0,0,EntryCondition,PT構想審査時点Fix,PT構想審査時点Fix,,JPN,4WD,,2,,2,SElist_Compact_Slide_JPN_4WD,,19.1,,kW,L3,L3,PRMV0085178,ePT,ENGエネマネMode走行時動作点最良燃費点ENG Power,－,C7A0743743214D49AE5FFB6973444FCE,PT構想審査,
1,3D7D8DECA0C844F0A443C84AEA0E9504,1,0,PRMV0085179 ePT ENGエネマネMode走行時動作点最良燃費点ENG REV －,A,45562.02365,0,0,EntryCondition,PT構想審査時点Fix,PT構想審査時点Fix,,JPN,4WD,,2,,2,SElist_Compact_Slide_JPN_4WD,,2000,,rpm,L3,L3,PRMV0085179,ePT,ENGエネマネMode走行時動作点最良燃費点ENG REV,－,C7A0743743214D49AE5FFB6973444FCE,PT構想審査,
1,C3D02687BB0F47E79B9CD0139BDEB1BC,1,0,PRMV0085180 ePT ENGエネマネMode走行時動作点最良燃費点ENG TRQ －,A,45562.02366,0,0,EntryCondition,PT構想審査時点Fix,PT構想審査時点Fix,,JPN,4WD,,2,,2,SElist_Compact_Slide_JPN_4WD,,91.3,,Nm,L3,L3,PRMV0085180,ePT,ENGエネマネMode走行時動作点最良燃費点ENG TRQ,－,C7A0743743214D49AE5FFB6973444FCE,PT構想審査,
1,BE3400842C8D43ACAE682597C75FDAA1,1,0,PRMV0085181 ePT ENGエネマネMode走行時動作点最良燃費点ENG α線 －,A,45562.02366,0,0,EntryCondition,PT構想審査時点Fix,PT構想審査時点Fix,,JPN,4WD,,2,,2,SElist_Compact_Slide_JPN_4WD,,BSFC,,－,L3,L3,PRMV0085181,ePT,ENGエネマネMode走行時動作点最良燃費点ENG α線,－,C7A0743743214D49AE5FFB6973444FCE,PT構想審査,
1,1E1F58DB39C2404281598EED839321C8,1,0,PRMV0085182 ePT ENGエネマネMode走行時動作点定点(EGVR)FC －,A,45562.02367,0,0,EntryCondition,PT構想審査時点Fix,PT構想審査時点Fix,,JPN,4WD,,2,,2,SElist_Compact_Slide_JPN_4WD,,28.0202890752123,,g/min,L3,L3,PRMV0085182,ePT,ENGエネマネMode走行時動作点定点(EGVR)FC,－,C7A0743743214D49AE5FFB6973444FCE,PT構想審査,
1,2DF6AD9B9EFB48AB99154C84B75E116B,1,0,PRMV0085183 ePT ENGエネマネMode走行時動作点定点(EGVR)ENG Power －,A,45562.02367,0,0,EntryCondition,PT構想審査時点Fix,PT構想審査時点Fix,,JPN,4WD,,2,,2,SElist_Compact_Slide_JPN_4WD,,2.8,,kW,L3,L3,PRMV0085183,ePT,ENGエネマネMode走行時動作点定点(EGVR)ENG Power,－,C7A0743743214D49AE5FFB6973444FCE,PT構想審査,
1,EC561E22E1FC459CAE67531E4B814F75,1,0,PRMV0085184 ePT ENGエネマネMode走行時動作点定点(EGVR)ENG REV －,A,45562.02368,0,0,EntryCondition,PT構想審査時点Fix,PT構想審査時点Fix,,JPN,4WD,,2,,2,SElist_Compact_Slide_JPN_4WD,,1500,,rpm,L3,L3,PRMV0085184,ePT,ENGエネマネMode走行時動作点定点(EGVR)ENG REV,－,C7A0743743214D49AE5FFB6973444FCE,PT構想審査,
1,1C7C25E9525B4C99AB101AD19608F13B,1,0,PRMV0085185 ePT ENGエネマネMode走行時動作点定点(EGVR)ENG TRQ －,A,45562.02368,0,0,EntryCondition,PT構想審査時点Fix,PT構想審査時点Fix,,JPN,4WD,,2,,2,SElist_Compact_Slide_JPN_4WD,,17,,Nm,L3,L3,PRMV0085185,ePT,ENGエネマネMode走行時動作点定点(EGVR)ENG TRQ,－,C7A0743743214D49AE5FFB6973444FCE,PT構想審査,
1,7A6ED565A99F4922A159F3F278C8AD26,1,0,PRMV0085186 ePT ENGエネマネMode走行時動作点定点(EGVR)継続時間 －,A,45562.02369,0,0,EntryCondition,PT構想審査時点Fix,PT構想審査時点Fix,,JPN,4WD,,2,,2,SElist_Compact_Slide_JPN_4WD,,52,,sec,L3,L3,PRMV0085186,ePT,ENGエネマネMode走行時動作点定点(EGVR)継続時間,－,C7A0743743214D49AE5FFB6973444FCE,PT構想審査,
1,9D5F84EF59754A808FB48994C26CCF91,1,0,PRMV0085187 ePT ENGエネマネMode走行時動作点定点(EGVR)終了時ENG水温 －,A,45562.02369,0,0,EntryCondition,PT構想審査時点Fix,PT構想審査時点Fix,,JPN,4WD,,2,,2,SElist_Compact_Slide_JPN_4WD,,23,,℃,L3,L3,PRMV0085187,ePT,ENGエネマネMode走行時動作点定点(EGVR)終了時ENG水温,－,C7A0743743214D49AE5FFB6973444FCE,PT構想審査,
1,EB8EA461D7EA414D81A281525A62DB8A,1,0,PRMV0085188 ePT ENGエネマネMode走行時動作点定点(After EGVR)BFSC －,A,45562.0237,0,0,EntryCondition,PT構想審査時点Fix,PT構想審査時点Fix,,JPN,4WD,,2,,2,SElist_Compact_Slide_JPN_4WD,,218.8,,g/kWh,L3,L3,PRMV0085188,ePT,ENGエネマネMode走行時動作点定点(After EGVR)BFSC,－,C7A0743743214D49AE5FFB6973444FCE,PT構想審査,
1,E4B08BBE971D4466817864C478A8420D,1,0,PRMV0085189 ePT ENGエネマネMode走行時動作点定点(After EGVR)ENG Power －,A,45562.0237,0,0,EntryCondition,PT構想審査時点Fix,PT構想審査時点Fix,,JPN,4WD,,2,,2,SElist_Compact_Slide_JPN_4WD,,20.3,,kW,L3,L3,PRMV0085189,ePT,ENGエネマネMode走行時動作点定点(After EGVR)ENG Power,－,C7A0743743214D49AE5FFB6973444FCE,PT構想審査,
1,6DC8CDD64E43406CB931C90F404EB21D,1,0,PRMV0085190 ePT ENGエネマネMode走行時動作点定点(After EGVR)ENG REV －,A,45562.0237,0,0,EntryCondition,PT構想審査時点Fix,PT構想審査時点Fix,,JPN,4WD,,2,,2,SElist_Compact_Slide_JPN_4WD,,2000,,rpm,L3,L3,PRMV0085190,ePT,ENGエネマネMode走行時動作点定点(After EGVR)ENG REV,－,C7A0743743214D49AE5FFB6973444FCE,PT構想審査,
1,194FEB079A9F4AD9B3518140264917C3,1,0,PRMV0085191 ePT ENGエネマネMode走行時動作点定点(After EGVR)ENG TRQ －,A,45562.02372,0,0,EntryCondition,PT構想審査時点Fix,PT構想審査時点Fix,,JPN,4WD,,2,,2,SElist_Compact_Slide_JPN_4WD,,97,,Nm,L3,L3,PRMV0085191,ePT,ENGエネマネMode走行時動作点定点(After EGVR)ENG TRQ,－,C7A0743743214D49AE5FFB6973444FCE,PT構想審査,
1,E7C50DC91D09440EA1A7E5E9BBAB73A2,1,0,PRMV0085192 ePT ENGエネマネMode走行時動作点定点(After EGVR)継続時間 －,A,45562.02372,0,0,EntryCondition,PT構想審査時点Fix,PT構想審査時点Fix,,JPN,4WD,,2,,2,SElist_Compact_Slide_JPN_4WD,,53,,sec,L3,L3,PRMV0085192,ePT,ENGエネマネMode走行時動作点定点(After EGVR)継続時間,－,C7A0743743214D49AE5FFB6973444FCE,PT構想審査,
1,1E3F1E53BEF94204982CF0CF91244B9D,1,0,PRMV0085193 ePT ENGエネマネMode走行時動作点定点(After EGVR)終了時ENG水温 －,A,45562.02373,0,0,EntryCondition,PT構想審査時点Fix,PT構想審査時点Fix,,JPN,4WD,,2,,2,SElist_Compact_Slide_JPN_4WD,,55,,℃,L3,L3,PRMV0085193,ePT,ENGエネマネMode走行時動作点定点(After EGVR)終了時ENG水温,－,C7A0743743214D49AE5FFB6973444FCE,PT構想審査,
1,00564605577F4246B29A329D160D7380,1,0,PRMV0085194 ePT ENGエネマネMode走行時動作点定点(暖気中)BFSC －,A,45562.02373,0,0,EntryCondition,PT構想審査時点Fix,PT構想審査時点Fix,,JPN,4WD,,2,,2,SElist_Compact_Slide_JPN_4WD,,218.8,,g/kWh,L3,L3,PRMV0085194,ePT,ENGエネマネMode走行時動作点定点(暖気中)BFSC,－,C7A0743743214D49AE5FFB6973444FCE,PT構想審査,
1,3D78DC90605A4C8B833EB60235CB0352,1,0,PRMV0085195 ePT ENGエネマネMode走行時動作点定点(暖気中)ENG Power －,A,45562.02374,0,0,EntryCondition,PT構想審査時点Fix,PT構想審査時点Fix,,JPN,4WD,,2,,2,SElist_Compact_Slide_JPN_4WD,,20.3,,kW,L3,L3,PRMV0085195,ePT,ENGエネマネMode走行時動作点定点(暖気中)ENG Power,－,C7A0743743214D49AE5FFB6973444FCE,PT構想審査,
1,B9C2D4B23E8040A6AC1E6BBEE25A5A0F,1,0,PRMV0085196 ePT ENGエネマネMode走行時動作点定点(暖気中)ENG REV －,A,45562.02374,0,0,EntryCondition,PT構想審査時点Fix,PT構想審査時点Fix,,JPN,4WD,,2,,2,SElist_Compact_Slide_JPN_4WD,,2000,,rpm,L3,L3,PRMV0085196,ePT,ENGエネマネMode走行時動作点定点(暖気中)ENG REV,－,C7A0743743214D49AE5FFB6973444FCE,PT構想審査,
1,08DFC53140E64FFBB3632986709058AA,1,0,PRMV0085197 ePT ENGエネマネMode走行時動作点定点(暖気中)ENG TRQ －,A,45562.02374,0,0,EntryCondition,PT構想審査時点Fix,PT構想審査時点Fix,,JPN,4WD,,2,,2,SElist_Compact_Slide_JPN_4WD,,97,,Nm,L3,L3,PRMV0085197,ePT,ENGエネマネMode走行時動作点定点(暖気中)ENG TRQ,－,C7A0743743214D49AE5FFB6973444FCE,PT構想審査,
1,5DB404E57CDF41C990F7F336CC8E0CAF,1,0,PRMV0085198 ePT ENGエネマネMode走行時動作点定点(暖気後)BFSC －,A,45562.02375,0,0,EntryCondition,PT構想審査時点Fix,PT構想審査時点Fix,,JPN,4WD,,2,,2,SElist_Compact_Slide_JPN_4WD,,214.8,,g/kWh,L3,L3,PRMV0085198,ePT,ENGエネマネMode走行時動作点定点(暖気後)BFSC,－,C7A0743743214D49AE5FFB6973444FCE,PT構想審査,
1,B145B495BDB54942B97E57486A9A164C,1,0,PRMV0085199 ePT ENGエネマネMode走行時動作点定点(暖気後)ENG Power －,A,45562.02375,0,0,EntryCondition,PT構想審査時点Fix,PT構想審査時点Fix,,JPN,4WD,,2,,2,SElist_Compact_Slide_JPN_4WD,,19.1,,kW,L3,L3,PRMV0085199,ePT,ENGエネマネMode走行時動作点定点(暖気後)ENG Power,－,C7A0743743214D49AE5FFB6973444FCE,PT構想審査,
1,58B637C6CE1E411BAFC9437274FE5807,1,0,PRMV0085200 ePT ENGエネマネMode走行時動作点定点(暖気後)ENG REV －,A,45562.02376,0,0,EntryCondition,PT構想審査時点Fix,PT構想審査時点Fix,,JPN,4WD,,2,,2,SElist_Compact_Slide_JPN_4WD,,2000,,rpm,L3,L3,PRMV0085200,ePT,ENGエネマネMode走行時動作点定点(暖気後)ENG REV,－,C7A0743743214D49AE5FFB6973444FCE,PT構想審査,
1,5B4D8964244F41189897EAD9B83628B6,1,0,PRMV0085201 ePT ENGエネマネMode走行時動作点定点(暖気後)ENG TRQ －,A,45562.02376,0,0,EntryCondition,PT構想審査時点Fix,PT構想審査時点Fix,,JPN,4WD,,2,,2,SElist_Compact_Slide_JPN_4WD,,91.3,,Nm,L3,L3,PRMV0085201,ePT,ENGエネマネMode走行時動作点定点(暖気後)ENG TRQ,－,C7A0743743214D49AE5FFB6973444FCE,PT構想審査,
1,9E5DA1B1284A40F6A18F1F7473D2353B,1,0,PRMV0085202 ePT ENGエネマネMode走行時動作点クランキング －,A,45562.02377,0,0,EntryCondition,PT構想審査時点Fix,PT構想審査時点Fix,,JPN,4WD,,2,,2,SElist_Compact_Slide_JPN_4WD,,n,,回,L3,L3,PRMV0085202,ePT,ENGエネマネMode走行時動作点クランキング,－,C7A0743743214D49AE5FFB6973444FCE,PT構想審査,
1,53DF4A03BE1141B59B49AADDAA3BD7D0,1,0,PRMV0085203 ePT ENGエネマネエンジン始動回数モータリング(OBD) －,A,45562.02377,0,0,EntryCondition,PT構想審査時点Fix,PT構想審査時点Fix,,JPN,4WD,,2,,2,SElist_Compact_Slide_JPN_4WD,,n,,回,L3,L3,PRMV0085203,ePT,ENGエネマネエンジン始動回数モータリング(OBD),－,C7A0743743214D49AE5FFB6973444FCE,PT構想審査,
1,0D8A314ECE6840FD91C458A79F94D51D,1,0,PRMV0085204 ePT ENGエネマネエンジン始動回数モータリング(ブレーキ負圧) －,A,45562.02378,0,0,EntryCondition,PT構想審査時点Fix,PT構想審査時点Fix,,JPN,4WD,,2,,2,SElist_Compact_Slide_JPN_4WD,,n,,回,L3,L3,PRMV0085204,ePT,ENGエネマネエンジン始動回数モータリング(ブレーキ負圧),－,C7A0743743214D49AE5FFB6973444FCE,PT構想審査,
1,6F8CB2C89B194F50AEA0A1FC3AFD5F26,1,0,PRMV0085205 ePT ENG燃費デバイスEGR開始ENG水温 －,A,45562.02378,0,0,EntryCondition,PT構想審査時点Fix,PT構想審査時点Fix,,JPN,4WD,,2,,2,SElist_Compact_Slide_JPN_4WD,,45,,℃,L3,L3,PRMV0085205,ePT,ENG燃費デバイスEGR開始ENG水温,－,C7A0743743214D49AE5FFB6973444FCE,PT構想審査,
1,8CD42C1BB2A642E7B899614C55975F1B,1,0,PRMV0085206 ePT ENG燃費デバイスFSV －,A,45562.0238,0,0,EntryCondition,PT構想審査時点Fix,PT構想審査時点Fix,,JPN,4WD,,2,,2,SElist_Compact_Slide_JPN_4WD,,with,,－,L3,L3,PRMV0085206,ePT,ENG燃費デバイスFSV,－,C7A0743743214D49AE5FFB6973444FCE,PT構想審査,
1,3C7A337CDE2943268F32F76AC4121325,1,0,PRMV0085207 ePT ENG燃費デバイス平滑メタル －,A,45562.0238,0,0,EntryCondition,PT構想審査時点Fix,PT構想審査時点Fix,,JPN,4WD,,2,,2,SElist_Compact_Slide_JPN_4WD,,w/o,,－,L3,L3,PRMV0085207,ePT,ENG燃費デバイス平滑メタル,－,C7A0743743214D49AE5FFB6973444FCE,PT構想審査,
1,0140CF109EAC4B969EBA8E551AC92CD8,1,0,PRMV0085208 ePT ENG燃費デバイス鏡面ピストン －,A,45562.0238,0,0,EntryCondition,PT構想審査時点Fix,PT構想審査時点Fix,,JPN,4WD,,2,,2,SElist_Compact_Slide_JPN_4WD,,w/o,,－,L3,L3,PRMV0085208,ePT,ENG燃費デバイス鏡面ピストン,－,C7A0743743214D49AE5FFB6973444FCE,PT構想審査,
1,2A1F2768A66445E6B17BA90D1041327A,1,0,PRMV0085209 ePT ENG燃費デバイス低粘度オイル －,A,45562.02381,0,0,EntryCondition,PT構想審査時点Fix,PT構想審査時点Fix,,JPN,4WD,,2,,2,SElist_Compact_Slide_JPN_4WD,,w/o,,－,L3,L3,PRMV0085209,ePT,ENG燃費デバイス低粘度オイル,－,C7A0743743214D49AE5FFB6973444FCE,PT構想審査,
1,5D1EA47B3C1442BCB0884A1264104304,1,0,PRMV0085210 ePT ENG燃費デバイスバランサーシャフト －,A,45562.02381,0,0,EntryCondition,PT構想審査時点Fix,PT構想審査時点Fix,,JPN,4WD,,2,,2,SElist_Compact_Slide_JPN_4WD,,with,,－,L3,L3,PRMV0085210,ePT,ENG燃費デバイスバランサーシャフト,－,C7A0743743214D49AE5FFB6973444FCE,PT構想審査,
1,C95F3E68C6974060A9B92F2617C08D21,1,0,PRMV0085211 ePT GEN Sys呼称 －,A,45562.02382,0,0,EntryCondition,PT構想審査時点Fix,PT構想審査時点Fix,,JPN,4WD,,2,,2,SElist_Compact_Slide_JPN_4WD,,QH-S(SiC),,－,L3,L3,PRMV0085211,ePT,GEN Sys呼称,－,C7A0743743214D49AE5FFB6973444FCE,PT構想審査,
1,81EC0FB921534B23B600E9F378364D7E,1,0,PRMV0085212 ePT GEN N-T特性 －,A,45562.02382,0,0,EntryCondition,PT構想審査時点Fix,PT構想審査時点Fix,,JPN,4WD,,2,,2,SElist_Compact_Slide_JPN_4WD,,,,MAP,L3,L3,PRMV0085212,ePT,GEN N-T特性,－,C7A0743743214D49AE5FFB6973444FCE,PT構想審査,
1,523F36551E4646DDB79E5FEF8FF09330,1,0,PRMV0085213 ePT GEN N-T特性最大出力 －,A,45562.02383,0,0,EntryCondition,PT構想審査時点Fix,PT構想審査時点Fix,,JPN,4WD,,2,,2,SElist_Compact_Slide_JPN_4WD,,-95,,kW,L3,L3,PRMV0085213,ePT,GEN N-T特性最大出力,－,C7A0743743214D49AE5FFB6973444FCE,PT構想審査,
1,3B24C4EABD994A95B3240F5385CB1DBB,1,0,PRMV0085214 ePT GEN N-T特性最大トルク －,A,45562.02383,0,0,EntryCondition,PT構想審査時点Fix,PT構想審査時点Fix,,JPN,4WD,,2,,2,SElist_Compact_Slide_JPN_4WD,,-108,,Nm,L3,L3,PRMV0085214,ePT,GEN N-T特性最大トルク,－,C7A0743743214D49AE5FFB6973444FCE,PT構想審査,
1,CA4706123ABE4C85B7CBD055E1F60862,1,0,PRMV0085215 ePT GEN N-T特性最大回転数 －,A,45562.02384,0,0,EntryCondition,PT構想審査時点Fix,PT構想審査時点Fix,,JPN,4WD,,2,,2,SElist_Compact_Slide_JPN_4WD,,14000,,rpm,L3,L3,PRMV0085215,ePT,GEN N-T特性最大回転数,－,C7A0743743214D49AE5FFB6973444FCE,PT構想審査,
1,25E220EF18E441629E24B4E2DB06A911,1,0,PRMV0085216 ePT GEN/INV損失ノミナル －,A,45562.02384,0,0,EntryCondition,PT構想審査時点Fix,PT構想審査時点Fix,,JPN,4WD,,2,,2,SElist_Compact_Slide_JPN_4WD,,,,MAP,L3,L3,PRMV0085216,ePT,GEN/INV損失ノミナル,－,C7A0743743214D49AE5FFB6973444FCE,PT構想審査,
1,11670BF30B58474CB89C6A0D75455108,1,0,PRMV0085217 ePT GEN/INV損失熱検討用 －,A,45562.02385,0,0,EntryCondition,PT構想審査時点Fix,PT構想審査時点Fix,,JPN,4WD,,2,,2,SElist_Compact_Slide_JPN_4WD,,,,MAP,L3,L3,PRMV0085217,ePT,GEN/INV損失熱検討用,－,C7A0743743214D49AE5FFB6973444FCE,PT構想審査,
1,D81494F73E524CF48A6B22B82EC8CFE4,1,0,PRMV0085218 ePT GENイナーシャ －,A,45562.02385,0,0,EntryCondition,PT構想審査時点Fix,PT構想審査時点Fix,,JPN,4WD,,2,,2,SElist_Compact_Slide_JPN_4WD,,0.0166,,kgm^2,L3,L3,PRMV0085218,ePT,GENイナーシャ,－,C7A0743743214D49AE5FFB6973444FCE,PT構想審査,
1,0FD4C09C898A43889B9CDC223414892F,1,0,PRMV0085219 ePT GEN GBギヤ比 －,A,45562.02387,0,0,EntryCondition,PT構想審査時点Fix,PT構想審査時点Fix,,JPN,4WD,,2,,2,SElist_Compact_Slide_JPN_4WD,,0.512,,－,L3,L3,PRMV0085219,ePT,GEN GBギヤ比,－,C7A0743743214D49AE5FFB6973444FCE,PT構想審査,
1,5C9E00574DAE4B6BA90275795D1AFB78,1,0,PRMV0085220 ePT GEN GB損失特性 －,A,45562.02387,0,0,EntryCondition,PT構想審査時点Fix,PT構想審査時点Fix,,JPN,4WD,,2,,2,SElist_Compact_Slide_JPN_4WD,,,,MAP,L3,L3,PRMV0085220,ePT,GEN GB損失特性,－,C7A0743743214D49AE5FFB6973444FCE,PT構想審査,
1,181F485D11ED4B4EB7847D24CA406CD7,1,0,PRMV0085221 ePT GEN GBイナーシャ －,A,45562.02388,0,0,EntryCondition,PT構想審査時点Fix,PT構想審査時点Fix,,JPN,4WD,,2,,2,SElist_Compact_Slide_JPN_4WD,,0.0098,,kgm^2,L3,L3,PRMV0085221,ePT,GEN GBイナーシャ,－,C7A0743743214D49AE5FFB6973444FCE,PT構想審査,
1,B7E80703AF0749E99CF3229C01A4C450,1,0,PRMV0085222 ePT FR MOT Sys呼称 －,A,45562.02388,0,0,EntryCondition,PT構想審査時点Fix,PT構想審査時点Fix,,JPN,4WD,,2,,2,SElist_Compact_Slide_JPN_4WD,,QH-S(SiC),,－,L3,L3,PRMV0085222,ePT,FR MOT Sys呼称,－,C7A0743743214D49AE5FFB6973444FCE,PT構想審査,
1,14739552189B467ABACD3219F155442F,1,0,PRMV0085223 ePT FR MOT出力N-T特性(回転-トルク) －,A,45562.02389,0,0,EntryCondition,PT構想審査時点Fix,PT構想審査時点Fix,,JPN,4WD,,2,,2,SElist_Compact_Slide_JPN_4WD,,,,MAP,L3,L3,PRMV0085223,ePT,FR MOT出力N-T特性(回転-トルク),－,C7A0743743214D49AE5FFB6973444FCE,PT構想審査,
1,1B1D44AC518D4BA2B7151C7959220095,1,0,PRMV0085224 ePT FR MOT制限設定トルク上限(第一象限) －,A,45562.02389,0,0,EntryCondition,PT構想審査時点Fix,PT構想審査時点Fix,,JPN,4WD,,2,,2,SElist_Compact_Slide_JPN_4WD,,355,,Nm,L3,L3,PRMV0085224,ePT,FR MOT制限設定トルク上限(第一象限),－,C7A0743743214D49AE5FFB6973444FCE,PT構想審査,
1,B46D670B98D146C8B7411B0B6D63CD26,1,0,PRMV0085225 ePT FR MOT制限設定出力上限(第一象限) －,A,45562.0239,0,0,EntryCondition,PT構想審査時点Fix,PT構想審査時点Fix,,JPN,4WD,,2,,2,SElist_Compact_Slide_JPN_4WD,,140@300V,,kW,L3,L3,PRMV0085225,ePT,FR MOT制限設定出力上限(第一象限),－,C7A0743743214D49AE5FFB6973444FCE,PT構想審査,
1,F722C205C30D443DA1CBF4D5FAC96A1F,1,0,PRMV0085226 ePT FR MOT制限設定トルク上限(第二象限) －,A,45562.0239,0,0,EntryCondition,PT構想審査時点Fix,PT構想審査時点Fix,,JPN,4WD,,2,,2,SElist_Compact_Slide_JPN_4WD,,n,,Nm,L3,L3,PRMV0085226,ePT,FR MOT制限設定トルク上限(第二象限),－,C7A0743743214D49AE5FFB6973444FCE,PT構想審査,
1,64378527DE7D452D83A846E34B46D3E0,1,0,PRMV0085227 ePT FR MOT制限設定出力上限(第二象限) －,A,45562.02391,0,0,EntryCondition,PT構想審査時点Fix,PT構想審査時点Fix,,JPN,4WD,,2,,2,SElist_Compact_Slide_JPN_4WD,,n,,kW,L3,L3,PRMV0085227,ePT,FR MOT制限設定出力上限(第二象限),－,C7A0743743214D49AE5FFB6973444FCE,PT構想審査,
1,8C86DA281EC44C7786728EE238719DD9,1,0,PRMV0085228 ePT FR MOT制限設定トルク下限(第四象限) －,A,45562.02391,0,0,EntryCondition,PT構想審査時点Fix,PT構想審査時点Fix,,JPN,4WD,,2,,2,SElist_Compact_Slide_JPN_4WD,,-355,,Nm,L3,L3,PRMV0085228,ePT,FR MOT制限設定トルク下限(第四象限),－,C7A0743743214D49AE5FFB6973444FCE,PT構想審査,
1,27731E089F2740E9AB8D9A4105B15D95,1,0,PRMV0085229 ePT FR MOT制限設定出力下限(第四象限) －,A,45562.02392,0,0,EntryCondition,PT構想審査時点Fix,PT構想審査時点Fix,,JPN,4WD,,2,,2,SElist_Compact_Slide_JPN_4WD,,-93,,kW,L3,L3,PRMV0085229,ePT,FR MOT制限設定出力下限(第四象限),－,C7A0743743214D49AE5FFB6973444FCE,PT構想審査,
1,81C8E797B1B345C1810A17919979B555,1,0,PRMV0085230 ePT FR MOT出力(車両要求特性) トルク上限(第一象限) －,A,45562.02392,0,0,EntryCondition,PT構想審査時点Fix,PT構想審査時点Fix,,JPN,4WD,,2,,2,SElist_Compact_Slide_JPN_4WD,,315,,Nm,L3,L3,PRMV0085230,ePT,FR MOT出力(車両要求特性) トルク上限(第一象限),－,C7A0743743214D49AE5FFB6973444FCE,PT構想審査,
1,227517945F494009A1229B33BD6D4DF9,1,0,PRMV0085231 ePT FR MOT出力(車両要求特性) 出力上限(第一象限) －,A,45562.02392,0,0,EntryCondition,PT構想審査時点Fix,PT構想審査時点Fix,,JPN,4WD,,2,,2,SElist_Compact_Slide_JPN_4WD,,101,,kW,L3,L3,PRMV0085231,ePT,FR MOT出力(車両要求特性) 出力上限(第一象限),－,C7A0743743214D49AE5FFB6973444FCE,PT構想審査,
1,411F1A89E9DF41F3BEE8494F1428F573,1,0,PRMV0085232 ePT FR MOT出力(車両要求特性) トルク上限(第二象限) －,A,45562.02394,0,0,EntryCondition,PT構想審査時点Fix,PT構想審査時点Fix,,JPN,4WD,,2,,2,SElist_Compact_Slide_JPN_4WD,,n,,Nm,L3,L3,PRMV0085232,ePT,FR MOT出力(車両要求特性) トルク上限(第二象限),－,C7A0743743214D49AE5FFB6973444FCE,PT構想審査,
1,45899B0F8FF64444A6D4C9259C0D0330,1,0,PRMV0085233 ePT FR MOT出力(車両要求特性) 出力上限(第二象限) －,A,45562.02394,0,0,EntryCondition,PT構想審査時点Fix,PT構想審査時点Fix,,JPN,4WD,,2,,2,SElist_Compact_Slide_JPN_4WD,,n,,kW,L3,L3,PRMV0085233,ePT,FR MOT出力(車両要求特性) 出力上限(第二象限),－,C7A0743743214D49AE5FFB6973444FCE,PT構想審査,
1,9FAFCA1635F042A49B52C0536E015EE3,1,0,PRMV0085234 ePT FR MOT出力(車両要求特性) トルク下限(第四象限) －,A,45562.02395,0,0,EntryCondition,PT構想審査時点Fix,PT構想審査時点Fix,,JPN,4WD,,2,,2,SElist_Compact_Slide_JPN_4WD,,-220,,Nm,L3,L3,PRMV0085234,ePT,FR MOT出力(車両要求特性) トルク下限(第四象限),－,C7A0743743214D49AE5FFB6973444FCE,PT構想審査,
1,2CF9799BB7DB4AECB9B4BC1E06B64D4C,1,0,PRMV0085235 ePT FR MOT出力(車両要求特性) 出力上限(第四象限) －,A,45562.02395,0,0,EntryCondition,PT構想審査時点Fix,PT構想審査時点Fix,,JPN,4WD,,2,,2,SElist_Compact_Slide_JPN_4WD,,-70,,kW,L3,L3,PRMV0085235,ePT,FR MOT出力(車両要求特性) 出力上限(第四象限),－,C7A0743743214D49AE5FFB6973444FCE,PT構想審査,
1,1F8328FD6E954A478184B58907476817,1,0,PRMV0085236 ePT FR MOT/INV損失ノミナル －,A,45562.02396,0,0,EntryCondition,PT構想審査時点Fix,PT構想審査時点Fix,,JPN,4WD,,2,,2,SElist_Compact_Slide_JPN_4WD,,,,MAP,L3,L3,PRMV0085236,ePT,FR MOT/INV損失ノミナル,－,C7A0743743214D49AE5FFB6973444FCE,PT構想審査,
1,6482C6830C684CF28D5DA935E296F89E,1,0,PRMV0085237 ePT FR MOT/INV損失熱検討用 －,A,45562.02396,0,0,EntryCondition,PT構想審査時点Fix,PT構想審査時点Fix,,JPN,4WD,,2,,2,SElist_Compact_Slide_JPN_4WD,,,,MAP,L3,L3,PRMV0085237,ePT,FR MOT/INV損失熱検討用,－,C7A0743743214D49AE5FFB6973444FCE,PT構想審査,
1,51ED9F5B4E4D403698E7EB9B4EC27076,1,0,PRMV0085238 ePT FR MOTイナーシャ －,A,45562.02396,0,0,EntryCondition,PT構想審査時点Fix,PT構想審査時点Fix,,JPN,4WD,,2,,2,SElist_Compact_Slide_JPN_4WD,,0.031,,kgm#00B2,L3,L3,PRMV0085238,ePT,FR MOTイナーシャ,－,C7A0743743214D49AE5FFB6973444FCE,PT構想審査,
1,E81C5714B69B456CB5FE516F1FF5F78E,1,0,PRMV0085239 ePT FR GB減速比 －,A,45562.02397,0,0,EntryCondition,PT構想審査時点Fix,PT構想審査時点Fix,,JPN,4WD,,2,,2,SElist_Compact_Slide_JPN_4WD,,6.782,,－,L3,L3,PRMV0085239,ePT,FR GB減速比,－,C7A0743743214D49AE5FFB6973444FCE,PT構想審査,
1,27852D2E5988404EBE604DC09BC83E1B,1,0,PRMV0085240 ePT FR GB損失特性(有負荷) －,A,45562.02397,0,0,EntryCondition,PT構想審査時点Fix,PT構想審査時点Fix,,JPN,4WD,,2,,2,SElist_Compact_Slide_JPN_4WD,,,,MAP,L3,L3,PRMV0085240,ePT,FR GB損失特性(有負荷),－,C7A0743743214D49AE5FFB6973444FCE,PT構想審査,
1,10E649391E424023BF46DA1E5181CACE,1,0,PRMV0085241 ePT FR GBイナーシャ －,A,45562.02398,0,0,EntryCondition,PT構想審査時点Fix,PT構想審査時点Fix,,JPN,4WD,,2,,2,SElist_Compact_Slide_JPN_4WD,,0.00285,,kgm#00B2,L3,L3,PRMV0085241,ePT,FR GBイナーシャ,－,C7A0743743214D49AE5FFB6973444FCE,PT構想審査,
1,97F28048910C423186786AC503BF714F,1,0,PRMV0085242 ePT RR MOT Sys呼称 －,A,45562.02398,0,0,EntryCondition,PT構想審査時点Fix,PT構想審査時点Fix,,JPN,4WD,,2,,2,SElist_Compact_Slide_JPN_4WD,,NH gen1,,－,L3,L3,PRMV0085242,ePT,RR MOT Sys呼称,－,C7A0743743214D49AE5FFB6973444FCE,PT構想審査,
1,54074AA904E144059C5D956E661D6592,1,0,PRMV0085243 ePT RR MOT N-T特性 －,A,45562.02399,0,0,EntryCondition,PT構想審査時点Fix,PT構想審査時点Fix,,JPN,4WD,,2,,2,SElist_Compact_Slide_JPN_4WD,,,,MAP,L3,L3,PRMV0085243,ePT,RR MOT N-T特性,－,C7A0743743214D49AE5FFB6973444FCE,PT構想審査,
1,A3D7C9AA899F4928A7A9E46444337AEC,1,0,PRMV0085244 ePT RR MOT制限設定トルク上限(第一象限) －,A,45562.02399,0,0,EntryCondition,PT構想審査時点Fix,PT構想審査時点Fix,,JPN,4WD,,2,,2,SElist_Compact_Slide_JPN_4WD,,195,,Nm,L3,L3,PRMV0085244,ePT,RR MOT制限設定トルク上限(第一象限),－,C7A0743743214D49AE5FFB6973444FCE,PT構想審査,
1,4F14918CF5BC47BBAF735130CCD7086B,1,0,PRMV0085245 ePT RR MOT制限設定出力上限(第一象限) －,A,45562.02399,0,0,EntryCondition,PT構想審査時点Fix,PT構想審査時点Fix,,JPN,4WD,,2,,2,SElist_Compact_Slide_JPN_4WD,,100@340V,,kW,L3,L3,PRMV0085245,ePT,RR MOT制限設定出力上限(第一象限),－,C7A0743743214D49AE5FFB6973444FCE,PT構想審査,
1,CC6BDCFB7C0245AEA37B104203024220,1,0,PRMV0085246 ePT RR MOT制限設定トルク上限(第二象限) －,A,45562.024,0,0,EntryCondition,PT構想審査時点Fix,PT構想審査時点Fix,,JPN,4WD,,2,,2,SElist_Compact_Slide_JPN_4WD,,n,,Nm,L3,L3,PRMV0085246,ePT,RR MOT制限設定トルク上限(第二象限),－,C7A0743743214D49AE5FFB6973444FCE,PT構想審査,
1,01F5F84080FE415BA125675C5B7683D8,1,0,PRMV0085247 ePT RR MOT制限設定出力上限(第二象限) －,A,45562.024,0,0,EntryCondition,PT構想審査時点Fix,PT構想審査時点Fix,,JPN,4WD,,2,,2,SElist_Compact_Slide_JPN_4WD,,n,,kW,L3,L3,PRMV0085247,ePT,RR MOT制限設定出力上限(第二象限),－,C7A0743743214D49AE5FFB6973444FCE,PT構想審査,
1,6FF9D4B6C90745369890237540308924,1,0,PRMV0085248 ePT RR MOT制限設定トルク下限(第四象限) －,A,45562.02402,0,0,EntryCondition,PT構想審査時点Fix,PT構想審査時点Fix,,JPN,4WD,,2,,2,SElist_Compact_Slide_JPN_4WD,,-195,,Nm,L3,L3,PRMV0085248,ePT,RR MOT制限設定トルク下限(第四象限),－,C7A0743743214D49AE5FFB6973444FCE,PT構想審査,
1,57B0C0758F7E480E96052266E7CB915E,1,0,PRMV0085249 ePT RR MOT制限設定出力下限(第四象限) －,A,45562.02402,0,0,EntryCondition,PT構想審査時点Fix,PT構想審査時点Fix,,JPN,4WD,,2,,2,SElist_Compact_Slide_JPN_4WD,,-60,,kW,L3,L3,PRMV0085249,ePT,RR MOT制限設定出力下限(第四象限),－,C7A0743743214D49AE5FFB6973444FCE,PT構想審査,
1,8675FF4619934937B8444EE72FED75AA,1,0,PRMV0085250 ePT RR MOT出力(車両要求特性) トルク上限(第一象限) －,A,45562.02403,0,0,EntryCondition,PT構想審査時点Fix,PT構想審査時点Fix,,JPN,4WD,,2,,2,SElist_Compact_Slide_JPN_4WD,,110,,Nm,L3,L3,PRMV0085250,ePT,RR MOT出力(車両要求特性) トルク上限(第一象限),－,C7A0743743214D49AE5FFB6973444FCE,PT構想審査,
1,BCF5F6FAC0CB45B8BE066C81BF00FF87,1,0,PRMV0085251 ePT RR MOT出力(車両要求特性) 出力上限(第一象限) －,A,45562.02403,0,0,EntryCondition,PT構想審査時点Fix,PT構想審査時点Fix,,JPN,4WD,,2,,2,SElist_Compact_Slide_JPN_4WD,,60,,kW,L3,L3,PRMV0085251,ePT,RR MOT出力(車両要求特性) 出力上限(第一象限),－,C7A0743743214D49AE5FFB6973444FCE,PT構想審査,
1,34884BDD4C704DD698576C4B04DD9ABA,1,0,PRMV0085252 ePT RR MOT出力(車両要求特性) トルク上限(第二象限) －,A,45562.02403,0,0,EntryCondition,PT構想審査時点Fix,PT構想審査時点Fix,,JPN,4WD,,2,,2,SElist_Compact_Slide_JPN_4WD,,n,,Nm,L3,L3,PRMV0085252,ePT,RR MOT出力(車両要求特性) トルク上限(第二象限),－,C7A0743743214D49AE5FFB6973444FCE,PT構想審査,
1,E4B273E454AC4A36A0C2EE8E515E61F5,1,0,PRMV0085253 ePT RR MOT出力(車両要求特性) 出力上限(第二象限) －,A,45562.02404,0,0,EntryCondition,PT構想審査時点Fix,PT構想審査時点Fix,,JPN,4WD,,2,,2,SElist_Compact_Slide_JPN_4WD,,n,,kW,L3,L3,PRMV0085253,ePT,RR MOT出力(車両要求特性) 出力上限(第二象限),－,C7A0743743214D49AE5FFB6973444FCE,PT構想審査,
1,CEFC703F1B5141AFA8DB9E3122CC5C39,1,0,PRMV0085254 ePT RR MOT出力(車両要求特性) トルク下限(第四象限) －,A,45562.02404,0,0,EntryCondition,PT構想審査時点Fix,PT構想審査時点Fix,,JPN,4WD,,2,,2,SElist_Compact_Slide_JPN_4WD,,-110,,Nm,L3,L3,PRMV0085254,ePT,RR MOT出力(車両要求特性) トルク下限(第四象限),－,C7A0743743214D49AE5FFB6973444FCE,PT構想審査,
1,41246C36F5744836BEC5AF4BFE888CDF,1,0,PRMV0085255 ePT RR MOT出力(車両要求特性) 出力上限(第四象限) －,A,45562.02405,0,0,EntryCondition,PT構想審査時点Fix,PT構想審査時点Fix,,JPN,4WD,,2,,2,SElist_Compact_Slide_JPN_4WD,,-60,,kW,L3,L3,PRMV0085255,ePT,RR MOT出力(車両要求特性) 出力上限(第四象限),－,C7A0743743214D49AE5FFB6973444FCE,PT構想審査,
1,C16441074DD94587BA8996B5CA2C5D3E,1,0,PRMV0085256 ePT RR MOT/INV損失ノミナル －,A,45562.02405,0,0,EntryCondition,PT構想審査時点Fix,PT構想審査時点Fix,,JPN,4WD,,2,,2,SElist_Compact_Slide_JPN_4WD,,,,MAP,L3,L3,PRMV0085256,ePT,RR MOT/INV損失ノミナル,－,C7A0743743214D49AE5FFB6973444FCE,PT構想審査,
1,0CFFB82979B14D7183FC30F02E4E49F1,1,0,PRMV0085257 ePT RR MOT/INV損失熱検討用 －,A,45562.02406,0,0,EntryCondition,PT構想審査時点Fix,PT構想審査時点Fix,,JPN,4WD,,2,,2,SElist_Compact_Slide_JPN_4WD,,,,MAP,L3,L3,PRMV0085257,ePT,RR MOT/INV損失熱検討用,－,C7A0743743214D49AE5FFB6973444FCE,PT構想審査,
1,A2E8CDB75193461A93B9A856F082D900,1,0,PRMV0085258 ePT RR MOTイナーシャ －,A,45562.02406,0,0,EntryCondition,PT構想審査時点Fix,PT構想審査時点Fix,,JPN,4WD,,2,,2,SElist_Compact_Slide_JPN_4WD,,0.0244,,kgm#00B2,L3,L3,PRMV0085258,ePT,RR MOTイナーシャ,－,C7A0743743214D49AE5FFB6973444FCE,PT構想審査,
1,C759792EC998481EBC1021F52D3D7313,1,0,PRMV0085259 ePT RR GB減速比 －,A,45562.02407,0,0,EntryCondition,PT構想審査時点Fix,PT構想審査時点Fix,,JPN,4WD,,2,,2,SElist_Compact_Slide_JPN_4WD,,n,,－,L3,L3,PRMV0085259,ePT,RR GB減速比,－,C7A0743743214D49AE5FFB6973444FCE,PT構想審査,
1,B3BBB6365E16440BB9AC8B36C2EB33CD,1,0,PRMV0085260 ePT RR GB損失特性(有負荷) －,A,45562.02407,0,0,EntryCondition,PT構想審査時点Fix,PT構想審査時点Fix,,JPN,4WD,,2,,2,SElist_Compact_Slide_JPN_4WD,,,,MAP,L3,L3,PRMV0085260,ePT,RR GB損失特性(有負荷),－,C7A0743743214D49AE5FFB6973444FCE,PT構想審査,
1,542C6C6BE8064D5CB9ECB933B0B75962,1,0,PRMV0085261 ePT RR GBイナーシャ －,A,45562.02407,0,0,EntryCondition,PT構想審査時点Fix,PT構想審査時点Fix,,JPN,4WD,,2,,2,SElist_Compact_Slide_JPN_4WD,,n,,kgm#00B2,L3,L3,PRMV0085261,ePT,RR GBイナーシャ,－,C7A0743743214D49AE5FFB6973444FCE,PT構想審査,
1,60592D1DBF224BDC8B24FD5952B482E6,1,0,PRMV0085262 HV BATT 仕様/呼称 －,A,45562.02409,0,0,EntryCondition,PT構想審査時点Fix,PT構想審査時点Fix,,JPN,4WD,,2,,2,SElist_Compact_Slide_JPN_4WD,,PP4,,－,L3,L3,PRMV0085262,HV BATT,仕様/呼称,－,C7A0743743214D49AE5FFB6973444FCE,PT構想審査,
1,0233C238A3C5453587ACA31C82ADDFFF,1,0,PRMV0085263 HV BATT モデル名 －,A,45562.02409,0,0,EntryCondition,PT構想審査時点Fix,PT構想審査時点Fix,,JPN,4WD,,2,,2,SElist_Compact_Slide_JPN_4WD,,"P13C_PP4_250A_Bat2_vN_Temp9
P13C US Tier4モデル＋W13G定数変更",,－,L3,L3,PRMV0085263,HV BATT,モデル名,－,C7A0743743214D49AE5FFB6973444FCE,PT構想審査,
1,678C06D297FD482B92ECD391E299CA2A,1,0,PRMV0085264 HV BATT 直列セル数 －,A,45562.0241,0,0,EntryCondition,PT構想審査時点Fix,PT構想審査時点Fix,,JPN,4WD,,2,,2,SElist_Compact_Slide_JPN_4WD,,72,,cell,L3,L3,PRMV0085264,HV BATT,直列セル数,－,C7A0743743214D49AE5FFB6973444FCE,PT構想審査,
1,65BACE1E5D4148B5A68AD9E56CD56709,1,0,PRMV0085265 HV BATT 並列セル数 －,A,45562.0241,0,0,EntryCondition,PT構想審査時点Fix,PT構想審査時点Fix,,JPN,4WD,,2,,2,SElist_Compact_Slide_JPN_4WD,,1,,para,L3,L3,PRMV0085265,HV BATT,並列セル数,－,C7A0743743214D49AE5FFB6973444FCE,PT構想審査,
1,339B813A52004CD294372DA4B1D7F90D,1,0,PRMV0085266 HV BATT パック容量 (capacity) －,A,45562.02411,0,0,EntryCondition,PT構想審査時点Fix,PT構想審査時点Fix,,JPN,4WD,,2,,2,SElist_Compact_Slide_JPN_4WD,,"1.2kWh(輸送劣化なし)
1.0kWh(輸送劣化あり)",,kWh,L3,L3,PRMV0085266,HV BATT,パック容量 (capacity),－,C7A0743743214D49AE5FFB6973444FCE,PT構想審査,
1,90D523D5D8344043AB369839848D59FD,1,0,PRMV0085267 HV BATT バッテリ制限設定(Pout出力上限/BATT温度-SOC-電力) －,A,45562.02411,0,0,EntryCondition,PT構想審査時点Fix,PT構想審査時点Fix,,JPN,4WD,,2,,2,SElist_Compact_Slide_JPN_4WD,,,,MAP,L3,L3,PRMV0085267,HV BATT,バッテリ制限設定(Pout出力上限/BATT温度-SOC-電力),－,C7A0743743214D49AE5FFB6973444FCE,PT構想審査,
1,F9BC74016AF142FC84A04CB1E8A9A863,1,0,PRMV0085268 HV BATT バッテリ制限設定(Pin入力上限/BATT温度-SOC-電力) －,A,45562.02411,0,0,EntryCondition,PT構想審査時点Fix,PT構想審査時点Fix,,JPN,4WD,,2,,2,SElist_Compact_Slide_JPN_4WD,,,,MAP,L3,L3,PRMV0085268,HV BATT,バッテリ制限設定(Pin入力上限/BATT温度-SOC-電力),－,C7A0743743214D49AE5FFB6973444FCE,PT構想審査,
1,EE9030F23B8F4BCAB704BAF7CEB1EC48,1,0,PRMV0085269 HV BATT 公証電圧 －,A,45562.02412,0,0,EntryCondition,PT構想審査時点Fix,PT構想審査時点Fix,,JPN,4WD,,2,,2,SElist_Compact_Slide_JPN_4WD,,3.7,,V,L3,L3,PRMV0085269,HV BATT,公証電圧,－,C7A0743743214D49AE5FFB6973444FCE,PT構想審査,
1,A8CB185DA3DB40919EAEB792B2EE9424,1,0,PRMV0085270 HV BATT Max電流 －,A,45562.02412,0,0,EntryCondition,PT構想審査時点Fix,PT構想審査時点Fix,,JPN,4WD,,2,,2,SElist_Compact_Slide_JPN_4WD,,250,,A,L3,L3,PRMV0085270,HV BATT,Max電流,－,C7A0743743214D49AE5FFB6973444FCE,PT構想審査,
1,5FC62F4DCF514753A3AC4BCD7DB9E30C,1,0,PRMV0085271 HV BATT セル開放電圧特性(SOC-OCV) －,A,45562.02413,0,0,EntryCondition,PT構想審査時点Fix,PT構想審査時点Fix,,JPN,4WD,,2,,2,SElist_Compact_Slide_JPN_4WD,,,,MAP,L3,L3,PRMV0085271,HV BATT,セル開放電圧特性(SOC-OCV),－,C7A0743743214D49AE5FFB6973444FCE,PT構想審査,
1,29970BA55C624AFF81D800965B004CCF,1,0,PRMV0085272 DCDC 仕様（名称） －,A,45562.02413,0,0,EntryCondition,PT構想審査時点Fix,PT構想審査時点Fix,,JPN,4WD,,2,,2,SElist_Compact_Slide_JPN_4WD,,n,,－,L3,L3,PRMV0085272,DCDC,仕様（名称）,－,C7A0743743214D49AE5FFB6973444FCE,PT構想審査,
1,D20139E74E9D44ECB89CF6C2BDBD47ED,1,0,"PRMV0085273 DCDC DCDC効率(走行時弱電220W,355V入力(SOC20%),13V出力) －",A,45562.02414,0,0,EntryCondition,PT構想審査時点Fix,PT構想審査時点Fix,,JPN,4WD,,2,,2,SElist_Compact_Slide_JPN_4WD,,n,,%,L3,L3,PRMV0085273,DCDC,"DCDC効率(走行時弱電220W,355V入力(SOC20%),13V出力)",－,C7A0743743214D49AE5FFB6973444FCE,PT構想審査,
1,C5C89F8490024B5FA0822289BB345411,1,0,PRMV0085274 4WD Sys 前後配分比 －,A,45562.02414,0,0,EntryCondition,PT構想審査時点Fix,PT構想審査時点Fix,,JPN,4WD,,2,,2,SElist_Compact_Slide_JPN_4WD,,n,,－,L3,L3,PRMV0085274,4WD Sys,前後配分比,－,C7A0743743214D49AE5FFB6973444FCE,PT構想審査,
1,DAC994D2B86C48D8805CC676785A360B,1,0,PRMV0085275 4WD Sys 配分Map －,A,45562.02416,0,0,EntryCondition,PT構想審査時点Fix,PT構想審査時点Fix,,JPN,4WD,,2,,2,SElist_Compact_Slide_JPN_4WD,,,,MAP,L3,L3,PRMV0085275,4WD Sys,配分Map,－,C7A0743743214D49AE5FFB6973444FCE,PT構想審査,
1,03906DCEFAFB4DF8B6337CABD2316E4B,1,0,PRMV0085276 エネマネ 仕様（名称） －,A,45562.02416,0,0,EntryCondition,PT構想審査時点Fix,PT構想審査時点Fix,,JPN,4WD,,2,,2,SElist_Compact_Slide_JPN_4WD,,n,,－,L3,L3,PRMV0085276,エネマネ,仕様（名称）,－,C7A0743743214D49AE5FFB6973444FCE,PT構想審査,
1,1FEE4641DCCF484F8887C8AD60FD798B,1,0,PRMV0085277 エネマネ PT-sys α線 －,A,45562.02416,0,0,EntryCondition,PT構想審査時点Fix,PT構想審査時点Fix,,JPN,4WD,,2,,2,SElist_Compact_Slide_JPN_4WD,,n,,－,L3,L3,PRMV0085277,エネマネ,PT-sys α線,－,C7A0743743214D49AE5FFB6973444FCE,PT構想審査,
1,60346610BBFE4920B7613D087D077047,1,0,PRMV0085278 エネマネ ENG始動Map －,A,45562.02417,0,0,EntryCondition,PT構想審査時点Fix,PT構想審査時点Fix,,JPN,4WD,,2,,2,SElist_Compact_Slide_JPN_4WD,,,,MAP,L3,L3,PRMV0085278,エネマネ,ENG始動Map,－,C7A0743743214D49AE5FFB6973444FCE,PT構想審査,
1,3F0A70F391144E9FBA6468AD17EE7FFB,1,0,PRMV0085279 エネマネ 変速線 －,A,45562.02417,0,0,EntryCondition,PT構想審査時点Fix,PT構想審査時点Fix,,JPN,4WD,,2,,2,SElist_Compact_Slide_JPN_4WD,,,,MAP,L3,L3,PRMV0085279,エネマネ,変速線,－,C7A0743743214D49AE5FFB6973444FCE,PT構想審査,
1,5EE8905B32014D39874B85602B581365,1,0,PRMV0085280 パワマネ 仕様（名称） －,A,45562.02418,0,0,EntryCondition,PT構想審査時点Fix,PT構想審査時点Fix,,JPN,4WD,,2,,2,SElist_Compact_Slide_JPN_4WD,,n,,－,L3,L3,PRMV0085280,パワマネ,仕様（名称）,－,C7A0743743214D49AE5FFB6973444FCE,PT構想審査,
1,FECB6140817544E4A7E98AFD73C38B44,1,0,PRMV0085281 パワマネ 駆動力Map(APO-車速-駆動力) －,A,45562.02418,0,0,EntryCondition,PT構想審査時点Fix,PT構想審査時点Fix,,JPN,4WD,,2,,2,SElist_Compact_Slide_JPN_4WD,,,,MAP,L3,L3,PRMV0085281,パワマネ,駆動力Map(APO-車速-駆動力),－,C7A0743743214D49AE5FFB6973444FCE,PT構想審査,
1,5FF9AD680A714479AA8615B2AFDD7E3A,1,0,PRMV0085282 燃料タンク タンク容量 －,A,45562.02419,0,0,EntryCondition,PT構想審査時点Fix,PT構想審査時点Fix,,JPN,4WD,,2,,2,SElist_Compact_Slide_JPN_4WD,,n,,－,L3,L3,PRMV0085282,燃料タンク,タンク容量,－,C7A0743743214D49AE5FFB6973444FCE,PT構想審査,
1,53731D8C1E874DDE85746DC3F5AF5879,1,0,PRMV0085283 E&E archi E&E architecture呼称 －,A,45562.02419,0,0,EntryCondition,PT構想審査時点Fix,PT構想審査時点Fix,,JPN,4WD,,2,,2,SElist_Compact_Slide_JPN_4WD,,n,,－,L3,L3,PRMV0085283,E&E archi,E&E architecture呼称,－,C7A0743743214D49AE5FFB6973444FCE,PT構想審査,
1,4E5AD421BC21438D8111BD9705B2482D,1,0,PRMV0085284 ブレーキ 回生協調ブレーキ仕様（名称） －,A,45562.02419,0,0,EntryCondition,PT構想審査時点Fix,PT構想審査時点Fix,,JPN,4WD,,2,,2,SElist_Compact_Slide_JPN_4WD,,n,,－,L3,L3,PRMV0085284,ブレーキ,回生協調ブレーキ仕様（名称）,－,C7A0743743214D49AE5FFB6973444FCE,PT構想審査,
1,FAC4BEE6D97B4C08863FD4F063A7511E,1,0,PRMV0085285 ブレーキ ブレーキ負圧Sys仕様（名称） －,A,45562.0242,0,0,EntryCondition,PT構想審査時点Fix,PT構想審査時点Fix,,JPN,4WD,,2,,2,SElist_Compact_Slide_JPN_4WD,,n,,－,L3,L3,PRMV0085285,ブレーキ,ブレーキ負圧Sys仕様（名称）,－,C7A0743743214D49AE5FFB6973444FCE,PT構想審査,
1,312E1CCCA7E14AED870FE2ADC4C5C373,1,0,PRMV0085286 ブレーキ アクセルヒルホールドSysブレーキ協調ASA / MOT －,A,45562.0242,0,0,EntryCondition,PT構想審査時点Fix,PT構想審査時点Fix,,JPN,4WD,,2,,2,SElist_Compact_Slide_JPN_4WD,,n,,－,L3,L3,PRMV0085286,ブレーキ,アクセルヒルホールドSysブレーキ協調ASA / MOT,－,C7A0743743214D49AE5FFB6973444FCE,PT構想審査,
1,B49D63CBB51B41319B2FCA6E224C956A,1,0,PRMV0085287 LV BATT AD Sys仕様（名称） －,A,45562.02421,0,0,EntryCondition,PT構想審査時点Fix,PT構想審査時点Fix,,JPN,4WD,,2,,2,SElist_Compact_Slide_JPN_4WD,,AD1 Next,,－,L3,L3,PRMV0085287,LV BATT,AD Sys仕様（名称）,－,C7A0743743214D49AE5FFB6973444FCE,PT構想審査,
1,0891AAF154EE48D99951A4E9776F4507,1,0,PRMV0085288 LV BATT 消費電力(電費試験時WLTCモード)HEV －,A,45562.02421,0,0,EntryCondition,PT構想審査時点Fix,PT構想審査時点Fix,,JPN,4WD,,2,,2,SElist_Compact_Slide_JPN_4WD,,244.35,,W,L3,L3,PRMV0085288,LV BATT,消費電力(電費試験時WLTCモード)HEV,－,C7A0743743214D49AE5FFB6973444FCE,PT構想審査,
1,3D45A90F257A4A18999BC8ADF3208932,1,0,PRMV0085289 LV BATT 消費電力(電費試験時WLTCモード)EV －,A,45562.02422,0,0,EntryCondition,PT構想審査時点Fix,PT構想審査時点Fix,,JPN,4WD,,2,,2,SElist_Compact_Slide_JPN_4WD,,244.35,,W,L3,L3,PRMV0085289,LV BATT,消費電力(電費試験時WLTCモード)EV,－,C7A0743743214D49AE5FFB6973444FCE,PT構想審査,
1,D9C2B755115D461BB632468C085065CE,1,0,PRMV0085290 LV BATT 消費電力(電費試験時LA4モード)HEV －,A,45562.02422,0,0,EntryCondition,PT構想審査時点Fix,PT構想審査時点Fix,,JPN,4WD,,2,,2,SElist_Compact_Slide_JPN_4WD,,n,,W,L3,L3,PRMV0085290,LV BATT,消費電力(電費試験時LA4モード)HEV,－,C7A0743743214D49AE5FFB6973444FCE,PT構想審査,
1,CFDDB168A31A4D7DA37E588577AB6B4C,1,0,PRMV0085291 LV BATT 消費電力(電費試験時LA4モード)EV －,A,45562.02422,0,0,EntryCondition,PT構想審査時点Fix,PT構想審査時点Fix,,JPN,4WD,,2,,2,SElist_Compact_Slide_JPN_4WD,,n,,W,L3,L3,PRMV0085291,LV BATT,消費電力(電費試験時LA4モード)EV,－,C7A0743743214D49AE5FFB6973444FCE,PT構想審査,
1,4C06DBA298224C49B2CDD98C34D62C7D,1,0,PRMV0085292 LV BATT 消費電力(電費試験時HWYモード)HEV －,A,45562.02424,0,0,EntryCondition,PT構想審査時点Fix,PT構想審査時点Fix,,JPN,4WD,,2,,2,SElist_Compact_Slide_JPN_4WD,,n,,W,L3,L3,PRMV0085292,LV BATT,消費電力(電費試験時HWYモード)HEV,－,C7A0743743214D49AE5FFB6973444FCE,PT構想審査,
1,DBE3C65B24E145A9BBB86F420884E46F,1,0,PRMV0085293 LV BATT 消費電力(電費試験時HWYモード)EV －,A,45562.02424,0,0,EntryCondition,PT構想審査時点Fix,PT構想審査時点Fix,,JPN,4WD,,2,,2,SElist_Compact_Slide_JPN_4WD,,n,,W,L3,L3,PRMV0085293,LV BATT,消費電力(電費試験時HWYモード)EV,－,C7A0743743214D49AE5FFB6973444FCE,PT構想審査,
1,16A968BCBBC446D0B28CCD10A7413C38,1,0,PRMV0085294 LV BATT 消費電力(電費試験時US06モード)HEV －,A,45562.02425,0,0,EntryCondition,PT構想審査時点Fix,PT構想審査時点Fix,,JPN,4WD,,2,,2,SElist_Compact_Slide_JPN_4WD,,n,,W,L3,L3,PRMV0085294,LV BATT,消費電力(電費試験時US06モード)HEV,－,C7A0743743214D49AE5FFB6973444FCE,PT構想審査,
1,58A3F876374A413C9763C57353AF9396,1,0,PRMV0085295 LV BATT 消費電力(電費試験時US06モード)EV －,A,45562.02425,0,0,EntryCondition,PT構想審査時点Fix,PT構想審査時点Fix,,JPN,4WD,,2,,2,SElist_Compact_Slide_JPN_4WD,,n,,W,L3,L3,PRMV0085295,LV BATT,消費電力(電費試験時US06モード)EV,－,C7A0743743214D49AE5FFB6973444FCE,PT構想審査,
1,40840A83FB5447978BAD1214471587B3,1,0,PRMV0085296 LV BATT 消費電力(電費試験時SC03モード)HEV －,A,45562.02426,0,0,EntryCondition,PT構想審査時点Fix,PT構想審査時点Fix,,JPN,4WD,,2,,2,SElist_Compact_Slide_JPN_4WD,,n,,W,L3,L3,PRMV0085296,LV BATT,消費電力(電費試験時SC03モード)HEV,－,C7A0743743214D49AE5FFB6973444FCE,PT構想審査,
1,F4AFA3FDEF184BEB84FC57A8BBDD1006,1,0,PRMV0085297 LV BATT 消費電力(電費試験時SC03モード)EV －,A,45562.02426,0,0,EntryCondition,PT構想審査時点Fix,PT構想審査時点Fix,,JPN,4WD,,2,,2,SElist_Compact_Slide_JPN_4WD,,n,,W,L3,L3,PRMV0085297,LV BATT,消費電力(電費試験時SC03モード)EV,－,C7A0743743214D49AE5FFB6973444FCE,PT構想審査,
1,04E75B9B2BBC41348715AB336F62F0CE,1,0,PRMV0085298 LV BATT 消費電力(電費試験時-7℃ LA4モード)HEV －,A,45562.02427,0,0,EntryCondition,PT構想審査時点Fix,PT構想審査時点Fix,,JPN,4WD,,2,,2,SElist_Compact_Slide_JPN_4WD,,n,,W,L3,L3,PRMV0085298,LV BATT,消費電力(電費試験時-7℃ LA4モード)HEV,－,C7A0743743214D49AE5FFB6973444FCE,PT構想審査,
1,2AF4B62515294D749A366D2ED9289386,1,0,PRMV0085299 LV BATT 消費電力(電費試験時-7℃ LA4モード)EV －,A,45562.02427,0,0,EntryCondition,PT構想審査時点Fix,PT構想審査時点Fix,,JPN,4WD,,2,,2,SElist_Compact_Slide_JPN_4WD,,n,,W,L3,L3,PRMV0085299,LV BATT,消費電力(電費試験時-7℃ LA4モード)EV,－,C7A0743743214D49AE5FFB6973444FCE,PT構想審査,
1,F185DC7328074A9E96DD9324B9B90207,1,0,PRMV0085300 Sim関連 MilsROM －,A,45562.02427,0,0,EntryCondition,PT構想審査時点Fix,PT構想審査時点Fix,,JPN,4WD,,2,,2,SElist_Compact_Slide_JPN_4WD,,n,,－,L3,L3,PRMV0085300,Sim関連,MilsROM,－,C7A0743743214D49AE5FFB6973444FCE,PT構想審査,
1,C14953D9BC354FB4AF1EF10D298279B3,1,0,PRMV0085301 Sim関連 Mils設定ファイル －,A,45562.02428,0,0,EntryCondition,PT構想審査時点Fix,PT構想審査時点Fix,,JPN,4WD,,2,,2,SElist_Compact_Slide_JPN_4WD,,n,,－,L3,L3,PRMV0085301,Sim関連,Mils設定ファイル,－,C7A0743743214D49AE5FFB6973444FCE,PT構想審査,
1,10B53A431B464C0C93EA7CD2B8DEA12C,1,0,PRMV0085302 Sim関連 CarSettingFile －,A,45562.02428,0,0,EntryCondition,PT構想審査時点Fix,PT構想審査時点Fix,,JPN,4WD,,2,,2,SElist_Compact_Slide_JPN_4WD,,n,,－,L3,L3,PRMV0085302,Sim関連,CarSettingFile,－,C7A0743743214D49AE5FFB6973444FCE,PT構想審査,
1,3D39E37AE0DD417D81CAFD8CC1539FEA,1,0,PRMV0084072 Vehicle Weight Min.C.W. －,A,45561.06,0,0,EntryCondition,MBSE Kick Off,MBSE Kick Off,,US,4WD,,2,,2,SElist_C-SUV_US_4WD,,1914,,kg,L4,L4,PRMV0084072,Vehicle Weight,Min.C.W.,－,C7A0743743214D49AE5FFB6973444FCE,PT構想審査,
1,174AE7C62B8E41349CC4E3FA18D70D51,1,0,PRMV0084073 Vehicle Weight Max.C.W. －,A,45561.06002,0,0,EntryCondition,MBSE Kick Off,MBSE Kick Off,,US,4WD,,2,,2,SElist_C-SUV_US_4WD,,1988,,kg,L4,L4,PRMV0084073,Vehicle Weight,Max.C.W.,－,C7A0743743214D49AE5FFB6973444FCE,PT構想審査,
1,C53B53BB7BC9401799E72B1400189015,1,0,PRMV0084074 Vehicle Weight スペアタイヤ&工具  －,A,45561.06003,0,0,EntryCondition,MBSE Kick Off,MBSE Kick Off,,US,4WD,,2,,2,SElist_C-SUV_US_4WD,,,,kg,L4,L4,PRMV0084074,Vehicle Weight,スペアタイヤ&工具 ,－,C7A0743743214D49AE5FFB6973444FCE,PT構想審査,
1,3F485CA3F7BE44C4A7B06711CBD49D3B,1,0,PRMV0084075 Vehicle Weight EPA届出重量 －,A,45561.06005,0,0,EntryCondition,MBSE Kick Off,MBSE Kick Off,,US,4WD,,2,,2,SElist_C-SUV_US_4WD,,,,kg,L4,L4,PRMV0084075,Vehicle Weight,EPA届出重量,－,C7A0743743214D49AE5FFB6973444FCE,PT構想審査,
1,9E1FF7B8DBE84D869497E3422FF3BDBE,1,0,PRMV0084076 Vehicle Weight IP(認証試験) －,A,45561.06006,0,0,EntryCondition,MBSE Kick Off,MBSE Kick Off,,US,4WD,,2,,2,SElist_C-SUV_US_4WD,,4500,,lbs,L4,L4,PRMV0084076,Vehicle Weight,IP(認証試験),－,C7A0743743214D49AE5FFB6973444FCE,PT構想審査,
1,501BEB2115114DF0879AE88052DB8EF8,1,0,PRMV0084077 Vehicle Severe Weight PTW or GVWR －,A,45561.06007,0,0,EntryCondition,MBSE Kick Off,MBSE Kick Off,,US,4WD,,2,,2,SElist_C-SUV_US_4WD,,2420,,kg,L4,L4,PRMV0084077,Vehicle Severe Weight,PTW or GVWR,－,C7A0743743214D49AE5FFB6973444FCE,PT構想審査,
1,5F8A85368BC74E1D8D9AACB11580A89E,1,0,PRMV0084078 Vehicle Severe Weight Towing －,A,45561.06008,0,0,EntryCondition,MBSE Kick Off,MBSE Kick Off,,US,4WD,,2,,2,SElist_C-SUV_US_4WD,,1500lbs,,kg,L4,L4,PRMV0084078,Vehicle Severe Weight,Towing,－,C7A0743743214D49AE5FFB6973444FCE,PT構想審査,
1,82B243D505D246D08BE4E22B2565721F,1,0,PRMV0084079 Test Weight 燃費 －,A,45561.06008,0,0,EntryCondition,MBSE Kick Off,MBSE Kick Off,,US,4WD,,2,,2,SElist_C-SUV_US_4WD,,4500lbs,,kg,L4,L4,PRMV0084079,Test Weight,燃費,－,C7A0743743214D49AE5FFB6973444FCE,PT構想審査,
1,DE8C2D27FDE64CBF82A516561E0B4514,1,0,PRMV0084080 Test Weight 動力当り前性能  －,A,45561.06009,0,0,EntryCondition,MBSE Kick Off,MBSE Kick Off,,US,4WD,,2,,2,SElist_C-SUV_US_4WD,,2420,,kg,L4,L4,PRMV0084080,Test Weight,動力当り前性能 ,－,C7A0743743214D49AE5FFB6973444FCE,PT構想審査,
1,F00D276438CD4D5DA9B5E8620966C53A,1,0,PRMV0084081 Test Weight 動力Accerelation －,A,45561.0601,0,0,EntryCondition,MBSE Kick Off,MBSE Kick Off,,US,4WD,,2,,2,SElist_C-SUV_US_4WD,,2066,,kg,L4,L4,PRMV0084081,Test Weight,動力Accerelation,－,C7A0743743214D49AE5FFB6973444FCE,PT構想審査,
1,2FD9921C9B9B41CE97856CFE8D807282,1,0,PRMV0084082 Test Weight 排気(IPランク) －,A,45561.06012,0,0,EntryCondition,MBSE Kick Off,MBSE Kick Off,,US,4WD,,2,,2,SElist_C-SUV_US_4WD,,4500,,lbs,L4,L4,PRMV0084082,Test Weight,排気(IPランク),－,C7A0743743214D49AE5FFB6973444FCE,PT構想審査,
1,CC7DA8CCB2434A5BBD52F4B13C325A3D,1,0,PRMV0084083 Test Weight OBD(IPランク) －,A,45561.06012,0,0,EntryCondition,MBSE Kick Off,MBSE Kick Off,,US,4WD,,2,,2,SElist_C-SUV_US_4WD,,,,lbs,L4,L4,PRMV0084083,Test Weight,OBD(IPランク),－,C7A0743743214D49AE5FFB6973444FCE,PT構想審査,
1,F57F69C6846146EF896E59F21728F0C8,1,0,PRMV0084084 Test Weight 熱GVWR －,A,45561.06013,0,0,EntryCondition,MBSE Kick Off,MBSE Kick Off,,US,4WD,,2,,2,SElist_C-SUV_US_4WD,,,,kg,L4,L4,PRMV0084084,Test Weight,熱GVWR,－,C7A0743743214D49AE5FFB6973444FCE,PT構想審査,
1,4935401D13E64FB3B10B80BC7AADC105,1,0,PRMV0084085 Test Weight 熱GCWR －,A,45561.06013,0,0,EntryCondition,MBSE Kick Off,MBSE Kick Off,,US,4WD,,2,,2,SElist_C-SUV_US_4WD,,,,kg,L4,L4,PRMV0084085,Test Weight,熱GCWR,－,C7A0743743214D49AE5FFB6973444FCE,PT構想審査,
1,CB9C6795DA5E4CC3A2C4BC8C3F5B0975,1,0,"PRMV0084086 Test Weight 音,低周波 －",A,45561.06014,0,0,EntryCondition,MBSE Kick Off,MBSE Kick Off,,US,4WD,,2,,2,SElist_C-SUV_US_4WD,,,,kg,L4,L4,PRMV0084086,Test Weight,"音,低周波",－,C7A0743743214D49AE5FFB6973444FCE,PT構想審査,
1,66644818192A4A349B0C92FA4B401AB1,1,0,"PRMV0084087 Test Weight 音,高周波 －",A,45561.06015,0,0,EntryCondition,MBSE Kick Off,MBSE Kick Off,,US,4WD,,2,,2,SElist_C-SUV_US_4WD,,,,kg,L4,L4,PRMV0084087,Test Weight,"音,高周波",－,C7A0743743214D49AE5FFB6973444FCE,PT構想審査,
1,935BF9BF328A4B92816186C85E969E25,1,0,PRMV0084088 Test Weight 運転性 －,A,45561.06015,0,0,EntryCondition,MBSE Kick Off,MBSE Kick Off,,US,4WD,,2,,2,SElist_C-SUV_US_4WD,,1976,,kg,L4,L4,PRMV0084088,Test Weight,運転性,－,C7A0743743214D49AE5FFB6973444FCE,PT構想審査,
1,B660CAD0F11C4347A295E158118452F8,1,0,PRMV0084089 Test Weight エバポ －,A,45561.06016,0,0,EntryCondition,MBSE Kick Off,MBSE Kick Off,,US,4WD,,2,,2,SElist_C-SUV_US_4WD,,,,kg,L4,L4,PRMV0084089,Test Weight,エバポ,－,C7A0743743214D49AE5FFB6973444FCE,PT構想審査,
1,4DEAF8EF018E4990829FD722D10C45AA,1,0,PRMV0084090 Test Weight シビアシーンEisen登坂 －,A,45561.06017,0,0,EntryCondition,MBSE Kick Off,MBSE Kick Off,,US,4WD,,2,,2,SElist_C-SUV_US_4WD,,2420,,kg,L4,L4,PRMV0084090,Test Weight,シビアシーンEisen登坂,－,C7A0743743214D49AE5FFB6973444FCE,PT構想審査,
1,CB70F5455FE24306BAFC3425DA4D65FE,1,0,PRMV0084091 Test Weight シビアシーン熱性能GVWR －,A,45561.06017,0,0,EntryCondition,MBSE Kick Off,MBSE Kick Off,,US,4WD,,2,,2,SElist_C-SUV_US_4WD,,,,kg,L4,L4,PRMV0084091,Test Weight,シビアシーン熱性能GVWR,－,C7A0743743214D49AE5FFB6973444FCE,PT構想審査,
1,F51180BD0AF742F78B7F197D0375350B,1,0,"PRMV0084092 Test Weight シビアシーン熱性能140km/h,R/L －",A,45561.06019,0,0,EntryCondition,MBSE Kick Off,MBSE Kick Off,,US,4WD,,2,,2,SElist_C-SUV_US_4WD,,,,kg,L4,L4,PRMV0084092,Test Weight,"シビアシーン熱性能140km/h,R/L",－,C7A0743743214D49AE5FFB6973444FCE,PT構想審査,
1,883DAE66178B4EFAB2414E571D248F56,1,0,"PRMV0084093 Test Weight シビアシーン熱性能112km/h,6%勾配 －",A,45561.0602,0,0,EntryCondition,MBSE Kick Off,MBSE Kick Off,,US,4WD,,2,,2,SElist_C-SUV_US_4WD,,,,kg,L4,L4,PRMV0084093,Test Weight,"シビアシーン熱性能112km/h,6%勾配",－,C7A0743743214D49AE5FFB6973444FCE,PT構想審査,
1,107DF6D0EBFF4B05919898E269E9D907,1,0,PRMV0084094 Test Weight 6分類GVWR －,A,45561.0602,0,0,EntryCondition,MBSE Kick Off,MBSE Kick Off,,US,4WD,,2,,2,SElist_C-SUV_US_4WD,,2420,,kg,L4,L4,PRMV0084094,Test Weight,6分類GVWR,－,C7A0743743214D49AE5FFB6973444FCE,PT構想審査,
1,DB6D642A007F4BAD8986324C7E03933B,1,0,PRMV0084095 空力 Cd  －,A,45561.06021,0,0,EntryCondition,MBSE Kick Off,MBSE Kick Off,,US,4WD,,2,,2,SElist_C-SUV_US_4WD,,0.330(S3),,－,L4,L4,PRMV0084095,空力,Cd ,－,C7A0743743214D49AE5FFB6973444FCE,PT構想審査,
1,9977DFA08F234DA6972DD31D11911EC3,1,0,PRMV0084096 空力 ΔCd (AGS閉→全開) －,A,45561.06022,0,0,EntryCondition,MBSE Kick Off,MBSE Kick Off,,US,4WD,,2,,2,SElist_C-SUV_US_4WD,,－,,－,L4,L4,PRMV0084096,空力,ΔCd (AGS閉→全開),－,C7A0743743214D49AE5FFB6973444FCE,PT構想審査,
1,ACE3B466D2F2437AAE48C29C93C635AE,1,0,PRMV0084097 空力 A －,A,45561.06022,0,0,EntryCondition,MBSE Kick Off,MBSE Kick Off,,US,4WD,,2,,2,SElist_C-SUV_US_4WD,,2.61,,m#00B2,L4,L4,PRMV0084097,空力,A,－,C7A0743743214D49AE5FFB6973444FCE,PT構想審査,
1,BE63795D802F403BB7FC276E6C5165E6,1,0,PRMV0084098 空力 Grill shutter仕様 －,A,45561.06023,0,0,EntryCondition,MBSE Kick Off,MBSE Kick Off,,US,4WD,,2,,2,SElist_C-SUV_US_4WD,,有,,－,L4,L4,PRMV0084098,空力,Grill shutter仕様,－,C7A0743743214D49AE5FFB6973444FCE,PT構想審査,
1,1619F45CDD92462D93D109A6BA7B6FC8,1,0,PRMV0084099 タイヤ FRサイズ －,A,45561.06024,0,0,EntryCondition,MBSE Kick Off,MBSE Kick Off,,US,4WD,,2,,2,SElist_C-SUV_US_4WD,,235/55R19,,－,L4,L4,PRMV0084099,タイヤ,FRサイズ,－,C7A0743743214D49AE5FFB6973444FCE,PT構想審査,
1,4442A3C5551645D1A8B144DFFEC65699,1,0,PRMV0084100 タイヤ FR動半径 －,A,45561.06024,0,0,EntryCondition,MBSE Kick Off,MBSE Kick Off,,US,4WD,,2,,2,SElist_C-SUV_US_4WD,,0.355,,m,L4,L4,PRMV0084100,タイヤ,FR動半径,－,C7A0743743214D49AE5FFB6973444FCE,PT構想審査,
1,8A660B9AD45D403187DF7ADA8C8E901E,1,0,"PRMV0084101 タイヤ FR RRC (ISO 28560 80kmh,210kPa) －",A,45561.06025,0,0,EntryCondition,MBSE Kick Off,MBSE Kick Off,,US,4WD,,2,,2,SElist_C-SUV_US_4WD,,6.7/7.1,,－,L4,L4,PRMV0084101,タイヤ,"FR RRC (ISO 28560 80kmh,210kPa)",－,C7A0743743214D49AE5FFB6973444FCE,PT構想審査,
1,DAA295E3E2594E38A752D1C2C4883BC7,1,0,PRMV0084102 タイヤ FR RRC (車両状態) －,A,45561.06027,0,0,EntryCondition,MBSE Kick Off,MBSE Kick Off,,US,4WD,,2,,2,SElist_C-SUV_US_4WD,,,,－,L4,L4,PRMV0084102,タイヤ,FR RRC (車両状態),－,C7A0743743214D49AE5FFB6973444FCE,PT構想審査,
1,8242A939DDD04114B975E7D39822B82C,1,0,PRMV0084103 タイヤ FR RRC (車両状態)空気圧 －,A,45561.06027,0,0,EntryCondition,MBSE Kick Off,MBSE Kick Off,,US,4WD,,2,,2,SElist_C-SUV_US_4WD,,250,,kPa,L4,L4,PRMV0084103,タイヤ,FR RRC (車両状態)空気圧,－,C7A0743743214D49AE5FFB6973444FCE,PT構想審査,
1,62F6C7DE5CE34B5B8710FB12D94A8A95,1,0,PRMV0084104 タイヤ FR イナーシャ(1本)  －,A,45561.06028,0,0,EntryCondition,MBSE Kick Off,MBSE Kick Off,,US,4WD,,2,,2,SElist_C-SUV_US_4WD,,1.39,,kgm#00B2,L4,L4,PRMV0084104,タイヤ,FR イナーシャ(1本) ,－,C7A0743743214D49AE5FFB6973444FCE,PT構想審査,
1,9ECBE5FD40BE41A2B238456716CE2015,1,0,PRMV0084105 タイヤ RRサイズ －,A,45561.06029,0,0,EntryCondition,MBSE Kick Off,MBSE Kick Off,,US,4WD,,2,,2,SElist_C-SUV_US_4WD,,235/55R19,,－,L4,L4,PRMV0084105,タイヤ,RRサイズ,－,C7A0743743214D49AE5FFB6973444FCE,PT構想審査,
1,EEF4C741BBAE45C995655035B002C281,1,0,PRMV0084106 タイヤ RR動半径 －,A,45561.06029,0,0,EntryCondition,MBSE Kick Off,MBSE Kick Off,,US,4WD,,2,,2,SElist_C-SUV_US_4WD,,0.355,,m,L4,L4,PRMV0084106,タイヤ,RR動半径,－,C7A0743743214D49AE5FFB6973444FCE,PT構想審査,
1,78FE2C52B6D748699E0BBCAE390D2611,1,0,"PRMV0084107 タイヤ RR RRC (ISO 28560 80kmh,210kPa) －",A,45561.0603,0,0,EntryCondition,MBSE Kick Off,MBSE Kick Off,,US,4WD,,2,,2,SElist_C-SUV_US_4WD,,6.7/7.1,,－,L4,L4,PRMV0084107,タイヤ,"RR RRC (ISO 28560 80kmh,210kPa)",－,C7A0743743214D49AE5FFB6973444FCE,PT構想審査,
1,3380B73E5B4A41BB91EC7D684E9CE201,1,0,PRMV0084108 タイヤ RR RRC (車両状態) －,A,45561.06031,0,0,EntryCondition,MBSE Kick Off,MBSE Kick Off,,US,4WD,,2,,2,SElist_C-SUV_US_4WD,,,,－,L4,L4,PRMV0084108,タイヤ,RR RRC (車両状態),－,C7A0743743214D49AE5FFB6973444FCE,PT構想審査,
1,2A97BFBEA8DB47EE873305BB6A6032BD,1,0,PRMV0084109 タイヤ RR RRC (車両状態)空気圧 －,A,45561.06031,0,0,EntryCondition,MBSE Kick Off,MBSE Kick Off,,US,4WD,,2,,2,SElist_C-SUV_US_4WD,,230,,kPa,L4,L4,PRMV0084109,タイヤ,RR RRC (車両状態)空気圧,－,C7A0743743214D49AE5FFB6973444FCE,PT構想審査,
1,87F57DAE2478415594E058CE9FD4C644,1,0,PRMV0084110 タイヤ RR イナーシャ(1本)  －,A,45561.06032,0,0,EntryCondition,MBSE Kick Off,MBSE Kick Off,,US,4WD,,2,,2,SElist_C-SUV_US_4WD,,1.39,,kgm#00B2,L4,L4,PRMV0084110,タイヤ,RR イナーシャ(1本) ,－,C7A0743743214D49AE5FFB6973444FCE,PT構想審査,
1,01F4C0AF61D1410496040854D18CE4F1,1,0,PRMV0084111 ホイール イナーシャ(1本) －,A,45561.06034,0,0,EntryCondition,MBSE Kick Off,MBSE Kick Off,,US,4WD,,2,,2,SElist_C-SUV_US_4WD,,"wheel：0.484
Cover：0.0198",,kgm#00B2,L4,L4,PRMV0084111,ホイール,イナーシャ(1本),－,C7A0743743214D49AE5FFB6973444FCE,PT構想審査,
1,E391F80013CB42F99D1422CEFB85F4BD,1,0,PRMV0084112 HUB FR 引き摺りトルク (@80km/h) －,A,45561.06035,0,0,EntryCondition,MBSE Kick Off,MBSE Kick Off,,US,4WD,,2,,2,SElist_C-SUV_US_4WD,,167.4,,Nm/veh,L4,L4,PRMV0084112,HUB,FR 引き摺りトルク (@80km/h),－,C7A0743743214D49AE5FFB6973444FCE,PT構想審査,
1,10FEDB01F9354342A57E028C34A079F4,1,0,PRMV0084113 HUB RR 引き摺りトルク (@80km/h) －,A,45561.06035,0,0,EntryCondition,MBSE Kick Off,MBSE Kick Off,,US,4WD,,2,,2,SElist_C-SUV_US_4WD,,197.4,,Nm/veh,L4,L4,PRMV0084113,HUB,RR 引き摺りトルク (@80km/h),－,C7A0743743214D49AE5FFB6973444FCE,PT構想審査,
1,D6AD99C246EF48FFA208BBB4BB0D08E9,1,0,PRMV0084114 ブレーキ FR引き摺りトルク (経験圧3Mpa＠60kph) －,A,45561.06036,0,0,EntryCondition,MBSE Kick Off,MBSE Kick Off,,US,4WD,,2,,2,SElist_C-SUV_US_4WD,,240,,Nm/veh,L4,L4,PRMV0084114,ブレーキ,FR引き摺りトルク (経験圧3Mpa＠60kph),－,C7A0743743214D49AE5FFB6973444FCE,PT構想審査,
1,4010E006918247939B9ABF3918852EA2,1,0,PRMV0084115 ブレーキ RR引き摺りトルク(経験圧3Mpa＠60kph) －,A,45561.06037,0,0,EntryCondition,MBSE Kick Off,MBSE Kick Off,,US,4WD,,2,,2,SElist_C-SUV_US_4WD,,FRに含む,,Nm/veh,L4,L4,PRMV0084115,ブレーキ,RR引き摺りトルク(経験圧3Mpa＠60kph),－,C7A0743743214D49AE5FFB6973444FCE,PT構想審査,
1,3540E1F0EE40442F91721DF7F8FC7260,1,0,PRMV0084116 走行抵抗 届出(Target Lset式) A0 －,A,45561.06038,0,0,EntryCondition,MBSE Kick Off,MBSE Kick Off,,US,4WD,,2,,2,SElist_C-SUV_US_4WD,,,,N,L4,L4,PRMV0084116,走行抵抗,届出(Target Lset式) A0,－,C7A0743743214D49AE5FFB6973444FCE,PT構想審査,
1,4AC8BDF1321642BC939F8DBFE44C9D33,1,0,PRMV0084117 走行抵抗 届出(Target Lset式) A1 －,A,45561.06038,0,0,EntryCondition,MBSE Kick Off,MBSE Kick Off,,US,4WD,,2,,2,SElist_C-SUV_US_4WD,,,,N/kph,L4,L4,PRMV0084117,走行抵抗,届出(Target Lset式) A1,－,C7A0743743214D49AE5FFB6973444FCE,PT構想審査,
1,574A9DBCFCB84134A6C737C5BFDFC95D,1,0,PRMV0084118 走行抵抗 届出(Target Lset式) A2 －,A,45561.06039,0,0,EntryCondition,MBSE Kick Off,MBSE Kick Off,,US,4WD,,2,,2,SElist_C-SUV_US_4WD,,,,N/kph#00B2,L4,L4,PRMV0084118,走行抵抗,届出(Target Lset式) A2,－,C7A0743743214D49AE5FFB6973444FCE,PT構想審査,
1,519D90E8C71E496C838F0FBFCB3D5EBD,1,0,PRMV0084119 走行抵抗 届出(Target Lset式) IP －,A,45561.06041,0,0,EntryCondition,MBSE Kick Off,MBSE Kick Off,,US,4WD,,2,,2,SElist_C-SUV_US_4WD,,,,kg,L4,L4,PRMV0084119,走行抵抗,届出(Target Lset式) IP,－,C7A0743743214D49AE5FFB6973444FCE,PT構想審査,
1,664AC8158E1D43D787062374FB946A03,1,0,PRMV0084120 走行抵抗 届出(Target Lset式) 排気A0 －,A,45561.06041,0,0,EntryCondition,MBSE Kick Off,MBSE Kick Off,,US,4WD,,2,,2,SElist_C-SUV_US_4WD,,,,N,L4,L4,PRMV0084120,走行抵抗,届出(Target Lset式) 排気A0,－,C7A0743743214D49AE5FFB6973444FCE,PT構想審査,
1,C2C9099829234F2D8FC8B4B2310A20DF,1,0,PRMV0084121 走行抵抗 届出(Target Lset式) 排気A1 －,A,45561.06042,0,0,EntryCondition,MBSE Kick Off,MBSE Kick Off,,US,4WD,,2,,2,SElist_C-SUV_US_4WD,,,,N/kph,L4,L4,PRMV0084121,走行抵抗,届出(Target Lset式) 排気A1,－,C7A0743743214D49AE5FFB6973444FCE,PT構想審査,
1,E552F1579EDF4F3883A0480E265F85A4,1,0,PRMV0084122 走行抵抗 届出(Target Lset式) 排気A2 －,A,45561.06043,0,0,EntryCondition,MBSE Kick Off,MBSE Kick Off,,US,4WD,,2,,2,SElist_C-SUV_US_4WD,,,,N/kph2,L4,L4,PRMV0084122,走行抵抗,届出(Target Lset式) 排気A2,－,C7A0743743214D49AE5FFB6973444FCE,PT構想審査,
1,80AD376F661248C18960070C42ACB31E,1,0,PRMV0084123 走行抵抗 届出(Target Lset式) 排気IP －,A,45561.06044,0,0,EntryCondition,MBSE Kick Off,MBSE Kick Off,,US,4WD,,2,,2,SElist_C-SUV_US_4WD,,,,kg,L4,L4,PRMV0084123,走行抵抗,届出(Target Lset式) 排気IP,－,C7A0743743214D49AE5FFB6973444FCE,PT構想審査,
1,CEC73A2C46EA4674A255DF689741D0E2,1,0,PRMV0084124 走行抵抗 届出(Target Lset式) エバポA0 －,A,45561.06044,0,0,EntryCondition,MBSE Kick Off,MBSE Kick Off,,US,4WD,,2,,2,SElist_C-SUV_US_4WD,,,,N,L4,L4,PRMV0084124,走行抵抗,届出(Target Lset式) エバポA0,－,C7A0743743214D49AE5FFB6973444FCE,PT構想審査,
1,7DF9135AF7484E1A83C0F2F2E0B5F01E,1,0,PRMV0084125 走行抵抗 届出(Target Lset式) エバポA1 －,A,45561.06045,0,0,EntryCondition,MBSE Kick Off,MBSE Kick Off,,US,4WD,,2,,2,SElist_C-SUV_US_4WD,,,,N/kph,L4,L4,PRMV0084125,走行抵抗,届出(Target Lset式) エバポA1,－,C7A0743743214D49AE5FFB6973444FCE,PT構想審査,
1,9ECDAE3CA3E8470D8A36068723298161,1,0,PRMV0084126 走行抵抗 届出(Target Lset式) エバポA2 －,A,45561.06046,0,0,EntryCondition,MBSE Kick Off,MBSE Kick Off,,US,4WD,,2,,2,SElist_C-SUV_US_4WD,,,,N/kph2,L4,L4,PRMV0084126,走行抵抗,届出(Target Lset式) エバポA2,－,C7A0743743214D49AE5FFB6973444FCE,PT構想審査,
1,BB0F88FB0D4648BABE93F34D4DB8800B,1,0,PRMV0084127 走行抵抗 届出(Target Lset式) エバポIP －,A,45561.06047,0,0,EntryCondition,MBSE Kick Off,MBSE Kick Off,,US,4WD,,2,,2,SElist_C-SUV_US_4WD,,,,kg,L4,L4,PRMV0084127,走行抵抗,届出(Target Lset式) エバポIP,－,C7A0743743214D49AE5FFB6973444FCE,PT構想審査,
1,0698CD40C32B42C39B19988FCBC14768,1,0,PRMV0084128 性能検討用走行抵抗式(ePT連れ回り排除) 航続距離(C/D車載状態)A0 －,A,45561.06049,0,0,EntryCondition,MBSE Kick Off,MBSE Kick Off,,US,4WD,,2,,2,SElist_C-SUV_US_4WD,,143.683236010907,,N,L4,L4,PRMV0084128,性能検討用走行抵抗式(ePT連れ回り排除),航続距離(C/D車載状態)A0,－,C7A0743743214D49AE5FFB6973444FCE,PT構想審査,
1,830566F91DD04EDA97B3A740E59A2D34,1,0,PRMV0084129 性能検討用走行抵抗式(ePT連れ回り排除) 航続距離(C/D車載状態)A1 －,A,45561.06049,0,0,EntryCondition,MBSE Kick Off,MBSE Kick Off,,US,4WD,,2,,2,SElist_C-SUV_US_4WD,,0.242495291701412,,N/kph,L4,L4,PRMV0084129,性能検討用走行抵抗式(ePT連れ回り排除),航続距離(C/D車載状態)A1,－,C7A0743743214D49AE5FFB6973444FCE,PT構想審査,
1,8502C7B6C1334534BC8D8A5A9C1169F5,1,0,PRMV0084130 性能検討用走行抵抗式(ePT連れ回り排除) 航続距離(C/D車載状態)A2 －,A,45561.0605,0,0,EntryCondition,MBSE Kick Off,MBSE Kick Off,,US,4WD,,2,,2,SElist_C-SUV_US_4WD,,4.03599559827982E-02,,N/kph#00B2,L4,L4,PRMV0084130,性能検討用走行抵抗式(ePT連れ回り排除),航続距離(C/D車載状態)A2,－,C7A0743743214D49AE5FFB6973444FCE,PT構想審査,
1,FC618470FE894DDF826661C90601FB1F,1,0,PRMV0084131 性能検討用走行抵抗式(ePT連れ回り排除) 航続距離(C/D車載状態)IP －,A,45561.06051,0,0,EntryCondition,MBSE Kick Off,MBSE Kick Off,,US,4WD,,2,,2,SElist_C-SUV_US_4WD,,2041,,kg,L4,L4,PRMV0084131,性能検討用走行抵抗式(ePT連れ回り排除),航続距離(C/D車載状態)IP,－,C7A0743743214D49AE5FFB6973444FCE,PT構想審査,
1,DD47346F3AD444E8AAFB632D9DCDAF17,1,0,PRMV0084132 性能検討用走行抵抗式(ePT連れ回り排除) 動力当り前性能A0 －,A,45561.06052,0,0,EntryCondition,MBSE Kick Off,MBSE Kick Off,,US,4WD,,2,,2,SElist_C-SUV_US_4WD,,169.560691014023,,N,L4,L4,PRMV0084132,性能検討用走行抵抗式(ePT連れ回り排除),動力当り前性能A0,－,C7A0743743214D49AE5FFB6973444FCE,PT構想審査,
1,C22B8BD57B0647DA9F5E9A98279A2FEB,1,0,PRMV0084133 性能検討用走行抵抗式(ePT連れ回り排除) 動力当り前性能A1 －,A,45561.06052,0,0,EntryCondition,MBSE Kick Off,MBSE Kick Off,,US,4WD,,2,,2,SElist_C-SUV_US_4WD,,0.378971555634242,,N/kph,L4,L4,PRMV0084133,性能検討用走行抵抗式(ePT連れ回り排除),動力当り前性能A1,－,C7A0743743214D49AE5FFB6973444FCE,PT構想審査,
1,127F83C0B7974D3E92DBAC2DA2A74B57,1,0,PRMV0084134 性能検討用走行抵抗式(ePT連れ回り排除) 動力当り前性能A2 －,A,45561.06053,0,0,EntryCondition,MBSE Kick Off,MBSE Kick Off,,US,4WD,,2,,2,SElist_C-SUV_US_4WD,,4.31096454240232E-02,,N/kph#00B2,L4,L4,PRMV0084134,性能検討用走行抵抗式(ePT連れ回り排除),動力当り前性能A2,－,C7A0743743214D49AE5FFB6973444FCE,PT構想審査,
1,6FC38F2614A64CAD90DE35B8AB99094D,1,0,PRMV0084135 性能検討用走行抵抗式(ePT連れ回り排除) 動力当り前性能IP －,A,45561.06054,0,0,EntryCondition,MBSE Kick Off,MBSE Kick Off,,US,4WD,,2,,2,SElist_C-SUV_US_4WD,,2570,,kg,L4,L4,PRMV0084135,性能検討用走行抵抗式(ePT連れ回り排除),動力当り前性能IP,－,C7A0743743214D49AE5FFB6973444FCE,PT構想審査,
1,85E6EE56165241389D3CE8872028736E,1,0,PRMV0084136 性能検討用走行抵抗式(ePT連れ回り排除) 動力AccerelationA0 －,A,45561.06054,0,0,EntryCondition,MBSE Kick Off,MBSE Kick Off,,US,4WD,,2,,2,SElist_C-SUV_US_4WD,,130.640516573155,,N,L4,L4,PRMV0084136,性能検討用走行抵抗式(ePT連れ回り排除),動力AccerelationA0,－,C7A0743743214D49AE5FFB6973444FCE,PT構想審査,
1,23DC63091C914051BA19A725A18441A3,1,0,PRMV0084137 性能検討用走行抵抗式(ePT連れ回り排除) 動力AccerelationA1 －,A,45561.06056,0,0,EntryCondition,MBSE Kick Off,MBSE Kick Off,,US,4WD,,2,,2,SElist_C-SUV_US_4WD,,0.23618367864097,,N/kph,L4,L4,PRMV0084137,性能検討用走行抵抗式(ePT連れ回り排除),動力AccerelationA1,－,C7A0743743214D49AE5FFB6973444FCE,PT構想審査,
1,4E3EE9A241694DE086550E51163190A4,1,0,PRMV0084138 性能検討用走行抵抗式(ePT連れ回り排除) 動力AccerelationA2 －,A,45561.06057,0,0,EntryCondition,MBSE Kick Off,MBSE Kick Off,,US,4WD,,2,,2,SElist_C-SUV_US_4WD,,4.15389542826577E-02,,N/kph#00B2,L4,L4,PRMV0084138,性能検討用走行抵抗式(ePT連れ回り排除),動力AccerelationA2,－,C7A0743743214D49AE5FFB6973444FCE,PT構想審査,
1,F2F3C495BBD04193853D5D59F548DBEF,1,0,PRMV0084139 性能検討用走行抵抗式(ePT連れ回り排除) 動力AccerelationIP －,A,45561.06057,0,0,EntryCondition,MBSE Kick Off,MBSE Kick Off,,US,4WD,,2,,2,SElist_C-SUV_US_4WD,,2068,,kg,L4,L4,PRMV0084139,性能検討用走行抵抗式(ePT連れ回り排除),動力AccerelationIP,－,C7A0743743214D49AE5FFB6973444FCE,PT構想審査,
1,11C07247FBF849178252D3582797C5F4,1,0,PRMV0084140 性能検討用走行抵抗式(ePT連れ回り排除) 動力VmaxA0 －,A,45561.06058,0,0,EntryCondition,MBSE Kick Off,MBSE Kick Off,,US,4WD,,2,,2,SElist_C-SUV_US_4WD,,130.640516573155,,N,L4,L4,PRMV0084140,性能検討用走行抵抗式(ePT連れ回り排除),動力VmaxA0,－,C7A0743743214D49AE5FFB6973444FCE,PT構想審査,
1,3F5886FEE91D4F56ACCCC2869C68194C,1,0,PRMV0084141 性能検討用走行抵抗式(ePT連れ回り排除) 動力VmaxA1 －,A,45561.06059,0,0,EntryCondition,MBSE Kick Off,MBSE Kick Off,,US,4WD,,2,,2,SElist_C-SUV_US_4WD,,0.23618367864097,,N/kph,L4,L4,PRMV0084141,性能検討用走行抵抗式(ePT連れ回り排除),動力VmaxA1,－,C7A0743743214D49AE5FFB6973444FCE,PT構想審査,
1,6D2325CFCF1F4B9B8CC49231FD196940,1,0,PRMV0084142 性能検討用走行抵抗式(ePT連れ回り排除) 動力VmaxA2 －,A,45561.06059,0,0,EntryCondition,MBSE Kick Off,MBSE Kick Off,,US,4WD,,2,,2,SElist_C-SUV_US_4WD,,4.15389542826577E-02,,N/kph#00B2,L4,L4,PRMV0084142,性能検討用走行抵抗式(ePT連れ回り排除),動力VmaxA2,－,C7A0743743214D49AE5FFB6973444FCE,PT構想審査,
1,3E9F21333ADC4DADBCF903C71EEF9A7E,1,0,PRMV0084143 性能検討用走行抵抗式(ePT連れ回り排除) 動力VmaxIP －,A,45561.0606,0,0,EntryCondition,MBSE Kick Off,MBSE Kick Off,,US,4WD,,2,,2,SElist_C-SUV_US_4WD,,2068,,kg,L4,L4,PRMV0084143,性能検討用走行抵抗式(ePT連れ回り排除),動力VmaxIP,－,C7A0743743214D49AE5FFB6973444FCE,PT構想審査,
1,EF9B84851D5F45E7A3AD87587FBA3B39,1,0,PRMV0084144 性能検討用走行抵抗式(ePT連れ回り排除) 動力シビアA0 －,A,45561.06061,0,0,EntryCondition,MBSE Kick Off,MBSE Kick Off,,US,4WD,,2,,2,SElist_C-SUV_US_4WD,,181.639072767057,,N,L4,L4,PRMV0084144,性能検討用走行抵抗式(ePT連れ回り排除),動力シビアA0,－,C7A0743743214D49AE5FFB6973444FCE,PT構想審査,
1,37D1DB1682B34C1E8AA452ECC175860D,1,0,PRMV0084145 性能検討用走行抵抗式(ePT連れ回り排除) 動力シビアA1 －,A,45561.06061,0,0,EntryCondition,MBSE Kick Off,MBSE Kick Off,,US,4WD,,2,,2,SElist_C-SUV_US_4WD,,0.415562267528335,,N/kph,L4,L4,PRMV0084145,性能検討用走行抵抗式(ePT連れ回り排除),動力シビアA1,－,C7A0743743214D49AE5FFB6973444FCE,PT構想審査,
1,0D508C53C589464B9B932F640455E548,1,0,PRMV0084146 性能検討用走行抵抗式(ePT連れ回り排除) 動力シビアA2 －,A,45561.06063,0,0,EntryCondition,MBSE Kick Off,MBSE Kick Off,,US,4WD,,2,,2,SElist_C-SUV_US_4WD,,4.23558057716669E-02,,N/kph2,L4,L4,PRMV0084146,性能検討用走行抵抗式(ePT連れ回り排除),動力シビアA2,－,C7A0743743214D49AE5FFB6973444FCE,PT構想審査,
1,0AF43A71305E422BA0B70AFDB9EC0AE1,1,0,PRMV0084147 性能検討用走行抵抗式(ePT連れ回り排除) 動力シビアIP －,A,45561.06063,0,0,EntryCondition,MBSE Kick Off,MBSE Kick Off,,US,4WD,,2,,2,SElist_C-SUV_US_4WD,,2395,,kg,L4,L4,PRMV0084147,性能検討用走行抵抗式(ePT連れ回り排除),動力シビアIP,－,C7A0743743214D49AE5FFB6973444FCE,PT構想審査,
1,09A1C5A65F5F41EC99B81220D0C62A7F,1,0,PRMV0084148 性能検討用走行抵抗式(ePT連れ回り排除) 排気A0 －,A,45561.06064,0,0,EntryCondition,MBSE Kick Off,MBSE Kick Off,,US,4WD,,2,,2,SElist_C-SUV_US_4WD,,,,N,L4,L4,PRMV0084148,性能検討用走行抵抗式(ePT連れ回り排除),排気A0,－,C7A0743743214D49AE5FFB6973444FCE,PT構想審査,
1,AB827D0F4A3A445C826CA0D53FAFCC42,1,0,PRMV0084149 性能検討用走行抵抗式(ePT連れ回り排除) 排気A1 －,A,45561.06065,0,0,EntryCondition,MBSE Kick Off,MBSE Kick Off,,US,4WD,,2,,2,SElist_C-SUV_US_4WD,,,,N/kph,L4,L4,PRMV0084149,性能検討用走行抵抗式(ePT連れ回り排除),排気A1,－,C7A0743743214D49AE5FFB6973444FCE,PT構想審査,
1,CB6DB991124241AF8C43C95F0971259A,1,0,PRMV0084150 性能検討用走行抵抗式(ePT連れ回り排除) 排気A2 －,A,45561.06065,0,0,EntryCondition,MBSE Kick Off,MBSE Kick Off,,US,4WD,,2,,2,SElist_C-SUV_US_4WD,,,,N/kph2,L4,L4,PRMV0084150,性能検討用走行抵抗式(ePT連れ回り排除),排気A2,－,C7A0743743214D49AE5FFB6973444FCE,PT構想審査,
1,9E71CAE675F34D68B9883E3F83451BA9,1,0,PRMV0084151 性能検討用走行抵抗式(ePT連れ回り排除) 排気IP －,A,45561.06066,0,0,EntryCondition,MBSE Kick Off,MBSE Kick Off,,US,4WD,,2,,2,SElist_C-SUV_US_4WD,,2041,,kg,L4,L4,PRMV0084151,性能検討用走行抵抗式(ePT連れ回り排除),排気IP,－,C7A0743743214D49AE5FFB6973444FCE,PT構想審査,
1,5D2EC6D1353549DA825286D6ADB74F8F,1,0,PRMV0084152 性能検討用走行抵抗式(ePT連れ回り排除) エバポA0 －,A,45561.06067,0,0,EntryCondition,MBSE Kick Off,MBSE Kick Off,,US,4WD,,2,,2,SElist_C-SUV_US_4WD,,,,N,L4,L4,PRMV0084152,性能検討用走行抵抗式(ePT連れ回り排除),エバポA0,－,C7A0743743214D49AE5FFB6973444FCE,PT構想審査,
1,DDE73FEB539442BA951BBDBC78C7F787,1,0,PRMV0084153 性能検討用走行抵抗式(ePT連れ回り排除) エバポA1 －,A,45561.06067,0,0,EntryCondition,MBSE Kick Off,MBSE Kick Off,,US,4WD,,2,,2,SElist_C-SUV_US_4WD,,,,N/kph,L4,L4,PRMV0084153,性能検討用走行抵抗式(ePT連れ回り排除),エバポA1,－,C7A0743743214D49AE5FFB6973444FCE,PT構想審査,
1,0B41EBC895C54536AD13D987DADD5493,1,0,PRMV0084154 性能検討用走行抵抗式(ePT連れ回り排除) エバポA2 －,A,45561.06068,0,0,EntryCondition,MBSE Kick Off,MBSE Kick Off,,US,4WD,,2,,2,SElist_C-SUV_US_4WD,,,,N/kph2,L4,L4,PRMV0084154,性能検討用走行抵抗式(ePT連れ回り排除),エバポA2,－,C7A0743743214D49AE5FFB6973444FCE,PT構想審査,
1,D08F9B8FF53F4D4899B904CB939219B9,1,0,PRMV0084155 性能検討用走行抵抗式(ePT連れ回り排除) エバポIP －,A,45561.06068,0,0,EntryCondition,MBSE Kick Off,MBSE Kick Off,,US,4WD,,2,,2,SElist_C-SUV_US_4WD,,,,kg,L4,L4,PRMV0084155,性能検討用走行抵抗式(ePT連れ回り排除),エバポIP,－,C7A0743743214D49AE5FFB6973444FCE,PT構想審査,
1,3951BB638C2243F6909896900296F411,1,0,PRMV0084156 性能検討用走行抵抗式(ePT連れ回り排除) 熱NEMシビアシーンA0 －,A,45561.06069,0,0,EntryCondition,MBSE Kick Off,MBSE Kick Off,,US,4WD,,2,,2,SElist_C-SUV_US_4WD,,,,別紙,L4,L4,PRMV0084156,性能検討用走行抵抗式(ePT連れ回り排除),熱NEMシビアシーンA0,－,C7A0743743214D49AE5FFB6973444FCE,PT構想審査,
1,3D657CDF7BA04188A7589035E4C28122,1,0,PRMV0084157 性能検討用走行抵抗式(ePT連れ回り排除) 熱NEMシビアシーンA1 －,A,45561.06071,0,0,EntryCondition,MBSE Kick Off,MBSE Kick Off,,US,4WD,,2,,2,SElist_C-SUV_US_4WD,,,,N/kph,L4,L4,PRMV0084157,性能検討用走行抵抗式(ePT連れ回り排除),熱NEMシビアシーンA1,－,C7A0743743214D49AE5FFB6973444FCE,PT構想審査,
1,7FDD267AEBA14F84A51F7D8A7AB9E6E2,1,0,PRMV0084158 性能検討用走行抵抗式(ePT連れ回り排除) 熱NEMシビアシーンA2 －,A,45561.06071,0,0,EntryCondition,MBSE Kick Off,MBSE Kick Off,,US,4WD,,2,,2,SElist_C-SUV_US_4WD,,,,N/kph2,L4,L4,PRMV0084158,性能検討用走行抵抗式(ePT連れ回り排除),熱NEMシビアシーンA2,－,C7A0743743214D49AE5FFB6973444FCE,PT構想審査,
1,3957D72DA64141CC92AA3E7D14936C20,1,0,PRMV0084159 性能検討用走行抵抗式(ePT連れ回り排除) 熱NEMシビアシーンIP －,A,45561.06072,0,0,EntryCondition,MBSE Kick Off,MBSE Kick Off,,US,4WD,,2,,2,SElist_C-SUV_US_4WD,,,,kg,L4,L4,PRMV0084159,性能検討用走行抵抗式(ePT連れ回り排除),熱NEMシビアシーンIP,－,C7A0743743214D49AE5FFB6973444FCE,PT構想審査,
1,F849B5CAB46E4D04BAC1A39ECFCEEA11,1,0,"PRMV0084160 性能検討用走行抵抗式(ePT連れ回り排除) 熱140km/h,R/LA0 －",A,45561.06073,0,0,EntryCondition,MBSE Kick Off,MBSE Kick Off,,US,4WD,,2,,2,SElist_C-SUV_US_4WD,,,,N,L4,L4,PRMV0084160,性能検討用走行抵抗式(ePT連れ回り排除),"熱140km/h,R/LA0",－,C7A0743743214D49AE5FFB6973444FCE,PT構想審査,
1,169B4C88F6CD47D79C60B72BEAE21C71,1,0,"PRMV0084161 性能検討用走行抵抗式(ePT連れ回り排除) 熱140km/h,R/LA1 －",A,45561.06073,0,0,EntryCondition,MBSE Kick Off,MBSE Kick Off,,US,4WD,,2,,2,SElist_C-SUV_US_4WD,,,,N/kph,L4,L4,PRMV0084161,性能検討用走行抵抗式(ePT連れ回り排除),"熱140km/h,R/LA1",－,C7A0743743214D49AE5FFB6973444FCE,PT構想審査,
1,6055BC82B2914CB4AD95F8A8A319A87F,1,0,"PRMV0084162 性能検討用走行抵抗式(ePT連れ回り排除) 熱140km/h,R/LA2 －",A,45561.06074,0,0,EntryCondition,MBSE Kick Off,MBSE Kick Off,,US,4WD,,2,,2,SElist_C-SUV_US_4WD,,,,N/kph2,L4,L4,PRMV0084162,性能検討用走行抵抗式(ePT連れ回り排除),"熱140km/h,R/LA2",－,C7A0743743214D49AE5FFB6973444FCE,PT構想審査,
1,1F970AFDE8694735961776203FDA2EA9,1,0,"PRMV0084163 性能検討用走行抵抗式(ePT連れ回り排除) 熱140km/h,R/LIP －",A,45561.06074,0,0,EntryCondition,MBSE Kick Off,MBSE Kick Off,,US,4WD,,2,,2,SElist_C-SUV_US_4WD,,,,kg,L4,L4,PRMV0084163,性能検討用走行抵抗式(ePT連れ回り排除),"熱140km/h,R/LIP",－,C7A0743743214D49AE5FFB6973444FCE,PT構想審査,
1,0B2848BE5F89423FAD49F706F5060DC0,1,0,PRMV0084164 性能検討用走行抵抗式(ePT連れ回り排除) 6分類A0 －,A,45561.06075,0,0,EntryCondition,MBSE Kick Off,MBSE Kick Off,,US,4WD,,2,,2,SElist_C-SUV_US_4WD,,,,N,L4,L4,PRMV0084164,性能検討用走行抵抗式(ePT連れ回り排除),6分類A0,－,C7A0743743214D49AE5FFB6973444FCE,PT構想審査,
1,E42747CB8536413AA0269B9962DE56DC,1,0,PRMV0084165 性能検討用走行抵抗式(ePT連れ回り排除) 6分類A1 －,A,45561.06076,0,0,EntryCondition,MBSE Kick Off,MBSE Kick Off,,US,4WD,,2,,2,SElist_C-SUV_US_4WD,,,,N/kph,L4,L4,PRMV0084165,性能検討用走行抵抗式(ePT連れ回り排除),6分類A1,－,C7A0743743214D49AE5FFB6973444FCE,PT構想審査,
1,F3DBA3EE2DE845BD849F1777A305451E,1,0,PRMV0084166 性能検討用走行抵抗式(ePT連れ回り排除) 6分類A2 －,A,45561.06076,0,0,EntryCondition,MBSE Kick Off,MBSE Kick Off,,US,4WD,,2,,2,SElist_C-SUV_US_4WD,,,,N/kph2,L4,L4,PRMV0084166,性能検討用走行抵抗式(ePT連れ回り排除),6分類A2,－,C7A0743743214D49AE5FFB6973444FCE,PT構想審査,
1,9725A2EF34EF4A9CAD7278177B2CC869,1,0,PRMV0084167 性能検討用走行抵抗式(ePT連れ回り排除) 6分類IP －,A,45561.06078,0,0,EntryCondition,MBSE Kick Off,MBSE Kick Off,,US,4WD,,2,,2,SElist_C-SUV_US_4WD,,,,kg,L4,L4,PRMV0084167,性能検討用走行抵抗式(ePT連れ回り排除),6分類IP,－,C7A0743743214D49AE5FFB6973444FCE,PT構想審査,
1,E39574ED248A402EB13E9AEE49A4EA5E,1,0,PRMV0084168 ePT システム呼称 －,A,45561.06078,0,0,EntryCondition,MBSE Kick Off,MBSE Kick Off,,US,4WD,,2,,2,SElist_C-SUV_US_4WD,,QH-L,,－,L4,L4,PRMV0084168,ePT,システム呼称,－,C7A0743743214D49AE5FFB6973444FCE,PT構想審査,
1,229340D583D24C56AC5B253BC7952E0C,1,0,PRMV0084169 ePT 最高システム総合出力(公称） －,A,45561.06079,0,0,EntryCondition,MBSE Kick Off,MBSE Kick Off,,US,4WD,,2,,2,SElist_C-SUV_US_4WD,,TBD,,kW,L4,L4,PRMV0084169,ePT,最高システム総合出力(公称）,－,C7A0743743214D49AE5FFB6973444FCE,PT構想審査,
1,90A38250114A49F2957E55761F0E39A5,1,0,PRMV0084170 ePT 最高システム総合出力(ポテンシャル） －,A,45561.0608,0,0,EntryCondition,MBSE Kick Off,MBSE Kick Off,,US,4WD,,2,,2,SElist_C-SUV_US_4WD,,TBD,,kW,L4,L4,PRMV0084170,ePT,最高システム総合出力(ポテンシャル）,－,C7A0743743214D49AE5FFB6973444FCE,PT構想審査,
1,34BCD836632D4DB19F479191C0BEDC79,1,0,PRMV0084171 ePT 最大システム総合トルク －,A,45561.06081,0,0,EntryCondition,MBSE Kick Off,MBSE Kick Off,,US,4WD,,2,,2,SElist_C-SUV_US_4WD,,550,,Nm,L4,L4,PRMV0084171,ePT,最大システム総合トルク,－,C7A0743743214D49AE5FFB6973444FCE,PT構想審査,
1,26CA4B96A44B458987249B05C89DCA45,1,0,PRMV0084172 ePT 保証電圧範囲機能保証電圧範囲 －,A,45561.06081,0,0,EntryCondition,MBSE Kick Off,MBSE Kick Off,,US,4WD,,2,,2,SElist_C-SUV_US_4WD,,200.0-417.6,,V,L4,L4,PRMV0084172,ePT,保証電圧範囲機能保証電圧範囲,－,C7A0743743214D49AE5FFB6973444FCE,PT構想審査,
1,960C80985AD547B98F5ED2A886398146,1,0,PRMV0084173 ePT 保証電圧範囲性能保証電圧範囲 －,A,45561.06082,0,0,EntryCondition,MBSE Kick Off,MBSE Kick Off,,US,4WD,,2,,2,SElist_C-SUV_US_4WD,,240.0-412.8,,V,L4,L4,PRMV0084173,ePT,保証電圧範囲性能保証電圧範囲,－,C7A0743743214D49AE5FFB6973444FCE,PT構想審査,
1,DB498AA6CB7545AF99D1EDF4DEA6188E,1,0,PRMV0084174 ePT ENG仕様（名称） －,A,45561.06082,0,0,EntryCondition,MBSE Kick Off,MBSE Kick Off,,US,4WD,,2,,2,SElist_C-SUV_US_4WD,,,,－,L4,L4,PRMV0084174,ePT,ENG仕様（名称）,－,C7A0743743214D49AE5FFB6973444FCE,PT構想審査,
1,F1D3D0F7F4FA496FA207F0931512E4C9,1,0,PRMV0084175 ePT ENG排気量 －,A,45561.06083,0,0,EntryCondition,MBSE Kick Off,MBSE Kick Off,,US,4WD,,2,,2,SElist_C-SUV_US_4WD,,1498,,L,L4,L4,PRMV0084175,ePT,ENG排気量,－,C7A0743743214D49AE5FFB6973444FCE,PT構想審査,
1,F5BDE4EACAC5481AB3DEEF3C11CED04C,1,0,PRMV0084176 ePT ENG排圧係数 －,A,45561.06084,0,0,EntryCondition,MBSE Kick Off,MBSE Kick Off,,US,4WD,,2,,2,SElist_C-SUV_US_4WD,,0.9,,－,L4,L4,PRMV0084176,ePT,ENG排圧係数,－,C7A0743743214D49AE5FFB6973444FCE,PT構想審査,
1,492E966270244664A818B7D7936DE345,1,0,PRMV0084177 ePT ENGトルク全性能(WOT)WOT トルクカーブ －,A,45561.06084,0,0,EntryCondition,MBSE Kick Off,MBSE Kick Off,,US,4WD,,2,,2,SElist_C-SUV_US_4WD,,,,Map,L4,L4,PRMV0084177,ePT,ENGトルク全性能(WOT)WOT トルクカーブ,－,C7A0743743214D49AE5FFB6973444FCE,PT構想審査,
1,3DAE372703C14720B288B257BC4DA3B8,1,0,PRMV0084178 ePT ENGトルク全性能(WOT)台上最大出力 －,A,45561.06086,0,0,EntryCondition,MBSE Kick Off,MBSE Kick Off,,US,4WD,,2,,2,SElist_C-SUV_US_4WD,,111,,kW,L4,L4,PRMV0084178,ePT,ENGトルク全性能(WOT)台上最大出力,－,C7A0743743214D49AE5FFB6973444FCE,PT構想審査,
1,27963B27A7944FBEB6DE1DEE2F23CBD5,1,0,PRMV0084179 ePT ENGトルク全性能(WOT)台上最大トルク －,A,45561.06086,0,0,EntryCondition,MBSE Kick Off,MBSE Kick Off,,US,4WD,,2,,2,SElist_C-SUV_US_4WD,,232,,Nm,L4,L4,PRMV0084179,ePT,ENGトルク全性能(WOT)台上最大トルク,－,C7A0743743214D49AE5FFB6973444FCE,PT構想審査,
1,36B9D711B8B44E599F17F7DE2BA685BE,1,0,PRMV0084180 ePT ENGトルク全性能(WOT)台上最大出力回転数 －,A,45561.06087,0,0,EntryCondition,MBSE Kick Off,MBSE Kick Off,,US,4WD,,2,,2,SElist_C-SUV_US_4WD,,5000,,rpm,L4,L4,PRMV0084180,ePT,ENGトルク全性能(WOT)台上最大出力回転数,－,C7A0743743214D49AE5FFB6973444FCE,PT構想審査,
1,B15A5C773699471FA1D602BF1DB786C6,1,0,PRMV0084181 ePT ENGトルク全性能(WOT)アイゼン最大出力 －,A,45561.06088,0,0,EntryCondition,MBSE Kick Off,MBSE Kick Off,,US,4WD,,2,,2,SElist_C-SUV_US_4WD,,95,,kW,L4,L4,PRMV0084181,ePT,ENGトルク全性能(WOT)アイゼン最大出力,－,C7A0743743214D49AE5FFB6973444FCE,PT構想審査,
1,75298E4495354BEAADED23DFA2C596B7,1,0,PRMV0084182 ePT ENGトルク全性能(WOT)アイゼン最大トルク －,A,45561.06088,0,0,EntryCondition,MBSE Kick Off,MBSE Kick Off,,US,4WD,,2,,2,SElist_C-SUV_US_4WD,,－,,Nm,L4,L4,PRMV0084182,ePT,ENGトルク全性能(WOT)アイゼン最大トルク,－,C7A0743743214D49AE5FFB6973444FCE,PT構想審査,
1,669E01DF6EE2454B87F219D8B0F13EA9,1,0,PRMV0084183 ePT ENGトルク全性能(WOT)アイゼン最大出力回転数 －,A,45561.06089,0,0,EntryCondition,MBSE Kick Off,MBSE Kick Off,,US,4WD,,2,,2,SElist_C-SUV_US_4WD,,5000,,rpm,L4,L4,PRMV0084183,ePT,ENGトルク全性能(WOT)アイゼン最大出力回転数,－,C7A0743743214D49AE5FFB6973444FCE,PT構想審査,
1,7FF99712F90C4C1A8ED877B9A0BD95A8,1,0,PRMV0084184 ePT ENGBSFC中水温 －,A,45561.0609,0,0,EntryCondition,MBSE Kick Off,MBSE Kick Off,,US,4WD,,2,,2,SElist_C-SUV_US_4WD,,,,Map,L4,L4,PRMV0084184,ePT,ENGBSFC中水温,－,C7A0743743214D49AE5FFB6973444FCE,PT構想審査,
1,275C651D31334B43A9EAE3838CCC51EB,1,0,PRMV0084185 ePT ENGBSFC暖機後 －,A,45561.0609,0,0,EntryCondition,MBSE Kick Off,MBSE Kick Off,,US,4WD,,2,,2,SElist_C-SUV_US_4WD,,,,Map,L4,L4,PRMV0084185,ePT,ENGBSFC暖機後,－,C7A0743743214D49AE5FFB6973444FCE,PT構想審査,
1,597F07BEE11849CEA1A2BB587C6A820E,1,0,PRMV0084186 ePT ENG台上適合条件燃料仕様オクタン価 －,A,45561.06091,0,0,EntryCondition,MBSE Kick Off,MBSE Kick Off,,US,4WD,,2,,2,SElist_C-SUV_US_4WD,,92,,oct,L4,L4,PRMV0084186,ePT,ENG台上適合条件燃料仕様オクタン価,－,C7A0743743214D49AE5FFB6973444FCE,PT構想審査,
1,6D835E4D3B624F80B96CBBF48EFC40BA,1,0,PRMV0084187 ePT ENG台上適合条件燃料仕様アルコール含有率 －,A,45561.06091,0,0,EntryCondition,MBSE Kick Off,MBSE Kick Off,,US,4WD,,2,,2,SElist_C-SUV_US_4WD,,E10,,－,L4,L4,PRMV0084187,ePT,ENG台上適合条件燃料仕様アルコール含有率,－,C7A0743743214D49AE5FFB6973444FCE,PT構想審査,
1,A5F4314891784753B7EB64A513CD5AE2,1,0,PRMV0084188 ePT ENG台上適合条件燃料仕様燃料比重 －,A,45561.06093,0,0,EntryCondition,MBSE Kick Off,MBSE Kick Off,,US,4WD,,2,,2,SElist_C-SUV_US_4WD,,0.735,,g/cm3,L4,L4,PRMV0084188,ePT,ENG台上適合条件燃料仕様燃料比重,－,C7A0743743214D49AE5FFB6973444FCE,PT構想審査,
1,15D7AC706A68400C8D3987C2311C967D,1,0,PRMV0084189 ePT ENG台上適合条件燃料仕様低位発熱量 －,A,45561.06094,0,0,EntryCondition,MBSE Kick Off,MBSE Kick Off,,US,4WD,,2,,2,SElist_C-SUV_US_4WD,,42.75,,MJ/kg,L4,L4,PRMV0084189,ePT,ENG台上適合条件燃料仕様低位発熱量,－,C7A0743743214D49AE5FFB6973444FCE,PT構想審査,
1,9ED805E5A77F481F9A3B4AA3B41D43F3,1,0,PRMV0084190 ePT ENG台上適合条件オイル名称 －,A,45561.06094,0,0,EntryCondition,MBSE Kick Off,MBSE Kick Off,,US,4WD,,2,,2,SElist_C-SUV_US_4WD,,0W-16,,－,L4,L4,PRMV0084190,ePT,ENG台上適合条件オイル名称,－,C7A0743743214D49AE5FFB6973444FCE,PT構想審査,
1,1518A051BEFE4A88B7CBAE887336CDF8,1,0,PRMV0084191 ePT ENGイナーシャENG本体 －,A,45561.06095,0,0,EntryCondition,MBSE Kick Off,MBSE Kick Off,,US,4WD,,2,,2,SElist_C-SUV_US_4WD,,0.03517,,kgm^2,L4,L4,PRMV0084191,ePT,ENGイナーシャENG本体,－,C7A0743743214D49AE5FFB6973444FCE,PT構想審査,
1,0A6470B77D26488FBD19AFDDB9CD86D6,1,0,PRMV0084192 ePT ENGイナーシャFlywheel －,A,45561.06095,0,0,EntryCondition,MBSE Kick Off,MBSE Kick Off,,US,4WD,,2,,2,SElist_C-SUV_US_4WD,,0.1382,,kgm^2,L4,L4,PRMV0084192,ePT,ENGイナーシャFlywheel,－,C7A0743743214D49AE5FFB6973444FCE,PT構想審査,
1,137194753F06434EA187F542FA5B70E9,1,0,PRMV0084193 ePT ENGエネマネモード平均ENG効率 －,A,45561.06096,0,0,EntryCondition,MBSE Kick Off,MBSE Kick Off,,US,4WD,,2,,2,SElist_C-SUV_US_4WD,,－,,%,L4,L4,PRMV0084193,ePT,ENGエネマネモード平均ENG効率,－,C7A0743743214D49AE5FFB6973444FCE,PT構想審査,
1,0E074DAC5CAB4B279AEC2CC411D80DF9,1,0,PRMV0084194 ePT ENGエネマネMode走行時動作点最良燃費点BSFC －,A,45561.06097,0,0,EntryCondition,MBSE Kick Off,MBSE Kick Off,,US,4WD,,2,,2,SElist_C-SUV_US_4WD,,203,,g/kWh,L4,L4,PRMV0084194,ePT,ENGエネマネMode走行時動作点最良燃費点BSFC,－,C7A0743743214D49AE5FFB6973444FCE,PT構想審査,
1,7F0CC8B6246C41D5AE9EA81868DE4FCF,1,0,PRMV0084195 ePT ENGエネマネMode走行時動作点最良燃費点ENG Power －,A,45561.06097,0,0,EntryCondition,MBSE Kick Off,MBSE Kick Off,,US,4WD,,2,,2,SElist_C-SUV_US_4WD,,24.923301718479,,kW,L4,L4,PRMV0084195,ePT,ENGエネマネMode走行時動作点最良燃費点ENG Power,－,C7A0743743214D49AE5FFB6973444FCE,PT構想審査,
1,246F41F37A204F258355FD689EA3985B,1,0,PRMV0084196 ePT ENGエネマネMode走行時動作点最良燃費点ENG REV －,A,45561.06098,0,0,EntryCondition,MBSE Kick Off,MBSE Kick Off,,US,4WD,,2,,2,SElist_C-SUV_US_4WD,,2000,,rpm,L4,L4,PRMV0084196,ePT,ENGエネマネMode走行時動作点最良燃費点ENG REV,－,C7A0743743214D49AE5FFB6973444FCE,PT構想審査,
1,6ADD223EA2934B0890E300D374ADBF9A,1,0,PRMV0084197 ePT ENGエネマネMode走行時動作点最良燃費点ENG TRQ －,A,45561.06098,0,0,EntryCondition,MBSE Kick Off,MBSE Kick Off,,US,4WD,,2,,2,SElist_C-SUV_US_4WD,,119,,Nm,L4,L4,PRMV0084197,ePT,ENGエネマネMode走行時動作点最良燃費点ENG TRQ,－,C7A0743743214D49AE5FFB6973444FCE,PT構想審査,
1,347957CC5E014047B56C4F88DEE8A270,1,0,PRMV0084198 ePT ENGエネマネMode走行時動作点最良燃費点α線 －,A,45561.061,0,0,EntryCondition,MBSE Kick Off,MBSE Kick Off,,US,4WD,,2,,2,SElist_C-SUV_US_4WD,,,,Map,L4,L4,PRMV0084198,ePT,ENGエネマネMode走行時動作点最良燃費点α線,－,C7A0743743214D49AE5FFB6973444FCE,PT構想審査,
1,86A552FBEDB64C47986C9E8C657069EA,1,0,PRMV0084199 ePT ENGエネマネMode走行時動作点定点(EGVR)FC －,A,45561.061,0,0,EntryCondition,MBSE Kick Off,MBSE Kick Off,,US,4WD,,2,,2,SElist_C-SUV_US_4WD,,1029.20196532759,,g/kWh,L4,L4,PRMV0084199,ePT,ENGエネマネMode走行時動作点定点(EGVR)FC,－,C7A0743743214D49AE5FFB6973444FCE,PT構想審査,
1,6CE3A7A4F6484CCFACAF709E23D8F918,1,0,PRMV0084200 ePT ENGエネマネMode走行時動作点定点(EGVR)ENG Power －,A,45561.06101,0,0,EntryCondition,MBSE Kick Off,MBSE Kick Off,,US,4WD,,2,,2,SElist_C-SUV_US_4WD,,2.82743338823081,,kW,L4,L4,PRMV0084200,ePT,ENGエネマネMode走行時動作点定点(EGVR)ENG Power,－,C7A0743743214D49AE5FFB6973444FCE,PT構想審査,
1,4D2CCE8F8FE048508BB05024751A9F16,1,0,PRMV0084201 ePT ENGエネマネMode走行時動作点定点(EGVR)ENG REV －,A,45561.06102,0,0,EntryCondition,MBSE Kick Off,MBSE Kick Off,,US,4WD,,2,,2,SElist_C-SUV_US_4WD,,1600,,rpm,L4,L4,PRMV0084201,ePT,ENGエネマネMode走行時動作点定点(EGVR)ENG REV,－,C7A0743743214D49AE5FFB6973444FCE,PT構想審査,
1,27746ADDACC047CB8F5932975A5F2F78,1,0,PRMV0084202 ePT ENGエネマネMode走行時動作点定点(EGVR)ENG TRQ －,A,45561.06102,0,0,EntryCondition,MBSE Kick Off,MBSE Kick Off,,US,4WD,,2,,2,SElist_C-SUV_US_4WD,,16.875,,Nm,L4,L4,PRMV0084202,ePT,ENGエネマネMode走行時動作点定点(EGVR)ENG TRQ,－,C7A0743743214D49AE5FFB6973444FCE,PT構想審査,
1,064537E96E3C4FDC99A1A6D09F928334,1,0,PRMV0084203 ePT ENGエネマネMode走行時動作点定点(EGVR)継続時間 －,A,45561.06103,0,0,EntryCondition,MBSE Kick Off,MBSE Kick Off,,US,4WD,,2,,2,SElist_C-SUV_US_4WD,,50(A-bag)+37(C-bag),,sec,L4,L4,PRMV0084203,ePT,ENGエネマネMode走行時動作点定点(EGVR)継続時間,－,C7A0743743214D49AE5FFB6973444FCE,PT構想審査,
1,64010E85F94544C0AA0131A4AD274A30,1,0,PRMV0084204 ePT ENGエネマネMode走行時動作点定点(EGVR)終了時ENG水温 －,A,45561.06103,0,0,EntryCondition,MBSE Kick Off,MBSE Kick Off,,US,4WD,,2,,2,SElist_C-SUV_US_4WD,,,,℃,L4,L4,PRMV0084204,ePT,ENGエネマネMode走行時動作点定点(EGVR)終了時ENG水温,－,C7A0743743214D49AE5FFB6973444FCE,PT構想審査,
1,BA59549041114C2FA1B464A1A1ACD183,1,0,PRMV0084205 ePT ENGエネマネMode走行時動作点定点(After EGVR)BFSC －,A,45561.06104,0,0,EntryCondition,MBSE Kick Off,MBSE Kick Off,,US,4WD,,2,,2,SElist_C-SUV_US_4WD,,228.07757868253,,g/kWh,L4,L4,PRMV0084205,ePT,ENGエネマネMode走行時動作点定点(After EGVR)BFSC,－,C7A0743743214D49AE5FFB6973444FCE,PT構想審査,
1,89614DF774554292A2BF1BB37047B400,1,0,PRMV0084206 ePT ENGエネマネMode走行時動作点定点(After EGVR)ENG Power －,A,45561.06104,0,0,EntryCondition,MBSE Kick Off,MBSE Kick Off,,US,4WD,,2,,2,SElist_C-SUV_US_4WD,,24.9651896205269,,kW,L4,L4,PRMV0084206,ePT,ENGエネマネMode走行時動作点定点(After EGVR)ENG Power,－,C7A0743743214D49AE5FFB6973444FCE,PT構想審査,
1,B18F31FE645F4E639EE64889157F4FCA,1,0,PRMV0084207 ePT ENGエネマネMode走行時動作点定点(After EGVR)ENG REV －,A,45561.06105,0,0,EntryCondition,MBSE Kick Off,MBSE Kick Off,,US,4WD,,2,,2,SElist_C-SUV_US_4WD,,2000(LA4),,rpm,L4,L4,PRMV0084207,ePT,ENGエネマネMode走行時動作点定点(After EGVR)ENG REV,－,C7A0743743214D49AE5FFB6973444FCE,PT構想審査,
1,FBFF393A0D3F4C78A5715EDF1D01FE3B,1,0,PRMV0084208 ePT ENGエネマネMode走行時動作点定点(After EGVR)ENG TRQ －,A,45561.06106,0,0,EntryCondition,MBSE Kick Off,MBSE Kick Off,,US,4WD,,2,,2,SElist_C-SUV_US_4WD,,119(LA4),,Nm,L4,L4,PRMV0084208,ePT,ENGエネマネMode走行時動作点定点(After EGVR)ENG TRQ,－,C7A0743743214D49AE5FFB6973444FCE,PT構想審査,
1,00B32E4A7FDE4CA988A877AB7E77662C,1,0,PRMV0084209 ePT ENGエネマネMode走行時動作点定点(After EGVR)継続時間 －,A,45561.06106,0,0,EntryCondition,MBSE Kick Off,MBSE Kick Off,,US,4WD,,2,,2,SElist_C-SUV_US_4WD,,42,,sec,L4,L4,PRMV0084209,ePT,ENGエネマネMode走行時動作点定点(After EGVR)継続時間,－,C7A0743743214D49AE5FFB6973444FCE,PT構想審査,
1,876051D559184F22BFEEC57164BF5177,1,0,PRMV0084210 ePT ENGエネマネMode走行時動作点定点(After EGVR)終了時ENG水温 －,A,45561.06108,0,0,EntryCondition,MBSE Kick Off,MBSE Kick Off,,US,4WD,,2,,2,SElist_C-SUV_US_4WD,,55,,℃,L4,L4,PRMV0084210,ePT,ENGエネマネMode走行時動作点定点(After EGVR)終了時ENG水温,－,C7A0743743214D49AE5FFB6973444FCE,PT構想審査,
1,31DA972B81814620891E28111AC7D796,1,0,PRMV0084211 ePT ENGエネマネMode走行時動作点定点(暖気中)BFSC －,A,45561.06108,0,0,EntryCondition,MBSE Kick Off,MBSE Kick Off,,US,4WD,,2,,2,SElist_C-SUV_US_4WD,,－,,g/kWh,L4,L4,PRMV0084211,ePT,ENGエネマネMode走行時動作点定点(暖気中)BFSC,－,C7A0743743214D49AE5FFB6973444FCE,PT構想審査,
1,84F9618AEB524E13B0D8A44668520B58,1,0,PRMV0084212 ePT ENGエネマネMode走行時動作点定点(暖気中)ENG Power －,A,45561.06109,0,0,EntryCondition,MBSE Kick Off,MBSE Kick Off,,US,4WD,,2,,2,SElist_C-SUV_US_4WD,,,,kW,L4,L4,PRMV0084212,ePT,ENGエネマネMode走行時動作点定点(暖気中)ENG Power,－,C7A0743743214D49AE5FFB6973444FCE,PT構想審査,
1,A21032FAD6164638A0C9052CC4889CE8,1,0,PRMV0084213 ePT ENGエネマネMode走行時動作点定点(暖気中)ENG REV －,A,45561.0611,0,0,EntryCondition,MBSE Kick Off,MBSE Kick Off,,US,4WD,,2,,2,SElist_C-SUV_US_4WD,,2000,,rpm,L4,L4,PRMV0084213,ePT,ENGエネマネMode走行時動作点定点(暖気中)ENG REV,－,C7A0743743214D49AE5FFB6973444FCE,PT構想審査,
1,749F339EB7E94D5A8913F3AB66CE6782,1,0,PRMV0084214 ePT ENGエネマネMode走行時動作点定点(暖気中)ENG TRQ －,A,45561.0611,0,0,EntryCondition,MBSE Kick Off,MBSE Kick Off,,US,4WD,,2,,2,SElist_C-SUV_US_4WD,,119～101(+水温55℃時点のフリクション分でさらにマイナス),,Nm,L4,L4,PRMV0084214,ePT,ENGエネマネMode走行時動作点定点(暖気中)ENG TRQ,－,C7A0743743214D49AE5FFB6973444FCE,PT構想審査,
1,875054DE1F0D4EF9BA4F0171E3D32A70,1,0,PRMV0084215 ePT ENGエネマネMode走行時動作点定点(暖気後)BFSC －,A,45561.06111,0,0,EntryCondition,MBSE Kick Off,MBSE Kick Off,,US,4WD,,2,,2,SElist_C-SUV_US_4WD,,203,,g/kWh,L4,L4,PRMV0084215,ePT,ENGエネマネMode走行時動作点定点(暖気後)BFSC,－,C7A0743743214D49AE5FFB6973444FCE,PT構想審査,
1,402D107577FE4EACB982DB86A61F660F,1,0,PRMV0084216 ePT ENGエネマネMode走行時動作点定点(暖気後)ENG Power －,A,45561.06111,0,0,EntryCondition,MBSE Kick Off,MBSE Kick Off,,US,4WD,,2,,2,SElist_C-SUV_US_4WD,,24.923301718479,,kW,L4,L4,PRMV0084216,ePT,ENGエネマネMode走行時動作点定点(暖気後)ENG Power,－,C7A0743743214D49AE5FFB6973444FCE,PT構想審査,
1,994303C89DD049CEB010493A21826661,1,0,PRMV0084217 ePT ENGエネマネMode走行時動作点定点(暖気後)ENG REV －,A,45561.06112,0,0,EntryCondition,MBSE Kick Off,MBSE Kick Off,,US,4WD,,2,,2,SElist_C-SUV_US_4WD,,2000,,rpm,L4,L4,PRMV0084217,ePT,ENGエネマネMode走行時動作点定点(暖気後)ENG REV,－,C7A0743743214D49AE5FFB6973444FCE,PT構想審査,
1,8933409C492C4D5994C409D4DC094F1C,1,0,PRMV0084218 ePT ENGエネマネMode走行時動作点定点(暖気後)ENG TRQ －,A,45561.06113,0,0,EntryCondition,MBSE Kick Off,MBSE Kick Off,,US,4WD,,2,,2,SElist_C-SUV_US_4WD,,119,,Nm,L4,L4,PRMV0084218,ePT,ENGエネマネMode走行時動作点定点(暖気後)ENG TRQ,－,C7A0743743214D49AE5FFB6973444FCE,PT構想審査,
1,F9710607B0F544F984AD480367C8B506,1,0,PRMV0084219 ePT ENGエネマネエンジン始動回数クランキング －,A,45561.06113,0,0,EntryCondition,MBSE Kick Off,MBSE Kick Off,,US,4WD,,2,,2,SElist_C-SUV_US_4WD,,,,回,L4,L4,PRMV0084219,ePT,ENGエネマネエンジン始動回数クランキング,－,C7A0743743214D49AE5FFB6973444FCE,PT構想審査,
1,F9AE9FE8DA4B4294800E57A3CA7062E0,1,0,PRMV0084220 ePT ENGエネマネエンジン始動回数モータリング(OBD) －,A,45561.06115,0,0,EntryCondition,MBSE Kick Off,MBSE Kick Off,,US,4WD,,2,,2,SElist_C-SUV_US_4WD,,,,回,L4,L4,PRMV0084220,ePT,ENGエネマネエンジン始動回数モータリング(OBD),－,C7A0743743214D49AE5FFB6973444FCE,PT構想審査,
1,4AA2E6C11F3D459CAC5BE8B1949CA2EC,1,0,PRMV0084221 ePT ENGエネマネエンジン始動回数モータリング(ブレーキ負圧) －,A,45561.06116,0,0,EntryCondition,MBSE Kick Off,MBSE Kick Off,,US,4WD,,2,,2,SElist_C-SUV_US_4WD,,－,,回,L4,L4,PRMV0084221,ePT,ENGエネマネエンジン始動回数モータリング(ブレーキ負圧),－,C7A0743743214D49AE5FFB6973444FCE,PT構想審査,
1,2F4EEB83C6364BB998E498AD2DDCF717,1,0,PRMV0084222 ePT ENG燃費デバイスEGR開始ENG水温 －,A,45561.06116,0,0,EntryCondition,MBSE Kick Off,MBSE Kick Off,,US,4WD,,2,,2,SElist_C-SUV_US_4WD,,55,,℃,L4,L4,PRMV0084222,ePT,ENG燃費デバイスEGR開始ENG水温,－,C7A0743743214D49AE5FFB6973444FCE,PT構想審査,
1,41B3201BDDE14B6C8087DEB7548ACBE5,1,0,PRMV0084223 ePT ENG燃費デバイスFSV －,A,45561.06117,0,0,EntryCondition,MBSE Kick Off,MBSE Kick Off,,US,4WD,,2,,2,SElist_C-SUV_US_4WD,,,,－,L4,L4,PRMV0084223,ePT,ENG燃費デバイスFSV,－,C7A0743743214D49AE5FFB6973444FCE,PT構想審査,
1,B27BE5EC1D5C4594B7A9E9AE1F2B72E0,1,0,PRMV0084224 ePT ENG燃費デバイス平滑メタル －,A,45561.06118,0,0,EntryCondition,MBSE Kick Off,MBSE Kick Off,,US,4WD,,2,,2,SElist_C-SUV_US_4WD,,,,－,L4,L4,PRMV0084224,ePT,ENG燃費デバイス平滑メタル,－,C7A0743743214D49AE5FFB6973444FCE,PT構想審査,
1,A35C3A1952924E518479E73C8D314059,1,0,PRMV0084225 ePT ENG燃費デバイス鏡面ピストン －,A,45561.06118,0,0,EntryCondition,MBSE Kick Off,MBSE Kick Off,,US,4WD,,2,,2,SElist_C-SUV_US_4WD,,,,－,L4,L4,PRMV0084225,ePT,ENG燃費デバイス鏡面ピストン,－,C7A0743743214D49AE5FFB6973444FCE,PT構想審査,
1,B66A179B17E84925A76D9612F6A21FD2,1,0,PRMV0084226 ePT ENG燃費デバイス低粘度オイル －,A,45561.06119,0,0,EntryCondition,MBSE Kick Off,MBSE Kick Off,,US,4WD,,2,,2,SElist_C-SUV_US_4WD,,,,－,L4,L4,PRMV0084226,ePT,ENG燃費デバイス低粘度オイル,－,C7A0743743214D49AE5FFB6973444FCE,PT構想審査,
1,9E7C7648ED954D6D8815830DB78D8F61,1,0,PRMV0084227 ePT ENG燃費デバイスバランサーシャフト －,A,45561.0612,0,0,EntryCondition,MBSE Kick Off,MBSE Kick Off,,US,4WD,,2,,2,SElist_C-SUV_US_4WD,,,,－,L4,L4,PRMV0084227,ePT,ENG燃費デバイスバランサーシャフト,－,C7A0743743214D49AE5FFB6973444FCE,PT構想審査,
1,5F8567441DE74C8DB5A4B4EC4C0AB3FB,1,0,PRMV0084228 ePT GEN Sys呼称 －,A,45561.0612,0,0,EntryCondition,MBSE Kick Off,MBSE Kick Off,,US,4WD,,2,,2,SElist_C-SUV_US_4WD,,,,－,L4,L4,PRMV0084228,ePT,GEN Sys呼称,－,C7A0743743214D49AE5FFB6973444FCE,PT構想審査,
1,EF7DEBFF49ED46B094EFCA6ADA1C07CB,1,0,PRMV0084229 ePT GEN N-T特性 －,A,45561.06122,0,0,EntryCondition,MBSE Kick Off,MBSE Kick Off,,US,4WD,,2,,2,SElist_C-SUV_US_4WD,,,,Map,L4,L4,PRMV0084229,ePT,GEN N-T特性,－,C7A0743743214D49AE5FFB6973444FCE,PT構想審査,
1,6FF07D45EE5A45838ED6B5864B24331F,1,0,PRMV0084230 ePT GEN N-T特性最大出力 －,A,45561.06122,0,0,EntryCondition,MBSE Kick Off,MBSE Kick Off,,US,4WD,,2,,2,SElist_C-SUV_US_4WD,,-147,,kW,L4,L4,PRMV0084230,ePT,GEN N-T特性最大出力,－,C7A0743743214D49AE5FFB6973444FCE,PT構想審査,
1,2C68D6B57E574DF0BE1915FD161B404B,1,0,PRMV0084231 ePT GEN N-T特性最大トルク －,A,45561.06123,0,0,EntryCondition,MBSE Kick Off,MBSE Kick Off,,US,4WD,,2,,2,SElist_C-SUV_US_4WD,,-138,,Nm,L4,L4,PRMV0084231,ePT,GEN N-T特性最大トルク,－,C7A0743743214D49AE5FFB6973444FCE,PT構想審査,
1,E4C27C77056E487B804F2D1633B36D9E,1,0,PRMV0084232 ePT GEN N-T特性最大回転数 －,A,45561.06124,0,0,EntryCondition,MBSE Kick Off,MBSE Kick Off,,US,4WD,,2,,2,SElist_C-SUV_US_4WD,,12900,,rpm,L4,L4,PRMV0084232,ePT,GEN N-T特性最大回転数,－,C7A0743743214D49AE5FFB6973444FCE,PT構想審査,
1,7A8BEF0E05E440358E2511B5B7EFBF39,1,0,PRMV0084233 ePT GEN/INV損失ノミナル －,A,45561.06125,0,0,EntryCondition,MBSE Kick Off,MBSE Kick Off,,US,4WD,,2,,2,SElist_C-SUV_US_4WD,,,,Map,L4,L4,PRMV0084233,ePT,GEN/INV損失ノミナル,－,C7A0743743214D49AE5FFB6973444FCE,PT構想審査,
1,2239B86373C047C6BE16609E32841DD9,1,0,PRMV0084234 ePT GEN/INV損失熱検討用 －,A,45561.06125,0,0,EntryCondition,MBSE Kick Off,MBSE Kick Off,,US,4WD,,2,,2,SElist_C-SUV_US_4WD,,,,Map,L4,L4,PRMV0084234,ePT,GEN/INV損失熱検討用,－,C7A0743743214D49AE5FFB6973444FCE,PT構想審査,
1,A030942B74D14974BE21811D4E4E13D4,1,0,PRMV0084235 ePT GENイナーシャ －,A,45561.06126,0,0,EntryCondition,MBSE Kick Off,MBSE Kick Off,,US,4WD,,2,,2,SElist_C-SUV_US_4WD,,0.096893311,,kgm^2,L4,L4,PRMV0084235,ePT,GENイナーシャ,－,C7A0743743214D49AE5FFB6973444FCE,PT構想審査,
1,ED3576A4FC184459B95944083E5A2EA4,1,0,PRMV0084236 ePT GEN GBギヤ比 －,A,45561.06126,0,0,EntryCondition,MBSE Kick Off,MBSE Kick Off,,US,4WD,,2,,2,SElist_C-SUV_US_4WD,,0.512,,－,L4,L4,PRMV0084236,ePT,GEN GBギヤ比,－,C7A0743743214D49AE5FFB6973444FCE,PT構想審査,
1,7B84973EE71E4451914D1AD9D0256D98,1,0,PRMV0084237 ePT GEN GB損失特性 －,A,45561.06127,0,0,EntryCondition,MBSE Kick Off,MBSE Kick Off,,US,4WD,,2,,2,SElist_C-SUV_US_4WD,,,,Map,L4,L4,PRMV0084237,ePT,GEN GB損失特性,－,C7A0743743214D49AE5FFB6973444FCE,PT構想審査,
1,BC1CCB269FB143568CD5FE120B2D0B00,1,0,PRMV0084238 ePT GEN GBイナーシャ －,A,45561.06128,0,0,EntryCondition,MBSE Kick Off,MBSE Kick Off,,US,4WD,,2,,2,SElist_C-SUV_US_4WD,,0.00945,,kgm^2,L4,L4,PRMV0084238,ePT,GEN GBイナーシャ,－,C7A0743743214D49AE5FFB6973444FCE,PT構想審査,
1,689865806C10470A95138383C06A6A33,1,0,PRMV0084239 ePT FR MOT Sys呼称 －,A,45561.06128,0,0,EntryCondition,MBSE Kick Off,MBSE Kick Off,,US,4WD,,2,,2,SElist_C-SUV_US_4WD,,,,－,L4,L4,PRMV0084239,ePT,FR MOT Sys呼称,－,C7A0743743214D49AE5FFB6973444FCE,PT構想審査,
1,F3E185B7824740D4AED0DC9E18BB8035,1,0,PRMV0084240 ePT FR MOT出力N-T特性(回転-トルク) －,A,45561.0613,0,0,EntryCondition,MBSE Kick Off,MBSE Kick Off,,US,4WD,,2,,2,SElist_C-SUV_US_4WD,,,,MAP,L4,L4,PRMV0084240,ePT,FR MOT出力N-T特性(回転-トルク),－,C7A0743743214D49AE5FFB6973444FCE,PT構想審査,
1,F8416257DEF745448728311CADF1449A,1,0,PRMV0084241 ePT FR MOT制限設定トルク上限(第一象限) －,A,45561.06131,0,0,EntryCondition,MBSE Kick Off,MBSE Kick Off,,US,4WD,,2,,2,SElist_C-SUV_US_4WD,,355,,Nm,L4,L4,PRMV0084241,ePT,FR MOT制限設定トルク上限(第一象限),－,C7A0743743214D49AE5FFB6973444FCE,PT構想審査,
1,33EA374BE6B44BB6B25AFD6BEDCACDFB,1,0,PRMV0084242 ePT FR MOT制限設定トルク下限(第四象限) －,A,45561.06131,0,0,EntryCondition,MBSE Kick Off,MBSE Kick Off,,US,4WD,,2,,2,SElist_C-SUV_US_4WD,,-230,,Nm,L4,L4,PRMV0084242,ePT,FR MOT制限設定トルク下限(第四象限),－,C7A0743743214D49AE5FFB6973444FCE,PT構想審査,
1,5167766F54B940D0AED3BB1C32B83F7E,1,0,PRMV0084243 ePT FR MOT制限設定出力上限(第一象限) －,A,45561.06132,0,0,EntryCondition,MBSE Kick Off,MBSE Kick Off,,US,4WD,,2,,2,SElist_C-SUV_US_4WD,,150,,MAP,L4,L4,PRMV0084243,ePT,FR MOT制限設定出力上限(第一象限),－,C7A0743743214D49AE5FFB6973444FCE,PT構想審査,
1,C05377781F2E4C0FAB365114B4FA61B9,1,0,PRMV0084244 ePT FR MOT制限設定出力下限(第四象限) －,A,45561.06133,0,0,EntryCondition,MBSE Kick Off,MBSE Kick Off,,US,4WD,,2,,2,SElist_C-SUV_US_4WD,,-93,,MAP,L4,L4,PRMV0084244,ePT,FR MOT制限設定出力下限(第四象限),－,C7A0743743214D49AE5FFB6973444FCE,PT構想審査,
1,E5EE7B9A4ABA4B888DD18BDA488356A1,1,0,PRMV0084245 ePT FR MOT出力(車両要求特性)最大トルク(第1象限) －,A,45561.06133,0,0,EntryCondition,MBSE Kick Off,MBSE Kick Off,,US,4WD,,2,,2,SElist_C-SUV_US_4WD,,,,Nm,L4,L4,PRMV0084245,ePT,FR MOT出力(車両要求特性)最大トルク(第1象限),－,C7A0743743214D49AE5FFB6973444FCE,PT構想審査,
1,71CFA352553540E49399C8C7F683BC36,1,0,PRMV0084246 ePT FR MOT出力(車両要求特性)最小トルク(第4象限) －,A,45561.06134,0,0,EntryCondition,MBSE Kick Off,MBSE Kick Off,,US,4WD,,2,,2,SElist_C-SUV_US_4WD,,,,Nm,L4,L4,PRMV0084246,ePT,FR MOT出力(車両要求特性)最小トルク(第4象限),－,C7A0743743214D49AE5FFB6973444FCE,PT構想審査,
1,129DD8040CEC41299112368CE5872336,1,0,PRMV0084247 ePT FR MOT出力(車両要求特性)最大出力(第1象限) －,A,45561.06135,0,0,EntryCondition,MBSE Kick Off,MBSE Kick Off,,US,4WD,,2,,2,SElist_C-SUV_US_4WD,,,,kW,L4,L4,PRMV0084247,ePT,FR MOT出力(車両要求特性)最大出力(第1象限),－,C7A0743743214D49AE5FFB6973444FCE,PT構想審査,
1,C067ADA1722242C0A06FA1D52C781114,1,0,PRMV0084248 ePT FR MOT出力(車両要求特性)最小出力(第4象限) －,A,45561.06137,0,0,EntryCondition,MBSE Kick Off,MBSE Kick Off,,US,4WD,,2,,2,SElist_C-SUV_US_4WD,,,,kW,L4,L4,PRMV0084248,ePT,FR MOT出力(車両要求特性)最小出力(第4象限),－,C7A0743743214D49AE5FFB6973444FCE,PT構想審査,
1,AA20AC8B00BA4A598C1A0189E0C77D6E,1,0,PRMV0084249 ePT FR MOT/INV損失ノミナル －,A,45561.06137,0,0,EntryCondition,MBSE Kick Off,MBSE Kick Off,,US,4WD,,2,,2,SElist_C-SUV_US_4WD,,,,Map,L4,L4,PRMV0084249,ePT,FR MOT/INV損失ノミナル,－,C7A0743743214D49AE5FFB6973444FCE,PT構想審査,
1,86B1CF9760A844658503C97B95565383,1,0,PRMV0084250 ePT FR MOT/INV損失熱検討用 －,A,45561.06138,0,0,EntryCondition,MBSE Kick Off,MBSE Kick Off,,US,4WD,,2,,2,SElist_C-SUV_US_4WD,,,,Map,L4,L4,PRMV0084250,ePT,FR MOT/INV損失熱検討用,－,C7A0743743214D49AE5FFB6973444FCE,PT構想審査,
1,6685097F9FEF416FB2724B141096C793,1,0,PRMV0084251 ePT FR MOTイナーシャ －,A,45561.06139,0,0,EntryCondition,MBSE Kick Off,MBSE Kick Off,,US,4WD,,2,,2,SElist_C-SUV_US_4WD,,0.031,,kgm#00B2,L4,L4,PRMV0084251,ePT,FR MOTイナーシャ,－,C7A0743743214D49AE5FFB6973444FCE,PT構想審査,
1,45244CD292B1468D98362E6DF8C5B5C8,1,0,PRMV0084252 ePT FR GB減速比 －,A,45561.06139,0,0,EntryCondition,MBSE Kick Off,MBSE Kick Off,,US,4WD,,2,,2,SElist_C-SUV_US_4WD,,9.328,,－,L4,L4,PRMV0084252,ePT,FR GB減速比,－,C7A0743743214D49AE5FFB6973444FCE,PT構想審査,
1,C4C5F3FF49AA4DA3ACDE5565F27F811B,1,0,PRMV0084253 ePT FR GB損失特性(有負荷) －,A,45561.0614,0,0,EntryCondition,MBSE Kick Off,MBSE Kick Off,,US,4WD,,2,,2,SElist_C-SUV_US_4WD,,,,MAP,L4,L4,PRMV0084253,ePT,FR GB損失特性(有負荷),－,C7A0743743214D49AE5FFB6973444FCE,PT構想審査,
1,93F1581A22BC4D9B9C297A5907584BBE,1,0,PRMV0084254 ePT FR GBイナーシャ －,A,45561.0614,0,0,EntryCondition,MBSE Kick Off,MBSE Kick Off,,US,4WD,,2,,2,SElist_C-SUV_US_4WD,,0.002591964,,kgm#00B2,L4,L4,PRMV0084254,ePT,FR GBイナーシャ,－,C7A0743743214D49AE5FFB6973444FCE,PT構想審査,
1,46593B62E829411A9D3249327704EAAD,1,0,PRMV0084255 ePT RR MOT Sys呼称 －,A,45561.06141,0,0,EntryCondition,MBSE Kick Off,MBSE Kick Off,,US,4WD,,2,,2,SElist_C-SUV_US_4WD,,NH Gen2,,－,L4,L4,PRMV0084255,ePT,RR MOT Sys呼称,－,C7A0743743214D49AE5FFB6973444FCE,PT構想審査,
1,5F5B59C7E0334FF0ADB450FA5CBFC86F,1,0,PRMV0084256 ePT RR MOT出力N-T特性(回転-トルク) －,A,45561.06142,0,0,EntryCondition,MBSE Kick Off,MBSE Kick Off,,US,4WD,,2,,2,SElist_C-SUV_US_4WD,,,,Map,L4,L4,PRMV0084256,ePT,RR MOT出力N-T特性(回転-トルク),－,C7A0743743214D49AE5FFB6973444FCE,PT構想審査,
1,998EC41139C94A99BCA6E9C5B3013704,1,0,PRMV0084257 ePT RR MOT制限設定トルク上限(第一象限) －,A,45561.06144,0,0,EntryCondition,MBSE Kick Off,MBSE Kick Off,,US,4WD,,2,,2,SElist_C-SUV_US_4WD,,195,,Nm,L4,L4,PRMV0084257,ePT,RR MOT制限設定トルク上限(第一象限),－,C7A0743743214D49AE5FFB6973444FCE,PT構想審査,
1,258C231150CD4517B88F739CD249A163,1,0,PRMV0084258 ePT RR MOT制限設定トルク下限(第四象限) －,A,45561.06144,0,0,EntryCondition,MBSE Kick Off,MBSE Kick Off,,US,4WD,,2,,2,SElist_C-SUV_US_4WD,,-195,,Nm,L4,L4,PRMV0084258,ePT,RR MOT制限設定トルク下限(第四象限),－,C7A0743743214D49AE5FFB6973444FCE,PT構想審査,
1,5CF4767884E245F4A184D971B3B2FF94,1,0,PRMV0084259 ePT RR MOT制限設定出力上限(第一象限) －,A,45561.06145,0,0,EntryCondition,MBSE Kick Off,MBSE Kick Off,,US,4WD,,2,,2,SElist_C-SUV_US_4WD,,100,,kW,L4,L4,PRMV0084259,ePT,RR MOT制限設定出力上限(第一象限),－,C7A0743743214D49AE5FFB6973444FCE,PT構想審査,
1,5F104D78BE8640F6AD5B56E10AEC64E6,1,0,PRMV0084260 ePT RR MOT制限設定出力下限(第四象限) －,A,45561.06146,0,0,EntryCondition,MBSE Kick Off,MBSE Kick Off,,US,4WD,,2,,2,SElist_C-SUV_US_4WD,,-60,,kW,L4,L4,PRMV0084260,ePT,RR MOT制限設定出力下限(第四象限),－,C7A0743743214D49AE5FFB6973444FCE,PT構想審査,
1,B08E281573B34F6FB2885899ADC81A52,1,0,PRMV0084261 ePT RR MOT出力(車両要求特性)最大トルク(第1象限) －,A,45561.06146,0,0,EntryCondition,MBSE Kick Off,MBSE Kick Off,,US,4WD,,2,,2,SElist_C-SUV_US_4WD,,195,,Nm,L4,L4,PRMV0084261,ePT,RR MOT出力(車両要求特性)最大トルク(第1象限),－,C7A0743743214D49AE5FFB6973444FCE,PT構想審査,
1,B7E145637B8842339B22D83E8C8EEDEA,1,0,PRMV0084262 ePT RR MOT出力(車両要求特性)最小トルク(第4象限) －,A,45561.06147,0,0,EntryCondition,MBSE Kick Off,MBSE Kick Off,,US,4WD,,2,,2,SElist_C-SUV_US_4WD,,-195,,Nm,L4,L4,PRMV0084262,ePT,RR MOT出力(車両要求特性)最小トルク(第4象限),－,C7A0743743214D49AE5FFB6973444FCE,PT構想審査,
1,499B7DC26270425DBA4CD9D811B01510,1,0,PRMV0084263 ePT RR MOT出力(車両要求特性)最大出力(第1象限) －,A,45561.06148,0,0,EntryCondition,MBSE Kick Off,MBSE Kick Off,,US,4WD,,2,,2,SElist_C-SUV_US_4WD,,100,,kW,L4,L4,PRMV0084263,ePT,RR MOT出力(車両要求特性)最大出力(第1象限),－,C7A0743743214D49AE5FFB6973444FCE,PT構想審査,
1,54EB10BC141A4CB9A058C1289955C597,1,0,PRMV0084264 ePT RR MOT出力(車両要求特性)最小出力(第4象限) －,A,45561.06148,0,0,EntryCondition,MBSE Kick Off,MBSE Kick Off,,US,4WD,,2,,2,SElist_C-SUV_US_4WD,,-60,,kW,L4,L4,PRMV0084264,ePT,RR MOT出力(車両要求特性)最小出力(第4象限),－,C7A0743743214D49AE5FFB6973444FCE,PT構想審査,
1,86526C7882924BAB989FC033D2AA5FBC,1,0,PRMV0084265 ePT RR MOT/INV損失ノミナル －,A,45561.06149,0,0,EntryCondition,MBSE Kick Off,MBSE Kick Off,,US,4WD,,2,,2,SElist_C-SUV_US_4WD,,,,Map,L4,L4,PRMV0084265,ePT,RR MOT/INV損失ノミナル,－,C7A0743743214D49AE5FFB6973444FCE,PT構想審査,
1,5073141C2273477FB00CD65226ECDF43,1,0,PRMV0084266 ePT RR MOT/INV損失熱検討用 －,A,45561.06149,0,0,EntryCondition,MBSE Kick Off,MBSE Kick Off,,US,4WD,,2,,2,SElist_C-SUV_US_4WD,,,,Map,L4,L4,PRMV0084266,ePT,RR MOT/INV損失熱検討用,－,C7A0743743214D49AE5FFB6973444FCE,PT構想審査,
1,E47883F6F3FE4E56AB786E7C68CDC833,1,0,PRMV0084267 ePT RR MOTイナーシャ －,A,45561.0615,0,0,EntryCondition,MBSE Kick Off,MBSE Kick Off,,US,4WD,,2,,2,SElist_C-SUV_US_4WD,,0.023,,kgm#00B2,L4,L4,PRMV0084267,ePT,RR MOTイナーシャ,－,C7A0743743214D49AE5FFB6973444FCE,PT構想審査,
1,E8384589B5024A08B535ADBC02257833,1,0,PRMV0084268 ePT RR GB減速比 －,A,45561.06152,0,0,EntryCondition,MBSE Kick Off,MBSE Kick Off,,US,4WD,,2,,2,SElist_C-SUV_US_4WD,,7.282,,－,L4,L4,PRMV0084268,ePT,RR GB減速比,－,C7A0743743214D49AE5FFB6973444FCE,PT構想審査,
1,2A36F09BED674C0E83E132C6C9C1476D,1,0,PRMV0084269 ePT RR GB損失特性 －,A,45561.06152,0,0,EntryCondition,MBSE Kick Off,MBSE Kick Off,,US,4WD,,2,,2,SElist_C-SUV_US_4WD,,,,Map,L4,L4,PRMV0084269,ePT,RR GB損失特性,－,C7A0743743214D49AE5FFB6973444FCE,PT構想審査,
1,6A668A6CCADE4A8A819EDEB0A580A4E1,1,0,PRMV0084270 ePT RR GBイナーシャ －,A,45561.06153,0,0,EntryCondition,MBSE Kick Off,MBSE Kick Off,,US,4WD,,2,,2,SElist_C-SUV_US_4WD,,"Input軸上: 0.001143
DIFF軸上: 0.060613",,kgm#00B2,L4,L4,PRMV0084270,ePT,RR GBイナーシャ,－,C7A0743743214D49AE5FFB6973444FCE,PT構想審査,
1,DD8FDE18F8504DC8A12491AF3B2FE7DA,1,0,PRMV0084271 ドライブシャフト FR右ドライブシャフトイナーシャ －,A,45561.06154,0,0,EntryCondition,MBSE Kick Off,MBSE Kick Off,,US,4WD,,2,,2,SElist_C-SUV_US_4WD,,0.004855,,kgm#00B2,L4,L4,PRMV0084271,ドライブシャフト,FR右ドライブシャフトイナーシャ,－,C7A0743743214D49AE5FFB6973444FCE,PT構想審査,
1,912326B120F6413BA4E8C3DC6348E528,1,0,PRMV0084272 ドライブシャフト FR左ドライブシャフトイナーシャ －,A,45561.06154,0,0,EntryCondition,MBSE Kick Off,MBSE Kick Off,,US,4WD,,2,,2,SElist_C-SUV_US_4WD,,0.004842,,kgm#00B2,L4,L4,PRMV0084272,ドライブシャフト,FR左ドライブシャフトイナーシャ,－,C7A0743743214D49AE5FFB6973444FCE,PT構想審査,
1,9FA131391DA6455F8CE580730E29DFDE,1,0,PRMV0084273 ドライブシャフト FR折れ角静的インナー側 －,A,45561.06155,0,0,EntryCondition,MBSE Kick Off,MBSE Kick Off,,US,4WD,,2,,2,SElist_C-SUV_US_4WD,,"右 6.90, 左 7.22",,deg,L4,L4,PRMV0084273,ドライブシャフト,FR折れ角静的インナー側,－,C7A0743743214D49AE5FFB6973444FCE,PT構想審査,
1,0C03DD10E04F462599D29534213E9720,1,0,PRMV0084274 ドライブシャフト FR折れ角動的インナー側 －,A,45561.06156,0,0,EntryCondition,MBSE Kick Off,MBSE Kick Off,,US,4WD,,2,,2,SElist_C-SUV_US_4WD,,"右 9.14, 左 9.55",,deg,L4,L4,PRMV0084274,ドライブシャフト,FR折れ角動的インナー側,－,C7A0743743214D49AE5FFB6973444FCE,PT構想審査,
1,7F0E5C8636D244DFBAFC474CEE80FFA7,1,0,PRMV0084275 ドライブシャフト FR 右ドライブシャフト剛性(中央値) －,A,45561.06156,0,0,EntryCondition,MBSE Kick Off,MBSE Kick Off,,US,4WD,,2,,2,SElist_C-SUV_US_4WD,,107.9,,Nm/deg,L4,L4,PRMV0084275,ドライブシャフト,FR 右ドライブシャフト剛性(中央値),－,C7A0743743214D49AE5FFB6973444FCE,PT構想審査,
1,5F7AF39E91D74AF9BFAA74153801AF17,1,0,PRMV0084276 ドライブシャフト FR 左ドライブシャフト剛性(中央値) －,A,45561.06157,0,0,EntryCondition,MBSE Kick Off,MBSE Kick Off,,US,4WD,,2,,2,SElist_C-SUV_US_4WD,,111.7,,Nm/deg,L4,L4,PRMV0084276,ドライブシャフト,FR 左ドライブシャフト剛性(中央値),－,C7A0743743214D49AE5FFB6973444FCE,PT構想審査,
1,3C7269726C524E489289C184815C24F2,1,0,PRMV0084277 ドライブシャフト FR 右ドライブシャフトガタ －,A,45561.06159,0,0,EntryCondition,MBSE Kick Off,MBSE Kick Off,,US,4WD,,2,,2,SElist_C-SUV_US_4WD,,0.8,,deg,L4,L4,PRMV0084277,ドライブシャフト,FR 右ドライブシャフトガタ,－,C7A0743743214D49AE5FFB6973444FCE,PT構想審査,
1,5E8E28E3F1AA4D9BBA81163CC9DF86E0,1,0,PRMV0084278 ドライブシャフト FR 左ドライブシャフトガタ －,A,45561.06159,0,0,EntryCondition,MBSE Kick Off,MBSE Kick Off,,US,4WD,,2,,2,SElist_C-SUV_US_4WD,,0.8,,deg,L4,L4,PRMV0084278,ドライブシャフト,FR 左ドライブシャフトガタ,－,C7A0743743214D49AE5FFB6973444FCE,PT構想審査,
1,AB812C80F2A148B9AAE4ECB2F06B0404,1,0,PRMV0084279 ドライブシャフト RR右ドライブシャフトイナーシャ －,A,45561.0616,0,0,EntryCondition,MBSE Kick Off,MBSE Kick Off,,US,4WD,,2,,2,SElist_C-SUV_US_4WD,,0.00341,,kgm#00B2,L4,L4,PRMV0084279,ドライブシャフト,RR右ドライブシャフトイナーシャ,－,C7A0743743214D49AE5FFB6973444FCE,PT構想審査,
1,35B4F9A1128741049FE359152DCA0F04,1,0,PRMV0084280 ドライブシャフト RR左ドライブシャフトイナーシャ －,A,45561.06161,0,0,EntryCondition,MBSE Kick Off,MBSE Kick Off,,US,4WD,,2,,2,SElist_C-SUV_US_4WD,,0.00342,,kgm#00B2,L4,L4,PRMV0084280,ドライブシャフト,RR左ドライブシャフトイナーシャ,－,C7A0743743214D49AE5FFB6973444FCE,PT構想審査,
1,13C51F62758044F890FC58460153A336,1,0,PRMV0084281 ドライブシャフト RR折れ角静的インナー側 －,A,45561.06161,0,0,EntryCondition,MBSE Kick Off,MBSE Kick Off,,US,4WD,,2,,2,SElist_C-SUV_US_4WD,,"右 5.15, 左　7.60",,deg,L4,L4,PRMV0084281,ドライブシャフト,RR折れ角静的インナー側,－,C7A0743743214D49AE5FFB6973444FCE,PT構想審査,
1,569C230150E34797BB90AD5E54CE4A30,1,0,PRMV0084282 ドライブシャフト RR折れ角動的インナー側 －,A,45561.06162,0,0,EntryCondition,MBSE Kick Off,MBSE Kick Off,,US,4WD,,2,,2,SElist_C-SUV_US_4WD,,"右 6.98, 左 10.33",,deg,L4,L4,PRMV0084282,ドライブシャフト,RR折れ角動的インナー側,－,C7A0743743214D49AE5FFB6973444FCE,PT構想審査,
1,C0610332748E4B11988C613274DA3537,1,0,PRMV0084283 ドライブシャフト RR 右ドライブシャフト剛性(中央値) －,A,45561.06163,0,0,EntryCondition,MBSE Kick Off,MBSE Kick Off,,US,4WD,,2,,2,SElist_C-SUV_US_4WD,,67.8,,Nm/deg,L4,L4,PRMV0084283,ドライブシャフト,RR 右ドライブシャフト剛性(中央値),－,C7A0743743214D49AE5FFB6973444FCE,PT構想審査,
1,6C68E4EBF66846DC8500EBA887DFC7BB,1,0,PRMV0084284 ドライブシャフト RR 左ドライブシャフト剛性(中央値) －,A,45561.06163,0,0,EntryCondition,MBSE Kick Off,MBSE Kick Off,,US,4WD,,2,,2,SElist_C-SUV_US_4WD,,94.1,,Nm/deg,L4,L4,PRMV0084284,ドライブシャフト,RR 左ドライブシャフト剛性(中央値),－,C7A0743743214D49AE5FFB6973444FCE,PT構想審査,
1,A8BB7813A1BD460EBF9F07D54760078C,1,0,PRMV0084285 ドライブシャフト RR 右ドライブシャフトガタ －,A,45561.06164,0,0,EntryCondition,MBSE Kick Off,MBSE Kick Off,,US,4WD,,2,,2,SElist_C-SUV_US_4WD,,0.8,,deg,L4,L4,PRMV0084285,ドライブシャフト,RR 右ドライブシャフトガタ,－,C7A0743743214D49AE5FFB6973444FCE,PT構想審査,
1,1970462F2BFA459EB8606DB9143A1B48,1,0,PRMV0084286 ドライブシャフト RR 左ドライブシャフトガタ －,A,45561.06166,0,0,EntryCondition,MBSE Kick Off,MBSE Kick Off,,US,4WD,,2,,2,SElist_C-SUV_US_4WD,,0.8,,deg,L4,L4,PRMV0084286,ドライブシャフト,RR 左ドライブシャフトガタ,－,C7A0743743214D49AE5FFB6973444FCE,PT構想審査,
1,B9382A0BD45746A19AAB5605ABED8571,1,0,PRMV0084287 HV BATT 仕様/呼称 －,A,45561.06166,0,0,EntryCondition,MBSE Kick Off,MBSE Kick Off,,US,4WD,,2,,2,SElist_C-SUV_US_4WD,,,,－,L4,L4,PRMV0084287,HV BATT,仕様/呼称,－,C7A0743743214D49AE5FFB6973444FCE,PT構想審査,
1,BB35A42A0D824857ADA9CE0AA8B75DC0,1,0,PRMV0084288 HV BATT モデル名 －,A,45561.06167,0,0,EntryCondition,MBSE Kick Off,MBSE Kick Off,,US,4WD,,2,,2,SElist_C-SUV_US_4WD,,,,－,L4,L4,PRMV0084288,HV BATT,モデル名,－,C7A0743743214D49AE5FFB6973444FCE,PT構想審査,
1,B73AF143B9F042999A5BECAA37E48DC6,1,0,PRMV0084289 HV BATT 直列セル数 －,A,45561.06168,0,0,EntryCondition,MBSE Kick Off,MBSE Kick Off,,US,4WD,,2,,2,SElist_C-SUV_US_4WD,,,,cell,L4,L4,PRMV0084289,HV BATT,直列セル数,－,C7A0743743214D49AE5FFB6973444FCE,PT構想審査,
1,4A569E797CB94A5C8A1CD6AF6B9073B9,1,0,PRMV0084290 HV BATT 並列セル数 －,A,45561.06168,0,0,EntryCondition,MBSE Kick Off,MBSE Kick Off,,US,4WD,,2,,2,SElist_C-SUV_US_4WD,,,,para,L4,L4,PRMV0084290,HV BATT,並列セル数,－,C7A0743743214D49AE5FFB6973444FCE,PT構想審査,
1,3D4CAA1BAEE44690A27ABD7D064B3B99,1,0,PRMV0084291 HV BATT パック容量 (capacity) －,A,45561.06169,0,0,EntryCondition,MBSE Kick Off,MBSE Kick Off,,US,4WD,,2,,2,SElist_C-SUV_US_4WD,,,,kWh,L4,L4,PRMV0084291,HV BATT,パック容量 (capacity),－,C7A0743743214D49AE5FFB6973444FCE,PT構想審査,
1,F59E5E4376FA4C4D86DF928B6294DBAB,1,0,PRMV0084292 0 0 －,A,45561.0617,0,0,EntryCondition,MBSE Kick Off,MBSE Kick Off,,US,4WD,,2,,2,SElist_C-SUV_US_4WD,,,,,L4,L4,PRMV0084292,0,0,－,C7A0743743214D49AE5FFB6973444FCE,PT構想審査,
1,28F0279820314228BE7FBB0505C8AD31,1,0,PRMV0084293 HV BATT バッテリ制限設定(Pout出力上限/BATT温度-SOC-電力) －,A,45561.0617,0,0,EntryCondition,MBSE Kick Off,MBSE Kick Off,,US,4WD,,2,,2,SElist_C-SUV_US_4WD,,,,MAP,L4,L4,PRMV0084293,HV BATT,バッテリ制限設定(Pout出力上限/BATT温度-SOC-電力),－,C7A0743743214D49AE5FFB6973444FCE,PT構想審査,
1,7BFFF9D744D9431B8BC966EB2EC9D919,1,0,PRMV0084295 HV BATT バッテリ制限設定(Pin入力上限/BATT温度-SOC-電力) －,A,45561.06171,0,0,EntryCondition,MBSE Kick Off,MBSE Kick Off,,US,4WD,,2,,2,SElist_C-SUV_US_4WD,,,,MAP,L4,L4,PRMV0084295,HV BATT,バッテリ制限設定(Pin入力上限/BATT温度-SOC-電力),－,C7A0743743214D49AE5FFB6973444FCE,PT構想審査,
1,CFAD14092E754CDA9FF4613ECEE0D951,1,0,PRMV0084296 HV BATT 公証電圧 －,A,45561.06172,0,0,EntryCondition,MBSE Kick Off,MBSE Kick Off,,US,4WD,,2,,2,SElist_C-SUV_US_4WD,,,,V,L4,L4,PRMV0084296,HV BATT,公証電圧,－,C7A0743743214D49AE5FFB6973444FCE,PT構想審査,
1,12E79520BCC14819BAE0C66A55C37F23,1,0,PRMV0084297 HV BATT Max電流 －,A,45561.06174,0,0,EntryCondition,MBSE Kick Off,MBSE Kick Off,,US,4WD,,2,,2,SElist_C-SUV_US_4WD,,,,A,L4,L4,PRMV0084297,HV BATT,Max電流,－,C7A0743743214D49AE5FFB6973444FCE,PT構想審査,
1,306631B089E04F31B35554F2798E8D13,1,0,PRMV0084298 HV BATT セル開放電圧特性(SOC-OCV) －,A,45561.06174,0,0,EntryCondition,MBSE Kick Off,MBSE Kick Off,,US,4WD,,2,,2,SElist_C-SUV_US_4WD,,,,MAP,L4,L4,PRMV0084298,HV BATT,セル開放電圧特性(SOC-OCV),－,C7A0743743214D49AE5FFB6973444FCE,PT構想審査,
1,9BEFEE53162143B58BA2732B5D34FB46,1,0,PRMV0084299 DCDC 仕様（名称） －,A,45561.06175,0,0,EntryCondition,MBSE Kick Off,MBSE Kick Off,,US,4WD,,2,,2,SElist_C-SUV_US_4WD,,,,－,L4,L4,PRMV0084299,DCDC,仕様（名称）,－,C7A0743743214D49AE5FFB6973444FCE,PT構想審査,
1,FF37F43E124A4CB1806502971DB3CA2F,1,0,"PRMV0084300 DCDC DCDC効率(走行時弱電220W,355V入力(SOC20%),13V出力) －",A,45561.06176,0,0,EntryCondition,MBSE Kick Off,MBSE Kick Off,,US,4WD,,2,,2,SElist_C-SUV_US_4WD,,,,%,L4,L4,PRMV0084300,DCDC,"DCDC効率(走行時弱電220W,355V入力(SOC20%),13V出力)",－,C7A0743743214D49AE5FFB6973444FCE,PT構想審査,
1,A346AA99B80A487280624ED31CFD4862,1,0,PRMV0084301 4WD Sys 前後配分比 －,A,45561.06176,0,0,EntryCondition,MBSE Kick Off,MBSE Kick Off,,US,4WD,,2,,2,SElist_C-SUV_US_4WD,,,,－,L4,L4,PRMV0084301,4WD Sys,前後配分比,－,C7A0743743214D49AE5FFB6973444FCE,PT構想審査,
1,AB9C8C7CF38D4A00B677F7E892F36157,1,0,PRMV0084302 4WD Sys 配分Map －,A,45561.06177,0,0,EntryCondition,MBSE Kick Off,MBSE Kick Off,,US,4WD,,2,,2,SElist_C-SUV_US_4WD,,,,Map,L4,L4,PRMV0084302,4WD Sys,配分Map,－,C7A0743743214D49AE5FFB6973444FCE,PT構想審査,
1,3C061564234A44D98AE16DB3B3BEB7A5,1,0,PRMV0084303 4WD Sys Gate Off制御有無 －,A,45561.06177,0,0,EntryCondition,MBSE Kick Off,MBSE Kick Off,,US,4WD,,2,,2,SElist_C-SUV_US_4WD,,,,－,L4,L4,PRMV0084303,4WD Sys,Gate Off制御有無,－,C7A0743743214D49AE5FFB6973444FCE,PT構想審査,
1,FA40AAEF485B4C8BA9C04DB6D065212E,1,0,PRMV0084304 4WD Sys Gate Off作動Map －,A,45561.06178,0,0,EntryCondition,MBSE Kick Off,MBSE Kick Off,,US,4WD,,2,,2,SElist_C-SUV_US_4WD,,,,Map,L4,L4,PRMV0084304,4WD Sys,Gate Off作動Map,－,C7A0743743214D49AE5FFB6973444FCE,PT構想審査,
1,43B9089B6C11466FA49BC4BA7196B51A,1,0,PRMV0084305 エネマネ 仕様（名称） －,A,45561.06179,0,0,EntryCondition,MBSE Kick Off,MBSE Kick Off,,US,4WD,,2,,2,SElist_C-SUV_US_4WD,,,,－,L4,L4,PRMV0084305,エネマネ,仕様（名称）,－,C7A0743743214D49AE5FFB6973444FCE,PT構想審査,
1,D767422C8CE342B4974C845927469DD1,1,0,PRMV0084306 エネマネ ENG始動Map －,A,45561.06181,0,0,EntryCondition,MBSE Kick Off,MBSE Kick Off,,US,4WD,,2,,2,SElist_C-SUV_US_4WD,,,,Map,L4,L4,PRMV0084306,エネマネ,ENG始動Map,－,C7A0743743214D49AE5FFB6973444FCE,PT構想審査,
1,D4D615ECF4884D21BCF6AB2484AECA26,1,0,PRMV0084307 エネマネ 変速線 －,A,45561.06181,0,0,EntryCondition,MBSE Kick Off,MBSE Kick Off,,US,4WD,,2,,2,SElist_C-SUV_US_4WD,,,,Map,L4,L4,PRMV0084307,エネマネ,変速線,－,C7A0743743214D49AE5FFB6973444FCE,PT構想審査,
1,307CBED0FFB448928FB562E7106EDCDE,1,0,PRMV0084308 エネマネ 定点許可車速 －,A,45561.06182,0,0,EntryCondition,MBSE Kick Off,MBSE Kick Off,,US,4WD,,2,,2,SElist_C-SUV_US_4WD,,,,Map,L4,L4,PRMV0084308,エネマネ,定点許可車速,－,C7A0743743214D49AE5FFB6973444FCE,PT構想審査,
1,1A2622AC5ADC4D96A641B62AC5B2F860,1,0,PRMV0084309 パワマネ 仕様（名称） －,A,45561.06183,0,0,EntryCondition,MBSE Kick Off,MBSE Kick Off,,US,4WD,,2,,2,SElist_C-SUV_US_4WD,,,,－,L4,L4,PRMV0084309,パワマネ,仕様（名称）,－,C7A0743743214D49AE5FFB6973444FCE,PT構想審査,
1,8BB78592675A4AB79AB4CFAEB5C6DB8C,1,0,PRMV0084310 パワマネ 駆動力Map(APO-車速-駆動力) －,A,45561.06183,0,0,EntryCondition,MBSE Kick Off,MBSE Kick Off,,US,4WD,,2,,2,SElist_C-SUV_US_4WD,,,,MAP,L4,L4,PRMV0084310,パワマネ,駆動力Map(APO-車速-駆動力),－,C7A0743743214D49AE5FFB6973444FCE,PT構想審査,
1,7ACBD746E56C420D9F3291C2E513DEFA,1,0,PRMV0084311 燃料タンク タンク容量 －,A,45561.06184,0,0,EntryCondition,MBSE Kick Off,MBSE Kick Off,,US,4WD,,2,,2,SElist_C-SUV_US_4WD,,,,L,L4,L4,PRMV0084311,燃料タンク,タンク容量,－,C7A0743743214D49AE5FFB6973444FCE,PT構想審査,
1,F4174F54C2004F44883BB2A4D240E3E3,1,0,PRMV0084312 E&E archi E&E architecture呼称 －,A,45561.06184,0,0,EntryCondition,MBSE Kick Off,MBSE Kick Off,,US,4WD,,2,,2,SElist_C-SUV_US_4WD,,FACE,,－,L4,L4,PRMV0084312,E&E archi,E&E architecture呼称,－,C7A0743743214D49AE5FFB6973444FCE,PT構想審査,
1,D99FC939D8784BE1965A28EBC7FB8DC2,1,0,PRMV0084313 ブレーキ 回生協調ブレーキ仕様（名称） －,A,45561.06185,0,0,EntryCondition,MBSE Kick Off,MBSE Kick Off,,US,4WD,,2,,2,SElist_C-SUV_US_4WD,,TBD,,－,L4,L4,PRMV0084313,ブレーキ,回生協調ブレーキ仕様（名称）,－,C7A0743743214D49AE5FFB6973444FCE,PT構想審査,
1,7BF3555E1F0046A5B918491A3131BADD,1,0,PRMV0084314 ブレーキ ブレーキ負圧Sys仕様（名称） －,A,45561.06186,0,0,EntryCondition,MBSE Kick Off,MBSE Kick Off,,US,4WD,,2,,2,SElist_C-SUV_US_4WD,,TBD,,－,L4,L4,PRMV0084314,ブレーキ,ブレーキ負圧Sys仕様（名称）,－,C7A0743743214D49AE5FFB6973444FCE,PT構想審査,
1,F0A08D9DD4DB4C2698FCC653A4FA17C2,1,0,PRMV0084315 LV BATT AD Sys仕様（名称） －,A,45561.06188,0,0,EntryCondition,MBSE Kick Off,MBSE Kick Off,,US,4WD,,2,,2,SElist_C-SUV_US_4WD,,TBD,,－,L4,L4,PRMV0084315,LV BATT,AD Sys仕様（名称）,－,C7A0743743214D49AE5FFB6973444FCE,PT構想審査,
1,023F577C214645C79242610DE258BF39,1,0,PRMV0084316 LV BATT 消費電力(電費試験時WLTCモード)HEV －,A,45561.06188,0,0,EntryCondition,MBSE Kick Off,MBSE Kick Off,,US,4WD,,2,,2,SElist_C-SUV_US_4WD,,,,W,L4,L4,PRMV0084316,LV BATT,消費電力(電費試験時WLTCモード)HEV,－,C7A0743743214D49AE5FFB6973444FCE,PT構想審査,
1,2F469C678A8445718250B758E225541D,1,0,PRMV0084317 LV BATT 消費電力(電費試験時WLTCモード)EV －,A,45561.06189,0,0,EntryCondition,MBSE Kick Off,MBSE Kick Off,,US,4WD,,2,,2,SElist_C-SUV_US_4WD,,,,W,L4,L4,PRMV0084317,LV BATT,消費電力(電費試験時WLTCモード)EV,－,C7A0743743214D49AE5FFB6973444FCE,PT構想審査,
1,6FA050A5842C4E81B54B446235035683,1,0,PRMV0084318 LV BATT 消費電力(電費試験時LA4モード)HEV －,A,45561.0619,0,0,EntryCondition,MBSE Kick Off,MBSE Kick Off,,US,4WD,,2,,2,SElist_C-SUV_US_4WD,,425,,W,L4,L4,PRMV0084318,LV BATT,消費電力(電費試験時LA4モード)HEV,－,C7A0743743214D49AE5FFB6973444FCE,PT構想審査,
1,A958E7195E9243D3A4DAD2DD9BFF190B,1,0,PRMV0084319 LV BATT 消費電力(電費試験時LA4モード)EV －,A,45561.0619,0,0,EntryCondition,MBSE Kick Off,MBSE Kick Off,,US,4WD,,2,,2,SElist_C-SUV_US_4WD,,292,,W,L4,L4,PRMV0084319,LV BATT,消費電力(電費試験時LA4モード)EV,－,C7A0743743214D49AE5FFB6973444FCE,PT構想審査,
1,535426FDB2544C109BD316A637575C7D,1,0,PRMV0084320 LV BATT 消費電力(電費試験時HWYモード)HEV －,A,45561.06191,0,0,EntryCondition,MBSE Kick Off,MBSE Kick Off,,US,4WD,,2,,2,SElist_C-SUV_US_4WD,,425,,W,L4,L4,PRMV0084320,LV BATT,消費電力(電費試験時HWYモード)HEV,－,C7A0743743214D49AE5FFB6973444FCE,PT構想審査,
1,8E3E18F14F6146818CBF2CF532F9A368,1,0,PRMV0084321 LV BATT 消費電力(電費試験時HWYモード)EV －,A,45561.06192,0,0,EntryCondition,MBSE Kick Off,MBSE Kick Off,,US,4WD,,2,,2,SElist_C-SUV_US_4WD,,292,,W,L4,L4,PRMV0084321,LV BATT,消費電力(電費試験時HWYモード)EV,－,C7A0743743214D49AE5FFB6973444FCE,PT構想審査,
1,AC0B3A1F3DDA4A7E9BCF8A59A7C92963,1,0,PRMV0084322 LV BATT 消費電力(電費試験時US06モード)HEV －,A,45561.06193,0,0,EntryCondition,MBSE Kick Off,MBSE Kick Off,,US,4WD,,2,,2,SElist_C-SUV_US_4WD,,425,,W,L4,L4,PRMV0084322,LV BATT,消費電力(電費試験時US06モード)HEV,－,C7A0743743214D49AE5FFB6973444FCE,PT構想審査,
1,33331CFE882A4D0BB6E372D19C8979C2,1,0,PRMV0084323 LV BATT 消費電力(電費試験時US06モード)EV －,A,45561.06193,0,0,EntryCondition,MBSE Kick Off,MBSE Kick Off,,US,4WD,,2,,2,SElist_C-SUV_US_4WD,,292,,W,L4,L4,PRMV0084323,LV BATT,消費電力(電費試験時US06モード)EV,－,C7A0743743214D49AE5FFB6973444FCE,PT構想審査,
1,97CF86B47BD94E4E933D1CA2EFB59975,1,0,PRMV0084324 LV BATT 消費電力(電費試験時SC03モード)HEV －,A,45561.06194,0,0,EntryCondition,MBSE Kick Off,MBSE Kick Off,,US,4WD,,2,,2,SElist_C-SUV_US_4WD,,－,,W,L4,L4,PRMV0084324,LV BATT,消費電力(電費試験時SC03モード)HEV,－,C7A0743743214D49AE5FFB6973444FCE,PT構想審査,
1,0544C6E6E03D43768B85519416298C94,1,0,PRMV0084325 LV BATT 消費電力(電費試験時SC03モード)EV －,A,45561.06196,0,0,EntryCondition,MBSE Kick Off,MBSE Kick Off,,US,4WD,,2,,2,SElist_C-SUV_US_4WD,,－,,W,L4,L4,PRMV0084325,LV BATT,消費電力(電費試験時SC03モード)EV,－,C7A0743743214D49AE5FFB6973444FCE,PT構想審査,
1,A32435E4B9554134BECF094F30E6CBB8,1,0,PRMV0084326 LV BATT 消費電力(電費試験時-7℃ LA4モード)HEV －,A,45561.06196,0,0,EntryCondition,MBSE Kick Off,MBSE Kick Off,,US,4WD,,2,,2,SElist_C-SUV_US_4WD,,－,,W,L4,L4,PRMV0084326,LV BATT,消費電力(電費試験時-7℃ LA4モード)HEV,－,C7A0743743214D49AE5FFB6973444FCE,PT構想審査,
1,BC38A7851C2A4B21A1B286DA9F3A13AA,1,0,PRMV0084327 LV BATT 消費電力(電費試験時-7℃ LA4モード)EV －,A,45561.06197,0,0,EntryCondition,MBSE Kick Off,MBSE Kick Off,,US,4WD,,2,,2,SElist_C-SUV_US_4WD,,－,,W,L4,L4,PRMV0084327,LV BATT,消費電力(電費試験時-7℃ LA4モード)EV,－,C7A0743743214D49AE5FFB6973444FCE,PT構想審査,
1,BA64480D3A2140F79BE1D30AB2AA5F6F,1,0,PRMV0084328 Sim関連 MilsROM －,A,45561.06198,0,0,EntryCondition,MBSE Kick Off,MBSE Kick Off,,US,4WD,,2,,2,SElist_C-SUV_US_4WD,,,,－,L4,L4,PRMV0084328,Sim関連,MilsROM,－,C7A0743743214D49AE5FFB6973444FCE,PT構想審査,
1,B07D9819AF9B4CF3881DEDB5BABAF82A,1,0,PRMV0084329 Sim関連 Mils設定ファイル －,A,45561.06198,0,0,EntryCondition,MBSE Kick Off,MBSE Kick Off,,US,4WD,,2,,2,SElist_C-SUV_US_4WD,,,,－,L4,L4,PRMV0084329,Sim関連,Mils設定ファイル,－,C7A0743743214D49AE5FFB6973444FCE,PT構想審査,
1,ED3921B5BFF64055A95A5AEAA46F0E00,1,0,PRMV0084330 Sim関連 CarSettingFile －,A,45561.06199,0,0,EntryCondition,MBSE Kick Off,MBSE Kick Off,,US,4WD,,2,,2,SElist_C-SUV_US_4WD,,,,－,L4,L4,PRMV0084330,Sim関連,CarSettingFile,－,C7A0743743214D49AE5FFB6973444FCE,PT構想審査,
